timestamp,temperature,pressure,wind_speed,wind_direction,humidity,is_anomaly,anomaly_type,event_id
2015-01-01 00:00:00,-1.6,972.2,12.7,169.0,53.0,0,Normal,
2015-01-01 01:00:00,-1.5,972.3,10.0,171.0,53.0,0,Normal,
2015-01-01 02:00:00,-1.4,972.5,13.5,173.0,50.0,0,Normal,
2015-01-01 03:00:00,-0.5,972.3,11.3,133.0,47.0,0,Normal,
2015-01-01 04:00:00,-0.7,972.1,12.6,136.0,48.0,0,Normal,
2015-01-01 05:00:00,-0.7,972.3,14.8,136.0,46.0,0,Normal,
2015-01-01 06:00:00,-0.3,972.2,16.1,155.0,53.0,0,Normal,
2015-01-01 07:00:00,1.2,972.4,13.7,117.0,46.0,0,Normal,
2015-01-01 08:00:00,1.6,972.5,6.8,78.0,53.0,0,Normal,
2015-01-01 09:00:00,2.3,972.3,13.1,56.0,41.0,0,Normal,
2015-01-01 10:00:00,3.1,972.2,10.6,74.0,39.0,0,Normal,
2015-01-01 11:00:00,3.7,972.0,11.6,73.0,39.0,0,Normal,
2015-01-01 12:00:00,2.3,972.0,8.1,122.0,49.0,0,Normal,
2015-01-01 13:00:00,2.7,972.0,10.9,25.0,50.0,0,Normal,
2015-01-01 14:00:00,2.3,971.7,11.7,40.0,52.0,0,Normal,
2015-01-01 15:00:00,2.8,971.6,10.4,41.0,53.0,0,Normal,
2015-01-01 16:00:00,2.3,971.4,9.1,93.0,55.0,0,Normal,
2015-01-01 17:00:00,1.5,971.5,11.7,70.0,54.0,0,Normal,
2015-01-01 18:00:00,0.2,971.3,10.2,156.0,64.0,0,Normal,
2015-01-01 19:00:00,0.5,971.0,6.3,108.0,61.0,0,Normal,
2015-01-01 20:00:00,-0.5,970.8,6.0,57.0,62.0,0,Normal,
2015-01-01 21:00:00,-0.4,970.2,7.1,239.0,63.0,0,Normal,
2015-01-01 22:00:00,-0.6,969.6,7.8,258.0,65.0,0,Normal,
2015-01-01 23:00:00,-0.5,969.1,5.5,5.0,61.0,0,Normal,
2015-01-02 00:00:00,-0.4,968.8,5.5,51.0,61.0,0,Normal,
2015-01-02 01:00:00,-0.7,968.2,12.4,137.0,54.0,0,Normal,
2015-01-02 02:00:00,-0.9,968.0,9.3,121.0,60.0,0,Normal,
2015-01-02 03:00:00,-1.3,967.7,10.6,135.0,65.0,0,Normal,
2015-01-02 04:00:00,-1.2,967.6,10.3,112.0,62.0,0,Normal,
2015-01-02 05:00:00,-1.0,967.3,9.0,127.0,59.0,0,Normal,
2015-01-02 06:00:00,-0.6,967.2,12.4,107.0,54.0,0,Normal,
2015-01-02 07:00:00,0.1,967.2,12.7,84.0,53.0,0,Normal,
2015-01-02 08:00:00,0.1,967.0,12.7,42.0,58.0,0,Normal,
2015-01-02 09:00:00,0.5,966.8,10.0,47.0,57.0,0,Normal,
2015-01-02 10:00:00,1.3,966.8,11.1,40.0,61.0,0,Normal,
2015-01-02 11:00:00,-0.2,966.7,9.2,360.0,67.0,0,Normal,
2015-01-02 12:00:00,-0.3,966.4,10.8,350.0,70.0,0,Normal,
2015-01-02 13:00:00,0.6,966.4,10.1,356.0,64.0,0,Normal,
2015-01-02 14:00:00,-0.1,966.5,11.2,1.0,71.0,0,Normal,
2015-01-02 15:00:00,-0.4,966.4,11.1,2.0,70.0,0,Normal,
2015-01-02 16:00:00,-0.5,966.3,11.1,2.0,71.0,0,Normal,
2015-01-02 17:00:00,-0.8,966.4,9.8,359.0,74.0,0,Normal,
2015-01-02 18:00:00,-1.2,966.6,10.4,10.0,75.0,0,Normal,
2015-01-02 19:00:00,-1.3,966.7,9.7,348.0,75.0,0,Normal,
2015-01-02 20:00:00,-1.4,966.9,9.5,326.0,80.0,0,Normal,
2015-01-02 21:00:00,-1.7,966.9,10.0,341.0,80.0,0,Normal,
2015-01-02 22:00:00,-2.0,967.0,9.1,329.0,83.0,0,Normal,
2015-01-02 23:00:00,-2.0,967.1,8.1,318.0,81.0,0,Normal,
2015-01-03 00:00:00,-1.9,967.3,6.4,243.0,81.0,0,Normal,
2015-01-03 01:00:00,-2.0,967.6,6.7,7.0,80.0,0,Normal,
2015-01-03 02:00:00,-2.2,968.0,6.2,96.0,81.0,0,Normal,
2015-01-03 03:00:00,-2.7,968.4,5.1,130.0,84.0,0,Normal,
2015-01-03 04:00:00,-2.3,968.6,7.2,56.0,82.0,0,Normal,
2015-01-03 05:00:00,-2.4,968.9,8.0,159.0,82.0,0,Normal,
2015-01-03 06:00:00,-2.0,969.3,4.6,126.0,81.0,0,Normal,
2015-01-03 07:00:00,-1.7,970.0,7.8,1.0,81.0,0,Normal,
2015-01-03 08:00:00,-1.0,970.6,7.7,11.0,74.0,0,Normal,
2015-01-03 09:00:00,-0.4,971.1,9.7,14.0,74.0,0,Normal,
2015-01-03 10:00:00,0.6,971.5,4.2,91.0,68.0,0,Normal,
2015-01-03 11:00:00,1.0,972.0,11.1,50.0,64.0,0,Normal,
2015-01-03 12:00:00,0.8,972.6,10.4,49.0,63.0,0,Normal,
2015-01-03 13:00:00,0.8,973.3,12.0,38.0,66.0,0,Normal,
2015-01-03 14:00:00,0.7,973.8,11.8,63.0,66.0,0,Normal,
2015-01-03 15:00:00,1.2,974.2,11.8,74.0,61.0,0,Normal,
2015-01-03 16:00:00,1.1,974.6,7.6,49.0,66.0,0,Normal,
2015-01-03 17:00:00,-0.6,975.2,11.9,354.0,76.0,0,Normal,
2015-01-03 18:00:00,-0.5,975.6,9.9,28.0,70.0,0,Normal,
2015-01-03 19:00:00,-0.6,976.2,7.6,75.0,71.0,0,Normal,
2015-01-03 20:00:00,-0.6,976.5,11.3,65.0,72.0,0,Normal,
2015-01-03 21:00:00,-1.1,977.1,8.4,93.0,75.0,0,Normal,
2015-01-03 22:00:00,-2.0,977.4,10.4,135.0,73.0,0,Normal,
2015-01-03 23:00:00,-2.7,977.9,9.6,131.0,71.0,0,Normal,
2015-01-04 00:00:00,-2.7,978.2,8.3,128.0,73.0,0,Normal,
2015-01-04 01:00:00,-2.6,978.3,9.6,112.0,73.0,0,Normal,
2015-01-04 02:00:00,-2.4,978.6,10.4,129.0,70.0,0,Normal,
2015-01-04 03:00:00,-2.3,978.8,12.3,90.0,72.0,0,Normal,
2015-01-04 04:00:00,-2.1,978.8,7.6,69.0,71.0,0,Normal,
2015-01-04 05:00:00,-2.1,978.9,8.4,154.0,71.0,0,Normal,
2015-01-04 06:00:00,-2.1,979.0,8.9,150.0,71.0,0,Normal,
2015-01-04 07:00:00,-1.8,979.2,8.7,162.0,71.0,0,Normal,
2015-01-04 08:00:00,-1.3,979.4,9.8,156.0,70.0,0,Normal,
2015-01-04 09:00:00,-1.2,979.6,9.9,156.0,70.0,0,Normal,
2015-01-04 10:00:00,-0.1,979.8,10.1,49.0,65.0,0,Normal,
2015-01-04 11:00:00,-0.2,980.2,11.1,12.0,66.0,0,Normal,
2015-01-04 12:00:00,0.1,980.4,7.9,91.0,66.0,0,Normal,
2015-01-04 13:00:00,0.5,980.4,9.4,69.0,65.0,0,Normal,
2015-01-04 14:00:00,-0.3,980.5,9.7,28.0,68.0,0,Normal,
2015-01-04 15:00:00,-0.8,980.6,10.6,49.0,76.0,0,Normal,
2015-01-04 16:00:00,-1.0,980.4,9.6,340.0,76.0,0,Normal,
2015-01-04 17:00:00,-0.7,980.2,7.1,219.0,75.0,0,Normal,
2015-01-04 18:00:00,-0.4,980.3,8.2,115.0,69.0,0,Normal,
2015-01-04 19:00:00,-1.2,980.6,13.4,52.0,71.0,0,Normal,
2015-01-04 20:00:00,-1.4,980.6,11.8,76.0,70.0,0,Normal,
2015-01-04 21:00:00,-1.6,980.7,13.6,76.0,71.0,0,Normal,
2015-01-04 22:00:00,-1.9,980.7,12.4,87.0,73.0,0,Normal,
2015-01-04 23:00:00,-1.9,980.6,13.8,88.0,70.0,0,Normal,
2015-01-05 00:00:00,-2.1,980.6,13.7,92.0,69.0,0,Normal,
2015-01-05 01:00:00,-2.4,980.5,12.6,86.0,69.0,0,Normal,
2015-01-05 02:00:00,-2.5,980.4,9.7,79.0,71.0,0,Normal,
2015-01-05 03:00:00,-2.5,980.2,7.8,79.0,70.0,0,Normal,
2015-01-05 04:00:00,-2.2,980.0,10.8,67.0,71.0,0,Normal,
2015-01-05 05:00:00,-2.4,980.0,9.8,69.0,72.0,0,Normal,
2015-01-05 06:00:00,-2.0,979.6,10.7,81.0,73.0,0,Normal,
2015-01-05 07:00:00,-2.0,979.5,11.0,63.0,74.0,0,Normal,
2015-01-05 08:00:00,-1.4,979.3,10.9,70.0,68.0,0,Normal,
2015-01-05 09:00:00,-1.8,979.0,10.0,156.0,67.0,0,Normal,
2015-01-05 10:00:00,-0.1,978.5,8.5,10.0,63.0,0,Normal,
2015-01-05 11:00:00,0.7,978.1,10.6,28.0,59.0,0,Normal,
2015-01-05 12:00:00,1.6,977.8,11.7,45.0,54.0,0,Normal,
2015-01-05 13:00:00,0.3,977.4,12.3,3.0,63.0,0,Normal,
2015-01-05 14:00:00,-0.4,976.9,8.9,43.0,60.0,0,Normal,
2015-01-05 15:00:00,-0.5,976.5,9.7,340.0,62.0,0,Normal,
2015-01-05 16:00:00,-0.8,976.4,10.9,344.0,64.0,0,Normal,
2015-01-05 17:00:00,-0.9,976.1,8.0,251.0,66.0,0,Normal,
2015-01-05 18:00:00,-1.0,976.0,8.9,302.0,64.0,0,Normal,
2015-01-05 19:00:00,-1.3,975.9,9.8,319.0,63.0,0,Normal,
2015-01-05 20:00:00,-1.3,975.6,10.7,310.0,60.0,0,Normal,
2015-01-05 21:00:00,-1.6,975.3,9.0,250.0,66.0,0,Normal,
2015-01-05 22:00:00,-1.7,975.1,9.0,254.0,68.0,0,Normal,
2015-01-05 23:00:00,-1.7,975.0,8.6,253.0,66.0,0,Normal,
2015-01-06 00:00:00,-2.1,974.9,11.0,327.0,66.0,0,Normal,
2015-01-06 01:00:00,-2.7,974.6,10.1,321.0,74.0,0,Normal,
2015-01-06 02:00:00,-2.8,974.5,10.7,323.0,70.0,0,Normal,
2015-01-06 03:00:00,-2.7,974.5,8.5,232.0,72.0,0,Normal,
2015-01-06 04:00:00,-2.6,974.5,7.3,239.0,72.0,0,Normal,
2015-01-06 05:00:00,-2.5,974.3,8.5,14.0,73.0,0,Normal,
2015-01-06 06:00:00,-2.9,974.5,9.9,357.0,76.0,0,Normal,
2015-01-06 07:00:00,-2.3,974.7,11.1,6.0,80.0,0,Normal,
2015-01-06 08:00:00,-1.4,974.8,8.9,7.0,71.0,0,Normal,
2015-01-06 09:00:00,-0.6,974.9,10.4,43.0,67.0,0,Normal,
2015-01-06 10:00:00,-0.9,975.3,11.3,34.0,70.0,0,Normal,
2015-01-06 11:00:00,1.1,975.4,11.5,50.0,63.0,0,Normal,
2015-01-06 12:00:00,0.0,975.3,9.9,53.0,66.0,0,Normal,
2015-01-06 13:00:00,-0.8,975.4,11.2,25.0,74.0,0,Normal,
2015-01-06 14:00:00,-0.5,975.4,9.7,57.0,66.0,0,Normal,
2015-01-06 15:00:00,-0.3,975.3,11.2,34.0,67.0,0,Normal,
2015-01-06 16:00:00,-0.2,975.4,9.7,65.0,64.0,0,Normal,
2015-01-06 17:00:00,-0.5,975.4,9.4,44.0,63.0,0,Normal,
2015-01-06 18:00:00,-0.8,975.5,10.0,30.0,70.0,0,Normal,
2015-01-06 19:00:00,-1.3,975.6,8.4,29.0,74.0,0,Normal,
2015-01-06 20:00:00,-1.4,975.7,7.7,72.0,74.0,0,Normal,
2015-01-06 21:00:00,-1.6,976.0,13.0,108.0,68.0,0,Normal,
2015-01-06 22:00:00,-2.6,976.3,13.9,137.0,70.0,0,Normal,
2015-01-06 23:00:00,-3.1,976.4,12.7,137.0,70.0,0,Normal,
2015-01-07 00:00:00,-3.2,976.4,12.5,130.0,67.0,0,Normal,
2015-01-07 01:00:00,-3.3,976.7,11.9,122.0,65.0,0,Normal,
2015-01-07 02:00:00,-3.5,976.8,13.8,127.0,64.0,0,Normal,
2015-01-07 03:00:00,-3.8,976.8,16.9,127.0,67.0,0,Normal,
2015-01-07 04:00:00,-3.5,977.0,15.1,132.0,77.0,0,Normal,
2015-01-07 05:00:00,-2.9,977.1,15.9,125.0,69.0,0,Normal,
2015-01-07 06:00:00,-2.4,977.2,15.4,124.0,64.0,0,Normal,
2015-01-07 07:00:00,-2.0,977.5,15.5,111.0,64.0,0,Normal,
2015-01-07 08:00:00,-1.7,977.5,16.2,118.0,69.0,0,Normal,
2015-01-07 09:00:00,-1.3,977.6,16.0,105.0,66.0,0,Normal,
2015-01-07 10:00:00,-0.7,977.7,17.7,109.0,64.0,0,Normal,
2015-01-07 11:00:00,-0.2,977.8,19.6,82.0,64.0,0,Normal,
2015-01-07 12:00:00,0.1,977.9,18.1,90.0,65.0,0,Normal,
2015-01-07 13:00:00,-0.2,977.8,17.6,99.0,66.0,0,Normal,
2015-01-07 14:00:00,0.1,977.7,18.0,93.0,64.0,0,Normal,
2015-01-07 15:00:00,0.1,977.7,16.1,97.0,65.0,0,Normal,
2015-01-07 16:00:00,0.1,977.6,17.2,78.0,63.0,0,Normal,
2015-01-07 17:00:00,-0.1,977.5,15.0,92.0,66.0,0,Normal,
2015-01-07 18:00:00,-0.3,977.7,15.6,92.0,64.0,0,Normal,
2015-01-07 19:00:00,-0.6,977.9,13.2,94.0,68.0,0,Normal,
2015-01-07 20:00:00,-1.0,977.7,13.3,119.0,69.0,0,Normal,
2015-01-07 21:00:00,-1.5,977.5,13.3,137.0,67.0,0,Normal,
2015-01-07 22:00:00,-2.4,977.5,14.2,160.0,65.0,0,Normal,
2015-01-07 23:00:00,-3.1,977.2,15.9,154.0,68.0,0,Normal,
2015-01-08 00:00:00,-3.1,976.9,15.2,150.0,67.0,0,Normal,
2015-01-08 01:00:00,-3.3,976.7,14.9,154.0,66.0,0,Normal,
2015-01-08 02:00:00,-3.4,976.3,15.7,169.0,63.0,0,Normal,
2015-01-08 03:00:00,-3.4,976.2,13.4,171.0,64.0,0,Normal,
2015-01-08 04:00:00,-3.1,975.7,15.8,166.0,59.0,0,Normal,
2015-01-08 05:00:00,-2.6,975.7,12.2,166.0,61.0,0,Normal,
2015-01-08 06:00:00,-2.8,975.3,12.5,156.0,57.0,0,Normal,
2015-01-08 07:00:00,-2.0,975.0,7.9,76.0,50.0,0,Normal,
2015-01-08 08:00:00,-0.4,974.7,11.3,93.0,42.0,0,Normal,
2015-01-08 09:00:00,-1.2,974.2,11.7,129.0,45.0,0,Normal,
2015-01-08 10:00:00,0.2,973.8,10.2,79.0,48.0,0,Normal,
2015-01-08 11:00:00,-1.1,973.2,9.3,139.0,53.0,0,Normal,
2015-01-08 12:00:00,1.0,972.6,8.1,53.0,52.0,0,Normal,
2015-01-08 13:00:00,0.9,972.0,4.8,164.0,49.0,0,Normal,
2015-01-08 14:00:00,0.7,971.3,10.8,347.0,53.0,0,Normal,
2015-01-08 15:00:00,0.0,970.6,11.3,353.0,61.0,0,Normal,
2015-01-08 16:00:00,-1.1,969.9,8.8,2.0,69.0,0,Normal,
2015-01-08 17:00:00,-1.2,969.4,10.2,358.0,66.0,0,Normal,
2015-01-08 18:00:00,-1.5,969.0,9.1,357.0,67.0,0,Normal,
2015-01-08 19:00:00,-1.2,968.6,7.9,245.0,67.0,0,Normal,
2015-01-08 20:00:00,-1.7,968.2,9.6,214.0,54.0,0,Normal,
2015-01-08 21:00:00,-2.6,967.8,6.6,163.0,67.0,0,Normal,
2015-01-08 22:00:00,-3.4,967.5,6.2,179.0,66.0,0,Normal,
2015-01-08 23:00:00,-4.4,966.8,17.1,176.0,43.0,0,Normal,
2015-01-09 00:00:00,-3.8,966.6,15.8,166.0,35.0,0,Normal,
2015-01-09 01:00:00,-3.8,966.5,9.1,64.0,35.0,0,Normal,
2015-01-09 02:00:00,-4.5,966.0,8.4,173.0,41.0,0,Normal,
2015-01-09 03:00:00,-5.6,965.3,21.8,182.0,45.0,0,Normal,
2015-01-09 04:00:00,-5.2,965.6,14.1,170.0,42.0,0,Normal,
2015-01-09 05:00:00,-3.9,965.6,3.5,185.0,43.0,0,Normal,
2015-01-09 06:00:00,-2.9,965.3,4.6,144.0,35.0,0,Normal,
2015-01-09 07:00:00,-1.7,965.0,5.6,342.0,37.0,0,Normal,
2015-01-09 08:00:00,-0.9,964.8,8.0,256.0,41.0,0,Normal,
2015-01-09 09:00:00,0.2,964.7,4.3,302.0,38.0,0,Normal,
2015-01-09 10:00:00,0.2,964.8,11.5,8.0,28.0,0,Normal,
2015-01-09 11:00:00,0.1,965.0,9.9,349.0,47.0,0,Normal,
2015-01-09 12:00:00,-0.3,964.9,12.1,3.0,53.0,0,Normal,
2015-01-09 13:00:00,0.0,964.7,10.9,243.0,49.0,0,Normal,
2015-01-09 14:00:00,0.9,964.7,12.3,328.0,36.0,0,Normal,
2015-01-09 15:00:00,0.5,964.8,12.6,339.0,46.0,0,Normal,
2015-01-09 16:00:00,-1.2,964.7,10.3,152.0,63.0,0,Normal,
2015-01-09 17:00:00,-1.1,964.8,9.9,359.0,63.0,0,Normal,
2015-01-09 18:00:00,-0.6,964.8,4.6,230.0,61.0,0,Normal,
2015-01-09 19:00:00,-1.6,965.1,9.3,7.0,67.0,0,Normal,
2015-01-09 20:00:00,-1.8,965.2,5.4,184.0,58.0,0,Normal,
2015-01-09 21:00:00,-2.8,965.6,7.6,179.0,51.0,0,Normal,
2015-01-09 22:00:00,-3.4,965.8,3.9,168.0,66.0,0,Normal,
2015-01-09 23:00:00,-3.7,966.1,6.5,143.0,71.0,0,Normal,
2015-01-10 00:00:00,-3.5,966.4,7.5,121.0,70.0,0,Normal,
2015-01-10 01:00:00,-3.9,966.7,6.1,103.0,74.0,0,Normal,
2015-01-10 02:00:00,-3.3,966.8,2.5,142.0,74.0,0,Normal,
2015-01-10 03:00:00,-3.2,966.8,6.9,24.0,58.0,0,Normal,
2015-01-10 04:00:00,-2.7,966.9,2.7,79.0,48.0,0,Normal,
2015-01-10 05:00:00,-1.9,966.9,12.3,142.0,41.0,0,Normal,
2015-01-10 06:00:00,-1.1,967.1,11.1,88.0,47.0,0,Normal,
2015-01-10 07:00:00,-0.1,967.2,12.3,111.0,42.0,0,Normal,
2015-01-10 08:00:00,0.0,967.3,15.7,116.0,42.0,0,Normal,
2015-01-10 09:00:00,0.5,967.2,18.0,106.0,39.0,0,Normal,
2015-01-10 10:00:00,1.3,967.6,16.4,80.0,37.0,0,Normal,
2015-01-10 11:00:00,1.5,968.0,10.9,54.0,44.0,0,Normal,
2015-01-10 12:00:00,1.1,968.3,9.8,51.0,44.0,0,Normal,
2015-01-10 13:00:00,1.2,968.3,8.1,351.0,49.0,0,Normal,
2015-01-10 14:00:00,1.2,968.4,9.6,359.0,50.0,0,Normal,
2015-01-10 15:00:00,0.5,968.4,10.0,5.0,54.0,0,Normal,
2015-01-10 16:00:00,0.6,968.3,8.0,9.0,54.0,0,Normal,
2015-01-10 17:00:00,0.1,968.2,9.9,347.0,56.0,0,Normal,
2015-01-10 18:00:00,-0.2,968.5,8.3,2.0,57.0,0,Normal,
2015-01-10 19:00:00,-0.6,968.8,8.6,14.0,56.0,0,Normal,
2015-01-10 20:00:00,-0.6,969.2,5.6,159.0,58.0,0,Normal,
2015-01-10 21:00:00,-1.3,969.4,4.2,106.0,59.0,0,Normal,
2015-01-10 22:00:00,-3.0,969.7,7.7,152.0,64.0,0,Normal,
2015-01-10 23:00:00,-3.3,969.8,9.9,156.0,67.0,0,Normal,
2015-01-11 00:00:00,-4.2,969.5,11.9,176.0,62.0,0,Normal,
2015-01-11 01:00:00,-4.2,969.4,12.6,179.0,48.0,0,Normal,
2015-01-11 02:00:00,-3.2,969.1,12.8,177.0,42.0,0,Normal,
2015-01-11 03:00:00,-2.5,969.0,7.8,114.0,38.0,0,Normal,
2015-01-11 04:00:00,-3.3,968.7,17.6,175.0,41.0,0,Normal,
2015-01-11 05:00:00,-2.1,969.1,23.0,161.0,42.0,0,Normal,
2015-01-11 06:00:00,-1.1,969.3,17.3,131.0,42.0,0,Normal,
2015-01-11 07:00:00,-0.5,969.6,19.6,129.0,45.0,0,Normal,
2015-01-11 08:00:00,0.2,970.2,17.8,119.0,45.0,0,Normal,
2015-01-11 09:00:00,0.8,970.7,20.4,96.0,37.0,0,Normal,
2015-01-11 10:00:00,1.8,971.5,19.2,73.0,37.0,0,Normal,
2015-01-11 11:00:00,2.1,972.0,14.4,79.0,36.0,0,Normal,
2015-01-11 12:00:00,1.6,971.9,10.2,100.0,37.0,0,Normal,
2015-01-11 13:00:00,3.1,972.0,9.6,58.0,35.0,0,Normal,
2015-01-11 14:00:00,2.7,972.3,9.0,9.0,40.0,0,Normal,
2015-01-11 15:00:00,1.5,972.6,10.1,360.0,49.0,0,Normal,
2015-01-11 16:00:00,1.4,972.8,9.1,358.0,45.0,0,Normal,
2015-01-11 17:00:00,0.8,973.1,8.9,14.0,45.0,0,Normal,
2015-01-11 18:00:00,-0.4,974.0,7.6,355.0,49.0,0,Normal,
2015-01-11 19:00:00,-0.7,974.9,8.3,158.0,56.0,0,Normal,
2015-01-11 20:00:00,-1.3,976.0,10.4,157.0,63.0,0,Normal,
2015-01-11 21:00:00,-1.7,976.0,11.2,137.0,59.0,0,Normal,
2015-01-11 22:00:00,-2.5,976.2,14.1,155.0,56.0,0,Normal,
2015-01-11 23:00:00,-3.1,976.5,12.9,174.0,57.0,0,Normal,
2015-01-12 00:00:00,-2.5,964.1,18.6,142.0,44.0,0,Normal,
2015-01-12 01:00:00,-2.9,963.6,19.7,174.0,47.0,0,Normal,
2015-01-12 02:00:00,-3.4,963.2,15.1,180.0,51.0,0,Normal,
2015-01-12 03:00:00,-3.1,962.6,19.1,176.0,40.0,0,Normal,
2015-01-12 04:00:00,-3.4,976.6,16.2,176.0,50.0,0,Normal,
2015-01-12 05:00:00,-2.0,976.8,15.3,175.0,48.0,0,Normal,
2015-01-12 06:00:00,-0.8,977.2,9.5,71.0,48.0,0,Normal,
2015-01-12 07:00:00,-0.7,977.5,6.0,323.0,52.0,0,Normal,
2015-01-12 08:00:00,0.1,961.5,13.6,176.0,46.0,0,Normal,
2015-01-12 09:00:00,1.1,960.7,7.7,178.0,43.0,0,Normal,
2015-01-12 10:00:00,3.0,960.3,11.3,357.0,34.0,0,Normal,
2015-01-12 11:00:00,4.1,959.5,9.9,6.0,32.0,0,Normal,
2015-01-12 12:00:00,4.0,959.2,9.5,9.0,31.0,0,Normal,
2015-01-12 13:00:00,4.1,958.7,10.9,48.0,37.0,0,Normal,
2015-01-12 14:00:00,3.3,958.7,8.5,350.0,36.0,0,Normal,
2015-01-12 15:00:00,2.1,958.3,8.4,137.0,41.0,0,Normal,
2015-01-12 16:00:00,2.3,958.3,9.1,148.0,43.0,0,Normal,
2015-01-12 17:00:00,2.1,958.1,11.0,99.0,45.0,0,Normal,
2015-01-12 18:00:00,1.6,958.2,11.1,120.0,49.0,0,Normal,
2015-01-12 19:00:00,0.7,958.5,12.2,129.0,58.0,0,Normal,
2015-01-12 20:00:00,0.4,958.4,11.3,174.0,55.0,0,Normal,
2015-01-12 21:00:00,-0.7,958.1,15.2,182.0,54.0,0,Normal,
2015-01-12 22:00:00,-1.3,957.9,19.4,152.0,52.0,0,Normal,
2015-01-12 23:00:00,-1.4,957.4,22.6,168.0,42.0,0,Normal,
2015-01-13 00:00:00,-1.7,971.5,17.1,173.0,43.0,0,Normal,
2015-01-13 01:00:00,-2.6,971.2,19.4,181.0,43.0,0,Normal,
2015-01-13 02:00:00,-2.1,970.9,20.2,180.0,42.0,0,Normal,
2015-01-13 03:00:00,-3.0,970.6,18.7,180.0,48.0,0,Normal,
2015-01-13 04:00:00,-2.0,970.0,22.7,176.0,40.0,0,Normal,
2015-01-13 05:00:00,-1.4,970.0,21.4,175.0,44.0,0,Normal,
2015-01-13 06:00:00,-0.5,969.9,20.0,174.0,42.0,0,Normal,
2015-01-13 07:00:00,-0.3,969.9,19.1,174.0,44.0,0,Normal,
2015-01-13 08:00:00,0.7,970.1,18.7,171.0,44.0,0,Normal,
2015-01-13 09:00:00,1.1,970.2,16.2,159.0,50.0,0,Normal,
2015-01-13 10:00:00,2.6,970.4,13.2,133.0,43.0,0,Normal,
2015-01-13 11:00:00,3.3,970.8,13.5,83.0,45.0,0,Normal,
2015-01-13 12:00:00,1.9,971.0,14.4,140.0,51.0,0,Normal,
2015-01-13 13:00:00,2.1,971.6,11.8,87.0,54.0,0,Normal,
2015-01-13 14:00:00,3.6,972.0,10.2,84.0,49.0,0,Normal,
2015-01-13 15:00:00,3.0,972.0,9.0,54.0,51.0,0,Normal,
2015-01-13 16:00:00,2.1,972.0,6.6,164.0,57.0,0,Normal,
2015-01-13 17:00:00,1.8,972.2,7.7,187.0,57.0,0,Normal,
2015-01-13 18:00:00,2.0,972.4,6.1,356.0,56.0,0,Normal,
2015-01-13 19:00:00,1.9,972.6,4.4,179.0,55.0,0,Normal,
2015-01-13 20:00:00,1.1,972.8,8.0,153.0,53.0,0,Normal,
2015-01-13 21:00:00,0.0,973.0,7.5,186.0,55.0,0,Normal,
2015-01-13 22:00:00,-2.3,972.9,14.9,187.0,62.0,0,Normal,
2015-01-13 23:00:00,-2.7,973.3,13.0,181.0,60.0,0,Normal,
2015-01-14 00:00:00,-2.3,973.5,13.8,187.0,58.0,0,Normal,
2015-01-14 01:00:00,-2.4,973.8,12.5,170.0,60.0,0,Normal,
2015-01-14 02:00:00,-1.6,974.3,12.4,174.0,57.0,0,Normal,
2015-01-14 03:00:00,-2.5,974.2,13.7,176.0,58.0,0,Normal,
2015-01-14 04:00:00,-2.3,974.4,13.6,175.0,56.0,0,Normal,
2015-01-14 05:00:00,-1.8,974.5,12.7,176.0,55.0,0,Normal,
2015-01-14 06:00:00,-0.3,974.8,9.6,175.0,48.0,0,Normal,
2015-01-14 07:00:00,0.0,974.9,11.2,170.0,47.0,0,Normal,
2015-01-14 08:00:00,1.1,975.1,11.2,127.0,46.0,0,Normal,
2015-01-14 09:00:00,2.1,975.2,13.7,14.0,55.0,0,Normal,
2015-01-14 10:00:00,0.9,975.6,11.7,4.0,56.0,0,Normal,
2015-01-14 11:00:00,0.6,975.9,10.5,351.0,58.0,0,Normal,
2015-01-14 12:00:00,1.0,976.0,10.8,359.0,59.0,0,Normal,
2015-01-14 13:00:00,0.8,976.2,13.1,347.0,62.0,0,Normal,
2015-01-14 14:00:00,0.2,976.6,12.5,43.0,62.0,0,Normal,
2015-01-14 15:00:00,0.2,976.6,10.1,61.0,62.0,0,Normal,
2015-01-14 16:00:00,0.1,976.6,7.3,78.0,62.0,0,Normal,
2015-01-14 17:00:00,-0.4,976.5,8.7,37.0,63.0,0,Normal,
2015-01-14 18:00:00,-1.0,976.6,10.0,9.0,68.0,0,Normal,
2015-01-14 19:00:00,-1.6,977.0,10.0,356.0,69.0,0,Normal,
2015-01-14 20:00:00,-1.6,977.4,6.1,283.0,70.0,0,Normal,
2015-01-14 21:00:00,-1.9,977.5,8.2,238.0,71.0,0,Normal,
2015-01-14 22:00:00,-2.4,977.6,7.5,244.0,72.0,0,Normal,
2015-01-14 23:00:00,-3.1,977.6,6.0,173.0,72.0,0,Normal,
2015-01-15 00:00:00,-3.3,978.0,6.5,145.0,69.0,0,Normal,
2015-01-15 01:00:00,-3.4,978.2,8.2,102.0,73.0,0,Normal,
2015-01-15 02:00:00,-3.5,978.2,8.1,164.0,69.0,0,Normal,
2015-01-15 03:00:00,-4.0,978.3,12.6,176.0,63.0,0,Normal,
2015-01-15 04:00:00,-3.7,978.4,15.6,167.0,59.0,0,Normal,
2015-01-15 05:00:00,-2.9,978.4,16.7,154.0,58.0,0,Normal,
2015-01-15 06:00:00,-1.7,978.8,12.4,112.0,54.0,0,Normal,
2015-01-15 07:00:00,-1.4,978.9,9.5,111.0,55.0,0,Normal,
2015-01-15 08:00:00,0.4,979.0,12.3,65.0,53.0,0,Normal,
2015-01-15 09:00:00,1.2,979.1,14.0,78.0,49.0,0,Normal,
2015-01-15 10:00:00,1.1,979.2,11.8,51.0,50.0,0,Normal,
2015-01-15 11:00:00,1.9,979.3,11.8,63.0,51.0,0,Normal,
2015-01-15 12:00:00,1.0,979.8,15.8,101.0,49.0,0,Normal,
2015-01-15 13:00:00,-0.3,980.0,13.5,127.0,56.0,0,Normal,
2015-01-15 14:00:00,-0.6,980.4,15.2,75.0,61.0,0,Normal,
2015-01-15 15:00:00,-0.1,980.3,10.0,98.0,57.0,0,Normal,
2015-01-15 16:00:00,-0.5,979.9,10.8,144.0,58.0,0,Normal,
2015-01-15 17:00:00,-0.3,979.8,11.0,157.0,58.0,0,Normal,
2015-01-15 18:00:00,-0.2,980.0,9.8,159.0,63.0,0,Normal,
2015-01-15 19:00:00,-0.2,980.3,11.9,119.0,58.0,0,Normal,
2015-01-15 20:00:00,-0.9,980.7,11.3,114.0,61.0,0,Normal,
2015-01-15 21:00:00,-1.5,981.2,14.6,118.0,62.0,0,Normal,
2015-01-15 22:00:00,-2.7,981.7,13.5,128.0,64.0,0,Normal,
2015-01-15 23:00:00,-2.7,981.6,12.4,116.0,60.0,0,Normal,
2015-01-16 00:00:00,-2.0,981.3,16.2,134.0,58.0,0,Normal,
2015-01-16 01:00:00,-1.7,981.2,14.8,129.0,59.0,0,Normal,
2015-01-16 02:00:00,-1.5,981.1,15.1,134.0,57.0,0,Normal,
2015-01-16 03:00:00,-1.2,981.1,14.3,126.0,53.0,0,Normal,
2015-01-16 04:00:00,-1.0,981.0,18.1,137.0,53.0,0,Normal,
2015-01-16 05:00:00,-0.8,980.7,16.6,128.0,51.0,0,Normal,
2015-01-16 06:00:00,-0.1,980.7,15.0,118.0,52.0,0,Normal,
2015-01-16 07:00:00,0.6,980.7,15.9,118.0,48.0,0,Normal,
2015-01-16 08:00:00,1.0,980.6,18.3,132.0,50.0,0,Normal,
2015-01-16 09:00:00,1.6,980.0,18.8,108.0,47.0,0,Normal,
2015-01-16 10:00:00,2.1,979.5,21.5,103.0,44.0,0,Normal,
2015-01-16 11:00:00,2.4,978.6,19.6,118.0,44.0,0,Normal,
2015-01-16 12:00:00,2.4,978.1,17.7,107.0,46.0,0,Normal,
2015-01-16 13:00:00,2.9,977.0,19.0,110.0,45.0,0,Normal,
2015-01-16 14:00:00,3.1,976.3,23.8,101.0,45.0,0,Normal,
2015-01-16 15:00:00,2.9,975.0,21.0,113.0,43.0,0,Normal,
2015-01-16 16:00:00,2.9,973.8,14.7,107.0,49.0,0,Normal,
2015-01-16 17:00:00,2.8,972.6,18.4,97.0,45.0,0,Normal,
2015-01-16 18:00:00,2.7,971.3,15.9,121.0,45.0,0,Normal,
2015-01-16 19:00:00,3.1,970.1,16.0,110.0,41.0,0,Normal,
2015-01-16 20:00:00,1.9,968.3,13.4,145.0,48.0,0,Normal,
2015-01-16 21:00:00,2.1,966.2,11.1,173.0,44.0,0,Normal,
2015-01-16 22:00:00,1.2,963.9,16.0,176.0,44.0,0,Normal,
2015-01-16 23:00:00,0.6,961.9,18.1,176.0,44.0,0,Normal,
2015-01-17 00:00:00,1.0,959.6,18.2,182.0,50.0,0,Normal,
2015-01-17 01:00:00,1.8,957.1,20.2,177.0,44.0,0,Normal,
2015-01-17 02:00:00,1.9,955.6,18.5,176.0,44.0,0,Normal,
2015-01-17 03:00:00,1.8,954.1,17.4,174.0,49.0,0,Normal,
2015-01-17 04:00:00,1.4,952.4,14.8,182.0,61.0,0,Normal,
2015-01-17 05:00:00,0.9,951.4,22.5,173.0,77.0,0,Normal,
2015-01-17 06:00:00,2.4,948.9,17.5,181.0,61.0,0,Normal,
2015-01-17 07:00:00,3.2,948.0,18.5,178.0,53.0,0,Normal,
2015-01-17 08:00:00,3.4,947.7,21.0,143.0,60.0,0,Normal,
2015-01-17 09:00:00,2.6,947.5,22.8,130.0,62.0,0,Normal,
2015-01-17 10:00:00,0.6,948.0,35.9,161.0,83.0,0,Normal,
2015-01-17 11:00:00,0.0,948.2,31.4,159.0,92.0,0,Normal,
2015-01-17 12:00:00,0.3,949.0,21.2,134.0,91.0,0,Normal,
2015-01-17 13:00:00,1.2,949.8,19.4,122.0,80.0,0,Normal,
2015-01-17 14:00:00,1.7,951.3,20.2,132.0,75.0,0,Normal,
2015-01-17 15:00:00,2.0,952.3,21.9,129.0,72.0,0,Normal,
2015-01-17 16:00:00,2.5,953.7,18.8,129.0,68.0,0,Normal,
2015-01-17 17:00:00,2.3,954.8,19.2,133.0,71.0,0,Normal,
2015-01-17 18:00:00,1.9,956.1,20.9,128.0,76.0,0,Normal,
2015-01-17 19:00:00,1.5,957.5,19.3,132.0,78.0,0,Normal,
2015-01-17 20:00:00,1.2,959.4,19.0,128.0,79.0,0,Normal,
2015-01-17 21:00:00,0.9,960.8,17.5,130.0,82.0,0,Normal,
2015-01-17 22:00:00,0.9,962.0,20.8,137.0,78.0,0,Normal,
2015-01-17 23:00:00,0.9,963.3,20.7,136.0,78.0,0,Normal,
2015-01-18 00:00:00,0.8,964.5,21.0,140.0,76.0,0,Normal,
2015-01-18 01:00:00,1.2,965.8,18.0,137.0,67.0,0,Normal,
2015-01-18 02:00:00,1.5,967.0,13.9,132.0,60.0,0,Normal,
2015-01-18 03:00:00,1.8,967.9,10.5,126.0,56.0,0,Normal,
2015-01-18 04:00:00,1.5,968.8,12.6,115.0,57.0,0,Normal,
2015-01-18 05:00:00,2.2,969.6,7.5,121.0,53.0,0,Normal,
2015-01-18 06:00:00,2.6,970.8,9.5,173.0,53.0,0,Normal,
2015-01-18 07:00:00,3.0,971.4,14.3,165.0,44.0,0,Normal,
2015-01-18 08:00:00,3.5,972.4,14.2,160.0,40.0,0,Normal,
2015-01-18 09:00:00,4.2,973.4,13.8,151.0,45.0,0,Normal,
2015-01-18 10:00:00,5.2,974.5,10.2,144.0,42.0,0,Normal,
2015-01-18 11:00:00,5.4,975.1,12.5,129.0,45.0,0,Normal,
2015-01-18 12:00:00,5.5,975.3,15.0,130.0,49.0,0,Normal,
2015-01-18 13:00:00,5.4,975.6,14.7,115.0,53.0,0,Normal,
2015-01-18 14:00:00,6.6,976.5,12.8,75.0,52.0,0,Normal,
2015-01-18 15:00:00,6.2,976.7,17.4,85.0,52.0,0,Normal,
2015-01-18 16:00:00,5.3,977.5,18.8,96.0,55.0,0,Normal,
2015-01-18 17:00:00,3.7,977.4,16.4,125.0,63.0,0,Normal,
2015-01-18 18:00:00,3.2,977.5,17.1,111.0,63.0,0,Normal,
2015-01-18 19:00:00,2.8,978.0,17.0,120.0,62.0,0,Normal,
2015-01-18 20:00:00,2.0,978.1,17.2,117.0,62.0,0,Normal,
2015-01-18 21:00:00,1.3,978.4,15.9,132.0,61.0,0,Normal,
2015-01-18 22:00:00,1.0,978.5,17.1,119.0,57.0,0,Normal,
2015-01-18 23:00:00,0.8,978.4,20.0,120.0,58.0,0,Normal,
2015-01-19 00:00:00,0.0,978.4,18.5,118.0,59.0,0,Normal,
2015-01-19 01:00:00,-0.2,978.4,20.3,123.0,57.0,0,Normal,
2015-01-19 02:00:00,-0.1,978.1,22.7,118.0,69.0,0,Normal,
2015-01-19 03:00:00,0.1,978.1,21.4,111.0,76.0,0,Normal,
2015-01-19 04:00:00,0.2,978.0,22.6,120.0,77.0,0,Normal,
2015-01-19 05:00:00,0.4,978.0,20.4,128.0,77.0,0,Normal,
2015-01-19 06:00:00,-0.1,977.9,21.4,112.0,88.0,0,Normal,
2015-01-19 07:00:00,0.1,977.6,21.8,128.0,89.0,0,Normal,
2015-01-19 08:00:00,-0.6,977.8,24.9,119.0,89.0,0,Normal,
2015-01-19 09:00:00,-0.7,977.4,23.5,130.0,87.0,0,Normal,
2015-01-19 10:00:00,-0.8,976.9,27.0,135.0,85.0,0,Normal,
2015-01-19 11:00:00,-1.2,976.7,25.4,135.0,87.0,0,Normal,
2015-01-19 12:00:00,-1.2,976.1,25.9,134.0,86.0,0,Normal,
2015-01-19 13:00:00,-1.2,975.6,23.5,139.0,86.0,0,Normal,
2015-01-19 14:00:00,-1.1,974.9,23.8,135.0,84.0,0,Normal,
2015-01-19 15:00:00,-1.2,974.4,22.3,138.0,86.0,0,Normal,
2015-01-19 16:00:00,-1.2,973.6,20.9,138.0,84.0,0,Normal,
2015-01-19 17:00:00,-1.9,973.3,21.1,121.0,84.0,0,Normal,
2015-01-19 18:00:00,-1.9,972.8,16.5,137.0,84.0,0,Normal,
2015-01-19 19:00:00,-2.1,972.3,18.4,139.0,83.0,0,Normal,
2015-01-19 20:00:00,-2.6,971.7,17.8,153.0,86.0,0,Normal,
2015-01-19 21:00:00,-2.3,971.2,16.3,110.0,83.0,0,Normal,
2015-01-19 22:00:00,-2.5,970.6,16.5,117.0,84.0,0,Normal,
2015-01-19 23:00:00,-2.5,969.9,17.8,118.0,80.0,0,Normal,
2015-01-20 00:00:00,-2.4,969.2,16.0,124.0,78.0,0,Normal,
2015-01-20 01:00:00,-3.1,969.0,15.8,120.0,89.0,0,Normal,
2015-01-20 02:00:00,-3.0,968.0,17.9,120.0,91.0,0,Normal,
2015-01-20 03:00:00,-2.8,967.5,17.6,116.0,89.0,0,Normal,
2015-01-20 04:00:00,-2.6,967.3,17.9,105.0,88.0,0,Normal,
2015-01-20 05:00:00,-2.7,966.9,15.7,122.0,87.0,0,Normal,
2015-01-20 06:00:00,-2.3,966.6,17.9,120.0,82.0,0,Normal,
2015-01-20 07:00:00,-2.7,966.8,18.0,124.0,83.0,0,Normal,
2015-01-20 08:00:00,-2.4,966.7,18.5,152.0,80.0,0,Normal,
2015-01-20 09:00:00,-2.8,966.9,19.7,128.0,84.0,0,Normal,
2015-01-20 10:00:00,-2.5,966.9,17.9,119.0,79.0,0,Normal,
2015-01-20 11:00:00,-2.1,966.7,18.8,130.0,74.0,0,Normal,
2015-01-20 12:00:00,-1.5,966.4,18.3,131.0,71.0,0,Normal,
2015-01-20 13:00:00,-0.9,966.0,14.6,128.0,69.0,0,Normal,
2015-01-20 14:00:00,0.0,965.5,13.5,125.0,64.0,0,Normal,
2015-01-20 15:00:00,0.6,964.9,14.5,118.0,63.0,0,Normal,
2015-01-20 16:00:00,0.5,964.3,16.0,117.0,60.0,0,Normal,
2015-01-20 17:00:00,0.5,964.1,13.0,113.0,63.0,0,Normal,
2015-01-20 18:00:00,0.2,963.9,11.5,106.0,60.0,0,Normal,
2015-01-20 19:00:00,0.7,963.3,15.8,116.0,53.0,0,Normal,
2015-01-20 20:00:00,0.5,963.1,18.9,130.0,50.0,0,Normal,
2015-01-20 21:00:00,0.4,962.8,18.0,128.0,49.0,0,Normal,
2015-01-20 22:00:00,0.1,962.5,21.9,135.0,51.0,0,Normal,
2015-01-20 23:00:00,-0.2,962.7,21.8,135.0,51.0,0,Normal,
2015-01-21 00:00:00,-0.4,962.4,24.3,135.0,52.0,0,Normal,
2015-01-21 01:00:00,-0.1,962.8,24.1,131.0,49.0,0,Normal,
2015-01-21 02:00:00,-0.6,963.0,24.1,138.0,49.0,0,Normal,
2015-01-21 03:00:00,-0.5,963.0,26.8,135.0,46.0,0,Normal,
2015-01-21 04:00:00,-0.6,963.6,24.1,139.0,49.0,0,Normal,
2015-01-21 05:00:00,-0.5,964.0,22.4,145.0,49.0,0,Normal,
2015-01-21 06:00:00,-0.6,964.6,27.6,152.0,48.0,0,Normal,
2015-01-21 07:00:00,0.0,965.0,20.4,121.0,53.0,0,Normal,
2015-01-21 08:00:00,0.3,965.1,19.5,144.0,53.0,0,Normal,
2015-01-21 09:00:00,0.8,965.5,23.9,119.0,45.0,0,Normal,
2015-01-21 10:00:00,0.8,966.0,21.6,108.0,45.0,0,Normal,
2015-01-21 11:00:00,0.9,966.4,19.2,108.0,51.0,0,Normal,
2015-01-21 12:00:00,1.7,965.8,24.1,104.0,52.0,0,Normal,
2015-01-21 13:00:00,2.2,966.0,21.8,115.0,50.0,0,Normal,
2015-01-21 14:00:00,1.8,966.3,17.7,126.0,54.0,0,Normal,
2015-01-21 15:00:00,1.3,966.5,16.8,132.0,56.0,0,Normal,
2015-01-21 16:00:00,1.5,966.8,19.9,129.0,54.0,0,Normal,
2015-01-21 17:00:00,1.4,967.2,18.3,128.0,53.0,0,Normal,
2015-01-21 18:00:00,1.0,966.9,22.2,126.0,51.0,0,Normal,
2015-01-21 19:00:00,0.7,967.3,24.1,129.0,50.0,0,Normal,
2015-01-21 20:00:00,1.0,968.0,18.4,123.0,50.0,0,Normal,
2015-01-21 21:00:00,0.5,968.9,17.2,125.0,49.0,0,Normal,
2015-01-21 22:00:00,-0.2,969.1,20.8,129.0,50.0,0,Normal,
2015-01-21 23:00:00,-0.4,969.2,25.3,136.0,48.0,0,Normal,
2015-01-22 00:00:00,-0.8,969.1,30.6,151.0,48.0,0,Normal,
2015-01-22 01:00:00,-1.1,969.3,32.5,151.0,49.0,0,Normal,
2015-01-22 02:00:00,-1.1,969.4,32.1,150.0,46.0,0,Normal,
2015-01-22 03:00:00,-1.4,969.2,29.6,145.0,48.0,0,Normal,
2015-01-22 04:00:00,-1.4,969.7,29.1,147.0,49.0,0,Normal,
2015-01-22 05:00:00,-1.4,969.8,24.1,141.0,50.0,0,Normal,
2015-01-22 06:00:00,-1.2,969.7,29.9,143.0,45.0,0,Normal,
2015-01-22 07:00:00,-1.2,970.4,25.4,138.0,52.0,0,Normal,
2015-01-22 08:00:00,-1.0,970.9,25.1,140.0,49.0,0,Normal,
2015-01-22 09:00:00,-0.5,971.0,23.9,140.0,54.0,0,Normal,
2015-01-22 10:00:00,0.0,971.1,26.5,129.0,50.0,0,Normal,
2015-01-22 11:00:00,0.6,970.8,22.1,140.0,56.0,0,Normal,
2015-01-22 12:00:00,0.7,970.8,24.1,131.0,54.0,0,Normal,
2015-01-22 13:00:00,0.8,970.6,20.6,120.0,57.0,0,Normal,
2015-01-22 14:00:00,1.1,970.6,18.7,113.0,61.0,0,Normal,
2015-01-22 15:00:00,1.0,970.6,18.9,106.0,57.0,0,Normal,
2015-01-22 16:00:00,0.6,970.7,16.3,109.0,61.0,0,Normal,
2015-01-22 17:00:00,0.1,970.9,18.6,117.0,58.0,0,Normal,
2015-01-22 18:00:00,0.0,970.9,13.2,107.0,61.0,0,Normal,
2015-01-22 19:00:00,0.2,970.5,14.9,128.0,56.0,0,Normal,
2015-01-22 20:00:00,0.2,970.4,15.4,119.0,57.0,0,Normal,
2015-01-22 21:00:00,0.2,970.1,16.5,129.0,53.0,0,Normal,
2015-01-22 22:00:00,-0.5,970.1,12.7,129.0,52.0,0,Normal,
2015-01-22 23:00:00,-0.6,970.0,20.8,144.0,48.0,0,Normal,
2015-01-23 00:00:00,-1.4,969.9,22.1,157.0,51.0,0,Normal,
2015-01-23 01:00:00,-1.8,969.8,20.8,160.0,49.0,0,Normal,
2015-01-23 02:00:00,-1.6,970.0,23.9,160.0,47.0,0,Normal,
2015-01-23 03:00:00,-0.7,970.1,19.6,139.0,44.0,0,Normal,
2015-01-23 04:00:00,-1.1,970.2,23.1,154.0,47.0,0,Normal,
2015-01-23 05:00:00,-0.6,970.7,16.6,143.0,42.0,0,Normal,
2015-01-23 06:00:00,-0.3,971.0,16.1,131.0,44.0,0,Normal,
2015-01-23 07:00:00,-0.3,971.1,17.4,127.0,44.0,0,Normal,
2015-01-23 08:00:00,-0.2,971.1,18.0,129.0,44.0,0,Normal,
2015-01-23 09:00:00,-0.1,970.9,14.6,128.0,49.0,0,Normal,
2015-01-23 10:00:00,1.2,970.7,12.7,121.0,48.0,0,Normal,
2015-01-23 11:00:00,2.2,970.4,15.3,78.0,49.0,0,Normal,
2015-01-23 12:00:00,2.1,970.0,17.0,103.0,45.0,0,Normal,
2015-01-23 13:00:00,2.9,969.8,16.1,76.0,46.0,0,Normal,
2015-01-23 14:00:00,2.6,969.3,15.5,76.0,45.0,0,Normal,
2015-01-23 15:00:00,2.2,968.8,13.9,74.0,47.0,0,Normal,
2015-01-23 16:00:00,1.7,968.3,13.9,87.0,44.0,0,Normal,
2015-01-23 17:00:00,1.1,968.0,11.4,77.0,46.0,0,Normal,
2015-01-23 18:00:00,0.1,967.8,8.4,144.0,49.0,0,Normal,
2015-01-23 19:00:00,-0.2,967.4,8.3,87.0,46.0,0,Normal,
2015-01-23 20:00:00,-2.3,967.2,11.7,184.0,61.0,0,Normal,
2015-01-23 21:00:00,-3.0,966.9,13.3,180.0,56.0,0,Normal,
2015-01-23 22:00:00,-4.2,966.6,14.2,181.0,57.0,0,Normal,
2015-01-23 23:00:00,-5.6,966.4,19.1,187.0,57.0,0,Normal,
2015-01-24 00:00:00,-6.2,966.4,21.9,188.0,58.0,0,Normal,
2015-01-24 01:00:00,-4.5,965.9,19.7,182.0,52.0,0,Normal,
2015-01-24 02:00:00,-2.5,965.5,18.6,177.0,48.0,0,Normal,
2015-01-24 03:00:00,-2.4,965.8,7.1,119.0,50.0,0,Normal,
2015-01-24 04:00:00,-1.1,965.6,19.5,164.0,48.0,0,Normal,
2015-01-24 05:00:00,-0.6,966.0,17.2,134.0,46.0,0,Normal,
2015-01-24 06:00:00,-0.5,966.6,16.1,129.0,43.0,0,Normal,
2015-01-24 07:00:00,-0.3,966.5,7.7,152.0,38.0,0,Normal,
2015-01-24 08:00:00,0.3,966.4,8.0,153.0,35.0,0,Normal,
2015-01-24 09:00:00,0.9,966.5,6.1,193.0,38.0,0,Normal,
2015-01-24 10:00:00,3.5,966.2,10.2,95.0,28.0,0,Normal,
2015-01-24 11:00:00,1.4,965.7,7.1,153.0,33.0,0,Normal,
2015-01-24 12:00:00,2.0,965.4,10.6,157.0,32.0,0,Normal,
2015-01-24 13:00:00,4.2,965.2,13.0,76.0,27.0,0,Normal,
2015-01-24 14:00:00,1.7,965.0,8.8,153.0,37.0,0,Normal,
2015-01-24 15:00:00,2.0,964.9,7.0,234.0,36.0,0,Normal,
2015-01-24 16:00:00,3.7,964.7,14.1,86.0,28.0,0,Normal,
2015-01-24 17:00:00,1.4,964.6,13.6,151.0,46.0,0,Normal,
2015-01-24 18:00:00,1.5,964.6,14.7,148.0,45.0,0,Normal,
2015-01-24 19:00:00,0.6,964.5,17.1,166.0,46.0,0,Normal,
2015-01-24 20:00:00,-1.2,964.4,19.1,173.0,50.0,0,Normal,
2015-01-24 21:00:00,-1.0,964.5,19.0,175.0,47.0,0,Normal,
2015-01-24 22:00:00,-0.9,964.6,20.4,171.0,46.0,0,Normal,
2015-01-24 23:00:00,-0.7,964.8,20.2,166.0,46.0,0,Normal,
2015-01-25 00:00:00,-2.8,964.3,24.2,184.0,52.0,0,Normal,
2015-01-25 01:00:00,-2.6,965.1,24.2,177.0,49.0,0,Normal,
2015-01-25 02:00:00,-2.0,965.4,20.9,173.0,43.0,0,Normal,
2015-01-25 03:00:00,-2.6,965.5,19.4,184.0,48.0,0,Normal,
2015-01-25 04:00:00,-2.2,966.0,20.7,174.0,43.0,0,Normal,
2015-01-25 05:00:00,-1.5,966.7,20.1,152.0,43.0,0,Normal,
2015-01-25 06:00:00,-0.5,967.5,19.3,138.0,38.0,0,Normal,
2015-01-25 07:00:00,-0.3,967.9,17.3,126.0,43.0,0,Normal,
2015-01-25 08:00:00,0.0,968.2,19.9,116.0,45.0,0,Normal,
2015-01-25 09:00:00,0.0,968.6,19.9,109.0,46.0,0,Normal,
2015-01-25 10:00:00,-0.2,968.8,24.4,106.0,45.0,0,Normal,
2015-01-25 11:00:00,0.1,969.1,21.9,119.0,48.0,0,Normal,
2015-01-25 12:00:00,0.2,969.3,20.1,111.0,48.0,0,Normal,
2015-01-25 13:00:00,0.2,969.5,21.0,116.0,49.0,0,Normal,
2015-01-25 14:00:00,0.5,969.5,18.6,113.0,50.0,0,Normal,
2015-01-25 15:00:00,0.2,969.4,19.6,108.0,52.0,0,Normal,
2015-01-25 16:00:00,0.3,969.7,17.3,78.0,52.0,0,Normal,
2015-01-25 17:00:00,-1.3,969.9,12.3,43.0,63.0,0,Normal,
2015-01-25 18:00:00,-2.2,970.1,10.3,71.0,62.0,0,Normal,
2015-01-25 19:00:00,-2.6,970.4,8.4,35.0,65.0,0,Normal,
2015-01-25 20:00:00,-2.8,970.6,6.0,43.0,64.0,0,Normal,
2015-01-25 21:00:00,-3.4,970.9,7.4,62.0,65.0,0,Normal,
2015-01-25 22:00:00,-4.1,971.1,8.0,157.0,67.0,0,Normal,
2015-01-25 23:00:00,-4.9,971.1,10.2,185.0,67.0,0,Normal,
2015-01-26 00:00:00,-4.9,971.1,11.2,177.0,62.0,0,Normal,
2015-01-26 01:00:00,-4.9,971.1,13.5,145.0,61.0,0,Normal,
2015-01-26 02:00:00,-4.6,971.0,15.3,165.0,53.0,0,Normal,
2015-01-26 03:00:00,-4.5,971.2,15.7,158.0,50.0,0,Normal,
2015-01-26 04:00:00,-4.1,971.4,8.9,119.0,55.0,0,Normal,
2015-01-26 05:00:00,-3.1,971.7,14.2,118.0,50.0,0,Normal,
2015-01-26 06:00:00,-2.3,971.9,16.0,88.0,52.0,0,Normal,
2015-01-26 07:00:00,-2.0,972.2,16.9,97.0,51.0,0,Normal,
2015-01-26 08:00:00,-1.3,972.5,16.3,103.0,46.0,0,Normal,
2015-01-26 09:00:00,-0.5,972.7,16.1,99.0,45.0,0,Normal,
2015-01-26 10:00:00,0.1,973.0,20.0,95.0,39.0,0,Normal,
2015-01-26 11:00:00,1.0,973.1,17.8,92.0,39.0,0,Normal,
2015-01-26 12:00:00,1.4,973.4,17.5,98.0,35.0,0,Normal,
2015-01-26 13:00:00,1.1,973.6,16.6,72.0,39.0,0,Normal,
2015-01-26 14:00:00,0.8,973.6,16.1,71.0,43.0,0,Normal,
2015-01-26 15:00:00,0.5,973.6,11.9,61.0,45.0,0,Normal,
2015-01-26 16:00:00,0.4,973.5,12.9,101.0,43.0,0,Normal,
2015-01-26 17:00:00,-0.9,973.4,10.0,132.0,51.0,0,Normal,
2015-01-26 18:00:00,-0.8,973.4,12.4,134.0,50.0,0,Normal,
2015-01-26 19:00:00,-1.7,973.6,12.3,172.0,52.0,0,Normal,
2015-01-26 20:00:00,-2.0,973.5,11.0,165.0,52.0,0,Normal,
2015-01-26 21:00:00,-2.9,973.7,6.6,49.0,60.0,0,Normal,
2015-01-26 22:00:00,-4.0,973.8,7.0,180.0,57.0,0,Normal,
2015-01-26 23:00:00,-4.1,974.0,11.1,153.0,56.0,0,Normal,
2015-01-27 00:00:00,-4.8,973.9,10.9,168.0,61.0,0,Normal,
2015-01-27 01:00:00,-5.1,973.9,15.0,165.0,57.0,0,Normal,
2015-01-27 02:00:00,-5.3,973.5,16.2,162.0,56.0,0,Normal,
2015-01-27 03:00:00,-4.9,973.2,15.4,168.0,53.0,0,Normal,
2015-01-27 04:00:00,-4.5,972.9,15.8,158.0,51.0,0,Normal,
2015-01-27 05:00:00,-4.1,972.5,14.4,172.0,51.0,0,Normal,
2015-01-27 06:00:00,-3.4,972.4,12.3,157.0,51.0,0,Normal,
2015-01-27 07:00:00,-2.6,972.2,9.3,125.0,50.0,0,Normal,
2015-01-27 08:00:00,-2.0,971.9,8.8,113.0,47.0,0,Normal,
2015-01-27 09:00:00,-1.4,971.5,9.0,91.0,47.0,0,Normal,
2015-01-27 10:00:00,-0.1,971.2,4.8,23.0,48.0,0,Normal,
2015-01-27 11:00:00,-1.1,971.0,7.9,104.0,49.0,0,Normal,
2015-01-27 12:00:00,0.0,970.8,11.0,7.0,57.0,0,Normal,
2015-01-27 13:00:00,0.3,970.4,9.2,17.0,54.0,0,Normal,
2015-01-27 14:00:00,-0.6,970.2,9.8,344.0,58.0,0,Normal,
2015-01-27 15:00:00,-0.7,970.1,10.7,360.0,60.0,0,Normal,
2015-01-27 16:00:00,-1.4,970.1,10.3,352.0,62.0,0,Normal,
2015-01-27 17:00:00,-1.2,969.9,6.8,330.0,63.0,0,Normal,
2015-01-27 18:00:00,-1.8,970.0,8.8,354.0,65.0,0,Normal,
2015-01-27 19:00:00,-2.3,969.9,9.8,357.0,68.0,0,Normal,
2015-01-27 20:00:00,-3.1,969.9,8.0,200.0,68.0,0,Normal,
2015-01-27 21:00:00,-3.7,969.6,6.4,178.0,63.0,0,Normal,
2015-01-27 22:00:00,-4.5,969.5,7.7,177.0,63.0,0,Normal,
2015-01-27 23:00:00,-5.0,969.2,5.9,124.0,58.0,0,Normal,
2015-01-28 00:00:00,-5.4,969.2,4.5,197.0,73.0,0,Normal,
2015-01-28 01:00:00,-4.4,969.4,5.8,352.0,63.0,0,Normal,
2015-01-28 02:00:00,-3.9,969.0,5.0,100.0,60.0,0,Normal,
2015-01-28 03:00:00,-4.4,969.0,6.1,95.0,70.0,0,Normal,
2015-01-28 04:00:00,-4.6,969.1,9.7,81.0,75.0,0,Normal,
2015-01-28 05:00:00,-3.2,969.4,7.8,120.0,59.0,0,Normal,
2015-01-28 06:00:00,-2.2,969.8,7.8,160.0,50.0,0,Normal,
2015-01-28 07:00:00,-1.3,970.0,7.9,110.0,49.0,0,Normal,
2015-01-28 08:00:00,0.3,970.4,17.4,98.0,46.0,0,Normal,
2015-01-28 09:00:00,1.6,970.6,14.5,71.0,43.0,0,Normal,
2015-01-28 10:00:00,2.0,970.7,14.2,64.0,41.0,0,Normal,
2015-01-28 11:00:00,0.6,971.0,7.2,59.0,51.0,0,Normal,
2015-01-28 12:00:00,0.8,971.1,10.9,44.0,53.0,0,Normal,
2015-01-28 13:00:00,0.7,971.0,9.8,43.0,52.0,0,Normal,
2015-01-28 14:00:00,0.5,971.0,8.6,29.0,54.0,0,Normal,
2015-01-28 15:00:00,0.4,971.1,8.9,35.0,57.0,0,Normal,
2015-01-28 16:00:00,-0.6,971.3,9.0,53.0,60.0,0,Normal,
2015-01-28 17:00:00,-1.7,971.4,10.1,56.0,65.0,0,Normal,
2015-01-28 18:00:00,-3.1,971.6,10.3,25.0,68.0,0,Normal,
2015-01-28 19:00:00,-4.6,972.0,9.2,2.0,75.0,0,Normal,
2015-01-28 20:00:00,-6.0,972.5,8.6,63.0,78.0,0,Normal,
2015-01-28 21:00:00,-6.3,972.6,9.6,91.0,79.0,0,Normal,
2015-01-28 22:00:00,-6.9,972.9,11.6,84.0,80.0,0,Normal,
2015-01-28 23:00:00,-8.0,973.3,9.6,110.0,84.0,0,Normal,
2015-01-29 00:00:00,-8.2,973.8,10.7,117.0,83.0,0,Normal,
2015-01-29 01:00:00,-8.0,974.2,11.9,133.0,83.0,0,Normal,
2015-01-29 02:00:00,-8.1,974.2,11.8,114.0,83.0,0,Normal,
2015-01-29 03:00:00,-7.8,974.3,12.3,82.0,81.0,0,Normal,
2015-01-29 04:00:00,-8.0,974.5,9.6,122.0,81.0,0,Normal,
2015-01-29 05:00:00,-7.5,974.8,11.5,136.0,77.0,0,Normal,
2015-01-29 06:00:00,-7.5,975.0,11.5,137.0,79.0,0,Normal,
2015-01-29 07:00:00,-6.8,975.3,11.2,123.0,79.0,0,Normal,
2015-01-29 08:00:00,-6.2,975.5,11.3,137.0,77.0,0,Normal,
2015-01-29 09:00:00,-5.8,975.8,14.9,82.0,74.0,0,Normal,
2015-01-29 10:00:00,-5.6,976.1,14.3,79.0,73.0,0,Normal,
2015-01-29 11:00:00,-4.8,976.2,10.7,95.0,70.0,0,Normal,
2015-01-29 12:00:00,-5.1,976.2,12.4,74.0,75.0,0,Normal,
2015-01-29 13:00:00,-4.7,976.3,15.0,89.0,72.0,0,Normal,
2015-01-29 14:00:00,-4.5,976.5,11.4,70.0,68.0,0,Normal,
2015-01-29 15:00:00,-4.2,976.3,9.2,96.0,68.0,0,Normal,
2015-01-29 16:00:00,-4.3,976.1,11.0,57.0,74.0,0,Normal,
2015-01-29 17:00:00,-4.5,976.0,9.3,62.0,71.0,0,Normal,
2015-01-29 18:00:00,-4.5,975.9,9.9,79.0,68.0,0,Normal,
2015-01-29 19:00:00,-4.4,975.9,7.6,83.0,69.0,0,Normal,
2015-01-29 20:00:00,-4.5,975.8,8.1,107.0,72.0,0,Normal,
2015-01-29 21:00:00,-4.7,975.6,8.2,85.0,73.0,0,Normal,
2015-01-29 22:00:00,-4.7,975.5,6.2,108.0,71.0,0,Normal,
2015-01-29 23:00:00,-4.8,975.3,7.4,156.0,74.0,0,Normal,
2015-01-30 00:00:00,-5.0,975.2,4.4,74.0,72.0,0,Normal,
2015-01-30 01:00:00,-4.9,975.0,4.7,108.0,73.0,0,Normal,
2015-01-30 02:00:00,-5.0,974.8,4.9,142.0,71.0,0,Normal,
2015-01-30 03:00:00,-4.9,974.3,6.3,104.0,71.0,0,Normal,
2015-01-30 04:00:00,-4.8,974.1,7.3,76.0,70.0,0,Normal,
2015-01-30 05:00:00,-4.7,974.2,6.4,112.0,71.0,0,Normal,
2015-01-30 06:00:00,-4.9,973.9,7.4,144.0,72.0,0,Normal,
2015-01-30 07:00:00,-4.5,974.1,8.5,128.0,68.0,0,Normal,
2015-01-30 08:00:00,-4.2,974.1,9.0,122.0,69.0,0,Normal,
2015-01-30 09:00:00,-3.6,974.0,9.5,109.0,66.0,0,Normal,
2015-01-30 10:00:00,-3.1,973.9,6.5,99.0,65.0,0,Normal,
2015-01-30 11:00:00,-3.3,973.9,10.0,154.0,64.0,0,Normal,
2015-01-30 12:00:00,-3.1,973.9,10.5,149.0,63.0,0,Normal,
2015-01-30 13:00:00,-2.6,974.0,9.4,75.0,62.0,0,Normal,
2015-01-30 14:00:00,-2.7,974.2,11.2,47.0,68.0,0,Normal,
2015-01-30 15:00:00,-2.7,974.1,12.2,83.0,62.0,0,Normal,
2015-01-30 16:00:00,-2.9,974.0,8.6,131.0,67.0,0,Normal,
2015-01-30 17:00:00,-3.1,974.0,10.8,135.0,65.0,0,Normal,
2015-01-30 18:00:00,-3.0,974.1,11.0,96.0,64.0,0,Normal,
2015-01-30 19:00:00,-3.2,974.2,10.8,69.0,67.0,0,Normal,
2015-01-30 20:00:00,-3.3,974.3,11.0,105.0,62.0,0,Normal,
2015-01-30 21:00:00,-3.4,974.4,12.7,102.0,66.0,0,Normal,
2015-01-30 22:00:00,-3.7,974.6,10.8,97.0,70.0,0,Normal,
2015-01-30 23:00:00,-3.9,974.6,11.7,115.0,67.0,0,Normal,
2015-01-31 00:00:00,-4.0,974.8,12.0,117.0,69.0,0,Normal,
2015-01-31 01:00:00,-4.4,974.6,12.1,126.0,78.0,0,Normal,
2015-01-31 02:00:00,-4.9,974.7,11.6,137.0,83.0,0,Normal,
2015-01-31 03:00:00,-4.9,974.6,13.5,135.0,82.0,0,Normal,
2015-01-31 04:00:00,-5.0,974.9,11.8,133.0,85.0,0,Normal,
2015-01-31 05:00:00,-4.8,975.1,12.0,118.0,80.0,0,Normal,
2015-01-31 06:00:00,-5.2,975.1,14.1,135.0,85.0,0,Normal,
2015-01-31 07:00:00,-4.7,975.5,12.4,124.0,74.0,0,Normal,
2015-01-31 08:00:00,-4.4,975.8,14.2,102.0,72.0,0,Normal,
2015-01-31 09:00:00,-4.2,975.8,12.0,119.0,71.0,0,Normal,
2015-01-31 10:00:00,-3.7,975.5,12.2,135.0,68.0,0,Normal,
2015-01-31 11:00:00,-3.0,975.2,12.2,135.0,67.0,0,Normal,
2015-01-31 12:00:00,-2.0,974.8,11.8,143.0,62.0,0,Normal,
2015-01-31 13:00:00,-1.8,974.3,10.5,147.0,57.0,0,Normal,
2015-01-31 14:00:00,-2.0,974.0,13.0,40.0,62.0,0,Normal,
2015-01-31 15:00:00,-2.7,973.6,8.9,27.0,65.0,0,Normal,
2015-01-31 16:00:00,-2.8,973.3,2.2,300.0,66.0,0,Normal,
2015-01-31 17:00:00,-3.0,972.7,8.8,200.0,69.0,0,Normal,
2015-01-31 18:00:00,-3.3,972.5,6.6,194.0,71.0,0,Normal,
2015-01-31 19:00:00,-3.7,972.4,7.7,127.0,74.0,0,Normal,
2015-01-31 20:00:00,-4.4,972.2,16.6,159.0,73.0,0,Normal,
2015-01-31 21:00:00,-4.8,971.7,15.3,155.0,70.0,0,Normal,
2015-01-31 22:00:00,-4.7,971.2,15.8,160.0,67.0,0,Normal,
2015-01-31 23:00:00,-4.5,971.0,13.6,154.0,75.0,0,Normal,
2015-02-01 00:00:00,-4.9,970.8,11.8,157.0,79.0,0,Normal,
2015-02-01 01:00:00,-5.2,970.3,10.3,158.0,81.0,0,Normal,
2015-02-01 02:00:00,-5.3,969.8,10.7,149.0,85.0,0,Normal,
2015-02-01 03:00:00,-4.9,969.3,9.6,154.0,80.0,0,Normal,
2015-02-01 04:00:00,-4.5,968.9,5.5,104.0,82.0,0,Normal,
2015-02-01 05:00:00,-4.6,968.4,5.6,153.0,82.0,0,Normal,
2015-02-01 06:00:00,-4.0,968.2,5.4,236.0,83.0,0,Normal,
2015-02-01 07:00:00,-3.3,968.0,4.4,230.0,80.0,0,Normal,
2015-02-01 08:00:00,-3.6,967.8,6.3,6.0,81.0,0,Normal,
2015-02-01 09:00:00,-4.0,967.5,7.6,12.0,84.0,0,Normal,
2015-02-01 10:00:00,-3.6,966.9,8.4,8.0,82.0,0,Normal,
2015-02-01 11:00:00,-3.9,966.8,9.1,8.0,82.0,0,Normal,
2015-02-01 12:00:00,-2.9,966.3,10.1,6.0,77.0,0,Normal,
2015-02-01 13:00:00,-2.3,966.1,8.3,9.0,74.0,0,Normal,
2015-02-01 14:00:00,-2.2,966.0,8.5,1.0,76.0,0,Normal,
2015-02-01 15:00:00,-2.2,965.7,7.3,0.0,76.0,0,Normal,
2015-02-01 16:00:00,-2.5,965.7,8.7,355.0,76.0,0,Normal,
2015-02-01 17:00:00,-3.5,965.6,7.4,1.0,80.0,0,Normal,
2015-02-01 18:00:00,-3.9,965.8,8.4,8.0,81.0,0,Normal,
2015-02-01 19:00:00,-4.3,966.0,6.8,189.0,81.0,0,Normal,
2015-02-01 20:00:00,-4.1,966.4,8.0,10.0,81.0,0,Normal,
2015-02-01 21:00:00,-4.6,966.6,8.0,135.0,86.0,0,Normal,
2015-02-01 22:00:00,-5.5,967.0,10.0,61.0,87.0,0,Normal,
2015-02-01 23:00:00,-6.2,967.3,8.9,155.0,88.0,0,Normal,
2015-02-02 00:00:00,-6.3,967.5,8.7,164.0,83.0,0,Normal,
2015-02-02 01:00:00,-6.7,967.7,9.1,172.0,78.0,0,Normal,
2015-02-02 02:00:00,-7.6,967.8,10.3,175.0,73.0,0,Normal,
2015-02-02 03:00:00,-6.6,967.8,10.8,170.0,71.0,0,Normal,
2015-02-02 04:00:00,-5.2,967.8,15.3,157.0,66.0,0,Normal,
2015-02-02 05:00:00,-4.7,968.1,13.5,155.0,63.0,0,Normal,
2015-02-02 06:00:00,-4.3,968.4,16.1,154.0,62.0,0,Normal,
2015-02-02 07:00:00,-3.8,968.7,13.1,159.0,61.0,0,Normal,
2015-02-02 08:00:00,-3.0,968.9,10.2,142.0,58.0,0,Normal,
2015-02-02 09:00:00,-1.8,969.0,12.6,118.0,53.0,0,Normal,
2015-02-02 10:00:00,-1.7,968.9,10.2,115.0,54.0,0,Normal,
2015-02-02 11:00:00,-1.2,968.9,10.3,130.0,52.0,0,Normal,
2015-02-02 12:00:00,-0.6,969.0,11.7,138.0,53.0,0,Normal,
2015-02-02 13:00:00,-0.6,969.0,11.2,110.0,52.0,0,Normal,
2015-02-02 14:00:00,0.8,969.3,12.9,56.0,49.0,0,Normal,
2015-02-02 15:00:00,0.6,969.5,7.6,155.0,50.0,0,Normal,
2015-02-02 16:00:00,-0.9,969.5,9.4,184.0,59.0,0,Normal,
2015-02-02 17:00:00,-1.9,969.5,9.7,186.0,62.0,0,Normal,
2015-02-02 18:00:00,-3.2,969.3,9.4,193.0,62.0,0,Normal,
2015-02-02 19:00:00,-4.2,969.5,12.5,188.0,58.0,0,Normal,
2015-02-02 20:00:00,-4.7,969.5,11.1,179.0,59.0,0,Normal,
2015-02-02 21:00:00,-4.8,969.5,10.1,188.0,58.0,0,Normal,
2015-02-02 22:00:00,-4.9,969.2,8.3,172.0,58.0,0,Normal,
2015-02-02 23:00:00,-6.8,969.1,2.8,43.0,64.0,0,Normal,
2015-02-03 00:00:00,-5.6,968.8,13.5,189.0,61.0,0,Normal,
2015-02-03 01:00:00,-4.4,968.7,10.5,193.0,60.0,0,Normal,
2015-02-03 02:00:00,-3.9,968.7,5.8,40.0,64.0,0,Normal,
2015-02-03 03:00:00,-4.0,968.5,5.6,303.0,67.0,0,Normal,
2015-02-03 04:00:00,-1.8,968.3,15.0,170.0,57.0,0,Normal,
2015-02-03 05:00:00,-2.1,967.8,21.1,177.0,52.0,0,Normal,
2015-02-03 06:00:00,-1.5,967.8,18.0,175.0,52.0,0,Normal,
2015-02-03 07:00:00,-1.7,967.7,20.5,178.0,52.0,0,Normal,
2015-02-03 08:00:00,-0.5,967.7,20.4,177.0,47.0,0,Normal,
2015-02-03 09:00:00,0.0,967.5,18.0,177.0,47.0,0,Normal,
2015-02-03 10:00:00,1.2,967.5,18.2,170.0,44.0,0,Normal,
2015-02-03 11:00:00,1.6,967.5,15.0,157.0,48.0,0,Normal,
2015-02-03 12:00:00,1.8,967.6,13.0,152.0,46.0,0,Normal,
2015-02-03 13:00:00,2.6,967.5,12.1,142.0,46.0,0,Normal,
2015-02-03 14:00:00,3.1,967.6,10.8,145.0,45.0,0,Normal,
2015-02-03 15:00:00,1.9,967.5,12.3,155.0,49.0,0,Normal,
2015-02-03 16:00:00,2.4,967.5,7.5,173.0,52.0,0,Normal,
2015-02-03 17:00:00,1.2,967.4,11.0,162.0,54.0,0,Normal,
2015-02-03 18:00:00,-0.3,967.6,13.1,177.0,56.0,0,Normal,
2015-02-03 19:00:00,-1.5,967.6,14.7,175.0,53.0,0,Normal,
2015-02-03 20:00:00,-3.1,967.7,18.6,182.0,56.0,0,Normal,
2015-02-03 21:00:00,-3.5,967.8,20.0,182.0,50.0,0,Normal,
2015-02-03 22:00:00,-4.4,968.1,21.1,183.0,45.0,0,Normal,
2015-02-03 23:00:00,-5.2,968.5,23.7,182.0,45.0,0,Normal,
2015-02-04 00:00:00,-5.6,968.8,26.1,181.0,43.0,0,Normal,
2015-02-04 01:00:00,-6.1,969.4,22.2,177.0,50.0,0,Normal,
2015-02-04 02:00:00,-5.3,970.0,23.0,176.0,44.0,0,Normal,
2015-02-04 03:00:00,-4.5,970.6,22.5,172.0,41.0,0,Normal,
2015-02-04 04:00:00,-3.8,971.0,24.1,168.0,41.0,0,Normal,
2015-02-04 05:00:00,-3.5,971.4,19.1,176.0,44.0,0,Normal,
2015-02-04 06:00:00,-2.3,971.9,21.4,166.0,41.0,0,Normal,
2015-02-04 07:00:00,-1.2,972.9,15.5,138.0,41.0,0,Normal,
2015-02-04 08:00:00,-0.8,973.7,16.0,117.0,47.0,0,Normal,
2015-02-04 09:00:00,-1.0,974.6,13.3,123.0,44.0,0,Normal,
2015-02-04 10:00:00,0.2,974.9,8.9,98.0,37.0,0,Normal,
2015-02-04 11:00:00,0.8,975.3,10.7,52.0,39.0,0,Normal,
2015-02-04 12:00:00,0.7,975.1,8.7,5.0,42.0,0,Normal,
2015-02-04 13:00:00,0.1,975.3,11.1,351.0,45.0,0,Normal,
2015-02-04 14:00:00,0.1,975.4,10.0,348.0,47.0,0,Normal,
2015-02-04 15:00:00,0.4,975.4,7.4,254.0,48.0,0,Normal,
2015-02-04 16:00:00,0.2,975.3,6.3,188.0,47.0,0,Normal,
2015-02-04 17:00:00,-0.4,975.1,2.8,206.0,49.0,0,Normal,
2015-02-04 18:00:00,-1.6,975.3,2.9,225.0,52.0,0,Normal,
2015-02-04 19:00:00,-2.9,975.3,11.4,202.0,56.0,0,Normal,
2015-02-04 20:00:00,-4.8,975.3,13.5,200.0,56.0,0,Normal,
2015-02-04 21:00:00,-6.7,975.5,16.2,194.0,56.0,0,Normal,
2015-02-04 22:00:00,-6.7,975.7,12.7,187.0,55.0,0,Normal,
2015-02-04 23:00:00,-6.2,975.8,10.7,187.0,54.0,0,Normal,
2015-02-05 00:00:00,-6.9,975.9,17.5,189.0,52.0,0,Normal,
2015-02-05 01:00:00,-5.3,975.9,10.9,168.0,52.0,0,Normal,
2015-02-05 02:00:00,-6.2,975.9,14.9,180.0,47.0,0,Normal,
2015-02-05 03:00:00,-5.8,975.8,16.3,179.0,46.0,0,Normal,
2015-02-05 04:00:00,-7.1,975.6,20.7,183.0,47.0,0,Normal,
2015-02-05 05:00:00,-4.9,975.4,20.0,177.0,42.0,0,Normal,
2015-02-05 06:00:00,-4.6,975.2,18.1,177.0,47.0,0,Normal,
2015-02-05 07:00:00,-3.4,975.1,17.9,176.0,45.0,0,Normal,
2015-02-05 08:00:00,-1.6,975.2,14.7,162.0,40.0,0,Normal,
2015-02-05 09:00:00,-0.4,975.3,12.6,130.0,39.0,0,Normal,
2015-02-05 10:00:00,0.2,975.4,14.5,76.0,35.0,0,Normal,
2015-02-05 11:00:00,1.4,975.0,9.3,48.0,31.0,0,Normal,
2015-02-05 12:00:00,1.0,974.6,9.0,54.0,31.0,0,Normal,
2015-02-05 13:00:00,0.8,974.0,10.8,5.0,39.0,0,Normal,
2015-02-05 14:00:00,0.1,973.4,9.7,360.0,41.0,0,Normal,
2015-02-05 15:00:00,0.4,972.6,8.3,331.0,39.0,0,Normal,
2015-02-05 16:00:00,-1.0,972.3,10.8,5.0,42.0,0,Normal,
2015-02-05 17:00:00,-1.6,972.0,7.8,37.0,46.0,0,Normal,
2015-02-05 18:00:00,-2.3,971.7,8.5,182.0,54.0,0,Normal,
2015-02-05 19:00:00,-4.3,971.5,9.8,182.0,58.0,0,Normal,
2015-02-05 20:00:00,-5.3,971.3,13.3,183.0,60.0,0,Normal,
2015-02-05 21:00:00,-3.9,971.0,14.1,160.0,49.0,0,Normal,
2015-02-05 22:00:00,-4.9,970.4,15.2,176.0,49.0,0,Normal,
2015-02-05 23:00:00,-5.5,970.0,19.4,175.0,48.0,0,Normal,
2015-02-06 00:00:00,-5.6,969.8,16.2,175.0,47.0,0,Normal,
2015-02-06 01:00:00,-4.9,970.1,4.6,352.0,51.0,0,Normal,
2015-02-06 02:00:00,-7.9,969.9,5.2,263.0,65.0,0,Normal,
2015-02-06 03:00:00,-7.2,969.5,5.5,134.0,58.0,0,Normal,
2015-02-06 04:00:00,-5.5,969.2,12.9,134.0,51.0,0,Normal,
2015-02-06 05:00:00,-5.8,969.3,11.5,128.0,51.0,0,Normal,
2015-02-06 06:00:00,-5.3,969.4,17.4,107.0,56.0,0,Normal,
2015-02-06 07:00:00,-5.2,969.3,12.8,117.0,61.0,0,Normal,
2015-02-06 08:00:00,-4.6,969.0,12.1,116.0,55.0,0,Normal,
2015-02-06 09:00:00,-3.1,969.0,17.1,96.0,48.0,0,Normal,
2015-02-06 10:00:00,-3.0,968.9,18.0,107.0,47.0,0,Normal,
2015-02-06 11:00:00,-2.6,968.7,23.5,94.0,46.0,0,Normal,
2015-02-06 12:00:00,-2.0,968.5,24.8,91.0,43.0,0,Normal,
2015-02-06 13:00:00,-2.3,968.3,22.7,98.0,46.0,0,Normal,
2015-02-06 14:00:00,-2.4,968.2,21.7,98.0,44.0,0,Normal,
2015-02-06 15:00:00,-2.3,968.1,25.0,96.0,45.0,0,Normal,
2015-02-06 16:00:00,-2.1,968.2,17.7,106.0,47.0,0,Normal,
2015-02-06 17:00:00,-2.6,968.2,18.9,115.0,50.0,0,Normal,
2015-02-06 18:00:00,-2.8,968.3,15.4,119.0,52.0,0,Normal,
2015-02-06 19:00:00,-3.2,968.8,13.7,120.0,58.0,0,Normal,
2015-02-06 20:00:00,-3.6,969.2,13.3,115.0,54.0,0,Normal,
2015-02-06 21:00:00,-3.6,969.5,18.2,108.0,52.0,0,Normal,
2015-02-06 22:00:00,-4.3,970.0,17.2,115.0,58.0,0,Normal,
2015-02-06 23:00:00,-4.5,970.2,16.0,129.0,57.0,0,Normal,
2015-02-07 00:00:00,-4.3,970.3,16.6,127.0,54.0,0,Normal,
2015-02-07 01:00:00,-4.2,970.6,18.2,123.0,52.0,0,Normal,
2015-02-07 02:00:00,-4.2,971.2,19.0,128.0,52.0,0,Normal,
2015-02-07 03:00:00,-4.4,971.7,19.2,130.0,59.0,0,Normal,
2015-02-07 04:00:00,-4.0,972.1,18.9,129.0,56.0,0,Normal,
2015-02-07 05:00:00,-4.0,972.9,18.4,127.0,63.0,0,Normal,
2015-02-07 06:00:00,-3.8,973.4,24.9,150.0,62.0,0,Normal,
2015-02-07 07:00:00,-3.6,974.1,25.5,150.0,58.0,0,Normal,
2015-02-07 08:00:00,-2.9,974.4,24.4,151.0,51.0,0,Normal,
2015-02-07 09:00:00,-2.5,975.0,21.0,144.0,51.0,0,Normal,
2015-02-07 10:00:00,-2.1,975.6,19.7,118.0,53.0,0,Normal,
2015-02-07 11:00:00,-2.0,975.9,21.2,115.0,55.0,0,Normal,
2015-02-07 12:00:00,-1.9,976.1,23.2,140.0,55.0,0,Normal,
2015-02-07 13:00:00,-1.2,976.4,19.9,120.0,54.0,0,Normal,
2015-02-07 14:00:00,-1.5,976.7,20.5,129.0,54.0,0,Normal,
2015-02-07 15:00:00,-0.6,977.1,18.2,119.0,51.0,0,Normal,
2015-02-07 16:00:00,-0.4,977.6,15.3,118.0,52.0,0,Normal,
2015-02-07 17:00:00,-0.8,977.8,17.8,115.0,52.0,0,Normal,
2015-02-07 18:00:00,-1.4,978.3,18.4,116.0,53.0,0,Normal,
2015-02-07 19:00:00,-2.1,978.8,16.7,135.0,52.0,0,Normal,
2015-02-07 20:00:00,-1.9,979.1,17.9,119.0,49.0,0,Normal,
2015-02-07 21:00:00,-2.3,979.4,18.8,134.0,51.0,0,Normal,
2015-02-07 22:00:00,-2.3,979.7,19.0,127.0,49.0,0,Normal,
2015-02-07 23:00:00,-2.5,980.1,21.6,134.0,49.0,0,Normal,
2015-02-08 00:00:00,-2.6,980.0,20.2,135.0,50.0,0,Normal,
2015-02-08 01:00:00,-2.5,980.0,20.1,133.0,50.0,0,Normal,
2015-02-08 02:00:00,-2.5,980.1,19.4,131.0,48.0,0,Normal,
2015-02-08 03:00:00,-2.4,980.1,19.3,134.0,48.0,0,Normal,
2015-02-08 04:00:00,-2.2,980.0,20.8,136.0,47.0,0,Normal,
2015-02-08 05:00:00,-2.0,980.1,21.5,136.0,45.0,0,Normal,
2015-02-08 06:00:00,-1.8,980.1,20.6,137.0,45.0,0,Normal,
2015-02-08 07:00:00,-1.7,980.2,18.8,142.0,47.0,0,Normal,
2015-02-08 08:00:00,-1.3,980.1,21.0,142.0,45.0,0,Normal,
2015-02-08 09:00:00,-0.5,979.9,18.5,138.0,42.0,0,Normal,
2015-02-08 10:00:00,0.1,979.6,17.6,129.0,40.0,0,Normal,
2015-02-08 11:00:00,0.5,979.4,17.1,134.0,40.0,0,Normal,
2015-02-08 12:00:00,1.0,978.9,15.4,121.0,40.0,0,Normal,
2015-02-08 13:00:00,1.0,978.5,14.5,128.0,41.0,0,Normal,
2015-02-08 14:00:00,1.0,978.0,14.6,133.0,45.0,0,Normal,
2015-02-08 15:00:00,1.2,977.7,12.6,94.0,43.0,0,Normal,
2015-02-08 16:00:00,1.4,977.1,10.2,76.0,43.0,0,Normal,
2015-02-08 17:00:00,0.6,976.6,9.0,63.0,45.0,0,Normal,
2015-02-08 18:00:00,-0.6,976.2,9.0,183.0,54.0,0,Normal,
2015-02-08 19:00:00,-1.9,975.8,10.3,175.0,56.0,0,Normal,
2015-02-08 20:00:00,-2.5,975.4,9.5,167.0,54.0,0,Normal,
2015-02-08 21:00:00,-3.8,974.7,10.8,181.0,56.0,0,Normal,
2015-02-08 22:00:00,-5.2,974.3,17.3,181.0,50.0,0,Normal,
2015-02-08 23:00:00,-4.4,973.5,18.2,178.0,33.0,0,Normal,
2015-02-09 00:00:00,-6.1,972.9,21.7,178.0,38.0,0,Normal,
2015-02-09 01:00:00,-6.1,972.3,19.6,183.0,43.0,0,Normal,
2015-02-09 02:00:00,-5.7,971.6,19.4,180.0,35.0,0,Normal,
2015-02-09 03:00:00,-6.4,970.8,20.5,179.0,35.0,0,Normal,
2015-02-09 04:00:00,-5.9,970.1,22.9,184.0,36.0,0,Normal,
2015-02-09 05:00:00,-4.9,969.6,15.1,181.0,38.0,0,Normal,
2015-02-09 06:00:00,-4.8,968.6,15.4,175.0,35.0,0,Normal,
2015-02-09 07:00:00,-3.9,968.5,7.4,17.0,43.0,0,Normal,
2015-02-09 08:00:00,-2.9,967.9,5.4,330.0,39.0,0,Normal,
2015-02-09 09:00:00,-1.4,967.4,6.5,282.0,35.0,0,Normal,
2015-02-09 10:00:00,-1.4,966.5,12.4,263.0,35.0,0,Normal,
2015-02-09 11:00:00,-1.0,966.3,9.6,341.0,34.0,0,Normal,
2015-02-09 12:00:00,-0.8,966.1,11.2,10.0,35.0,0,Normal,
2015-02-09 13:00:00,-0.1,965.2,9.4,307.0,37.0,0,Normal,
2015-02-09 14:00:00,0.3,964.7,9.8,9.0,41.0,0,Normal,
2015-02-09 15:00:00,0.2,964.3,5.3,28.0,44.0,0,Normal,
2015-02-09 16:00:00,0.2,963.9,7.6,338.0,47.0,0,Normal,
2015-02-09 17:00:00,-1.6,964.8,15.4,70.0,48.0,0,Normal,
2015-02-09 18:00:00,-4.8,964.7,8.7,44.0,55.0,0,Normal,
2015-02-09 19:00:00,-4.5,964.4,7.6,60.0,47.0,0,Normal,
2015-02-09 20:00:00,-5.2,964.1,8.2,198.0,57.0,0,Normal,
2015-02-09 21:00:00,-5.8,963.9,6.6,239.0,58.0,0,Normal,
2015-02-09 22:00:00,-6.1,963.6,7.6,153.0,52.0,0,Normal,
2015-02-09 23:00:00,-5.6,963.6,10.5,148.0,51.0,0,Normal,
2015-02-10 00:00:00,-5.4,963.1,18.3,143.0,47.0,0,Normal,
2015-02-10 01:00:00,-6.3,962.9,25.5,162.0,46.0,0,Normal,
2015-02-10 02:00:00,-5.5,962.7,31.1,154.0,42.0,0,Normal,
2015-02-10 03:00:00,-5.7,963.1,29.4,142.0,42.0,0,Normal,
2015-02-10 04:00:00,-5.5,963.2,35.0,163.0,40.0,0,Normal,
2015-02-10 05:00:00,-6.1,964.0,28.4,167.0,48.0,0,Normal,
2015-02-10 06:00:00,-4.8,964.2,30.3,161.0,40.0,0,Normal,
2015-02-10 07:00:00,-3.8,964.5,25.5,159.0,37.0,0,Normal,
2015-02-10 08:00:00,-3.2,964.1,29.0,159.0,34.0,0,Normal,
2015-02-10 09:00:00,-2.6,964.8,15.6,120.0,39.0,0,Normal,
2015-02-10 10:00:00,-1.9,964.9,16.6,106.0,38.0,0,Normal,
2015-02-10 11:00:00,-1.9,965.5,20.0,89.0,33.0,0,Normal,
2015-02-10 12:00:00,-3.4,966.0,14.5,113.0,39.0,0,Normal,
2015-02-10 13:00:00,-2.6,966.0,10.3,131.0,39.0,0,Normal,
2015-02-10 14:00:00,-1.1,966.1,9.8,23.0,43.0,0,Normal,
2015-02-10 15:00:00,-2.3,966.7,10.2,9.0,46.0,0,Normal,
2015-02-10 16:00:00,-3.1,966.9,7.3,323.0,48.0,0,Normal,
2015-02-10 17:00:00,-3.2,966.8,6.1,245.0,54.0,0,Normal,
2015-02-10 18:00:00,-2.8,967.5,11.5,93.0,43.0,0,Normal,
2015-02-10 19:00:00,-3.4,968.0,14.7,173.0,43.0,0,Normal,
2015-02-10 20:00:00,-4.2,968.1,19.1,151.0,45.0,0,Normal,
2015-02-10 21:00:00,-4.2,968.3,20.6,166.0,38.0,0,Normal,
2015-02-10 22:00:00,-4.5,968.6,19.2,171.0,37.0,0,Normal,
2015-02-10 23:00:00,-6.0,968.8,23.7,177.0,37.0,0,Normal,
2015-02-11 00:00:00,-6.2,969.0,25.4,177.0,37.0,0,Normal,
2015-02-11 01:00:00,-6.6,969.1,24.9,178.0,36.0,0,Normal,
2015-02-11 02:00:00,-6.5,969.1,26.8,177.0,35.0,0,Normal,
2015-02-11 03:00:00,-8.0,969.1,27.1,181.0,37.0,0,Normal,
2015-02-11 04:00:00,-7.9,969.4,25.4,183.0,40.0,0,Normal,
2015-02-11 05:00:00,-6.9,971.0,9.6,300.0,44.0,0,Normal,
2015-02-11 06:00:00,-5.8,971.1,7.5,249.0,41.0,0,Normal,
2015-02-11 07:00:00,-4.8,971.4,8.1,225.0,38.0,0,Normal,
2015-02-11 08:00:00,-3.9,971.4,9.8,14.0,45.0,0,Normal,
2015-02-11 09:00:00,-3.6,971.3,5.1,145.0,45.0,0,Normal,
2015-02-11 10:00:00,-2.4,971.5,7.9,26.0,33.0,0,Normal,
2015-02-11 11:00:00,-1.2,971.1,9.8,8.0,43.0,0,Normal,
2015-02-11 12:00:00,-2.2,970.8,8.9,251.0,40.0,0,Normal,
2015-02-11 13:00:00,-1.1,970.8,14.6,317.0,31.0,0,Normal,
2015-02-11 14:00:00,-1.9,970.5,14.2,315.0,39.0,0,Normal,
2015-02-11 15:00:00,-2.7,970.2,12.4,331.0,44.0,0,Normal,
2015-02-11 16:00:00,60.0,969.8,9.8,295.0,44.0,1,Temperature Spike,TEMP_SPIKE_01
2015-02-11 17:00:00,-2.8,969.5,9.8,332.0,54.0,0,Normal,
2015-02-11 18:00:00,-4.6,969.5,5.6,81.0,62.0,0,Normal,
2015-02-11 19:00:00,-5.9,969.9,6.6,80.0,64.0,0,Normal,
2015-02-11 20:00:00,-6.3,969.9,6.1,97.0,66.0,0,Normal,
2015-02-11 21:00:00,-6.5,969.8,5.2,134.0,66.0,0,Normal,
2015-02-11 22:00:00,-6.7,969.7,6.0,85.0,68.0,0,Normal,
2015-02-11 23:00:00,-6.5,969.4,4.6,226.0,65.0,0,Normal,
2015-02-12 00:00:00,-2.5,957.4,24.9,155.0,47.0,0,Normal,
2015-02-12 01:00:00,-2.6,956.8,26.9,166.0,44.0,0,Normal,
2015-02-12 02:00:00,-2.3,956.5,29.7,150.0,42.0,0,Normal,
2015-02-12 03:00:00,-2.9,956.5,27.2,169.0,41.0,0,Normal,
2015-02-12 04:00:00,-2.7,956.6,27.5,156.0,44.0,0,Normal,
2015-02-12 05:00:00,-1.3,956.6,28.1,138.0,38.0,0,Normal,
2015-02-12 06:00:00,-0.6,956.6,27.9,131.0,36.0,0,Normal,
2015-02-12 07:00:00,-0.6,956.6,25.4,131.0,44.0,0,Normal,
2015-02-12 08:00:00,0.1,956.4,27.7,121.0,41.0,0,Normal,
2015-02-12 09:00:00,0.4,956.8,29.9,118.0,44.0,0,Normal,
2015-02-12 10:00:00,0.8,957.2,22.5,106.0,51.0,0,Normal,
2015-02-12 11:00:00,0.7,957.4,27.9,108.0,50.0,0,Normal,
2015-02-12 12:00:00,0.9,957.6,26.6,109.0,53.0,0,Normal,
2015-02-12 13:00:00,0.6,957.8,26.2,108.0,55.0,0,Normal,
2015-02-12 14:00:00,0.1,958.4,26.2,107.0,59.0,0,Normal,
2015-02-12 15:00:00,-0.1,958.5,27.1,116.0,59.0,0,Normal,
2015-02-12 16:00:00,-0.4,959.1,26.0,114.0,61.0,0,Normal,
2015-02-12 17:00:00,-0.6,959.7,20.6,111.0,61.0,0,Normal,
2015-02-12 18:00:00,-1.0,960.1,21.1,115.0,62.0,0,Normal,
2015-02-12 19:00:00,-1.4,960.5,23.8,139.0,61.0,0,Normal,
2015-02-12 20:00:00,-1.7,961.3,20.5,145.0,60.0,0,Normal,
2015-02-12 21:00:00,-1.8,961.9,19.3,128.0,57.0,0,Normal,
2015-02-12 22:00:00,-1.9,962.2,22.8,126.0,54.0,0,Normal,
2015-02-12 23:00:00,-2.2,962.6,21.6,125.0,56.0,0,Normal,
2015-02-13 00:00:00,-3.5,962.9,18.1,123.0,38.0,0,Normal,
2015-02-13 01:00:00,-3.7,962.9,20.7,128.0,37.0,0,Normal,
2015-02-13 02:00:00,-4.0,962.7,26.9,140.0,37.0,0,Normal,
2015-02-13 03:00:00,-4.6,963.0,20.9,151.0,42.0,0,Normal,
2015-02-13 04:00:00,-4.7,963.1,17.5,120.0,41.0,0,Normal,
2015-02-13 05:00:00,-5.2,963.3,13.7,122.0,51.0,0,Normal,
2015-02-13 06:00:00,-4.0,963.7,19.5,96.0,41.0,0,Normal,
2015-02-13 07:00:00,-4.2,964.1,18.6,109.0,45.0,0,Normal,
2015-02-13 08:00:00,-4.1,964.5,18.8,110.0,46.0,0,Normal,
2015-02-13 09:00:00,-3.9,964.9,22.5,107.0,45.0,0,Normal,
2015-02-13 10:00:00,-3.5,964.9,20.4,111.0,45.0,0,Normal,
2015-02-13 11:00:00,-2.9,964.9,18.9,112.0,45.0,0,Normal,
2015-02-13 12:00:00,-2.5,965.3,21.3,106.0,44.0,0,Normal,
2015-02-13 13:00:00,-2.0,965.6,19.9,96.0,43.0,0,Normal,
2015-02-13 14:00:00,-1.6,965.8,16.0,89.0,42.0,0,Normal,
2015-02-13 15:00:00,-2.2,966.0,15.0,110.0,46.0,0,Normal,
2015-02-13 16:00:00,-2.1,966.8,16.0,78.0,45.0,0,Normal,
2015-02-13 17:00:00,-3.6,967.1,13.3,118.0,51.0,0,Normal,
2015-02-13 18:00:00,-4.2,967.6,13.5,148.0,53.0,0,Normal,
2015-02-13 19:00:00,-4.9,968.0,14.3,167.0,49.0,0,Normal,
2015-02-13 20:00:00,-5.7,968.3,13.8,175.0,47.0,0,Normal,
2015-02-13 21:00:00,-6.0,968.4,14.8,179.0,48.0,0,Normal,
2015-02-13 22:00:00,-6.6,968.4,14.9,181.0,49.0,0,Normal,
2015-02-13 23:00:00,-7.8,968.7,16.0,189.0,54.0,0,Normal,
2015-02-14 00:00:00,-8.0,969.0,15.8,200.0,57.0,0,Normal,
2015-02-14 01:00:00,-9.7,969.2,19.9,192.0,59.0,0,Normal,
2015-02-14 02:00:00,-8.9,969.7,16.2,188.0,53.0,0,Normal,
2015-02-14 03:00:00,-8.9,969.9,13.9,194.0,58.0,0,Normal,
2015-02-14 04:00:00,-8.8,970.1,15.9,196.0,56.0,0,Normal,
2015-02-14 05:00:00,-8.4,970.5,14.3,195.0,56.0,0,Normal,
2015-02-14 06:00:00,-7.9,971.2,8.6,357.0,61.0,0,Normal,
2015-02-14 07:00:00,-6.5,971.9,5.0,276.0,54.0,0,Normal,
2015-02-14 08:00:00,-6.0,972.5,7.2,4.0,60.0,0,Normal,
2015-02-14 09:00:00,-4.0,972.8,6.3,87.0,53.0,0,Normal,
2015-02-14 10:00:00,-4.3,973.1,9.8,155.0,39.0,0,Normal,
2015-02-14 11:00:00,-1.2,973.5,11.7,67.0,33.0,0,Normal,
2015-02-14 12:00:00,-1.3,973.5,10.8,72.0,38.0,0,Normal,
2015-02-14 13:00:00,-2.6,973.9,9.3,4.0,54.0,0,Normal,
2015-02-14 14:00:00,-4.4,974.1,6.9,19.0,56.0,0,Normal,
2015-02-14 15:00:00,-4.7,974.4,10.9,2.0,58.0,0,Normal,
2015-02-14 16:00:00,-5.2,974.0,4.8,81.0,50.0,0,Normal,
2015-02-14 17:00:00,-5.1,974.0,9.0,97.0,52.0,0,Normal,
2015-02-14 18:00:00,-5.4,974.4,8.5,33.0,65.0,0,Normal,
2015-02-14 19:00:00,-5.9,974.4,5.3,198.0,67.0,0,Normal,
2015-02-14 20:00:00,-5.8,974.0,8.6,108.0,66.0,0,Normal,
2015-02-14 21:00:00,-5.3,974.0,8.5,83.0,63.0,0,Normal,
2015-02-14 22:00:00,-5.3,973.6,10.9,170.0,51.0,0,Normal,
2015-02-14 23:00:00,-4.6,973.2,22.4,136.0,40.0,0,Normal,
2015-02-15 00:00:00,-5.3,972.9,15.6,128.0,49.0,0,Normal,
2015-02-15 01:00:00,-5.8,972.8,19.3,121.0,49.0,0,Normal,
2015-02-15 02:00:00,-5.6,972.1,22.8,129.0,45.0,0,Normal,
2015-02-15 03:00:00,-5.3,971.4,26.7,143.0,43.0,0,Normal,
2015-02-15 04:00:00,-4.8,970.6,32.7,152.0,40.0,0,Normal,
2015-02-15 05:00:00,-4.7,970.1,34.8,150.0,40.0,0,Normal,
2015-02-15 06:00:00,-4.5,968.9,34.2,153.0,38.0,0,Normal,
2015-02-15 07:00:00,-4.6,968.3,31.4,149.0,43.0,0,Normal,
2015-02-15 08:00:00,-3.7,967.1,33.3,145.0,37.0,0,Normal,
2015-02-15 09:00:00,-3.8,966.8,28.6,140.0,44.0,0,Normal,
2015-02-15 10:00:00,-3.5,966.8,26.4,128.0,47.0,0,Normal,
2015-02-15 11:00:00,-3.7,966.4,24.5,123.0,52.0,0,Normal,
2015-02-15 12:00:00,-3.6,965.4,27.4,122.0,52.0,0,Normal,
2015-02-15 13:00:00,-4.0,965.0,33.2,128.0,52.0,0,Normal,
2015-02-15 14:00:00,-4.1,964.3,28.9,133.0,55.0,0,Normal,
2015-02-15 15:00:00,-4.0,963.5,32.2,134.0,53.0,0,Normal,
2015-02-15 16:00:00,-4.2,961.4,34.8,143.0,56.0,0,Normal,
2015-02-15 17:00:00,-4.4,960.9,35.3,138.0,53.0,0,Normal,
2015-02-15 18:00:00,-4.5,960.6,35.0,136.0,55.0,0,Normal,
2015-02-15 19:00:00,-4.4,960.1,38.1,132.0,52.0,0,Normal,
2015-02-15 20:00:00,-4.4,959.4,41.6,130.0,50.0,0,Normal,
2015-02-15 21:00:00,-4.4,959.4,39.0,132.0,53.0,0,Normal,
2015-02-15 22:00:00,-4.6,958.7,43.7,128.0,52.0,0,Normal,
2015-02-15 23:00:00,-4.6,958.4,41.9,132.0,52.0,0,Normal,
2015-02-16 00:00:00,-4.6,958.1,41.7,131.0,51.0,0,Normal,
2015-02-16 01:00:00,-4.9,958.3,40.1,137.0,53.0,0,Normal,
2015-02-16 02:00:00,-5.1,958.0,41.1,138.0,54.0,0,Normal,
2015-02-16 03:00:00,-4.9,957.9,46.0,138.0,52.0,0,Normal,
2015-02-16 04:00:00,-4.6,957.9,39.4,140.0,53.0,0,Normal,
2015-02-16 05:00:00,-4.6,958.8,39.2,139.0,53.0,0,Normal,
2015-02-16 06:00:00,-4.5,958.9,38.4,140.0,53.0,0,Normal,
2015-02-16 07:00:00,-4.5,959.4,36.4,138.0,54.0,0,Normal,
2015-02-16 08:00:00,-4.6,960.1,34.9,139.0,56.0,0,Normal,
2015-02-16 09:00:00,-4.3,960.6,33.5,135.0,54.0,0,Normal,
2015-02-16 10:00:00,-3.6,961.1,31.8,139.0,53.0,0,Normal,
2015-02-16 11:00:00,-3.3,961.8,30.5,136.0,54.0,0,Normal,
2015-02-16 12:00:00,-3.0,961.9,29.1,138.0,52.0,0,Normal,
2015-02-16 13:00:00,-2.8,962.3,28.7,133.0,50.0,0,Normal,
2015-02-16 14:00:00,-3.4,962.9,30.7,138.0,47.0,0,Normal,
2015-02-16 15:00:00,-3.4,963.1,28.7,137.0,46.0,0,Normal,
2015-02-16 16:00:00,-3.6,963.5,26.7,141.0,46.0,0,Normal,
2015-02-16 17:00:00,-3.8,963.8,25.0,139.0,46.0,0,Normal,
2015-02-16 18:00:00,-4.0,963.8,23.6,136.0,46.0,0,Normal,
2015-02-16 19:00:00,-3.9,963.7,27.6,145.0,43.0,0,Normal,
2015-02-16 20:00:00,-3.8,963.5,29.8,146.0,41.0,0,Normal,
2015-02-16 21:00:00,-3.8,963.4,31.6,145.0,37.0,0,Normal,
2015-02-16 22:00:00,-3.8,963.7,26.0,144.0,38.0,0,Normal,
2015-02-16 23:00:00,-3.8,964.0,27.3,148.0,37.0,0,Normal,
2015-02-17 00:00:00,-4.1,963.8,26.3,150.0,38.0,0,Normal,
2015-02-17 01:00:00,-4.5,964.0,24.4,144.0,38.0,0,Normal,
2015-02-17 02:00:00,-4.7,963.7,27.7,148.0,33.0,0,Normal,
2015-02-17 03:00:00,-4.3,963.3,23.9,130.0,31.0,0,Normal,
2015-02-17 04:00:00,-4.9,963.1,19.9,134.0,36.0,0,Normal,
2015-02-17 05:00:00,-4.9,962.6,23.2,135.0,36.0,0,Normal,
2015-02-17 06:00:00,-4.2,963.1,19.0,123.0,33.0,0,Normal,
2015-02-17 07:00:00,-4.0,963.2,22.9,155.0,37.0,0,Normal,
2015-02-17 08:00:00,-3.3,963.7,16.5,141.0,36.0,0,Normal,
2015-02-17 09:00:00,-3.2,963.6,17.5,106.0,32.0,0,Normal,
2015-02-17 10:00:00,-2.6,963.3,20.2,111.0,36.0,0,Normal,
2015-02-17 11:00:00,-2.0,963.2,16.1,81.0,36.0,0,Normal,
2015-02-17 12:00:00,-0.8,963.2,16.9,72.0,33.0,0,Normal,
2015-02-17 13:00:00,-0.8,962.6,13.6,55.0,38.0,0,Normal,
2015-02-17 14:00:00,-0.7,962.3,12.7,70.0,31.0,0,Normal,
2015-02-17 15:00:00,-1.7,962.0,8.8,66.0,37.0,0,Normal,
2015-02-17 16:00:00,-3.1,961.6,9.2,346.0,48.0,0,Normal,
2015-02-17 17:00:00,-3.9,961.5,10.0,327.0,54.0,0,Normal,
2015-02-17 18:00:00,-4.5,961.8,10.2,248.0,56.0,0,Normal,
2015-02-17 19:00:00,-5.2,962.0,8.4,170.0,62.0,0,Normal,
2015-02-17 20:00:00,-4.8,962.2,11.4,143.0,52.0,0,Normal,
2015-02-17 21:00:00,-5.8,961.5,15.8,174.0,47.0,0,Normal,
2015-02-17 22:00:00,-5.3,961.4,21.3,137.0,38.0,0,Normal,
2015-02-17 23:00:00,-5.3,961.8,21.2,143.0,39.0,0,Normal,
2015-02-18 00:00:00,-6.3,961.4,22.9,172.0,38.0,0,Normal,
2015-02-18 01:00:00,-6.6,961.7,24.0,156.0,39.0,0,Normal,
2015-02-18 02:00:00,-7.4,961.6,27.6,165.0,37.0,0,Normal,
2015-02-18 03:00:00,-6.8,961.2,23.3,161.0,35.0,0,Normal,
2015-02-18 04:00:00,-7.4,961.2,21.8,170.0,37.0,0,Normal,
2015-02-18 05:00:00,-7.2,961.3,22.2,167.0,37.0,0,Normal,
2015-02-18 06:00:00,-6.8,961.2,25.2,162.0,35.0,0,Normal,
2015-02-18 07:00:00,-6.2,960.9,24.2,161.0,36.0,0,Normal,
2015-02-18 08:00:00,-5.5,961.1,21.5,146.0,39.0,0,Normal,
2015-02-18 09:00:00,-4.3,961.1,16.7,135.0,40.0,0,Normal,
2015-02-18 10:00:00,-3.6,960.9,17.7,135.0,39.0,0,Normal,
2015-02-18 11:00:00,-3.0,960.9,14.4,120.0,39.0,0,Normal,
2015-02-18 12:00:00,-2.2,960.8,13.4,111.0,38.0,0,Normal,
2015-02-18 13:00:00,-1.8,960.4,16.9,104.0,37.0,0,Normal,
2015-02-18 14:00:00,-1.4,960.1,14.5,84.0,36.0,0,Normal,
2015-02-18 15:00:00,-1.6,960.1,15.4,116.0,37.0,0,Normal,
2015-02-18 16:00:00,-2.3,960.3,14.7,41.0,41.0,0,Normal,
2015-02-18 17:00:00,-2.6,960.4,6.9,92.0,42.0,0,Normal,
2015-02-18 18:00:00,-3.1,960.7,7.5,46.0,42.0,0,Normal,
2015-02-18 19:00:00,-3.3,960.9,6.1,54.0,42.0,0,Normal,
2015-02-18 20:00:00,-3.9,961.1,10.5,139.0,41.0,0,Normal,
2015-02-18 21:00:00,-4.7,961.0,20.8,172.0,37.0,0,Normal,
2015-02-18 22:00:00,-4.7,961.5,15.5,166.0,38.0,0,Normal,
2015-02-18 23:00:00,-6.0,961.3,21.4,176.0,38.0,0,Normal,
2015-02-19 00:00:00,-6.1,961.7,21.7,177.0,37.0,0,Normal,
2015-02-19 01:00:00,-6.5,961.8,19.8,176.0,39.0,0,Normal,
2015-02-19 02:00:00,-7.2,961.9,22.6,176.0,44.0,0,Normal,
2015-02-19 03:00:00,-7.2,962.2,20.8,176.0,43.0,0,Normal,
2015-02-19 04:00:00,-7.3,962.1,20.8,177.0,44.0,0,Normal,
2015-02-19 05:00:00,-6.9,962.4,22.3,176.0,41.0,0,Normal,
2015-02-19 06:00:00,-6.1,962.7,19.5,177.0,41.0,0,Normal,
2015-02-19 07:00:00,-6.1,963.2,19.0,179.0,45.0,0,Normal,
2015-02-19 08:00:00,-5.4,963.5,19.0,181.0,43.0,0,Normal,
2015-02-19 09:00:00,-4.3,964.3,6.8,328.0,49.0,0,Normal,
2015-02-19 10:00:00,-2.2,964.6,8.1,12.0,37.0,0,Normal,
2015-02-19 11:00:00,-2.2,964.7,6.3,105.0,35.0,0,Normal,
2015-02-19 12:00:00,-1.6,964.7,6.9,236.0,36.0,0,Normal,
2015-02-19 13:00:00,-1.9,964.9,4.8,204.0,36.0,0,Normal,
2015-02-19 14:00:00,-1.7,964.9,11.4,198.0,38.0,0,Normal,
2015-02-19 15:00:00,-1.9,965.1,6.8,191.0,33.0,0,Normal,
2015-02-19 16:00:00,-2.3,965.2,10.6,203.0,42.0,0,Normal,
2015-02-19 17:00:00,-2.3,965.3,7.6,209.0,37.0,0,Normal,
2015-02-19 18:00:00,-4.3,965.5,14.4,197.0,55.0,0,Normal,
2015-02-19 19:00:00,-5.1,966.0,11.0,181.0,58.0,0,Normal,
2015-02-19 20:00:00,-5.7,966.3,11.1,187.0,52.0,0,Normal,
2015-02-19 21:00:00,-7.2,966.6,14.3,185.0,54.0,0,Normal,
2015-02-19 22:00:00,-6.7,966.9,12.6,181.0,48.0,0,Normal,
2015-02-19 23:00:00,-6.0,967.3,13.7,172.0,37.0,0,Normal,
2015-02-20 00:00:00,-6.9,967.6,16.3,177.0,43.0,0,Normal,
2015-02-20 01:00:00,-7.6,967.8,17.0,177.0,40.0,0,Normal,
2015-02-20 02:00:00,-7.2,968.0,15.9,170.0,36.0,0,Normal,
2015-02-20 03:00:00,-7.4,968.0,19.6,168.0,34.0,0,Normal,
2015-02-20 04:00:00,-7.3,968.2,19.8,168.0,36.0,0,Normal,
2015-02-20 05:00:00,-7.4,968.6,15.9,174.0,43.0,0,Normal,
2015-02-20 06:00:00,-6.7,969.1,16.1,158.0,37.0,0,Normal,
2015-02-20 07:00:00,-6.0,969.5,12.6,127.0,38.0,0,Normal,
2015-02-20 08:00:00,-5.7,969.8,13.2,115.0,39.0,0,Normal,
2015-02-20 09:00:00,-5.6,969.9,8.5,140.0,38.0,0,Normal,
2015-02-20 10:00:00,-5.3,970.2,12.3,78.0,39.0,0,Normal,
2015-02-20 11:00:00,-4.7,970.0,14.5,63.0,38.0,0,Normal,
2015-02-20 12:00:00,-4.8,969.9,9.6,78.0,37.0,0,Normal,
2015-02-20 13:00:00,-4.5,969.7,10.5,71.0,39.0,0,Normal,
2015-02-20 14:00:00,-4.0,969.5,16.2,82.0,50.0,0,Normal,
2015-02-20 15:00:00,-5.0,969.4,18.1,96.0,61.0,0,Normal,
2015-02-20 16:00:00,-5.0,969.2,18.1,91.0,64.0,0,Normal,
2015-02-20 17:00:00,-5.4,969.0,18.7,107.0,71.0,0,Normal,
2015-02-20 18:00:00,-6.1,969.0,17.7,128.0,76.0,0,Normal,
2015-02-20 19:00:00,-6.2,968.9,17.5,115.0,73.0,0,Normal,
2015-02-20 20:00:00,-6.2,968.8,16.8,124.0,70.0,0,Normal,
2015-02-20 21:00:00,-6.3,968.4,18.4,120.0,68.0,0,Normal,
2015-02-20 22:00:00,-6.6,968.2,17.2,119.0,74.0,0,Normal,
2015-02-20 23:00:00,-6.8,967.7,20.7,129.0,79.0,0,Normal,
2015-02-21 00:00:00,-6.8,967.2,21.2,128.0,80.0,0,Normal,
2015-02-21 01:00:00,-6.8,966.6,20.7,133.0,78.0,0,Normal,
2015-02-21 02:00:00,-6.6,966.2,20.1,126.0,73.0,0,Normal,
2015-02-21 03:00:00,-6.7,965.5,20.5,127.0,74.0,0,Normal,
2015-02-21 04:00:00,-6.6,964.6,23.8,147.0,72.0,0,Normal,
2015-02-21 05:00:00,-6.3,964.2,20.1,123.0,68.0,0,Normal,
2015-02-21 06:00:00,-6.2,963.7,23.0,130.0,68.0,0,Normal,
2015-02-21 07:00:00,-6.3,963.3,24.7,118.0,72.0,0,Normal,
2015-02-21 08:00:00,-6.2,962.7,20.9,124.0,69.0,0,Normal,
2015-02-21 09:00:00,-5.8,961.6,26.8,144.0,67.0,0,Normal,
2015-02-21 10:00:00,-5.0,960.5,28.3,147.0,66.0,0,Normal,
2015-02-21 11:00:00,-4.8,959.4,26.0,148.0,66.0,0,Normal,
2015-02-21 12:00:00,-4.4,958.8,21.8,147.0,64.0,0,Normal,
2015-02-21 13:00:00,-4.2,957.7,27.0,150.0,61.0,0,Normal,
2015-02-21 14:00:00,-4.0,956.3,28.0,147.0,58.0,0,Normal,
2015-02-21 15:00:00,-3.7,955.3,25.2,149.0,57.0,0,Normal,
2015-02-21 16:00:00,-3.8,954.5,24.3,119.0,61.0,0,Normal,
2015-02-21 17:00:00,-3.8,953.3,34.1,150.0,55.0,0,Normal,
2015-02-21 18:00:00,-4.1,952.6,33.2,149.0,53.0,0,Normal,
2015-02-21 19:00:00,-4.0,952.0,31.4,145.0,48.0,0,Normal,
2015-02-21 20:00:00,-3.9,951.4,31.9,146.0,45.0,0,Normal,
2015-02-21 21:00:00,-4.3,950.9,29.9,150.0,47.0,0,Normal,
2015-02-21 22:00:00,-4.7,950.7,28.0,133.0,47.0,0,Normal,
2015-02-21 23:00:00,-4.4,950.0,33.8,146.0,43.0,0,Normal,
2015-02-22 00:00:00,-5.1,949.0,39.6,148.0,48.0,0,Normal,
2015-02-22 01:00:00,-5.0,948.6,35.8,147.0,47.0,0,Normal,
2015-02-22 02:00:00,-60.0,947.8,41.8,147.0,48.0,1,Temperature Drop,TEMP_DROP_01
2015-02-22 03:00:00,-5.1,947.2,38.4,148.0,54.0,0,Normal,
2015-02-22 04:00:00,-4.9,947.0,37.3,149.0,54.0,0,Normal,
2015-02-22 05:00:00,-4.5,946.1,44.7,145.0,53.0,0,Normal,
2015-02-22 06:00:00,-4.1,946.0,35.1,145.0,53.0,0,Normal,
2015-02-22 07:00:00,-3.7,945.7,36.0,142.0,51.0,0,Normal,
2015-02-22 08:00:00,-3.0,944.1,35.5,144.0,49.0,0,Normal,
2015-02-22 09:00:00,-2.4,943.8,37.7,140.0,47.0,0,Normal,
2015-02-22 10:00:00,-2.2,943.6,37.7,142.0,50.0,0,Normal,
2015-02-22 11:00:00,-1.8,944.1,35.5,143.0,53.0,0,Normal,
2015-02-22 12:00:00,-1.7,943.7,34.7,144.0,54.0,0,Normal,
2015-02-22 13:00:00,-1.4,943.5,34.6,143.0,54.0,0,Normal,
2015-02-22 14:00:00,-1.3,943.2,33.3,144.0,52.0,0,Normal,
2015-02-22 15:00:00,-1.3,943.0,32.5,142.0,53.0,0,Normal,
2015-02-22 16:00:00,-1.2,942.8,32.2,138.0,53.0,0,Normal,
2015-02-22 17:00:00,-1.1,943.1,32.7,145.0,54.0,0,Normal,
2015-02-22 18:00:00,-1.2,943.3,32.3,142.0,54.0,0,Normal,
2015-02-22 19:00:00,-1.0,943.1,29.7,142.0,52.0,0,Normal,
2015-02-22 20:00:00,-0.9,942.5,35.1,143.0,48.0,0,Normal,
2015-02-22 21:00:00,-0.6,941.4,36.4,145.0,40.0,0,Normal,
2015-02-22 22:00:00,0.0,940.7,31.4,146.0,37.0,0,Normal,
2015-02-22 23:00:00,-0.7,939.8,37.0,166.0,45.0,0,Normal,
2015-02-23 00:00:00,-1.6,938.0,38.3,173.0,41.0,0,Normal,
2015-02-23 01:00:00,-1.7,937.3,38.8,171.0,36.0,0,Normal,
2015-02-23 02:00:00,-2.4,936.8,39.0,172.0,37.0,0,Normal,
2015-02-23 03:00:00,-3.1,936.4,30.1,171.0,45.0,0,Normal,
2015-02-23 04:00:00,-2.2,935.7,35.1,172.0,45.0,0,Normal,
2015-02-23 05:00:00,-1.7,935.6,32.1,172.0,41.0,0,Normal,
2015-02-23 06:00:00,-0.8,935.9,28.6,154.0,41.0,0,Normal,
2015-02-23 07:00:00,-1.0,935.9,26.3,154.0,43.0,0,Normal,
2015-02-23 08:00:00,-0.6,935.9,27.7,148.0,40.0,0,Normal,
2015-02-23 09:00:00,-0.3,935.6,29.4,147.0,40.0,0,Normal,
2015-02-23 10:00:00,0.1,935.3,33.9,158.0,41.0,0,Normal,
2015-02-23 11:00:00,0.8,934.8,36.2,153.0,38.0,0,Normal,
2015-02-23 12:00:00,0.6,935.7,35.1,148.0,43.0,0,Normal,
2015-02-23 13:00:00,1.3,935.8,32.0,153.0,40.0,0,Normal,
2015-02-23 14:00:00,2.2,935.5,34.0,153.0,38.0,0,Normal,
2015-02-23 15:00:00,2.8,935.2,26.2,140.0,37.0,0,Normal,
2015-02-23 16:00:00,2.7,934.8,30.2,147.0,37.0,0,Normal,
2015-02-23 17:00:00,2.0,934.7,31.0,152.0,41.0,0,Normal,
2015-02-23 18:00:00,2.5,934.9,30.2,142.0,38.0,0,Normal,
2015-02-23 19:00:00,2.6,934.9,32.5,136.0,39.0,0,Normal,
2015-02-23 20:00:00,2.4,935.5,36.1,135.0,40.0,0,Normal,
2015-02-23 21:00:00,2.2,935.6,38.5,149.0,41.0,0,Normal,
2015-02-23 22:00:00,2.5,935.7,39.7,149.0,40.0,0,Normal,
2015-02-23 23:00:00,2.0,935.8,34.0,148.0,45.0,0,Normal,
2015-02-24 00:00:00,1.5,936.8,33.6,146.0,50.0,0,Normal,
2015-02-24 01:00:00,1.5,936.9,39.1,149.0,48.0,0,Normal,
2015-02-24 02:00:00,1.5,936.7,40.6,149.0,45.0,0,Normal,
2015-02-24 03:00:00,1.6,936.7,42.0,145.0,49.0,0,Normal,
2015-02-24 04:00:00,1.6,937.2,43.4,151.0,51.0,0,Normal,
2015-02-24 05:00:00,1.8,937.5,44.8,149.0,47.0,0,Normal,
2015-02-24 06:00:00,1.9,938.0,40.2,148.0,49.0,0,Normal,
2015-02-24 07:00:00,2.0,939.1,38.7,150.0,54.0,0,Normal,
2015-02-24 08:00:00,2.1,940.3,34.9,144.0,56.0,0,Normal,
2015-02-24 09:00:00,2.0,941.7,28.5,142.0,61.0,0,Normal,
2015-02-24 10:00:00,1.6,943.1,29.9,136.0,65.0,0,Normal,
2015-02-24 11:00:00,1.8,943.9,32.4,131.0,67.0,0,Normal,
2015-02-24 12:00:00,1.4,946.0,28.7,125.0,70.0,0,Normal,
2015-02-24 13:00:00,1.3,948.0,24.2,134.0,70.0,0,Normal,
2015-02-24 14:00:00,0.6,949.2,18.7,144.0,73.0,0,Normal,
2015-02-24 15:00:00,0.3,950.6,23.3,139.0,77.0,0,Normal,
2015-02-24 16:00:00,-0.1,952.4,23.1,108.0,76.0,0,Normal,
2015-02-24 17:00:00,-0.1,954.2,21.3,111.0,78.0,0,Normal,
2015-02-24 18:00:00,-0.3,955.8,21.1,112.0,78.0,0,Normal,
2015-02-24 19:00:00,-0.5,957.7,23.8,125.0,79.0,0,Normal,
2015-02-24 20:00:00,-0.6,959.4,22.3,134.0,79.0,0,Normal,
2015-02-24 21:00:00,-0.8,960.8,19.0,145.0,78.0,0,Normal,
2015-02-24 22:00:00,-0.8,961.4,23.4,140.0,74.0,0,Normal,
2015-02-24 23:00:00,-1.0,962.2,24.1,141.0,73.0,0,Normal,
2015-02-25 00:00:00,-0.7,963.4,19.8,132.0,71.0,0,Normal,
2015-02-25 01:00:00,-0.5,964.9,22.1,129.0,67.0,0,Normal,
2015-02-25 02:00:00,-1.0,965.6,32.2,151.0,64.0,0,Normal,
2015-02-25 03:00:00,-1.1,966.4,29.2,153.0,61.0,0,Normal,
2015-02-25 04:00:00,-1.0,966.7,33.2,154.0,58.0,0,Normal,
2015-02-25 05:00:00,-0.8,966.7,30.6,151.0,52.0,0,Normal,
2015-02-25 06:00:00,-0.3,967.3,28.6,159.0,51.0,0,Normal,
2015-02-25 07:00:00,-0.1,967.0,30.3,152.0,48.0,0,Normal,
2015-02-25 08:00:00,0.6,966.7,29.4,154.0,43.0,0,Normal,
2015-02-25 09:00:00,0.8,966.4,28.6,156.0,43.0,0,Normal,
2015-02-25 10:00:00,1.7,966.3,27.5,158.0,40.0,0,Normal,
2015-02-25 11:00:00,2.6,965.8,14.9,180.0,36.0,0,Normal,
2015-02-25 12:00:00,3.1,965.4,14.0,115.0,39.0,0,Normal,
2015-02-25 13:00:00,2.2,964.6,18.7,153.0,45.0,0,Normal,
2015-02-25 14:00:00,2.3,964.1,16.4,151.0,46.0,0,Normal,
2015-02-25 15:00:00,2.9,963.7,10.7,139.0,41.0,0,Normal,
2015-02-25 16:00:00,1.9,962.9,14.1,162.0,43.0,0,Normal,
2015-02-25 17:00:00,1.3,962.8,11.0,147.0,50.0,0,Normal,
2015-02-25 18:00:00,0.0,962.9,12.9,128.0,51.0,0,Normal,
2015-02-25 19:00:00,-0.8,963.1,11.5,129.0,48.0,0,Normal,
2015-02-25 20:00:00,-1.3,962.3,17.2,175.0,40.0,0,Normal,
2015-02-25 21:00:00,-0.8,961.9,23.8,167.0,36.0,0,Normal,
2015-02-25 22:00:00,-1.2,961.6,23.0,167.0,35.0,0,Normal,
2015-02-25 23:00:00,-1.8,961.6,21.8,172.0,37.0,0,Normal,
2015-02-26 00:00:00,-2.4,961.8,25.1,162.0,38.0,0,Normal,
2015-02-26 01:00:00,-2.8,961.5,24.5,163.0,38.0,0,Normal,
2015-02-26 02:00:00,-3.0,961.7,20.9,155.0,40.0,0,Normal,
2015-02-26 03:00:00,-3.7,961.2,20.3,147.0,41.0,0,Normal,
2015-02-26 04:00:00,-3.9,961.1,18.3,133.0,42.0,0,Normal,
2015-02-26 05:00:00,-3.7,961.0,22.6,153.0,40.0,0,Normal,
2015-02-26 06:00:00,-3.4,961.0,18.7,162.0,41.0,0,Normal,
2015-02-26 07:00:00,-2.5,960.8,11.5,169.0,39.0,0,Normal,
2015-02-26 08:00:00,-1.5,960.7,10.3,61.0,44.0,0,Normal,
2015-02-26 09:00:00,-1.8,960.7,5.1,108.0,36.0,0,Normal,
2015-02-26 10:00:00,-0.7,960.5,13.4,59.0,47.0,0,Normal,
2015-02-26 11:00:00,-1.5,960.5,9.8,99.0,48.0,0,Normal,
2015-02-26 12:00:00,0.6,960.6,13.1,68.0,38.0,0,Normal,
2015-02-26 13:00:00,-0.2,960.5,9.8,43.0,39.0,0,Normal,
2015-02-26 14:00:00,-1.4,960.5,7.9,18.0,43.0,0,Normal,
2015-02-26 15:00:00,-1.6,960.5,6.2,346.0,41.0,0,Normal,
2015-02-26 16:00:00,-2.0,960.6,8.8,44.0,44.0,0,Normal,
2015-02-26 17:00:00,-3.2,961.1,5.2,180.0,50.0,0,Normal,
2015-02-26 18:00:00,-4.0,961.8,11.7,142.0,51.0,0,Normal,
2015-02-26 19:00:00,-6.8,962.8,16.1,128.0,51.0,0,Normal,
2015-02-26 20:00:00,-7.2,963.1,12.3,126.0,46.0,0,Normal,
2015-02-26 21:00:00,-7.1,963.3,9.3,158.0,44.0,0,Normal,
2015-02-26 22:00:00,-7.2,964.0,6.2,145.0,50.0,0,Normal,
2015-02-26 23:00:00,-7.2,964.0,20.9,137.0,42.0,0,Normal,
2015-02-27 00:00:00,-7.5,964.4,12.3,127.0,45.0,0,Normal,
2015-02-27 01:00:00,-7.5,964.6,18.4,115.0,44.0,0,Normal,
2015-02-27 02:00:00,-7.8,964.7,9.7,155.0,36.0,0,Normal,
2015-02-27 03:00:00,-8.3,964.7,14.0,156.0,39.0,0,Normal,
2015-02-27 04:00:00,-7.9,964.6,23.3,152.0,38.0,0,Normal,
2015-02-27 05:00:00,-8.2,964.7,22.3,160.0,39.0,0,Normal,
2015-02-27 06:00:00,-8.1,965.0,24.9,151.0,39.0,0,Normal,
2015-02-27 07:00:00,-7.8,965.1,29.1,148.0,39.0,0,Normal,
2015-02-27 08:00:00,-7.2,965.4,28.0,159.0,40.0,0,Normal,
2015-02-27 09:00:00,-6.2,965.4,22.9,161.0,37.0,0,Normal,
2015-02-27 10:00:00,-5.5,965.1,23.7,176.0,37.0,0,Normal,
2015-02-27 11:00:00,-5.3,965.4,22.2,173.0,38.0,0,Normal,
2015-02-27 12:00:00,-4.9,965.6,19.7,176.0,43.0,0,Normal,
2015-02-27 13:00:00,-4.2,965.7,20.9,174.0,41.0,0,Normal,
2015-02-27 14:00:00,-3.8,965.7,18.0,173.0,42.0,0,Normal,
2015-02-27 15:00:00,-3.7,965.7,21.5,177.0,39.0,0,Normal,
2015-02-27 16:00:00,-3.8,965.6,23.5,172.0,37.0,0,Normal,
2015-02-27 17:00:00,-4.0,965.8,19.9,174.0,43.0,0,Normal,
2015-02-27 18:00:00,-4.4,966.4,19.5,176.0,42.0,0,Normal,
2015-02-27 19:00:00,-4.9,967.2,23.5,173.0,38.0,0,Normal,
2015-02-27 20:00:00,-4.9,967.6,22.9,173.0,44.0,0,Normal,
2015-02-27 21:00:00,-4.9,968.4,24.5,167.0,39.0,0,Normal,
2015-02-27 22:00:00,-4.9,969.0,20.3,176.0,41.0,0,Normal,
2015-02-27 23:00:00,-5.4,969.4,21.0,176.0,40.0,0,Normal,
2015-02-28 00:00:00,-5.8,969.6,24.1,174.0,37.0,0,Normal,
2015-02-28 01:00:00,-7.2,970.3,25.2,180.0,38.0,0,Normal,
2015-02-28 02:00:00,-7.6,970.5,23.9,181.0,37.0,0,Normal,
2015-02-28 03:00:00,-8.8,970.6,28.6,184.0,39.0,0,Normal,
2015-02-28 04:00:00,-9.0,970.9,29.7,185.0,38.0,0,Normal,
2015-02-28 05:00:00,-8.9,971.4,28.6,184.0,37.0,0,Normal,
2015-02-28 06:00:00,-8.3,972.2,24.0,188.0,36.0,0,Normal,
2015-02-28 07:00:00,-6.2,972.7,9.6,349.0,37.0,0,Normal,
2015-02-28 08:00:00,-4.6,972.5,9.0,217.0,39.0,0,Normal,
2015-02-28 09:00:00,-4.6,972.4,10.9,205.0,42.0,0,Normal,
2015-02-28 10:00:00,-3.6,972.1,7.9,184.0,35.0,0,Normal,
2015-02-28 11:00:00,-2.6,971.7,8.6,10.0,50.0,0,Normal,
2015-02-28 12:00:00,-2.8,971.2,7.0,255.0,46.0,0,Normal,
2015-02-28 13:00:00,-1.9,971.1,11.0,359.0,48.0,0,Normal,
2015-02-28 14:00:00,-1.5,971.0,6.5,38.0,45.0,0,Normal,
2015-02-28 15:00:00,-3.5,971.4,9.8,7.0,61.0,0,Normal,
2015-02-28 16:00:00,-3.5,971.3,8.0,48.0,60.0,0,Normal,
2015-02-28 17:00:00,-5.3,971.1,8.9,113.0,70.0,0,Normal,
2015-02-28 18:00:00,-5.4,971.2,8.1,113.0,71.0,0,Normal,
2015-02-28 19:00:00,-6.3,971.8,5.6,336.0,73.0,0,Normal,
2015-02-28 20:00:00,-6.3,972.4,6.5,16.0,72.0,0,Normal,
2015-02-28 21:00:00,-7.0,973.4,7.5,44.0,70.0,0,Normal,
2015-02-28 22:00:00,-6.7,973.7,7.2,154.0,50.0,0,Normal,
2015-02-28 23:00:00,-7.9,974.3,5.0,334.0,71.0,0,Normal,
2015-03-01 00:00:00,-4.9,978.4,8.5,81.0,51.0,0,Normal,
2015-03-01 01:00:00,-4.1,978.2,13.4,189.0,51.0,0,Normal,
2015-03-01 02:00:00,-4.6,978.2,6.0,92.0,50.0,0,Normal,
2015-03-01 03:00:00,-2.9,978.1,7.7,140.0,39.0,0,Normal,
2015-03-01 04:00:00,-2.0,977.0,9.9,112.0,36.0,0,Normal,
2015-03-01 05:00:00,-1.4,977.6,19.9,95.0,39.0,0,Normal,
2015-03-01 06:00:00,-1.8,977.1,17.9,99.0,40.0,0,Normal,
2015-03-01 07:00:00,-2.2,976.3,16.6,108.0,44.0,0,Normal,
2015-03-01 08:00:00,-3.1,976.1,14.2,120.0,51.0,0,Normal,
2015-03-01 09:00:00,-3.4,974.8,17.1,132.0,45.0,0,Normal,
2015-03-01 10:00:00,-3.4,974.0,21.7,116.0,44.0,0,Normal,
2015-03-01 11:00:00,-4.4,974.1,16.7,116.0,54.0,0,Normal,
2015-03-01 12:00:00,-4.3,973.3,17.7,114.0,53.0,0,Normal,
2015-03-01 13:00:00,-4.5,972.8,24.5,137.0,51.0,0,Normal,
2015-03-01 14:00:00,-4.3,971.9,27.0,136.0,46.0,0,Normal,
2015-03-01 15:00:00,-4.9,971.1,27.8,131.0,53.0,0,Normal,
2015-03-01 16:00:00,-5.2,970.4,24.2,144.0,69.0,0,Normal,
2015-03-01 17:00:00,-5.1,969.4,26.0,138.0,71.0,0,Normal,
2015-03-01 18:00:00,-5.7,968.9,31.0,129.0,73.0,0,Normal,
2015-03-01 19:00:00,-5.3,968.3,29.4,115.0,66.0,0,Normal,
2015-03-01 20:00:00,-5.8,968.2,27.7,137.0,56.0,0,Normal,
2015-03-01 21:00:00,-5.4,968.2,26.1,129.0,52.0,0,Normal,
2015-03-01 22:00:00,-6.5,968.0,25.5,134.0,73.0,0,Normal,
2015-03-01 23:00:00,-6.8,967.2,30.5,135.0,83.0,0,Normal,
2015-03-02 00:00:00,-6.8,966.9,32.9,141.0,82.0,0,Normal,
2015-03-02 01:00:00,-6.8,967.3,27.3,144.0,79.0,0,Normal,
2015-03-02 02:00:00,-6.5,967.5,24.5,126.0,79.0,0,Normal,
2015-03-02 03:00:00,-5.9,966.9,31.5,144.0,71.0,0,Normal,
2015-03-02 04:00:00,-5.7,966.6,27.4,143.0,71.0,0,Normal,
2015-03-02 05:00:00,-5.5,966.4,29.1,138.0,68.0,0,Normal,
2015-03-02 06:00:00,-5.4,966.0,31.9,146.0,68.0,0,Normal,
2015-03-02 07:00:00,-5.7,966.1,32.5,143.0,77.0,0,Normal,
2015-03-02 08:00:00,-5.8,966.0,29.9,145.0,81.0,0,Normal,
2015-03-02 09:00:00,-6.0,965.9,35.3,148.0,85.0,0,Normal,
2015-03-02 10:00:00,-5.8,966.4,30.3,145.0,82.0,0,Normal,
2015-03-02 11:00:00,-5.6,966.5,30.6,145.0,78.0,0,Normal,
2015-03-02 12:00:00,-6.0,966.2,36.4,148.0,87.0,0,Normal,
2015-03-02 13:00:00,-6.3,966.5,31.6,144.0,91.0,0,Normal,
2015-03-02 14:00:00,-6.3,966.3,33.9,148.0,91.0,0,Normal,
2015-03-02 15:00:00,-6.4,966.3,34.7,147.0,92.0,0,Normal,
2015-03-02 16:00:00,-6.4,966.4,34.7,143.0,93.0,0,Normal,
2015-03-02 17:00:00,-6.4,966.3,34.0,148.0,93.0,0,Normal,
2015-03-02 18:00:00,-6.4,966.4,30.0,151.0,93.0,0,Normal,
2015-03-02 19:00:00,-6.4,966.4,35.2,149.0,93.0,0,Normal,
2015-03-02 20:00:00,-6.6,966.4,31.1,139.0,93.0,0,Normal,
2015-03-02 21:00:00,-6.5,966.6,33.2,146.0,93.0,0,Normal,
2015-03-02 22:00:00,-6.5,967.2,38.8,146.0,93.0,0,Normal,
2015-03-02 23:00:00,-6.2,967.5,34.2,150.0,93.0,0,Normal,
2015-03-03 00:00:00,-6.1,967.5,38.3,149.0,93.0,0,Normal,
2015-03-03 01:00:00,-5.9,967.5,39.2,150.0,93.0,0,Normal,
2015-03-03 02:00:00,-5.4,967.0,38.3,152.0,93.0,0,Normal,
2015-03-03 03:00:00,-5.4,967.0,40.1,151.0,94.0,0,Normal,
2015-03-03 04:00:00,-5.2,967.5,33.7,148.0,94.0,0,Normal,
2015-03-03 05:00:00,-5.2,967.5,34.5,147.0,94.0,0,Normal,
2015-03-03 06:00:00,-5.2,967.8,33.3,150.0,94.0,0,Normal,
2015-03-03 07:00:00,-5.1,968.0,28.4,147.0,94.0,0,Normal,
2015-03-03 08:00:00,-5.0,968.2,27.1,150.0,95.0,0,Normal,
2015-03-03 09:00:00,-4.8,968.4,21.9,127.0,95.0,0,Normal,
2015-03-03 10:00:00,-4.7,968.7,20.4,131.0,94.0,0,Normal,
2015-03-03 11:00:00,-4.7,968.9,23.9,128.0,94.0,0,Normal,
2015-03-03 12:00:00,-4.4,969.1,23.1,130.0,94.0,0,Normal,
2015-03-03 13:00:00,-4.5,969.4,26.3,149.0,93.0,0,Normal,
2015-03-03 14:00:00,-4.7,969.7,19.9,131.0,93.0,0,Normal,
2015-03-03 15:00:00,-4.6,970.0,25.5,149.0,92.0,0,Normal,
2015-03-03 16:00:00,-4.8,970.2,20.6,130.0,92.0,0,Normal,
2015-03-03 17:00:00,-4.8,970.0,22.8,137.0,90.0,0,Normal,
2015-03-03 18:00:00,-4.9,970.2,16.9,125.0,89.0,0,Normal,
2015-03-03 19:00:00,-4.9,969.7,26.7,146.0,84.0,0,Normal,
2015-03-03 20:00:00,-4.8,969.7,27.0,147.0,75.0,0,Normal,
2015-03-03 21:00:00,-4.6,969.6,25.2,149.0,68.0,0,Normal,
2015-03-03 22:00:00,-4.3,969.1,25.9,150.0,63.0,0,Normal,
2015-03-03 23:00:00,-4.0,969.5,25.4,151.0,62.0,0,Normal,
2015-03-04 00:00:00,-4.0,969.3,25.2,129.0,62.0,0,Normal,
2015-03-04 01:00:00,-3.8,969.4,20.4,128.0,60.0,0,Normal,
2015-03-04 02:00:00,-3.6,969.0,17.8,126.0,60.0,0,Normal,
2015-03-04 03:00:00,-3.4,968.5,20.3,125.0,60.0,0,Normal,
2015-03-04 04:00:00,-3.0,967.9,18.5,118.0,55.0,0,Normal,
2015-03-04 05:00:00,-3.0,967.7,15.6,114.0,53.0,0,Normal,
2015-03-04 06:00:00,-3.0,966.9,14.5,116.0,52.0,0,Normal,
2015-03-04 07:00:00,-2.9,966.5,16.4,103.0,48.0,0,Normal,
2015-03-04 08:00:00,-3.0,966.0,10.8,106.0,50.0,0,Normal,
2015-03-04 09:00:00,-3.4,965.5,11.3,88.0,51.0,0,Normal,
2015-03-04 10:00:00,-3.8,965.0,8.6,133.0,53.0,0,Normal,
2015-03-04 11:00:00,-3.4,964.4,11.7,110.0,45.0,0,Normal,
2015-03-04 12:00:00,-4.1,964.0,15.3,161.0,135.0,1,Humidity High,HUM_HIGH_01
2015-03-04 13:00:00,-4.1,963.5,18.5,163.0,43.0,0,Normal,
2015-03-04 14:00:00,-4.0,963.0,16.4,141.0,45.0,0,Normal,
2015-03-04 15:00:00,-4.2,962.6,12.6,144.0,48.0,0,Normal,
2015-03-04 16:00:00,-4.4,962.0,12.3,146.0,51.0,0,Normal,
2015-03-04 17:00:00,-4.7,961.3,16.3,175.0,48.0,0,Normal,
2015-03-04 18:00:00,-4.9,960.6,18.5,169.0,45.0,0,Normal,
2015-03-04 19:00:00,-5.5,960.3,20.1,172.0,44.0,0,Normal,
2015-03-04 20:00:00,-5.6,960.3,21.9,168.0,44.0,0,Normal,
2015-03-04 21:00:00,-4.7,960.3,20.8,140.0,42.0,0,Normal,
2015-03-04 22:00:00,-4.1,960.5,15.1,119.0,37.0,0,Normal,
2015-03-04 23:00:00,-3.9,960.3,15.0,142.0,44.0,0,Normal,
2015-03-05 00:00:00,-3.6,960.0,18.6,121.0,37.0,0,Normal,
2015-03-05 01:00:00,-3.3,960.3,16.7,120.0,38.0,0,Normal,
2015-03-05 02:00:00,-3.0,960.4,17.4,109.0,37.0,0,Normal,
2015-03-05 03:00:00,-3.1,960.5,17.7,106.0,38.0,0,Normal,
2015-03-05 04:00:00,-3.1,960.5,18.7,104.0,38.0,0,Normal,
2015-03-05 05:00:00,-3.4,960.3,18.0,110.0,40.0,0,Normal,
2015-03-05 06:00:00,-3.5,960.0,14.1,108.0,44.0,0,Normal,
2015-03-05 07:00:00,-3.7,960.1,15.3,113.0,46.0,0,Normal,
2015-03-05 08:00:00,-4.0,960.4,18.2,129.0,43.0,0,Normal,
2015-03-05 09:00:00,-4.2,960.6,15.9,125.0,45.0,0,Normal,
2015-03-05 10:00:00,-4.4,960.8,19.5,130.0,42.0,0,Normal,
2015-03-05 11:00:00,-4.4,961.1,18.1,119.0,45.0,0,Normal,
2015-03-05 12:00:00,-4.4,961.3,20.0,127.0,41.0,0,Normal,
2015-03-05 13:00:00,-4.8,961.5,21.7,143.0,45.0,0,Normal,
2015-03-05 14:00:00,-5.0,961.8,25.2,155.0,45.0,0,Normal,
2015-03-05 15:00:00,-5.3,962.4,26.5,154.0,45.0,0,Normal,
2015-03-05 16:00:00,-5.4,962.9,23.2,134.0,42.0,0,Normal,
2015-03-05 17:00:00,-5.3,963.0,23.4,135.0,38.0,0,Normal,
2015-03-05 18:00:00,-5.4,963.3,20.2,119.0,37.0,0,Normal,
2015-03-05 19:00:00,-5.3,963.3,18.4,117.0,38.0,0,Normal,
2015-03-05 20:00:00,-5.6,963.5,18.1,116.0,44.0,0,Normal,
2015-03-05 21:00:00,-5.6,964.1,20.4,114.0,37.0,0,Normal,
2015-03-05 22:00:00,-5.3,964.4,18.6,114.0,38.0,0,Normal,
2015-03-05 23:00:00,-4.9,964.6,18.4,115.0,38.0,0,Normal,
2015-03-06 00:00:00,-4.2,964.9,14.8,116.0,37.0,0,Normal,
2015-03-06 01:00:00,-3.7,965.2,16.3,104.0,35.0,0,Normal,
2015-03-06 02:00:00,-3.7,965.5,18.3,111.0,33.0,0,Normal,
2015-03-06 03:00:00,-3.7,965.5,18.4,110.0,32.0,0,Normal,
2015-03-06 04:00:00,-3.5,965.5,14.6,114.0,35.0,0,Normal,
2015-03-06 05:00:00,-3.3,965.3,14.6,102.0,33.0,0,Normal,
2015-03-06 06:00:00,-2.8,965.7,10.8,52.0,38.0,0,Normal,
2015-03-06 07:00:00,-4.6,965.8,9.8,40.0,42.0,0,Normal,
2015-03-06 08:00:00,-5.2,965.7,9.1,244.0,51.0,0,Normal,
2015-03-06 09:00:00,-7.0,965.6,15.7,201.0,56.0,0,Normal,
2015-03-06 10:00:00,-8.1,965.8,13.3,184.0,46.0,0,Normal,
2015-03-06 11:00:00,-7.6,966.1,6.3,144.0,46.0,0,Normal,
2015-03-06 12:00:00,-10.1,965.7,18.3,189.0,51.0,0,Normal,
2015-03-06 13:00:00,-8.5,965.5,14.3,183.0,49.0,0,Normal,
2015-03-06 14:00:00,-10.1,965.3,17.3,190.0,50.0,0,Normal,
2015-03-06 15:00:00,-8.6,965.5,12.8,173.0,36.0,0,Normal,
2015-03-06 16:00:00,-9.9,965.4,19.7,183.0,40.0,0,Normal,
2015-03-06 17:00:00,-10.0,965.1,19.3,185.0,42.0,0,Normal,
2015-03-06 18:00:00,-8.7,965.0,19.3,182.0,35.0,0,Normal,
2015-03-06 19:00:00,-10.9,965.2,20.1,185.0,45.0,0,Normal,
2015-03-06 20:00:00,-11.1,965.7,16.6,188.0,43.0,0,Normal,
2015-03-06 21:00:00,-10.2,965.7,13.9,199.0,45.0,0,Normal,
2015-03-06 22:00:00,-9.5,965.9,12.4,197.0,44.0,0,Normal,
2015-03-06 23:00:00,-9.2,965.8,19.0,185.0,43.0,0,Normal,
2015-03-07 00:00:00,-7.7,966.1,11.7,181.0,38.0,0,Normal,
2015-03-07 01:00:00,-5.5,966.5,7.3,19.0,42.0,0,Normal,
2015-03-07 02:00:00,-5.4,967.0,6.4,354.0,42.0,0,Normal,
2015-03-07 03:00:00,-4.4,967.3,9.2,1.0,38.0,0,Normal,
2015-03-07 04:00:00,-5.1,967.5,9.6,358.0,51.0,0,Normal,
2015-03-07 05:00:00,-6.2,967.9,5.3,29.0,47.0,0,Normal,
2015-03-07 06:00:00,-5.7,968.2,7.2,348.0,50.0,0,Normal,
2015-03-07 07:00:00,-5.5,968.7,9.3,29.0,51.0,0,Normal,
2015-03-07 08:00:00,-6.3,969.1,5.5,223.0,56.0,0,Normal,
2015-03-07 09:00:00,-8.1,969.8,6.6,177.0,48.0,0,Normal,
2015-03-07 10:00:00,-8.9,970.6,6.7,172.0,47.0,0,Normal,
2015-03-07 11:00:00,-9.6,971.4,8.3,177.0,45.0,0,Normal,
2015-03-07 12:00:00,-10.6,971.9,14.8,184.0,47.0,0,Normal,
2015-03-07 13:00:00,-11.1,972.6,15.6,185.0,47.0,0,Normal,
2015-03-07 14:00:00,-10.5,973.1,19.9,177.0,42.0,0,Normal,
2015-03-07 15:00:00,-9.1,973.5,14.8,161.0,36.0,0,Normal,
2015-03-07 16:00:00,-10.2,973.8,20.2,167.0,38.0,0,Normal,
2015-03-07 17:00:00,-9.0,974.6,20.7,156.0,39.0,0,Normal,
2015-03-07 18:00:00,-8.3,975.1,16.6,168.0,36.0,0,Normal,
2015-03-07 19:00:00,-8.6,975.6,15.5,176.0,36.0,0,Normal,
2015-03-07 20:00:00,-9.1,975.9,17.2,176.0,37.0,0,Normal,
2015-03-07 21:00:00,-8.3,976.2,21.2,173.0,36.0,0,Normal,
2015-03-07 22:00:00,-7.5,976.5,22.1,165.0,35.0,0,Normal,
2015-03-07 23:00:00,-7.2,976.7,21.8,160.0,40.0,0,Normal,
2015-03-08 00:00:00,-6.8,976.6,23.9,166.0,41.0,0,Normal,
2015-03-08 01:00:00,-5.7,976.6,22.2,150.0,44.0,0,Normal,
2015-03-08 02:00:00,-5.1,976.7,16.4,135.0,43.0,0,Normal,
2015-03-08 03:00:00,-4.8,976.6,16.0,128.0,44.0,0,Normal,
2015-03-08 04:00:00,-4.6,976.4,16.3,116.0,47.0,0,Normal,
2015-03-08 05:00:00,-4.2,976.2,14.0,112.0,47.0,0,Normal,
2015-03-08 06:00:00,-4.4,976.1,12.1,118.0,53.0,0,Normal,
2015-03-08 07:00:00,-4.3,976.0,10.6,121.0,49.0,0,Normal,
2015-03-08 08:00:00,-4.3,975.9,11.0,113.0,50.0,0,Normal,
2015-03-08 09:00:00,-4.4,975.9,10.6,103.0,50.0,0,Normal,
2015-03-08 10:00:00,-4.6,975.7,7.5,117.0,53.0,0,Normal,
2015-03-08 11:00:00,-3.9,974.9,8.2,137.0,49.0,0,Normal,
2015-03-08 12:00:00,-4.1,974.0,20.4,169.0,46.0,0,Normal,
2015-03-08 13:00:00,-3.8,973.3,23.7,166.0,40.0,0,Normal,
2015-03-08 14:00:00,-4.1,972.9,23.6,164.0,44.0,0,Normal,
2015-03-08 15:00:00,-4.9,972.1,23.8,170.0,47.0,0,Normal,
2015-03-08 16:00:00,-4.2,971.4,22.8,164.0,49.0,0,Normal,
2015-03-08 17:00:00,-3.6,970.4,19.1,151.0,50.0,0,Normal,
2015-03-08 18:00:00,-3.8,969.1,20.2,171.0,59.0,0,Normal,
2015-03-08 19:00:00,-3.5,968.0,19.2,175.0,61.0,0,Normal,
2015-03-08 20:00:00,-3.2,966.9,20.9,169.0,49.0,0,Normal,
2015-03-08 21:00:00,-3.1,965.5,21.2,177.0,48.0,0,Normal,
2015-03-08 22:00:00,-2.9,964.3,22.1,176.0,47.0,0,Normal,
2015-03-08 23:00:00,-2.3,962.8,22.0,176.0,45.0,0,Normal,
2015-03-09 00:00:00,-2.2,961.4,20.6,178.0,44.0,0,Normal,
2015-03-09 01:00:00,-2.0,960.0,22.4,178.0,39.0,0,Normal,
2015-03-09 02:00:00,-2.2,958.5,21.4,182.0,42.0,0,Normal,
2015-03-09 03:00:00,0.3,957.9,7.9,353.0,33.0,0,Normal,
2015-03-09 04:00:00,-1.7,956.6,11.6,183.0,38.0,0,Normal,
2015-03-09 05:00:00,-1.6,955.9,12.4,198.0,44.0,0,Normal,
2015-03-09 06:00:00,-2.8,955.1,18.8,201.0,42.0,0,Normal,
2015-03-09 07:00:00,-2.6,955.1,8.9,142.0,45.0,0,Normal,
2015-03-09 08:00:00,-3.6,954.8,18.3,165.0,46.0,0,Normal,
2015-03-09 09:00:00,-3.8,954.2,17.9,152.0,48.0,0,Normal,
2015-03-09 10:00:00,-3.6,953.5,22.5,173.0,43.0,0,Normal,
2015-03-09 11:00:00,-4.0,953.1,21.8,185.0,44.0,0,Normal,
2015-03-09 12:00:00,-2.2,952.5,23.7,171.0,65.0,0,Normal,
2015-03-09 13:00:00,-1.4,952.1,23.7,165.0,68.0,0,Normal,
2015-03-09 14:00:00,-1.4,952.0,23.8,145.0,75.0,0,Normal,
2015-03-09 15:00:00,-2.3,952.5,25.0,150.0,79.0,0,Normal,
2015-03-09 16:00:00,-2.3,953.1,24.2,156.0,78.0,0,Normal,
2015-03-09 17:00:00,-2.2,953.5,17.7,117.0,68.0,0,Normal,
2015-03-09 18:00:00,-2.9,954.1,16.4,114.0,72.0,0,Normal,
2015-03-09 19:00:00,-3.2,954.6,20.4,118.0,72.0,0,Normal,
2015-03-09 20:00:00,-4.0,955.6,23.5,139.0,70.0,0,Normal,
2015-03-09 21:00:00,-4.4,956.6,24.8,151.0,78.0,0,Normal,
2015-03-09 22:00:00,-4.4,957.7,20.7,125.0,75.0,0,Normal,
2015-03-09 23:00:00,-4.1,958.7,23.5,142.0,76.0,0,Normal,
2015-03-10 00:00:00,-3.8,960.0,17.5,113.0,73.0,0,Normal,
2015-03-10 01:00:00,-3.6,961.0,16.2,100.0,74.0,0,Normal,
2015-03-10 02:00:00,-2.8,961.6,17.3,116.0,70.0,0,Normal,
2015-03-10 03:00:00,-2.3,962.3,15.5,131.0,66.0,0,Normal,
2015-03-10 04:00:00,-2.0,963.0,12.0,121.0,67.0,0,Normal,
2015-03-10 05:00:00,-1.5,963.7,13.2,72.0,64.0,0,Normal,
2015-03-10 06:00:00,-2.9,964.2,11.2,50.0,72.0,0,Normal,
2015-03-10 07:00:00,-3.2,964.5,8.8,93.0,76.0,0,Normal,
2015-03-10 08:00:00,-4.0,964.8,5.9,152.0,82.0,0,Normal,
2015-03-10 09:00:00,-4.8,965.3,6.5,182.0,80.0,0,Normal,
2015-03-10 10:00:00,-5.2,975.6,63.3,298.0,49.0,0,Normal,
2015-03-10 11:00:00,-4.4,966.1,8.1,105.0,87.0,0,Normal,
2015-03-10 12:00:00,-2.7,965.9,21.0,138.0,81.0,0,Normal,
2015-03-10 13:00:00,-2.1,965.6,25.5,136.0,73.0,0,Normal,
2015-03-10 14:00:00,-2.9,965.3,31.8,152.0,80.0,0,Normal,
2015-03-10 15:00:00,-2.9,966.1,18.4,121.0,79.0,0,Normal,
2015-03-10 16:00:00,-4.1,968.4,63.3,298.0,60.0,0,Normal,
2015-03-10 17:00:00,-4.1,967.5,62.6,298.0,59.0,0,Normal,
2015-03-10 18:00:00,-4.0,968.8,13.5,133.0,76.0,0,Normal,
2015-03-10 19:00:00,-4.0,968.6,19.5,136.0,78.0,0,Normal,
2015-03-10 20:00:00,-3.9,969.0,15.9,115.0,75.0,0,Normal,
2015-03-10 21:00:00,-3.9,969.1,15.8,117.0,73.0,0,Normal,
2015-03-10 22:00:00,-4.4,969.0,21.2,136.0,77.0,0,Normal,
2015-03-10 23:00:00,-4.4,969.0,17.5,129.0,67.0,0,Normal,
2015-03-11 00:00:00,-3.8,968.8,12.8,111.0,65.0,0,Normal,
2015-03-11 01:00:00,-2.3,968.4,11.4,113.0,60.0,0,Normal,
2015-03-11 02:00:00,-2.2,967.7,9.8,85.0,58.0,0,Normal,
2015-03-11 03:00:00,-0.5,967.1,10.5,83.0,46.0,0,Normal,
2015-03-11 04:00:00,-0.4,966.4,7.4,84.0,46.0,0,Normal,
2015-03-11 05:00:00,-0.7,966.1,9.2,86.0,44.0,0,Normal,
2015-03-11 06:00:00,-1.7,965.4,7.5,35.0,51.0,0,Normal,
2015-03-11 07:00:00,-3.1,964.7,8.0,154.0,56.0,0,Normal,
2015-03-11 08:00:00,-5.1,964.2,12.0,182.0,53.0,0,Normal,
2015-03-11 09:00:00,-5.7,964.0,9.6,176.0,54.0,0,Normal,
2015-03-11 10:00:00,-6.8,964.0,16.6,188.0,50.0,0,Normal,
2015-03-11 11:00:00,-6.6,963.8,14.3,178.0,44.0,0,Normal,
2015-03-11 12:00:00,-6.8,963.7,7.4,167.0,43.0,0,Normal,
2015-03-11 13:00:00,-6.6,963.8,3.9,111.0,42.0,0,Normal,
2015-03-11 14:00:00,-6.6,963.6,16.3,175.0,40.0,0,Normal,
2015-03-11 15:00:00,-7.3,964.0,16.5,176.0,41.0,0,Normal,
2015-03-11 16:00:00,-8.3,964.2,14.7,179.0,49.0,0,Normal,
2015-03-11 17:00:00,-7.4,964.5,13.7,166.0,45.0,0,Normal,
2015-03-11 18:00:00,-8.4,964.6,19.5,176.0,50.0,0,Normal,
2015-03-11 19:00:00,-8.5,965.2,16.5,178.0,49.0,0,Normal,
2015-03-11 20:00:00,-8.7,965.4,22.9,176.0,52.0,0,Normal,
2015-03-11 21:00:00,-8.0,965.9,22.9,171.0,47.0,0,Normal,
2015-03-11 22:00:00,-8.0,966.9,20.0,154.0,55.0,0,Normal,
2015-03-11 23:00:00,-7.2,967.5,13.2,110.0,57.0,0,Normal,
2015-03-12 00:00:00,-2.5,962.8,24.7,131.0,54.0,0,Normal,
2015-03-12 01:00:00,-2.6,963.1,26.2,139.0,55.0,0,Normal,
2015-03-12 02:00:00,-2.9,963.2,29.7,150.0,53.0,0,Normal,
2015-03-12 03:00:00,-3.1,963.8,27.0,144.0,54.0,0,Normal,
2015-03-12 04:00:00,-3.0,964.1,25.0,149.0,55.0,0,Normal,
2015-03-12 05:00:00,-2.2,969.2,9.8,89.0,50.0,0,Normal,
2015-03-12 06:00:00,-2.4,969.6,14.6,95.0,53.0,0,Normal,
2015-03-12 07:00:00,-2.4,964.8,25.5,136.0,55.0,0,Normal,
2015-03-12 08:00:00,-2.4,965.1,24.6,131.0,54.0,0,Normal,
2015-03-12 09:00:00,-2.4,964.6,30.2,137.0,56.0,0,Normal,
2015-03-12 10:00:00,-2.2,964.9,29.0,131.0,55.0,0,Normal,
2015-03-12 11:00:00,-2.4,964.4,28.8,136.0,57.0,0,Normal,
2015-03-12 12:00:00,-2.2,964.5,26.9,133.0,59.0,0,Normal,
2015-03-12 13:00:00,-1.8,963.9,26.9,133.0,57.0,0,Normal,
2015-03-12 14:00:00,-2.0,963.8,27.5,138.0,59.0,0,Normal,
2015-03-12 15:00:00,-2.0,963.0,28.1,136.0,58.0,0,Normal,
2015-03-12 16:00:00,-2.0,963.1,25.4,136.0,59.0,0,Normal,
2015-03-12 17:00:00,-2.4,963.3,24.0,133.0,59.0,0,Normal,
2015-03-12 18:00:00,-2.4,963.3,22.4,137.0,59.0,0,Normal,
2015-03-12 19:00:00,-2.9,963.2,26.8,136.0,60.0,0,Normal,
2015-03-12 20:00:00,-3.3,962.8,27.8,136.0,61.0,0,Normal,
2015-03-12 21:00:00,-3.4,962.9,27.9,138.0,58.0,0,Normal,
2015-03-12 22:00:00,-3.6,963.1,23.4,141.0,58.0,0,Normal,
2015-03-12 23:00:00,-3.7,962.6,26.1,139.0,57.0,0,Normal,
2015-03-13 00:00:00,-5.2,970.7,18.5,174.0,37.0,0,Normal,
2015-03-13 01:00:00,-4.9,970.5,17.5,171.0,35.0,0,Normal,
2015-03-13 02:00:00,-4.5,970.1,18.4,171.0,36.0,0,Normal,
2015-03-13 03:00:00,-4.9,970.1,17.0,174.0,41.0,0,Normal,
2015-03-13 04:00:00,-4.4,969.8,13.2,173.0,38.0,0,Normal,
2015-03-13 05:00:00,-4.8,969.4,14.7,172.0,44.0,0,Normal,
2015-03-13 06:00:00,-5.4,969.5,15.7,174.0,40.0,0,Normal,
2015-03-13 07:00:00,-5.2,969.4,9.7,149.0,46.0,0,Normal,
2015-03-13 08:00:00,-6.4,969.3,14.5,175.0,40.0,0,Normal,
2015-03-13 09:00:00,-6.6,969.5,7.5,151.0,37.0,0,Normal,
2015-03-13 10:00:00,-7.5,969.7,6.5,219.0,49.0,0,Normal,
2015-03-13 11:00:00,-8.1,969.1,17.6,178.0,38.0,0,Normal,
2015-03-13 12:00:00,-9.0,968.9,20.2,175.0,40.0,0,Normal,
2015-03-13 13:00:00,-9.8,969.0,21.2,177.0,42.0,0,Normal,
2015-03-13 14:00:00,-9.9,969.0,22.1,180.0,41.0,0,Normal,
2015-03-13 15:00:00,-10.2,968.9,22.9,181.0,42.0,0,Normal,
2015-03-13 16:00:00,-10.7,968.7,23.4,183.0,42.0,0,Normal,
2015-03-13 17:00:00,-11.3,968.6,23.3,184.0,43.0,0,Normal,
2015-03-13 18:00:00,-11.5,968.8,24.2,183.0,43.0,0,Normal,
2015-03-13 19:00:00,-11.2,969.0,21.2,180.0,40.0,0,Normal,
2015-03-13 20:00:00,-11.2,969.1,20.5,175.0,40.0,0,Normal,
2015-03-13 21:00:00,-10.7,969.4,20.0,176.0,40.0,0,Normal,
2015-03-13 22:00:00,-10.2,969.6,20.1,176.0,38.0,0,Normal,
2015-03-13 23:00:00,-9.7,969.8,22.0,176.0,38.0,0,Normal,
2015-03-14 00:00:00,-9.0,970.3,17.1,175.0,38.0,0,Normal,
2015-03-14 01:00:00,-7.8,970.8,16.1,169.0,35.0,0,Normal,
2015-03-14 02:00:00,-7.6,970.9,18.5,171.0,36.0,0,Normal,
2015-03-14 03:00:00,-7.2,971.2,17.8,157.0,40.0,0,Normal,
2015-03-14 04:00:00,-6.1,971.2,13.9,129.0,37.0,0,Normal,
2015-03-14 05:00:00,-6.8,971.4,16.0,162.0,41.0,0,Normal,
2015-03-14 06:00:00,-7.3,971.4,17.0,168.0,41.0,0,Normal,
2015-03-14 07:00:00,-7.7,971.7,18.1,161.0,41.0,0,Normal,
2015-03-14 08:00:00,-7.9,971.9,14.1,170.0,42.0,0,Normal,
2015-03-14 09:00:00,-8.1,972.1,17.7,170.0,38.0,0,Normal,
2015-03-14 10:00:00,-8.9,972.6,18.4,176.0,40.0,0,Normal,
2015-03-14 11:00:00,-9.5,972.8,18.6,175.0,37.0,0,Normal,
2015-03-14 12:00:00,-9.8,972.9,20.8,176.0,40.0,0,Normal,
2015-03-14 13:00:00,-10.1,972.8,23.4,177.0,42.0,0,Normal,
2015-03-14 14:00:00,-9.7,973.0,21.4,176.0,43.0,0,Normal,
2015-03-14 15:00:00,-9.6,972.8,21.9,176.0,44.0,0,Normal,
2015-03-14 16:00:00,-10.0,972.6,23.8,177.0,46.0,0,Normal,
2015-03-14 17:00:00,-10.5,972.3,22.6,176.0,45.0,0,Normal,
2015-03-14 18:00:00,-9.9,972.1,21.8,175.0,42.0,0,Normal,
2015-03-14 19:00:00,-10.2,971.8,22.8,178.0,44.0,0,Normal,
2015-03-14 20:00:00,-10.2,971.6,23.4,179.0,46.0,0,Normal,
2015-03-14 21:00:00,-10.2,971.5,23.8,183.0,46.0,0,Normal,
2015-03-14 22:00:00,-10.1,971.8,16.8,185.0,-10.0,1,Humidity Low,HUM_LOW_01
2015-03-14 23:00:00,-9.6,971.9,7.4,134.0,49.0,0,Normal,
2015-03-15 00:00:00,-9.5,971.8,10.2,19.0,52.0,0,Normal,
2015-03-15 01:00:00,-8.9,971.7,5.9,69.0,53.0,0,Normal,
2015-03-15 02:00:00,-8.5,971.3,8.6,347.0,48.0,0,Normal,
2015-03-15 03:00:00,-6.6,971.1,5.1,73.0,44.0,0,Normal,
2015-03-15 04:00:00,-6.1,970.6,5.0,336.0,44.0,0,Normal,
2015-03-15 05:00:00,-6.3,970.1,7.3,21.0,44.0,0,Normal,
2015-03-15 06:00:00,-6.5,969.8,6.2,84.0,45.0,0,Normal,
2015-03-15 07:00:00,-7.5,969.5,6.5,353.0,44.0,0,Normal,
2015-03-15 08:00:00,-9.8,969.1,16.5,194.0,44.0,0,Normal,
2015-03-15 09:00:00,-9.9,968.9,7.3,110.0,56.0,0,Normal,
2015-03-15 10:00:00,-10.4,968.9,3.7,305.0,57.0,0,Normal,
2015-03-15 11:00:00,-11.0,968.8,4.7,234.0,58.0,0,Normal,
2015-03-15 12:00:00,-11.7,968.6,3.5,89.0,64.0,0,Normal,
2015-03-15 13:00:00,-12.3,968.7,7.5,276.0,63.0,0,Normal,
2015-03-15 14:00:00,-12.4,968.6,6.7,222.0,57.0,0,Normal,
2015-03-15 15:00:00,-12.6,968.9,6.0,173.0,57.0,0,Normal,
2015-03-15 16:00:00,-12.6,969.0,5.2,217.0,53.0,0,Normal,
2015-03-15 17:00:00,-12.0,968.6,7.8,50.0,50.0,0,Normal,
2015-03-15 18:00:00,-15.0,968.9,5.6,42.0,66.0,0,Normal,
2015-03-15 19:00:00,-15.1,968.8,5.2,348.0,66.0,0,Normal,
2015-03-15 20:00:00,-15.4,968.9,0.8,32.0,68.0,0,Normal,
2015-03-15 21:00:00,-14.7,969.1,4.8,288.0,65.0,0,Normal,
2015-03-15 22:00:00,-13.0,969.4,6.6,290.0,60.0,0,Normal,
2015-03-15 23:00:00,-11.0,969.8,5.3,10.0,53.0,0,Normal,
2015-03-16 00:00:00,-10.4,969.8,5.2,56.0,55.0,0,Normal,
2015-03-16 01:00:00,-10.2,970.1,7.2,9.0,54.0,0,Normal,
2015-03-16 02:00:00,-10.0,970.3,5.1,67.0,55.0,0,Normal,
2015-03-16 03:00:00,-8.7,970.3,7.3,63.0,50.0,0,Normal,
2015-03-16 04:00:00,-8.5,970.3,6.7,82.0,50.0,0,Normal,
2015-03-16 05:00:00,-7.5,970.1,6.6,38.0,50.0,0,Normal,
2015-03-16 06:00:00,-7.7,969.9,5.4,59.0,49.0,0,Normal,
2015-03-16 07:00:00,-7.5,969.6,5.2,14.0,45.0,0,Normal,
2015-03-16 08:00:00,-8.0,969.7,5.8,345.0,44.0,0,Normal,
2015-03-16 09:00:00,-8.0,970.0,4.8,314.0,48.0,0,Normal,
2015-03-16 10:00:00,-8.0,970.2,5.2,217.0,54.0,0,Normal,
2015-03-16 11:00:00,-9.8,970.3,14.2,191.0,52.0,0,Normal,
2015-03-16 12:00:00,-9.4,970.2,12.0,185.0,49.0,0,Normal,
2015-03-16 13:00:00,-10.5,970.3,2.8,273.0,60.0,0,Normal,
2015-03-16 14:00:00,-10.5,970.6,3.3,94.0,59.0,0,Normal,
2015-03-16 15:00:00,-11.6,971.2,8.1,90.0,65.0,0,Normal,
2015-03-16 16:00:00,-11.4,971.7,5.3,143.0,62.0,0,Normal,
2015-03-16 17:00:00,-11.7,972.4,7.2,192.0,61.0,0,Normal,
2015-03-16 18:00:00,-10.8,972.8,7.4,122.0,53.0,0,Normal,
2015-03-16 19:00:00,-10.1,973.0,8.9,159.0,45.0,0,Normal,
2015-03-16 20:00:00,-11.7,972.9,12.3,192.0,48.0,0,Normal,
2015-03-16 21:00:00,-11.8,973.2,14.0,197.0,49.0,0,Normal,
2015-03-16 22:00:00,-11.1,973.3,13.8,192.0,45.0,0,Normal,
2015-03-16 23:00:00,-11.8,974.6,7.8,151.0,53.0,0,Normal,
2015-03-17 00:00:00,-11.1,975.1,5.0,132.0,50.0,0,Normal,
2015-03-17 01:00:00,-9.7,975.0,5.7,135.0,43.0,0,Normal,
2015-03-17 02:00:00,-7.2,974.7,6.5,9.0,44.0,0,Normal,
2015-03-17 03:00:00,-7.8,974.4,12.0,354.0,48.0,0,Normal,
2015-03-17 04:00:00,-7.7,973.8,9.8,325.0,44.0,0,Normal,
2015-03-17 05:00:00,-7.9,973.3,9.5,323.0,47.0,0,Normal,
2015-03-17 06:00:00,-8.0,972.6,11.6,304.0,46.0,0,Normal,
2015-03-17 07:00:00,-9.1,972.7,9.4,322.0,52.0,0,Normal,
2015-03-17 08:00:00,-9.8,972.6,4.9,189.0,56.0,0,Normal,
2015-03-17 09:00:00,-10.6,972.3,5.9,267.0,58.0,0,Normal,
2015-03-17 10:00:00,-11.3,971.9,2.4,140.0,56.0,0,Normal,
2015-03-17 11:00:00,-11.9,972.1,7.8,99.0,67.0,0,Normal,
2015-03-17 12:00:00,-12.4,971.8,7.0,90.0,68.0,0,Normal,
2015-03-17 13:00:00,-12.5,971.4,4.5,309.0,68.0,0,Normal,
2015-03-17 14:00:00,-12.4,971.3,7.1,320.0,62.0,0,Normal,
2015-03-17 15:00:00,-12.9,971.3,5.6,89.0,67.0,0,Normal,
2015-03-17 16:00:00,-13.0,971.0,6.3,131.0,69.0,0,Normal,
2015-03-17 17:00:00,-12.0,970.3,12.5,193.0,54.0,0,Normal,
2015-03-17 18:00:00,-11.1,969.6,12.6,196.0,51.0,0,Normal,
2015-03-17 19:00:00,-10.1,968.9,7.6,256.0,47.0,0,Normal,
2015-03-17 20:00:00,-11.6,968.6,6.1,125.0,56.0,0,Normal,
2015-03-17 21:00:00,-13.0,968.4,5.1,253.0,59.0,0,Normal,
2015-03-17 22:00:00,-11.6,968.1,6.9,92.0,57.0,0,Normal,
2015-03-17 23:00:00,-11.6,967.9,7.0,90.0,57.0,0,Normal,
2015-03-18 00:00:00,-10.0,967.5,4.1,245.0,47.0,0,Normal,
2015-03-18 01:00:00,-9.0,967.5,6.6,80.0,43.0,0,Normal,
2015-03-18 02:00:00,-9.5,966.8,11.9,202.0,46.0,0,Normal,
2015-03-18 03:00:00,-8.9,965.6,16.9,204.0,45.0,0,Normal,
2015-03-18 04:00:00,-7.9,965.4,10.1,4.0,40.0,0,Normal,
2015-03-18 05:00:00,-8.5,964.9,5.6,127.0,43.0,0,Normal,
2015-03-18 06:00:00,-8.4,964.7,10.7,52.0,48.0,0,Normal,
2015-03-18 07:00:00,-10.0,964.6,17.9,131.0,54.0,0,Normal,
2015-03-18 08:00:00,-10.3,964.7,21.6,112.0,51.0,0,Normal,
2015-03-18 09:00:00,-11.0,965.2,19.3,108.0,53.0,0,Normal,
2015-03-18 10:00:00,-11.6,965.3,23.8,130.0,52.0,0,Normal,
2015-03-18 11:00:00,-12.0,965.5,21.1,128.0,56.0,0,Normal,
2015-03-18 12:00:00,-12.5,966.4,20.5,119.0,57.0,0,Normal,
2015-03-18 13:00:00,-13.0,966.5,22.9,125.0,60.0,0,Normal,
2015-03-18 14:00:00,-12.4,966.4,20.5,131.0,53.0,0,Normal,
2015-03-18 15:00:00,-12.3,966.1,22.1,117.0,55.0,0,Normal,
2015-03-18 16:00:00,-11.9,965.7,20.2,117.0,52.0,0,Normal,
2015-03-18 17:00:00,-11.1,965.5,23.3,132.0,45.0,0,Normal,
2015-03-18 18:00:00,-10.8,964.9,19.9,142.0,44.0,0,Normal,
2015-03-18 19:00:00,-10.7,964.6,23.8,142.0,42.0,0,Normal,
2015-03-18 20:00:00,-10.8,964.5,30.0,137.0,40.0,0,Normal,
2015-03-18 21:00:00,-10.7,964.6,23.3,140.0,37.0,0,Normal,
2015-03-18 22:00:00,-10.5,964.7,23.0,142.0,36.0,0,Normal,
2015-03-18 23:00:00,-10.4,965.3,30.3,135.0,37.0,0,Normal,
2015-03-19 00:00:00,-9.9,965.8,24.0,127.0,37.0,0,Normal,
2015-03-19 01:00:00,-9.5,966.4,25.5,126.0,37.0,0,Normal,
2015-03-19 02:00:00,-9.3,966.5,21.1,117.0,44.0,0,Normal,
2015-03-19 03:00:00,-9.0,966.6,23.6,119.0,42.0,0,Normal,
2015-03-19 04:00:00,-8.6,966.3,25.3,128.0,39.0,0,Normal,
2015-03-19 05:00:00,-8.5,966.3,22.0,121.0,42.0,0,Normal,
2015-03-19 06:00:00,-8.5,966.7,23.9,118.0,41.0,0,Normal,
2015-03-19 07:00:00,-8.4,966.7,25.3,117.0,40.0,0,Normal,
2015-03-19 08:00:00,-8.0,966.4,27.5,132.0,35.0,0,Normal,
2015-03-19 09:00:00,-8.0,967.1,28.9,132.0,35.0,0,Normal,
2015-03-19 10:00:00,-8.0,967.8,27.2,126.0,32.0,0,Normal,
2015-03-19 11:00:00,-8.2,968.4,24.4,117.0,36.0,0,Normal,
2015-03-19 12:00:00,-8.2,968.6,22.5,119.0,35.0,0,Normal,
2015-03-19 13:00:00,-8.4,968.7,23.2,124.0,37.0,0,Normal,
2015-03-19 14:00:00,-8.8,968.4,24.7,128.0,38.0,0,Normal,
2015-03-19 15:00:00,-9.2,968.4,26.3,134.0,39.0,0,Normal,
2015-03-19 16:00:00,-8.9,967.8,29.7,128.0,35.0,0,Normal,
2015-03-19 17:00:00,-8.6,967.8,24.8,125.0,35.0,0,Normal,
2015-03-19 18:00:00,-8.6,967.1,22.4,125.0,34.0,0,Normal,
2015-03-19 19:00:00,-8.9,967.1,21.5,118.0,36.0,0,Normal,
2015-03-19 20:00:00,-8.7,967.0,22.3,121.0,36.0,0,Normal,
2015-03-19 21:00:00,-8.3,967.0,26.4,129.0,33.0,0,Normal,
2015-03-19 22:00:00,-8.2,966.6,24.3,131.0,35.0,0,Normal,
2015-03-19 23:00:00,-8.0,966.1,27.4,137.0,36.0,0,Normal,
2015-03-20 00:00:00,-7.6,965.3,28.0,134.0,34.0,0,Normal,
2015-03-20 01:00:00,-7.1,965.1,28.6,145.0,35.0,0,Normal,
2015-03-20 02:00:00,-7.4,964.9,27.8,118.0,40.0,0,Normal,
2015-03-20 03:00:00,-7.2,964.4,26.8,139.0,42.0,0,Normal,
2015-03-20 04:00:00,-7.2,964.1,26.6,129.0,46.0,0,Normal,
2015-03-20 05:00:00,-6.8,963.6,26.9,148.0,37.0,0,Normal,
2015-03-20 06:00:00,-6.7,963.1,26.4,151.0,36.0,0,Normal,
2015-03-20 07:00:00,-6.7,962.7,20.6,133.0,35.0,0,Normal,
2015-03-20 08:00:00,-6.8,962.6,22.4,129.0,31.0,0,Normal,
2015-03-20 09:00:00,-7.0,962.3,25.2,127.0,31.0,0,Normal,
2015-03-20 10:00:00,-7.6,962.0,24.2,134.0,32.0,0,Normal,
2015-03-20 11:00:00,-7.9,961.9,20.6,128.0,31.0,0,Normal,
2015-03-20 12:00:00,-7.6,961.2,28.6,136.0,26.0,0,Normal,
2015-03-20 13:00:00,-7.5,960.9,25.1,138.0,29.0,0,Normal,
2015-03-20 14:00:00,-7.8,960.4,27.4,143.0,30.0,0,Normal,
2015-03-20 15:00:00,-8.0,960.0,26.5,141.0,29.0,0,Normal,
2015-03-20 16:00:00,-8.0,959.4,27.4,143.0,27.0,0,Normal,
2015-03-20 17:00:00,-8.8,958.5,28.5,162.0,33.0,0,Normal,
2015-03-20 18:00:00,-9.0,957.8,29.8,167.0,37.0,0,Normal,
2015-03-20 19:00:00,-9.1,957.3,28.8,167.0,37.0,0,Normal,
2015-03-20 20:00:00,-9.5,957.5,28.5,164.0,42.0,0,Normal,
2015-03-20 21:00:00,-9.4,957.1,27.7,171.0,38.0,0,Normal,
2015-03-20 22:00:00,-8.8,956.9,28.5,165.0,34.0,0,Normal,
2015-03-20 23:00:00,-8.5,957.0,29.0,167.0,37.0,0,Normal,
2015-03-21 00:00:00,-8.7,956.8,24.9,165.0,40.0,0,Normal,
2015-03-21 01:00:00,-8.3,956.5,23.7,163.0,40.0,0,Normal,
2015-03-21 02:00:00,-7.9,957.0,16.8,151.0,41.0,0,Normal,
2015-03-21 03:00:00,-7.6,957.3,9.5,81.0,43.0,0,Normal,
2015-03-21 04:00:00,-6.9,957.4,15.4,69.0,41.0,0,Normal,
2015-03-21 05:00:00,-7.8,957.2,13.7,103.0,37.0,0,Normal,
2015-03-21 06:00:00,-7.9,956.9,12.7,132.0,39.0,0,Normal,
2015-03-21 07:00:00,-8.5,957.0,12.4,122.0,39.0,0,Normal,
2015-03-21 08:00:00,-9.1,957.0,17.7,138.0,35.0,0,Normal,
2015-03-21 09:00:00,-9.0,956.9,19.3,147.0,33.0,0,Normal,
2015-03-21 10:00:00,-9.0,957.1,12.6,141.0,36.0,0,Normal,
2015-03-21 11:00:00,-9.4,957.5,7.4,67.0,35.0,0,Normal,
2015-03-21 12:00:00,-10.6,957.9,9.2,274.0,51.0,0,Normal,
2015-03-21 13:00:00,-10.9,958.0,10.9,290.0,49.0,0,Normal,
2015-03-21 14:00:00,-10.9,958.2,10.1,285.0,46.0,0,Normal,
2015-03-21 15:00:00,-11.6,957.9,12.2,293.0,47.0,0,Normal,
2015-03-21 16:00:00,-12.0,958.7,8.1,335.0,46.0,0,Normal,
2015-03-21 17:00:00,-13.0,959.3,7.5,154.0,53.0,0,Normal,
2015-03-21 18:00:00,-13.7,959.4,7.7,138.0,44.0,0,Normal,
2015-03-21 19:00:00,-14.1,959.6,5.9,153.0,43.0,0,Normal,
2015-03-21 20:00:00,-14.3,959.8,6.4,250.0,44.0,0,Normal,
2015-03-21 21:00:00,-14.6,960.4,8.2,263.0,43.0,0,Normal,
2015-03-21 22:00:00,-13.7,960.7,7.9,260.0,41.0,0,Normal,
2015-03-21 23:00:00,-13.4,961.1,7.7,258.0,45.0,0,Normal,
2015-03-22 00:00:00,-11.1,961.6,5.0,344.0,40.0,0,Normal,
2015-03-22 01:00:00,-11.2,962.0,6.8,349.0,36.0,0,Normal,
2015-03-22 02:00:00,-11.9,962.4,2.5,291.0,37.0,0,Normal,
2015-03-22 03:00:00,-10.2,962.9,7.3,108.0,29.0,0,Normal,
2015-03-22 04:00:00,-11.8,963.1,8.8,177.0,34.0,0,Normal,
2015-03-22 05:00:00,-12.1,963.2,6.3,172.0,39.0,0,Normal,
2015-03-22 06:00:00,-11.6,963.7,8.3,59.0,34.0,0,Normal,
2015-03-22 07:00:00,-12.2,964.1,6.8,231.0,40.0,0,Normal,
2015-03-22 08:00:00,-12.7,964.4,11.7,178.0,40.0,0,Normal,
2015-03-22 09:00:00,-12.7,965.0,10.8,175.0,39.0,0,Normal,
2015-03-22 10:00:00,-14.4,965.7,14.8,183.0,40.0,0,Normal,
2015-03-22 11:00:00,-14.2,966.6,7.8,186.0,38.0,0,Normal,
2015-03-22 12:00:00,-15.5,966.5,19.9,188.0,36.0,0,Normal,
2015-03-22 13:00:00,-15.8,966.6,24.9,179.0,33.0,0,Normal,
2015-03-22 14:00:00,-16.2,967.5,23.1,179.0,34.0,0,Normal,
2015-03-22 15:00:00,-16.0,967.6,22.1,180.0,34.0,0,Normal,
2015-03-22 16:00:00,-15.8,967.8,22.4,178.0,32.0,0,Normal,
2015-03-22 17:00:00,-15.0,968.5,21.1,183.0,30.0,0,Normal,
2015-03-22 18:00:00,-14.7,968.8,17.3,176.0,31.0,0,Normal,
2015-03-22 19:00:00,-16.2,969.0,15.9,181.0,35.0,0,Normal,
2015-03-22 20:00:00,-15.4,969.2,6.9,137.0,33.0,0,Normal,
2015-03-22 21:00:00,-14.7,969.6,7.8,106.0,29.0,0,Normal,
2015-03-22 22:00:00,-14.9,969.7,3.1,350.0,38.0,0,Normal,
2015-03-22 23:00:00,-13.6,969.9,5.7,100.0,36.0,0,Normal,
2015-03-23 00:00:00,-11.8,970.3,6.4,74.0,36.0,0,Normal,
2015-03-23 01:00:00,-10.6,970.6,5.0,19.0,31.0,0,Normal,
2015-03-23 02:00:00,-10.5,970.3,11.6,138.0,32.0,0,Normal,
2015-03-23 03:00:00,-9.8,969.9,13.8,100.0,35.0,0,Normal,
2015-03-23 04:00:00,-9.5,969.8,14.0,110.0,31.0,0,Normal,
2015-03-23 05:00:00,-9.4,969.5,8.9,56.0,37.0,0,Normal,
2015-03-23 06:00:00,-9.3,968.9,12.1,79.0,37.0,0,Normal,
2015-03-23 07:00:00,-11.1,968.6,11.2,119.0,42.0,0,Normal,
2015-03-23 08:00:00,-11.9,968.1,14.4,146.0,49.0,0,Normal,
2015-03-23 09:00:00,-11.7,967.9,16.1,159.0,44.0,0,Normal,
2015-03-23 10:00:00,-12.5,967.6,7.1,331.0,51.0,0,Normal,
2015-03-23 11:00:00,-13.1,966.8,3.5,45.0,51.0,0,Normal,
2015-03-23 12:00:00,-11.8,965.8,16.6,140.0,41.0,0,Normal,
2015-03-23 13:00:00,-11.3,965.4,11.7,124.0,37.0,0,Normal,
2015-03-23 14:00:00,-11.6,965.2,8.6,90.0,39.0,0,Normal,
2015-03-23 15:00:00,-11.7,964.2,15.6,139.0,39.0,0,Normal,
2015-03-23 16:00:00,-11.5,963.6,15.3,115.0,35.0,0,Normal,
2015-03-23 17:00:00,-11.8,962.8,12.8,105.0,34.0,0,Normal,
2015-03-23 18:00:00,-12.7,962.5,7.3,100.0,39.0,0,Normal,
2015-03-23 19:00:00,-13.2,961.8,10.9,112.0,41.0,0,Normal,
2015-03-23 20:00:00,-13.2,960.6,12.6,155.0,38.0,0,Normal,
2015-03-23 21:00:00,-13.2,960.2,7.4,128.0,43.0,0,Normal,
2015-03-23 22:00:00,-12.9,960.1,15.0,88.0,36.0,0,Normal,
2015-03-23 23:00:00,-13.2,959.5,8.2,143.0,40.0,0,Normal,
2015-03-24 00:00:00,-12.1,958.7,13.9,97.0,29.0,0,Normal,
2015-03-24 01:00:00,-11.8,958.4,10.3,92.0,31.0,0,Normal,
2015-03-24 02:00:00,-11.7,957.4,10.0,67.0,27.0,0,Normal,
2015-03-24 03:00:00,-12.0,956.2,6.4,350.0,35.0,0,Normal,
2015-03-24 04:00:00,-12.9,955.6,5.0,328.0,39.0,0,Normal,
2015-03-24 05:00:00,-11.7,955.3,8.6,47.0,41.0,0,Normal,
2015-03-24 06:00:00,-12.0,954.6,6.8,161.0,39.0,0,Normal,
2015-03-24 07:00:00,-12.1,954.1,5.9,173.0,41.0,0,Normal,
2015-03-24 08:00:00,-12.1,953.7,12.0,164.0,48.0,0,Normal,
2015-03-24 09:00:00,-11.9,953.2,14.4,159.0,44.0,0,Normal,
2015-03-24 10:00:00,-11.8,952.9,14.0,149.0,46.0,0,Normal,
2015-03-24 11:00:00,-11.4,952.8,11.9,155.0,40.0,0,Normal,
2015-03-24 12:00:00,-11.6,952.1,13.4,163.0,43.0,0,Normal,
2015-03-24 13:00:00,-11.5,952.1,9.5,103.0,47.0,0,Normal,
2015-03-24 14:00:00,-11.3,951.8,14.4,111.0,40.0,0,Normal,
2015-03-24 15:00:00,-11.7,951.5,10.3,69.0,41.0,0,Normal,
2015-03-24 16:00:00,-11.9,951.2,4.4,59.0,46.0,0,Normal,
2015-03-24 17:00:00,-11.6,951.1,13.8,102.0,40.0,0,Normal,
2015-03-24 18:00:00,-12.0,950.8,20.0,117.0,39.0,0,Normal,
2015-03-24 19:00:00,-12.3,950.3,12.4,121.0,45.0,0,Normal,
2015-03-24 20:00:00,-12.1,950.3,14.4,107.0,45.0,0,Normal,
2015-03-24 21:00:00,-12.4,950.4,15.9,107.0,41.0,0,Normal,
2015-03-24 22:00:00,-12.4,950.5,15.7,127.0,42.0,0,Normal,
2015-03-24 23:00:00,-12.2,950.2,17.8,118.0,41.0,0,Normal,
2015-03-25 00:00:00,-12.1,949.7,17.5,115.0,39.0,0,Normal,
2015-03-25 01:00:00,-11.4,949.3,18.3,143.0,44.0,0,Normal,
2015-03-25 02:00:00,-11.1,949.7,15.1,112.0,40.0,0,Normal,
2015-03-25 03:00:00,-11.5,950.1,12.4,83.0,42.0,0,Normal,
2015-03-25 04:00:00,-11.8,950.2,14.9,96.0,42.0,0,Normal,
2015-03-25 05:00:00,-12.1,949.8,13.5,100.0,42.0,0,Normal,
2015-03-25 06:00:00,-11.9,949.8,11.9,111.0,41.0,0,Normal,
2015-03-25 07:00:00,-12.3,950.2,20.2,108.0,41.0,0,Normal,
2015-03-25 08:00:00,-13.0,990.0,14.6,119.0,49.0,1,Pressure Spike,PRESS_SPIKE_01
2015-03-25 09:00:00,-12.8,950.0,18.5,110.0,44.0,0,Normal,
2015-03-25 10:00:00,-13.3,949.7,16.2,125.0,46.0,0,Normal,
2015-03-25 11:00:00,-13.2,949.4,20.3,124.0,44.0,0,Normal,
2015-03-25 12:00:00,-12.6,948.8,21.7,137.0,39.0,0,Normal,
2015-03-25 13:00:00,-12.6,948.9,18.0,124.0,40.0,0,Normal,
2015-03-25 14:00:00,-12.7,948.8,22.8,129.0,41.0,0,Normal,
2015-03-25 15:00:00,-11.3,948.3,26.2,122.0,36.0,0,Normal,
2015-03-25 16:00:00,-11.0,947.9,19.1,142.0,47.0,0,Normal,
2015-03-25 17:00:00,-11.2,948.6,19.1,134.0,48.0,0,Normal,
2015-03-25 18:00:00,-11.4,949.0,20.2,121.0,47.0,0,Normal,
2015-03-25 19:00:00,-11.0,948.8,22.4,131.0,45.0,0,Normal,
2015-03-25 20:00:00,-10.2,948.9,18.3,136.0,40.0,0,Normal,
2015-03-25 21:00:00,-10.1,949.3,22.6,117.0,39.0,0,Normal,
2015-03-25 22:00:00,-10.2,949.5,25.6,126.0,45.0,0,Normal,
2015-03-25 23:00:00,-10.5,949.6,26.0,129.0,61.0,0,Normal,
2015-03-26 00:00:00,-11.0,949.9,29.4,137.0,80.0,0,Normal,
2015-03-26 01:00:00,-11.3,950.1,32.9,136.0,88.0,0,Normal,
2015-03-26 02:00:00,-10.6,950.4,29.7,133.0,75.0,0,Normal,
2015-03-26 03:00:00,-10.0,950.7,28.7,134.0,65.0,0,Normal,
2015-03-26 04:00:00,-9.5,950.8,29.8,132.0,61.0,0,Normal,
2015-03-26 05:00:00,-9.3,951.0,29.9,134.0,60.0,0,Normal,
2015-03-26 06:00:00,-9.3,951.3,32.1,138.0,60.0,0,Normal,
2015-03-26 07:00:00,-9.4,951.2,33.5,136.0,60.0,0,Normal,
2015-03-26 08:00:00,-9.4,951.2,33.7,140.0,60.0,0,Normal,
2015-03-26 09:00:00,-9.5,951.7,33.2,136.0,60.0,0,Normal,
2015-03-26 10:00:00,-9.3,951.8,34.4,136.0,61.0,0,Normal,
2015-03-26 11:00:00,-9.2,952.6,27.7,133.0,61.0,0,Normal,
2015-03-26 12:00:00,-9.1,952.7,28.3,135.0,63.0,0,Normal,
2015-03-26 13:00:00,-8.6,952.5,34.0,136.0,57.0,0,Normal,
2015-03-26 14:00:00,-8.4,952.4,32.1,135.0,56.0,0,Normal,
2015-03-26 15:00:00,-8.2,953.0,35.6,140.0,62.0,0,Normal,
2015-03-26 16:00:00,-8.2,953.4,29.8,131.0,70.0,0,Normal,
2015-03-26 17:00:00,-8.5,953.0,35.2,138.0,74.0,0,Normal,
2015-03-26 18:00:00,-7.7,953.3,31.9,136.0,60.0,0,Normal,
2015-03-26 19:00:00,-7.4,953.5,31.3,136.0,55.0,0,Normal,
2015-03-26 20:00:00,-7.5,954.1,36.8,143.0,58.0,0,Normal,
2015-03-26 21:00:00,-7.1,954.7,42.6,155.0,50.0,0,Normal,
2015-03-26 22:00:00,-6.1,955.2,34.6,155.0,45.0,0,Normal,
2015-03-26 23:00:00,-6.0,955.6,30.8,153.0,49.0,0,Normal,
2015-03-27 00:00:00,-6.2,955.8,29.8,166.0,49.0,0,Normal,
2015-03-27 01:00:00,-6.2,955.7,29.7,168.0,49.0,0,Normal,
2015-03-27 02:00:00,-6.1,955.9,29.3,171.0,46.0,0,Normal,
2015-03-27 03:00:00,-5.2,956.1,32.8,179.0,42.0,0,Normal,
2015-03-27 04:00:00,-5.6,956.2,24.6,174.0,42.0,0,Normal,
2015-03-27 05:00:00,-5.3,956.7,21.3,175.0,38.0,0,Normal,
2015-03-27 06:00:00,-4.9,958.1,3.4,108.0,38.0,0,Normal,
2015-03-27 07:00:00,-5.8,958.6,7.9,163.0,34.0,0,Normal,
2015-03-27 08:00:00,-8.1,958.9,16.8,180.0,42.0,0,Normal,
2015-03-27 09:00:00,-9.0,959.7,13.1,219.0,38.0,0,Normal,
2015-03-27 10:00:00,-9.8,960.2,11.2,254.0,55.0,0,Normal,
2015-03-27 11:00:00,-11.2,960.3,4.5,212.0,55.0,0,Normal,
2015-03-27 12:00:00,-11.4,960.5,6.7,266.0,57.0,0,Normal,
2015-03-27 13:00:00,-12.5,961.0,10.1,114.0,62.0,0,Normal,
2015-03-27 14:00:00,-13.1,961.3,5.4,90.0,61.0,0,Normal,
2015-03-27 15:00:00,-13.7,961.5,4.9,225.0,61.0,0,Normal,
2015-03-27 16:00:00,-14.5,961.5,7.1,112.0,64.0,0,Normal,
2015-03-27 17:00:00,-14.5,961.6,5.4,45.0,60.0,0,Normal,
2015-03-27 18:00:00,-14.9,962.0,6.8,183.0,62.0,0,Normal,
2015-03-27 19:00:00,-14.8,961.7,8.8,92.0,59.0,0,Normal,
2015-03-27 20:00:00,-16.4,961.8,6.7,124.0,59.0,0,Normal,
2015-03-27 21:00:00,-16.0,961.7,11.8,187.0,54.0,0,Normal,
2015-03-27 22:00:00,-14.4,961.7,5.1,346.0,51.0,0,Normal,
2015-03-27 23:00:00,-13.2,961.9,3.9,92.0,51.0,0,Normal,
2015-03-28 00:00:00,-13.0,961.8,12.8,163.0,37.0,0,Normal,
2015-03-28 01:00:00,-13.3,961.9,7.1,89.0,45.0,0,Normal,
2015-03-28 02:00:00,-12.4,961.7,10.6,172.0,40.0,0,Normal,
2015-03-28 03:00:00,-11.9,961.6,7.7,173.0,42.0,0,Normal,
2015-03-28 04:00:00,-10.1,961.5,9.5,360.0,36.0,0,Normal,
2015-03-28 05:00:00,-10.3,961.8,5.8,17.0,42.0,0,Normal,
2015-03-28 06:00:00,-11.9,961.7,5.8,11.0,54.0,0,Normal,
2015-03-28 07:00:00,-13.9,961.7,5.5,29.0,58.0,0,Normal,
2015-03-28 08:00:00,-14.3,962.0,5.0,72.0,59.0,0,Normal,
2015-03-28 09:00:00,-14.1,962.1,8.2,101.0,50.0,0,Normal,
2015-03-28 10:00:00,-13.7,962.4,5.5,239.0,52.0,0,Normal,
2015-03-28 11:00:00,-13.6,962.3,6.0,269.0,53.0,0,Normal,
2015-03-28 12:00:00,-13.5,962.2,7.5,141.0,50.0,0,Normal,
2015-03-28 13:00:00,-14.1,962.6,7.4,129.0,55.0,0,Normal,
2015-03-28 14:00:00,-13.6,962.4,14.0,184.0,47.0,0,Normal,
2015-03-28 15:00:00,-13.4,962.6,6.9,142.0,41.0,0,Normal,
2015-03-28 16:00:00,-13.5,962.4,15.5,177.0,40.0,0,Normal,
2015-03-28 17:00:00,-14.2,962.2,18.2,183.0,39.0,0,Normal,
2015-03-28 18:00:00,-14.2,962.3,7.0,137.0,39.0,0,Normal,
2015-03-28 19:00:00,-15.0,961.7,21.0,185.0,41.0,0,Normal,
2015-03-28 20:00:00,-12.9,961.3,22.9,176.0,32.0,0,Normal,
2015-03-28 21:00:00,-12.5,961.5,24.0,176.0,34.0,0,Normal,
2015-03-28 22:00:00,-11.6,961.6,24.5,176.0,34.0,0,Normal,
2015-03-28 23:00:00,-10.8,961.7,23.4,176.0,34.0,0,Normal,
2015-03-29 00:00:00,-10.3,962.0,22.9,176.0,37.0,0,Normal,
2015-03-29 01:00:00,-9.9,961.8,22.9,174.0,37.0,0,Normal,
2015-03-29 02:00:00,-8.9,962.2,23.2,171.0,36.0,0,Normal,
2015-03-29 03:00:00,-8.7,962.4,21.8,164.0,38.0,0,Normal,
2015-03-29 04:00:00,-9.1,962.1,24.3,160.0,38.0,0,Normal,
2015-03-29 05:00:00,-9.1,962.0,26.8,167.0,37.0,0,Normal,
2015-03-29 06:00:00,-9.2,962.1,25.0,161.0,39.0,0,Normal,
2015-03-29 07:00:00,-9.5,961.8,26.3,164.0,38.0,0,Normal,
2015-03-29 08:00:00,-9.3,961.7,26.6,165.0,38.0,0,Normal,
2015-03-29 09:00:00,-9.3,961.9,27.4,161.0,38.0,0,Normal,
2015-03-29 10:00:00,-9.6,962.1,24.4,156.0,45.0,0,Normal,
2015-03-29 11:00:00,-8.6,961.9,24.0,143.0,42.0,0,Normal,
2015-03-29 12:00:00,-8.3,961.9,25.9,144.0,43.0,0,Normal,
2015-03-29 13:00:00,-8.3,961.8,26.3,146.0,47.0,0,Normal,
2015-03-29 14:00:00,-8.6,961.4,26.4,152.0,53.0,0,Normal,
2015-03-29 15:00:00,-8.2,960.9,28.4,147.0,54.0,0,Normal,
2015-03-29 16:00:00,-8.3,960.5,30.0,152.0,57.0,0,Normal,
2015-03-29 17:00:00,-7.8,960.3,29.6,142.0,57.0,0,Normal,
2015-03-29 18:00:00,-7.7,960.0,26.3,142.0,52.0,0,Normal,
2015-03-29 19:00:00,-7.8,959.6,30.1,147.0,54.0,0,Normal,
2015-03-29 20:00:00,-7.9,959.4,28.9,141.0,52.0,0,Normal,
2015-03-29 21:00:00,-7.6,959.6,25.3,112.0,47.0,0,Normal,
2015-03-29 22:00:00,-7.3,959.5,32.2,140.0,47.0,0,Normal,
2015-03-29 23:00:00,-7.4,959.5,30.1,140.0,46.0,0,Normal,
2015-03-30 00:00:00,-7.3,959.4,36.7,154.0,44.0,0,Normal,
2015-03-30 01:00:00,-7.3,959.7,36.3,149.0,45.0,0,Normal,
2015-03-30 02:00:00,-7.0,959.7,31.3,150.0,44.0,0,Normal,
2015-03-30 03:00:00,-6.8,959.2,34.5,152.0,44.0,0,Normal,
2015-03-30 04:00:00,-6.6,959.4,33.6,151.0,44.0,0,Normal,
2015-03-30 05:00:00,-6.6,959.6,33.9,152.0,43.0,0,Normal,
2015-03-30 06:00:00,-6.5,959.4,35.1,154.0,41.0,0,Normal,
2015-03-30 07:00:00,-6.6,959.7,31.0,152.0,40.0,0,Normal,
2015-03-30 08:00:00,-7.4,960.2,23.1,151.0,47.0,0,Normal,
2015-03-30 09:00:00,-7.3,960.7,33.4,160.0,40.0,0,Normal,
2015-03-30 10:00:00,-8.2,960.7,30.2,154.0,43.0,0,Normal,
2015-03-30 11:00:00,-8.5,961.3,29.6,163.0,43.0,0,Normal,
2015-03-30 12:00:00,-8.5,961.5,29.3,163.0,43.0,0,Normal,
2015-03-30 13:00:00,-8.5,962.2,26.6,163.0,43.0,0,Normal,
2015-03-30 14:00:00,-9.1,962.6,27.2,168.0,44.0,0,Normal,
2015-03-30 15:00:00,-9.2,962.6,29.0,165.0,43.0,0,Normal,
2015-03-30 16:00:00,-9.2,962.6,29.5,166.0,43.0,0,Normal,
2015-03-30 17:00:00,-9.3,962.5,28.4,164.0,44.0,0,Normal,
2015-03-30 18:00:00,-9.3,962.3,28.8,167.0,43.0,0,Normal,
2015-03-30 19:00:00,-8.7,962.3,25.4,154.0,47.0,0,Normal,
2015-03-30 20:00:00,-8.4,962.4,25.1,146.0,44.0,0,Normal,
2015-03-30 21:00:00,-8.9,962.3,30.0,167.0,43.0,0,Normal,
2015-03-30 22:00:00,-8.7,962.3,26.8,167.0,43.0,0,Normal,
2015-03-30 23:00:00,-8.5,962.3,27.5,166.0,47.0,0,Normal,
2015-03-31 00:00:00,-8.2,962.2,26.6,169.0,54.0,0,Normal,
2015-03-31 01:00:00,-7.9,962.1,26.4,169.0,50.0,0,Normal,
2015-03-31 02:00:00,-7.3,962.3,23.8,163.0,52.0,0,Normal,
2015-03-31 03:00:00,-7.0,962.1,23.7,166.0,49.0,0,Normal,
2015-03-31 04:00:00,-7.4,961.8,21.7,173.0,42.0,0,Normal,
2015-03-31 05:00:00,-7.5,961.7,24.7,169.0,39.0,0,Normal,
2015-03-31 06:00:00,-8.0,961.7,23.5,166.0,42.0,0,Normal,
2015-03-31 07:00:00,-8.5,961.5,24.6,166.0,41.0,0,Normal,
2015-03-31 08:00:00,-8.8,961.5,22.9,158.0,42.0,0,Normal,
2015-03-31 09:00:00,-8.6,961.3,23.4,149.0,39.0,0,Normal,
2015-03-31 10:00:00,-9.5,961.4,24.0,158.0,36.0,0,Normal,
2015-03-31 11:00:00,-9.7,961.3,27.0,160.0,32.0,0,Normal,
2015-03-31 12:00:00,-10.8,961.2,28.0,165.0,35.0,0,Normal,
2015-03-31 13:00:00,-10.6,961.2,28.6,162.0,30.0,0,Normal,
2015-03-31 14:00:00,-11.3,961.0,25.4,170.0,30.0,0,Normal,
2015-04-01 09:00:00,-11.7,958.5,26.8,178.0,35.0,0,Normal,
2015-04-01 10:00:00,-11.1,958.3,24.7,180.0,39.0,0,Normal,
2015-04-01 11:00:00,-10.3,958.0,25.2,177.0,36.0,0,Normal,
2015-04-01 12:00:00,-9.6,957.7,25.3,176.0,36.0,0,Normal,
2015-04-01 13:00:00,-9.6,957.7,23.4,176.0,36.0,0,Normal,
2015-04-01 14:00:00,-9.4,957.4,24.2,177.0,34.0,0,Normal,
2015-04-01 15:00:00,-9.8,957.5,21.7,176.0,32.0,0,Normal,
2015-04-01 16:00:00,-10.5,957.5,24.8,181.0,34.0,0,Normal,
2015-04-01 17:00:00,-11.2,957.1,25.1,181.0,34.0,0,Normal,
2015-04-01 18:00:00,-11.5,957.1,26.1,184.0,35.0,0,Normal,
2015-04-01 19:00:00,-11.8,957.1,25.4,182.0,35.0,0,Normal,
2015-04-01 20:00:00,-12.1,957.2,20.5,172.0,34.0,0,Normal,
2015-04-01 21:00:00,-12.4,957.0,22.7,177.0,35.0,0,Normal,
2015-04-01 22:00:00,-12.1,956.9,23.4,183.0,31.0,0,Normal,
2015-04-01 23:00:00,-11.6,957.0,23.3,182.0,31.0,0,Normal,
2015-04-02 00:00:00,-11.8,956.8,23.5,187.0,35.0,0,Normal,
2015-04-02 01:00:00,-10.8,956.6,21.8,188.0,32.0,0,Normal,
2015-04-02 02:00:00,-12.1,956.6,19.1,185.0,36.0,0,Normal,
2015-04-02 03:00:00,-11.9,956.6,6.7,20.0,36.0,0,Normal,
2015-04-02 04:00:00,-12.7,956.4,6.1,43.0,38.0,0,Normal,
2015-04-02 05:00:00,-12.7,956.4,7.1,190.0,38.0,0,Normal,
2015-04-02 06:00:00,-11.8,955.8,23.6,178.0,34.0,0,Normal,
2015-04-02 07:00:00,-10.8,955.7,24.9,171.0,37.0,0,Normal,
2015-04-02 08:00:00,-10.4,955.9,25.5,171.0,37.0,0,Normal,
2015-04-02 09:00:00,-10.2,956.3,19.4,176.0,37.0,0,Normal,
2015-04-02 10:00:00,-9.2,956.5,19.9,178.0,34.0,0,Normal,
2015-04-02 11:00:00,-9.1,956.3,22.1,174.0,37.0,0,Normal,
2015-04-02 12:00:00,-8.3,956.5,22.8,169.0,35.0,0,Normal,
2015-04-02 13:00:00,-7.9,956.8,21.7,168.0,32.0,0,Normal,
2015-04-02 14:00:00,-8.6,957.3,24.4,169.0,35.0,0,Normal,
2015-04-02 15:00:00,-8.6,957.7,21.3,170.0,35.0,0,Normal,
2015-04-02 16:00:00,-9.3,958.0,23.5,172.0,35.0,0,Normal,
2015-04-02 17:00:00,-9.9,958.7,23.3,171.0,36.0,0,Normal,
2015-04-02 18:00:00,-9.8,959.0,24.6,171.0,35.0,0,Normal,
2015-04-02 19:00:00,-10.3,959.4,25.1,174.0,38.0,0,Normal,
2015-04-02 20:00:00,-9.5,960.2,25.2,169.0,40.0,0,Normal,
2015-04-02 21:00:00,-9.3,960.3,23.0,176.0,40.0,0,Normal,
2015-04-02 22:00:00,-9.0,960.4,23.1,176.0,42.0,0,Normal,
2015-04-02 23:00:00,-8.8,960.8,23.5,178.0,41.0,0,Normal,
2015-04-03 00:00:00,-8.6,961.9,23.9,174.0,39.0,0,Normal,
2015-04-03 01:00:00,-7.9,962.5,23.2,176.0,38.0,0,Normal,
2015-04-03 02:00:00,-8.6,963.2,24.4,178.0,42.0,0,Normal,
2015-04-03 03:00:00,-8.3,963.7,22.1,176.0,43.0,0,Normal,
2015-04-03 04:00:00,-8.9,964.5,24.5,176.0,41.0,0,Normal,
2015-04-03 05:00:00,-9.1,965.5,24.6,176.0,42.0,0,Normal,
2015-04-03 06:00:00,-8.4,966.6,25.8,176.0,41.0,0,Normal,
2015-04-03 07:00:00,-8.8,967.9,22.0,178.0,45.0,0,Normal,
2015-04-03 08:00:00,-8.0,968.8,21.1,178.0,48.0,0,Normal,
2015-04-03 09:00:00,-7.7,970.1,18.7,183.0,54.0,0,Normal,
2015-04-03 10:00:00,-6.7,970.9,20.7,179.0,54.0,0,Normal,
2015-04-03 11:00:00,-5.8,971.8,19.5,181.0,46.0,0,Normal,
2015-04-03 12:00:00,-6.1,972.5,20.5,182.0,50.0,0,Normal,
2015-04-03 13:00:00,-6.1,973.3,19.7,182.0,47.0,0,Normal,
2015-04-03 14:00:00,-5.8,974.7,12.5,248.0,43.0,0,Normal,
2015-04-03 15:00:00,-6.2,975.7,8.8,221.0,51.0,0,Normal,
2015-04-03 16:00:00,-6.7,976.3,7.8,168.0,51.0,0,Normal,
2015-04-03 17:00:00,-8.7,976.7,18.9,187.0,43.0,0,Normal,
2015-04-03 18:00:00,-10.3,977.2,20.0,193.0,43.0,0,Normal,
2015-04-03 19:00:00,-10.3,977.4,22.9,185.0,38.0,0,Normal,
2015-04-03 20:00:00,-10.1,977.6,26.2,184.0,35.0,0,Normal,
2015-04-03 21:00:00,-10.2,977.7,24.6,176.0,34.0,0,Normal,
2015-04-03 22:00:00,-9.6,977.9,23.3,175.0,32.0,0,Normal,
2015-04-03 23:00:00,-11.2,977.8,24.9,180.0,32.0,0,Normal,
2015-04-04 00:00:00,-11.4,977.6,21.1,176.0,36.0,0,Normal,
2015-04-04 01:00:00,-9.8,977.6,22.4,178.0,32.0,0,Normal,
2015-04-04 02:00:00,-9.1,977.8,20.3,185.0,33.0,0,Normal,
2015-04-04 03:00:00,-12.0,977.6,24.0,193.0,39.0,0,Normal,
2015-04-04 04:00:00,-11.5,978.0,17.3,184.0,39.0,0,Normal,
2015-04-04 05:00:00,-8.8,978.5,9.5,98.0,36.0,0,Normal,
2015-04-04 06:00:00,-10.7,979.1,4.5,106.0,42.0,0,Normal,
2015-04-04 07:00:00,-10.3,979.2,5.5,113.0,42.0,0,Normal,
2015-04-04 08:00:00,-7.5,978.6,14.7,173.0,28.0,0,Normal,
2015-04-04 09:00:00,-7.2,977.7,23.7,179.0,32.0,0,Normal,
2015-04-04 10:00:00,-5.5,977.8,26.7,177.0,30.0,0,Normal,
2015-04-04 11:00:00,-5.7,977.8,29.0,177.0,35.0,0,Normal,
2015-04-04 12:00:00,-5.4,978.5,23.2,177.0,34.0,0,Normal,
2015-04-04 13:00:00,-4.8,979.0,28.3,179.0,33.0,0,Normal,
2015-04-04 14:00:00,-4.5,979.1,25.0,174.0,31.0,0,Normal,
2015-04-04 15:00:00,-4.7,979.3,35.5,165.0,29.0,0,Normal,
2015-04-04 16:00:00,-4.8,980.0,31.1,163.0,26.0,0,Normal,
2015-04-04 17:00:00,-4.6,980.0,26.5,168.0,24.0,0,Normal,
2015-04-04 18:00:00,-6.7,980.3,25.8,177.0,28.0,0,Normal,
2015-04-04 19:00:00,-7.3,979.5,28.7,180.0,31.0,0,Normal,
2015-04-04 20:00:00,-7.3,979.6,27.7,182.0,28.0,0,Normal,
2015-04-04 21:00:00,-7.9,980.0,15.6,181.0,30.0,0,Normal,
2015-04-04 22:00:00,-8.6,979.2,28.5,182.0,31.0,0,Normal,
2015-04-04 23:00:00,-7.3,979.0,29.9,178.0,30.0,0,Normal,
2015-04-05 00:00:00,-7.3,978.6,28.5,182.0,34.0,0,Normal,
2015-04-05 01:00:00,-7.5,977.8,26.7,182.0,30.0,0,Normal,
2015-04-05 02:00:00,-7.1,978.3,1.8,319.0,31.0,0,Normal,
2015-04-05 03:00:00,-8.7,977.2,13.2,263.0,35.0,0,Normal,
2015-04-05 04:00:00,-8.1,976.3,2.5,80.0,35.0,0,Normal,
2015-04-05 05:00:00,-7.7,975.1,11.9,133.0,37.0,0,Normal,
2015-04-05 06:00:00,-9.3,974.4,9.3,138.0,44.0,0,Normal,
2015-04-05 07:00:00,-8.2,973.7,3.7,190.0,40.0,0,Normal,
2015-04-05 08:00:00,-10.1,973.1,6.2,109.0,46.0,0,Normal,
2015-04-05 09:00:00,-10.0,972.8,8.1,187.0,48.0,0,Normal,
2015-04-05 10:00:00,-7.7,972.4,6.4,245.0,42.0,0,Normal,
2015-04-05 11:00:00,-5.8,972.5,6.8,111.0,39.0,0,Normal,
2015-04-05 12:00:00,-4.4,932.3,11.0,128.0,44.0,1,Pressure Drop,PRESS_DROP_01
2015-04-05 13:00:00,-4.2,971.8,20.8,157.0,42.0,0,Normal,
2015-04-05 14:00:00,-4.0,971.3,20.6,152.0,42.0,0,Normal,
2015-04-05 15:00:00,-4.0,970.5,23.9,163.0,39.0,0,Normal,
2015-04-05 16:00:00,-4.0,970.6,22.5,150.0,37.0,0,Normal,
2015-04-05 17:00:00,-5.2,970.4,17.8,156.0,41.0,0,Normal,
2015-04-05 18:00:00,-6.2,970.6,12.6,154.0,44.0,0,Normal,
2015-04-05 19:00:00,-5.1,969.4,28.5,165.0,40.0,0,Normal,
2015-04-05 20:00:00,-5.2,969.5,12.2,113.0,42.0,0,Normal,
2015-04-05 21:00:00,-5.7,969.5,17.3,142.0,41.0,0,Normal,
2015-04-05 22:00:00,-5.1,969.1,17.7,134.0,34.0,0,Normal,
2015-04-05 23:00:00,-5.1,969.1,20.0,115.0,32.0,0,Normal,
2015-04-06 00:00:00,-6.0,969.6,16.2,123.0,36.0,0,Normal,
2015-04-06 01:00:00,-6.4,969.2,13.7,132.0,37.0,0,Normal,
2015-04-06 02:00:00,-6.9,968.5,11.7,145.0,41.0,0,Normal,
2015-04-06 03:00:00,-7.5,967.9,18.9,171.0,40.0,0,Normal,
2015-04-06 04:00:00,-6.5,967.2,22.6,163.0,38.0,0,Normal,
2015-04-06 05:00:00,-6.9,967.2,11.4,157.0,37.0,0,Normal,
2015-04-06 06:00:00,-6.4,966.7,12.3,124.0,35.0,0,Normal,
2015-04-06 07:00:00,-6.5,966.6,3.3,121.0,37.0,0,Normal,
2015-04-06 08:00:00,-6.3,966.7,11.4,109.0,35.0,0,Normal,
2015-04-06 09:00:00,-5.9,966.5,14.4,118.0,37.0,0,Normal,
2015-04-06 10:00:00,-4.3,966.4,11.7,75.0,30.0,0,Normal,
2015-04-06 11:00:00,-3.4,966.0,5.6,132.0,27.0,0,Normal,
2015-04-06 12:00:00,-4.0,965.7,13.9,58.0,32.0,0,Normal,
2015-04-06 13:00:00,-4.7,965.5,9.0,7.0,35.0,0,Normal,
2015-04-06 14:00:00,-6.6,965.1,7.7,280.0,37.0,0,Normal,
2015-04-06 15:00:00,-7.3,964.4,8.0,258.0,43.0,0,Normal,
2015-04-06 16:00:00,-8.4,963.9,9.1,276.0,46.0,0,Normal,
2015-04-06 17:00:00,-9.2,963.5,10.9,190.0,49.0,0,Normal,
2015-04-06 18:00:00,-10.3,963.6,6.3,86.0,49.0,0,Normal,
2015-04-06 19:00:00,-11.3,963.9,4.3,81.0,53.0,0,Normal,
2015-04-06 20:00:00,-11.5,963.8,5.4,38.0,49.0,0,Normal,
2015-04-06 21:00:00,-12.5,964.1,3.2,161.0,56.0,0,Normal,
2015-04-06 22:00:00,-12.3,963.5,7.4,358.0,54.0,0,Normal,
2015-04-06 23:00:00,-11.7,963.5,7.1,90.0,47.0,0,Normal,
2015-04-07 00:00:00,-12.5,963.2,8.5,143.0,52.0,0,Normal,
2015-04-07 01:00:00,-12.2,962.7,7.4,121.0,43.0,0,Normal,
2015-04-07 02:00:00,-12.9,962.1,6.7,152.0,48.0,0,Normal,
2015-04-07 03:00:00,-13.8,962.0,7.9,192.0,50.0,0,Normal,
2015-04-07 04:00:00,-14.4,961.9,2.8,87.0,51.0,0,Normal,
2015-04-07 05:00:00,-15.0,961.6,8.5,198.0,51.0,0,Normal,
2015-04-07 06:00:00,-14.9,961.4,10.3,200.0,50.0,0,Normal,
2015-04-07 07:00:00,-14.5,962.1,7.8,90.0,55.0,0,Normal,
2015-04-07 08:00:00,-14.3,962.3,6.0,125.0,53.0,0,Normal,
2015-04-07 09:00:00,-14.1,962.5,7.4,138.0,56.0,0,Normal,
2015-04-07 10:00:00,-13.7,962.2,11.6,95.0,48.0,0,Normal,
2015-04-07 11:00:00,-15.0,962.5,9.8,88.0,45.0,0,Normal,
2015-04-07 12:00:00,-15.5,962.8,6.0,84.0,42.0,0,Normal,
2015-04-07 13:00:00,-14.4,963.0,10.8,156.0,45.0,0,Normal,
2015-04-07 14:00:00,-14.0,962.8,8.2,129.0,46.0,0,Normal,
2015-04-07 15:00:00,-13.2,962.8,6.7,36.0,37.0,0,Normal,
2015-04-07 16:00:00,-14.8,962.6,5.5,0.0,50.0,0,Normal,
2015-04-07 17:00:00,-15.8,963.0,8.1,89.0,52.0,0,Normal,
2015-04-07 18:00:00,-16.3,963.3,17.7,161.0,48.0,0,Normal,
2015-04-07 19:00:00,-16.1,963.9,12.0,156.0,39.0,0,Normal,
2015-04-07 20:00:00,-18.0,963.6,12.7,193.0,49.0,0,Normal,
2015-04-07 21:00:00,-18.9,963.0,15.8,195.0,49.0,0,Normal,
2015-04-07 22:00:00,-19.3,962.8,15.0,190.0,48.0,0,Normal,
2015-04-07 23:00:00,-18.7,962.8,9.0,192.0,46.0,0,Normal,
2015-04-08 00:00:00,-17.5,972.3,61.3,298.0,42.0,0,Normal,
2015-04-08 01:00:00,-17.2,972.6,46.2,295.0,40.0,0,Normal,
2015-04-08 02:00:00,-17.7,962.8,12.0,151.0,35.0,0,Normal,
2015-04-08 03:00:00,-18.3,973.5,63.2,298.0,44.0,0,Normal,
2015-04-08 04:00:00,-18.3,973.9,62.6,298.0,43.0,0,Normal,
2015-04-08 05:00:00,-18.6,974.0,44.4,300.0,45.0,0,Normal,
2015-04-08 06:00:00,-18.6,975.1,63.2,298.0,45.0,0,Normal,
2015-04-08 07:00:00,-17.4,975.3,61.9,298.0,38.0,0,Normal,
2015-04-08 08:00:00,-17.1,974.9,62.6,298.0,37.0,0,Normal,
2015-04-08 09:00:00,-17.5,975.0,49.5,304.0,38.0,0,Normal,
2015-04-08 10:00:00,-16.1,974.8,62.6,298.0,35.0,0,Normal,
2015-04-08 11:00:00,-16.2,963.7,9.2,194.0,37.0,0,Normal,
2015-04-08 12:00:00,-17.4,963.9,9.5,182.0,40.0,0,Normal,
2015-04-08 13:00:00,-13.8,964.1,7.8,78.0,29.0,0,Normal,
2015-04-08 14:00:00,-16.2,964.0,4.3,184.0,39.0,0,Normal,
2015-04-08 15:00:00,-16.5,963.9,10.2,146.0,33.0,0,Normal,
2015-04-08 16:00:00,-16.7,963.9,16.3,158.0,29.0,0,Normal,
2015-04-08 17:00:00,-17.6,964.1,16.2,168.0,32.0,0,Normal,
2015-04-08 18:00:00,-19.8,963.8,24.1,185.0,36.0,0,Normal,
2015-04-08 19:00:00,-19.1,964.3,22.6,176.0,35.0,0,Normal,
2015-04-08 20:00:00,-19.2,964.4,23.3,177.0,36.0,0,Normal,
2015-04-08 21:00:00,-19.2,964.1,24.6,175.0,39.0,0,Normal,
2015-04-08 22:00:00,-18.6,964.1,26.2,174.0,36.0,0,Normal,
2015-04-08 23:00:00,-18.6,964.1,27.8,174.0,36.0,0,Normal,
2015-04-09 00:00:00,-14.5,968.5,63.2,298.0,25.0,0,Normal,
2015-04-09 01:00:00,-17.8,968.0,62.6,298.0,35.0,0,Normal,
2015-04-09 02:00:00,-16.6,967.9,63.2,298.0,31.0,0,Normal,
2015-04-09 03:00:00,-17.9,964.5,24.4,175.0,35.0,0,Normal,
2015-04-09 04:00:00,-18.0,964.6,26.6,178.0,36.0,0,Normal,
2015-04-09 05:00:00,-16.7,964.6,25.6,174.0,32.0,0,Normal,
2015-04-09 06:00:00,-16.7,964.5,24.0,174.0,35.0,0,Normal,
2015-04-09 07:00:00,-16.2,964.6,26.4,172.0,34.0,0,Normal,
2015-04-09 08:00:00,-15.8,964.4,27.1,173.0,34.0,0,Normal,
2015-04-09 09:00:00,-15.1,964.7,27.3,166.0,36.0,0,Normal,
2015-04-09 10:00:00,-14.5,964.8,24.7,165.0,38.0,0,Normal,
2015-04-09 11:00:00,-14.1,964.9,26.6,161.0,40.0,0,Normal,
2015-04-09 12:00:00,-13.5,964.7,24.2,162.0,44.0,0,Normal,
2015-04-09 13:00:00,-13.4,964.5,22.2,167.0,47.0,0,Normal,
2015-04-09 14:00:00,-12.9,964.3,24.1,161.0,46.0,0,Normal,
2015-04-09 15:00:00,-13.2,964.1,25.4,167.0,47.0,0,Normal,
2015-04-09 16:00:00,-13.3,964.2,22.0,166.0,48.0,0,Normal,
2015-04-09 17:00:00,-12.7,964.2,24.2,166.0,48.0,0,Normal,
2015-04-09 18:00:00,-11.6,964.3,20.0,135.0,46.0,0,Normal,
2015-04-09 19:00:00,-12.3,964.3,21.1,160.0,55.0,0,Normal,
2015-04-09 20:00:00,-12.4,964.3,22.5,155.0,53.0,0,Normal,
2015-04-09 21:00:00,-11.9,963.7,22.7,166.0,48.0,0,Normal,
2015-04-09 22:00:00,-11.5,963.4,24.3,167.0,45.0,0,Normal,
2015-04-09 23:00:00,-11.6,963.2,27.8,167.0,43.0,0,Normal,
2015-04-10 00:00:00,-5.4,965.9,63.9,298.0,66.0,0,Normal,
2015-04-10 01:00:00,-5.1,966.2,64.9,298.0,58.0,0,Normal,
2015-04-10 02:00:00,-6.0,966.8,43.7,303.0,78.0,0,Normal,
2015-04-10 03:00:00,-5.6,967.1,62.6,298.0,73.0,0,Normal,
2015-04-10 04:00:00,-5.8,967.6,61.3,298.0,79.0,0,Normal,
2015-04-10 05:00:00,-5.9,967.9,61.3,298.0,83.0,0,Normal,
2015-04-10 06:00:00,-5.8,968.8,68.4,299.0,87.0,0,Normal,
2015-04-10 07:00:00,-5.8,969.6,22.5,315.0,90.0,0,Normal,
2015-04-10 08:00:00,-5.7,970.1,61.9,298.0,91.0,0,Normal,
2015-04-10 09:00:00,-5.7,970.7,62.6,298.0,91.0,0,Normal,
2015-04-10 10:00:00,-5.8,972.2,63.9,298.0,92.0,0,Normal,
2015-04-10 11:00:00,-5.9,972.6,63.3,301.0,92.0,0,Normal,
2015-04-10 12:00:00,-5.9,972.7,63.3,298.0,92.0,0,Normal,
2015-04-10 13:00:00,-6.1,973.3,62.0,298.0,89.0,0,Normal,
2015-04-10 14:00:00,-6.1,972.9,61.9,298.0,87.0,0,Normal,
2015-04-10 15:00:00,-6.0,973.4,61.3,298.0,86.0,0,Normal,
2015-04-10 16:00:00,-6.3,973.4,62.0,301.0,82.0,0,Normal,
2015-04-10 17:00:00,-6.1,973.6,61.9,298.0,77.0,0,Normal,
2015-04-10 18:00:00,-6.3,973.6,63.9,298.0,73.0,0,Normal,
2015-04-10 19:00:00,-6.7,973.8,63.3,298.0,75.0,0,Normal,
2015-04-10 20:00:00,-7.3,973.1,63.3,298.0,88.0,0,Normal,
2015-04-10 21:00:00,-7.4,970.1,25.7,140.0,44.0,0,Normal,
2015-04-10 22:00:00,-7.4,969.9,26.0,141.0,47.0,0,Normal,
2015-04-10 23:00:00,-7.1,969.7,24.9,145.0,43.0,0,Normal,
2015-04-11 00:00:00,-7.8,969.5,23.2,163.0,45.0,0,Normal,
2015-04-11 01:00:00,-7.9,969.4,21.4,142.0,43.0,0,Normal,
2015-04-11 02:00:00,-7.3,969.2,19.5,119.0,43.0,0,Normal,
2015-04-11 03:00:00,-7.9,968.9,17.4,117.0,48.0,0,Normal,
2015-04-11 04:00:00,-8.5,969.0,10.7,124.0,52.0,0,Normal,
2015-04-11 05:00:00,-8.8,968.8,14.8,130.0,47.0,0,Normal,
2015-04-11 06:00:00,-9.5,968.5,12.9,133.0,49.0,0,Normal,
2015-04-11 07:00:00,-9.9,968.2,17.4,153.0,45.0,0,Normal,
2015-04-11 08:00:00,-9.1,977.1,62.6,300.0,53.0,0,Normal,
2015-04-11 09:00:00,-9.6,977.4,62.6,300.0,52.0,0,Normal,
2015-04-11 10:00:00,-9.0,977.8,55.6,308.0,53.0,0,Normal,
2015-04-11 11:00:00,-8.4,978.1,63.3,298.0,50.0,0,Normal,
2015-04-11 12:00:00,-9.2,978.3,62.6,298.0,51.0,0,Normal,
2015-04-11 13:00:00,-8.9,978.0,61.9,298.0,57.0,0,Normal,
2015-04-11 14:00:00,-9.0,965.1,6.6,153.0,34.0,0,Normal,
2015-04-11 15:00:00,-9.1,976.9,62.0,300.0,52.0,0,Normal,
2015-04-11 16:00:00,-9.4,976.8,62.6,298.0,58.0,0,Normal,
2015-04-11 17:00:00,-9.9,976.4,62.6,298.0,61.0,0,Normal,
2015-04-11 18:00:00,-10.4,976.2,64.1,298.0,73.0,0,Normal,
2015-04-11 19:00:00,-10.7,960.7,25.6,178.0,32.0,0,Normal,
2015-04-11 20:00:00,-10.1,960.0,27.6,175.0,31.0,0,Normal,
2015-04-11 21:00:00,-10.2,958.7,27.7,182.0,28.0,0,Normal,
2015-04-11 22:00:00,-10.9,972.8,61.3,298.0,90.0,0,Normal,
2015-04-11 23:00:00,-10.8,972.5,63.5,298.0,90.0,0,Normal,
2015-04-12 00:00:00,-3.6,962.3,27.6,138.0,55.0,0,Normal,
2015-04-12 01:00:00,-3.5,962.0,26.8,143.0,55.0,0,Normal,
2015-04-12 02:00:00,-3.5,961.8,26.9,138.0,57.0,0,Normal,
2015-04-12 03:00:00,-3.4,961.3,31.9,143.0,52.0,0,Normal,
2015-04-12 04:00:00,-3.3,961.1,28.3,146.0,53.0,0,Normal,
2015-04-12 05:00:00,-3.1,961.0,31.5,144.0,49.0,0,Normal,
2015-04-12 06:00:00,-3.1,960.8,27.9,142.0,49.0,0,Normal,
2015-04-12 07:00:00,-3.4,961.3,30.2,134.0,49.0,0,Normal,
2015-04-12 08:00:00,-3.3,960.9,28.7,136.0,47.0,0,Normal,
2015-04-12 09:00:00,-3.1,960.6,28.8,139.0,46.0,0,Normal,
2015-04-12 10:00:00,-2.7,960.3,26.9,140.0,48.0,0,Normal,
2015-04-12 11:00:00,-2.5,960.1,27.7,139.0,50.0,0,Normal,
2015-04-12 12:00:00,-2.4,960.0,28.8,144.0,50.0,0,Normal,
2015-04-12 13:00:00,-2.5,959.9,27.9,141.0,50.0,0,Normal,
2015-04-12 14:00:00,-2.3,959.6,24.7,139.0,52.0,0,Normal,
2015-04-12 15:00:00,-2.0,959.1,23.3,136.0,53.0,0,Normal,
2015-04-12 16:00:00,-1.9,959.0,21.7,139.0,54.0,0,Normal,
2015-04-12 17:00:00,-2.2,958.6,22.4,141.0,55.0,0,Normal,
2015-04-12 18:00:00,-2.3,958.5,20.4,146.0,57.0,0,Normal,
2015-04-12 19:00:00,-2.4,958.1,23.2,141.0,55.0,0,Normal,
2015-04-12 20:00:00,-2.4,957.9,19.7,146.0,55.0,0,Normal,
2015-04-12 21:00:00,-2.5,957.5,18.8,145.0,54.0,0,Normal,
2015-04-12 22:00:00,-2.6,957.3,20.5,146.0,54.0,0,Normal,
2015-04-12 23:00:00,-2.6,957.3,16.8,150.0,55.0,0,Normal,
2015-04-13 00:00:00,-16.1,969.4,5.1,89.0,52.0,0,Normal,
2015-04-13 01:00:00,-16.5,969.9,5.4,328.0,54.0,0,Normal,
2015-04-13 02:00:00,-16.8,970.3,8.2,105.0,56.0,0,Normal,
2015-04-13 03:00:00,-17.4,970.2,7.9,134.0,58.0,0,Normal,
2015-04-13 04:00:00,-16.8,970.5,6.1,62.0,54.0,0,Normal,
2015-04-13 05:00:00,-17.0,971.4,14.6,156.0,54.0,0,Normal,
2015-04-13 06:00:00,-15.5,971.7,6.8,100.0,48.0,0,Normal,
2015-04-13 07:00:00,-15.7,971.8,8.8,143.0,48.0,0,Normal,
2015-04-13 08:00:00,-15.5,972.5,5.4,123.0,51.0,0,Normal,
2015-04-13 09:00:00,-15.5,973.2,6.5,174.0,51.0,0,Normal,
2015-04-13 10:00:00,-14.8,973.7,6.3,3.0,50.0,0,Normal,
2015-04-13 11:00:00,-14.8,974.5,4.2,0.0,48.0,0,Normal,
2015-04-13 12:00:00,-14.4,974.7,9.8,163.0,49.0,0,Normal,
2015-04-13 13:00:00,-13.4,974.6,10.5,196.0,47.0,0,Normal,
2015-04-13 14:00:00,-13.5,974.9,7.5,324.0,46.0,0,Normal,
2015-04-13 15:00:00,-14.6,975.1,6.7,281.0,53.0,0,Normal,
2015-04-13 16:00:00,-15.8,975.5,7.7,241.0,61.0,0,Normal,
2015-04-13 17:00:00,-14.4,976.0,15.3,101.0,41.0,0,Normal,
2015-04-13 18:00:00,-15.0,976.7,15.8,97.0,40.0,0,Normal,
2015-04-13 19:00:00,-15.4,977.0,11.8,131.0,41.0,0,Normal,
2015-04-13 20:00:00,-15.5,976.8,9.6,120.0,41.0,0,Normal,
2015-04-13 21:00:00,-15.4,976.7,10.1,87.0,44.0,0,Normal,
2015-04-13 22:00:00,-15.0,976.3,15.0,114.0,39.0,0,Normal,
2015-04-13 23:00:00,-15.1,976.7,17.4,106.0,40.0,0,Normal,
2015-04-14 00:00:00,-14.6,976.4,13.9,136.0,42.0,0,Normal,
2015-04-14 01:00:00,-15.0,976.4,9.3,72.0,49.0,0,Normal,
2015-04-14 02:00:00,-15.1,975.7,6.1,155.0,50.0,0,Normal,
2015-04-14 03:00:00,-13.9,975.5,21.5,94.0,38.0,0,Normal,
2015-04-14 04:00:00,-14.9,975.3,14.9,126.0,39.0,0,Normal,
2015-04-14 05:00:00,-14.1,973.9,11.4,129.0,40.0,0,Normal,
2015-04-14 06:00:00,-12.7,973.3,12.0,124.0,40.0,0,Normal,
2015-04-14 07:00:00,-13.4,974.5,17.8,100.0,40.0,0,Normal,
2015-04-14 08:00:00,-13.4,974.3,18.9,101.0,38.0,0,Normal,
2015-04-14 09:00:00,-14.3,973.9,12.2,134.0,39.0,0,Normal,
2015-04-14 10:00:00,-14.4,974.2,7.7,62.0,37.0,0,Normal,
2015-04-14 11:00:00,-14.6,973.7,8.3,306.0,36.0,0,Normal,
2015-04-14 12:00:00,-14.8,974.9,4.2,135.0,38.0,0,Normal,
2015-04-14 13:00:00,-14.1,974.3,13.0,156.0,49.0,0,Normal,
2015-04-14 14:00:00,-13.3,973.3,8.7,160.0,48.0,0,Normal,
2015-04-14 15:00:00,-13.1,972.6,7.4,6.0,48.0,0,Normal,
2015-04-14 16:00:00,-13.9,972.6,8.5,147.0,47.0,0,Normal,
2015-04-14 17:00:00,-13.6,972.6,6.2,138.0,46.0,0,Normal,
2015-04-14 18:00:00,-14.3,972.1,9.9,187.0,51.0,0,Normal,
2015-04-14 19:00:00,-14.3,971.4,8.0,164.0,44.0,0,Normal,
2015-04-14 20:00:00,-14.0,970.9,8.4,174.0,43.0,0,Normal,
2015-04-14 21:00:00,-14.5,969.9,7.4,359.0,44.0,0,Normal,
2015-04-14 22:00:00,-13.3,968.5,15.2,172.0,39.0,0,Normal,
2015-04-14 23:00:00,-14.5,968.2,7.8,68.0,44.0,0,Normal,
2015-04-15 00:00:00,-15.3,967.0,4.8,292.0,48.0,0,Normal,
2015-04-15 01:00:00,-15.4,965.7,5.3,191.0,46.0,0,Normal,
2015-04-15 02:00:00,-14.9,964.4,3.3,231.0,42.0,0,Normal,
2015-04-15 03:00:00,-16.7,963.4,5.1,108.0,49.0,0,Normal,
2015-04-15 04:00:00,-16.7,962.5,6.5,67.0,45.0,0,Normal,
2015-04-15 05:00:00,-17.6,962.8,8.1,140.0,54.0,0,Normal,
2015-04-15 06:00:00,-14.5,961.8,13.9,134.0,40.0,0,Normal,
2015-04-15 07:00:00,-13.6,961.1,18.3,152.0,36.0,0,Normal,
2015-04-15 08:00:00,-12.9,960.7,6.2,333.0,36.0,0,Normal,
2015-04-15 09:00:00,-12.6,960.0,2.6,184.0,36.0,0,Normal,
2015-04-15 10:00:00,-13.2,959.6,6.8,147.0,37.0,0,Normal,
2015-04-15 11:00:00,-12.3,959.0,6.7,47.0,40.0,0,Normal,
2015-04-15 12:00:00,-11.7,958.8,6.1,91.0,39.0,0,Normal,
2015-04-15 13:00:00,-12.4,958.2,7.4,130.0,41.0,0,Normal,
2015-04-15 14:00:00,-9.7,957.5,4.4,5.0,33.0,0,Normal,
2015-04-15 15:00:00,-11.6,956.5,5.8,265.0,37.0,0,Normal,
2015-04-15 16:00:00,-14.2,956.0,6.8,59.0,44.0,0,Normal,
2015-04-15 17:00:00,-15.1,955.7,7.0,77.0,42.0,0,Normal,
2015-04-15 18:00:00,-14.3,955.8,2.7,247.0,40.0,0,Normal,
2015-04-15 19:00:00,-16.6,956.2,6.8,301.0,49.0,0,Normal,
2015-04-15 20:00:00,-15.4,956.5,6.6,149.0,38.0,0,Normal,
2015-04-15 21:00:00,-16.8,957.2,4.8,123.0,49.0,0,Normal,
2015-04-15 22:00:00,-16.6,957.7,8.3,136.0,44.0,1,Frozen Sensor,FROZEN_01
2015-04-15 23:00:00,-16.6,958.2,5.4,94.0,43.0,1,Frozen Sensor,FROZEN_01
2015-04-16 00:00:00,-16.6,958.2,6.3,166.0,43.0,1,Frozen Sensor,FROZEN_01
2015-04-16 01:00:00,-16.6,958.3,7.3,274.0,43.0,1,Frozen Sensor,FROZEN_01
2015-04-16 02:00:00,-16.6,958.3,7.9,263.0,42.0,1,Frozen Sensor,FROZEN_01
2015-04-16 03:00:00,-16.6,959.0,6.5,281.0,43.0,1,Frozen Sensor,FROZEN_01
2015-04-16 04:00:00,-16.6,959.0,5.1,357.0,50.0,1,Frozen Sensor,FROZEN_01
2015-04-16 05:00:00,-16.6,959.2,5.7,252.0,52.0,1,Frozen Sensor,FROZEN_01
2015-04-16 06:00:00,-16.6,959.6,5.1,59.0,53.0,1,Frozen Sensor,FROZEN_01
2015-04-16 07:00:00,-16.6,959.9,9.3,278.0,51.0,1,Frozen Sensor,FROZEN_01
2015-04-16 08:00:00,-16.7,959.8,8.5,281.0,40.0,0,Normal,
2015-04-16 09:00:00,-15.8,959.8,7.7,184.0,37.0,0,Normal,
2015-04-16 10:00:00,-17.1,959.7,4.0,148.0,41.0,0,Normal,
2015-04-16 11:00:00,-17.1,960.1,2.6,155.0,39.0,0,Normal,
2015-04-16 12:00:00,-15.0,960.1,4.5,244.0,36.0,0,Normal,
2015-04-16 13:00:00,-14.4,960.5,2.3,323.0,39.0,0,Normal,
2015-04-16 14:00:00,-14.4,960.1,6.7,312.0,38.0,0,Normal,
2015-04-16 15:00:00,-17.0,960.6,9.9,153.0,44.0,0,Normal,
2015-04-16 16:00:00,-17.4,961.1,5.7,101.0,47.0,0,Normal,
2015-04-16 17:00:00,-17.0,961.5,14.8,105.0,43.0,0,Normal,
2015-04-16 18:00:00,-14.8,962.3,26.3,97.0,34.0,0,Normal,
2015-04-16 19:00:00,-14.9,962.5,25.3,118.0,36.0,0,Normal,
2015-04-16 20:00:00,-14.4,962.6,21.7,143.0,35.0,0,Normal,
2015-04-16 21:00:00,-14.2,963.1,19.1,141.0,33.0,0,Normal,
2015-04-16 22:00:00,-13.7,962.8,24.3,134.0,31.0,0,Normal,
2015-04-16 23:00:00,-13.1,962.0,28.4,135.0,29.0,0,Normal,
2015-04-17 00:00:00,-12.9,961.5,27.9,143.0,29.0,0,Normal,
2015-04-17 01:00:00,-12.5,960.8,27.1,145.0,32.0,0,Normal,
2015-04-17 02:00:00,-12.0,960.3,24.0,136.0,31.0,0,Normal,
2015-04-17 03:00:00,-11.9,959.6,21.8,134.0,30.0,0,Normal,
2015-04-17 04:00:00,-11.6,958.7,30.9,136.0,29.0,0,Normal,
2015-04-17 05:00:00,-11.8,958.9,24.9,147.0,29.0,0,Normal,
2015-04-17 06:00:00,-11.4,959.4,21.7,150.0,29.0,0,Normal,
2015-04-17 07:00:00,-11.7,960.2,21.5,162.0,33.0,0,Normal,
2015-04-17 08:00:00,-12.6,961.2,20.8,159.0,36.0,0,Normal,
2015-04-17 09:00:00,-11.2,961.9,18.8,136.0,27.0,0,Normal,
2015-04-17 10:00:00,-11.9,963.0,14.2,112.0,34.0,0,Normal,
2015-04-17 11:00:00,-11.8,963.6,11.1,124.0,33.0,0,Normal,
2015-04-17 12:00:00,-12.1,964.3,4.9,106.0,34.0,0,Normal,
2015-04-17 13:00:00,-11.9,965.0,12.9,95.0,31.0,0,Normal,
2015-04-17 14:00:00,-13.1,965.5,5.4,116.0,37.0,0,Normal,
2015-04-17 15:00:00,-13.2,965.5,8.6,168.0,36.0,0,Normal,
2015-04-17 16:00:00,-13.5,966.0,5.6,131.0,37.0,0,Normal,
2015-04-17 17:00:00,-13.7,966.5,7.4,135.0,35.0,0,Normal,
2015-04-17 18:00:00,-14.3,966.8,8.2,151.0,41.0,0,Normal,
2015-04-17 19:00:00,-14.4,967.1,1.7,138.0,41.0,0,Normal,
2015-04-17 20:00:00,-14.7,967.4,4.3,242.0,41.0,0,Normal,
2015-04-17 21:00:00,-15.5,967.5,5.3,168.0,45.0,0,Normal,
2015-04-17 22:00:00,-16.0,967.3,8.8,179.0,49.0,0,Normal,
2015-04-17 23:00:00,-16.2,967.7,4.7,202.0,47.0,0,Normal,
2015-04-18 00:00:00,-16.3,967.3,6.7,102.0,42.0,0,Normal,
2015-04-18 01:00:00,-15.9,966.6,12.5,164.0,38.0,0,Normal,
2015-04-18 02:00:00,-16.1,966.3,2.8,258.0,43.0,0,Normal,
2015-04-18 03:00:00,-16.9,965.1,6.3,53.0,40.0,0,Normal,
2015-04-18 04:00:00,-17.2,964.7,5.8,79.0,40.0,0,Normal,
2015-04-18 05:00:00,-17.6,964.8,3.2,136.0,45.0,0,Normal,
2015-04-18 06:00:00,-16.6,964.6,12.3,176.0,36.0,0,Normal,
2015-04-18 07:00:00,-17.9,964.9,4.6,130.0,44.0,0,Normal,
2015-04-18 08:00:00,-15.2,965.0,8.2,82.0,33.0,0,Normal,
2015-04-18 09:00:00,-15.5,964.9,10.6,128.0,31.0,0,Normal,
2015-04-18 10:00:00,-14.6,964.9,10.0,125.0,30.0,0,Normal,
2015-04-18 11:00:00,-13.6,964.5,6.8,131.0,27.0,0,Normal,
2015-04-18 12:00:00,-13.4,964.5,11.3,101.0,29.0,0,Normal,
2015-04-18 13:00:00,-13.2,964.3,13.5,90.0,32.0,0,Normal,
2015-04-18 14:00:00,-14.1,964.2,13.2,95.0,42.0,0,Normal,
2015-04-18 15:00:00,-12.4,963.9,15.3,108.0,36.0,0,Normal,
2015-04-18 16:00:00,-13.7,964.0,15.7,115.0,41.0,0,Normal,
2015-04-18 17:00:00,-14.4,964.2,15.1,111.0,45.0,0,Normal,
2015-04-18 18:00:00,-14.3,964.3,11.3,127.0,48.0,0,Normal,
2015-04-18 19:00:00,-14.2,964.4,13.7,113.0,47.0,0,Normal,
2015-04-18 20:00:00,-14.2,964.5,12.1,123.0,51.0,0,Normal,
2015-04-18 21:00:00,-13.7,964.6,13.0,126.0,48.0,0,Normal,
2015-04-18 22:00:00,-13.4,964.4,14.7,114.0,52.0,0,Normal,
2015-04-18 23:00:00,-12.6,964.4,15.3,105.0,50.0,0,Normal,
2015-04-19 00:00:00,-12.4,964.1,15.5,113.0,55.0,0,Normal,
2015-04-19 01:00:00,-11.5,963.5,19.9,132.0,47.0,0,Normal,
2015-04-19 02:00:00,-10.6,962.9,20.4,134.0,42.0,0,Normal,
2015-04-19 03:00:00,-10.9,963.0,17.2,110.0,42.0,0,Normal,
2015-04-19 04:00:00,-11.2,962.9,13.3,105.0,44.0,0,Normal,
2015-04-19 05:00:00,-11.5,963.1,15.1,113.0,47.0,0,Normal,
2015-04-19 06:00:00,-11.2,963.3,20.5,119.0,42.0,0,Normal,
2015-04-19 07:00:00,-10.8,963.3,20.5,126.0,35.0,0,Normal,
2015-04-19 08:00:00,-10.4,963.6,20.3,121.0,34.0,0,Normal,
2015-04-19 09:00:00,-10.2,963.9,21.3,125.0,35.0,0,Normal,
2015-04-19 10:00:00,-9.8,964.0,21.1,129.0,32.0,0,Normal,
2015-04-19 11:00:00,-10.1,964.5,20.3,113.0,38.0,0,Normal,
2015-04-19 12:00:00,-10.1,964.7,17.7,114.0,40.0,0,Normal,
2015-04-19 13:00:00,-9.9,964.9,17.0,111.0,38.0,0,Normal,
2015-04-19 14:00:00,-9.8,964.5,14.8,117.0,43.0,0,Normal,
2015-04-19 15:00:00,-9.8,964.7,13.1,110.0,42.0,0,Normal,
2015-04-19 16:00:00,-9.6,965.0,15.0,111.0,40.0,0,Normal,
2015-04-19 17:00:00,-9.2,965.6,15.0,108.0,36.0,0,Normal,
2015-04-19 18:00:00,-9.4,966.0,14.0,106.0,36.0,0,Normal,
2015-04-19 19:00:00,-9.3,966.1,15.3,126.0,34.0,0,Normal,
2015-04-19 20:00:00,-9.3,966.6,15.1,117.0,36.0,0,Normal,
2015-04-19 21:00:00,-10.7,967.1,10.2,132.0,48.0,0,Normal,
2015-04-19 22:00:00,-10.3,967.2,8.5,57.0,44.0,0,Normal,
2015-04-19 23:00:00,-10.5,967.6,8.9,127.0,39.0,0,Normal,
2015-04-20 00:00:00,-10.8,967.8,12.3,94.0,39.0,0,Normal,
2015-04-20 01:00:00,-10.9,967.9,15.1,110.0,36.0,0,Normal,
2015-04-20 02:00:00,-10.6,967.7,11.4,114.0,36.0,0,Normal,
2015-04-20 03:00:00,-10.7,967.3,9.4,125.0,41.0,0,Normal,
2015-04-20 04:00:00,-10.7,967.7,18.5,160.0,42.0,0,Normal,
2015-04-20 05:00:00,-10.9,967.9,16.1,149.0,39.0,0,Normal,
2015-04-20 06:00:00,-10.9,968.6,10.8,119.0,37.0,0,Normal,
2015-04-20 07:00:00,-11.4,968.8,12.5,134.0,38.0,0,Normal,
2015-04-20 08:00:00,-12.6,969.5,10.1,63.0,45.0,0,Normal,
2015-04-20 09:00:00,-11.9,969.8,19.4,108.0,36.0,0,Normal,
2015-04-20 10:00:00,-10.3,970.0,22.2,116.0,30.0,0,Normal,
2015-04-20 11:00:00,-9.8,970.0,22.1,115.0,32.0,0,Normal,
2015-04-20 12:00:00,-9.4,969.6,25.0,117.0,30.0,0,Normal,
2015-04-20 13:00:00,-9.7,969.8,19.6,134.0,34.0,0,Normal,
2015-04-20 14:00:00,-10.3,970.1,21.1,123.0,32.0,0,Normal,
2015-04-20 15:00:00,-11.8,970.4,21.8,150.0,42.0,0,Normal,
2015-04-20 16:00:00,-13.4,971.3,13.1,119.0,44.0,0,Normal,
2015-04-20 17:00:00,-13.7,972.3,15.2,112.0,39.0,0,Normal,
2015-04-20 18:00:00,-13.7,972.6,19.0,103.0,35.0,0,Normal,
2015-04-20 19:00:00,-14.5,972.9,17.9,158.0,42.0,0,Normal,
2015-04-20 20:00:00,-14.4,973.6,14.7,108.0,38.0,0,Normal,
2015-04-20 21:00:00,-14.1,973.4,17.6,110.0,34.0,0,Normal,
2015-04-20 22:00:00,-14.6,973.9,27.4,113.0,36.0,0,Normal,
2015-04-20 23:00:00,-14.6,973.3,17.0,114.0,40.0,0,Normal,
2015-04-21 00:00:00,-14.2,974.0,20.8,96.0,38.0,0,Normal,
2015-04-21 01:00:00,-14.0,973.5,23.7,106.0,35.0,0,Normal,
2015-04-21 02:00:00,-13.7,973.4,17.5,101.0,35.0,0,Normal,
2015-04-21 03:00:00,-13.3,973.4,24.1,115.0,31.0,0,Normal,
2015-04-21 04:00:00,-13.2,973.7,17.1,101.0,32.0,0,Normal,
2015-04-21 05:00:00,-12.6,973.5,15.7,115.0,32.0,0,Normal,
2015-04-21 06:00:00,-12.2,973.0,18.7,134.0,31.0,0,Normal,
2015-04-21 07:00:00,-12.0,972.5,20.9,138.0,30.0,0,Normal,
2015-04-21 08:00:00,-11.4,972.6,19.3,138.0,29.0,0,Normal,
2015-04-21 09:00:00,-10.5,972.5,25.4,129.0,27.0,0,Normal,
2015-04-21 10:00:00,-9.7,972.6,26.6,131.0,25.0,0,Normal,
2015-04-21 11:00:00,-9.1,972.4,28.5,135.0,25.0,0,Normal,
2015-04-21 12:00:00,-8.9,972.1,28.1,134.0,24.0,0,Normal,
2015-04-21 13:00:00,-8.5,972.1,28.1,134.0,25.0,0,Normal,
2015-04-21 14:00:00,-8.8,972.1,22.5,129.0,25.0,0,Normal,
2015-04-21 15:00:00,-8.9,972.2,23.6,130.0,25.0,0,Normal,
2015-04-21 16:00:00,-8.7,971.8,26.3,135.0,24.0,0,Normal,
2015-04-21 17:00:00,-10.1,971.4,27.1,163.0,29.0,0,Normal,
2015-04-21 18:00:00,-10.5,970.7,28.3,161.0,30.0,0,Normal,
2015-04-21 19:00:00,-10.6,970.3,27.0,170.0,31.0,0,Normal,
2015-04-21 20:00:00,-10.6,969.7,30.5,168.0,31.0,0,Normal,
2015-04-21 21:00:00,-10.2,969.5,32.1,169.0,28.0,0,Normal,
2015-04-21 22:00:00,-10.2,968.8,33.0,168.0,29.0,0,Normal,
2015-04-21 23:00:00,-10.1,968.5,30.9,169.0,27.0,0,Normal,
2015-04-22 00:00:00,-10.2,968.1,33.9,167.0,26.0,0,Normal,
2015-04-22 01:00:00,-10.7,967.8,31.6,169.0,27.0,0,Normal,
2015-04-22 02:00:00,-10.7,967.0,29.2,170.0,27.0,0,Normal,
2015-04-22 03:00:00,-11.6,966.7,26.6,175.0,32.0,0,Normal,
2015-04-22 04:00:00,-11.7,966.1,23.1,167.0,32.0,0,Normal,
2015-04-22 05:00:00,-12.2,965.2,28.7,177.0,33.0,0,Normal,
2015-04-22 06:00:00,-11.9,964.6,26.7,176.0,31.0,0,Normal,
2015-04-22 07:00:00,-11.7,964.1,23.0,167.0,31.0,0,Normal,
2015-04-22 08:00:00,-10.8,963.7,30.6,173.0,29.0,0,Normal,
2015-04-22 09:00:00,-11.2,963.7,24.3,169.0,34.0,0,Normal,
2015-04-22 10:00:00,-11.5,963.7,25.8,167.0,35.0,0,Normal,
2015-04-22 11:00:00,-11.7,963.6,31.2,168.0,35.0,0,Normal,
2015-04-22 12:00:00,-12.1,964.3,30.6,167.0,37.0,0,Normal,
2015-04-22 13:00:00,-12.3,965.1,22.7,173.0,36.0,0,Normal,
2015-04-22 14:00:00,-12.0,965.7,24.7,166.0,34.0,0,Normal,
2015-04-22 15:00:00,-11.3,965.7,28.5,149.0,37.0,0,Normal,
2015-04-22 16:00:00,-10.9,965.9,26.9,143.0,36.0,0,Normal,
2015-04-22 17:00:00,-10.4,966.0,28.4,137.0,35.0,0,Normal,
2015-04-22 18:00:00,-10.2,966.2,22.9,141.0,34.0,0,Normal,
2015-04-22 19:00:00,-10.2,966.6,24.0,134.0,35.0,0,Normal,
2015-04-22 20:00:00,-10.3,966.7,23.8,134.0,35.0,0,Normal,
2015-04-22 21:00:00,-10.2,966.7,22.3,132.0,35.0,0,Normal,
2015-04-22 22:00:00,-10.2,966.5,20.3,131.0,35.0,0,Normal,
2015-04-22 23:00:00,-10.6,966.3,23.3,134.0,34.0,0,Normal,
2015-04-23 00:00:00,-10.7,966.2,22.0,135.0,35.0,0,Normal,
2015-04-23 01:00:00,-10.7,965.8,19.4,124.0,32.0,0,Normal,
2015-04-23 02:00:00,-11.1,965.8,27.7,138.0,32.0,0,Normal,
2015-04-23 03:00:00,-11.1,965.7,23.8,135.0,32.0,0,Normal,
2015-04-23 04:00:00,-11.5,965.7,21.2,135.0,34.0,0,Normal,
2015-04-23 05:00:00,-12.3,965.5,20.9,146.0,36.0,0,Normal,
2015-04-23 06:00:00,-12.7,965.2,23.4,156.0,35.0,0,Normal,
2015-04-23 07:00:00,-12.1,965.3,23.4,143.0,33.0,0,Normal,
2015-04-23 08:00:00,-12.1,964.9,18.8,138.0,32.0,0,Normal,
2015-04-23 09:00:00,-12.1,965.1,15.7,124.0,33.0,0,Normal,
2015-04-23 10:00:00,-12.3,965.4,15.8,134.0,36.0,0,Normal,
2015-04-23 11:00:00,-12.1,965.2,18.8,137.0,34.0,0,Normal,
2015-04-23 12:00:00,-12.1,965.0,21.6,136.0,33.0,0,Normal,
2015-04-23 13:00:00,-12.5,965.1,20.8,140.0,34.0,0,Normal,
2015-04-23 14:00:00,-12.2,965.3,21.0,132.0,30.0,0,Normal,
2015-04-23 15:00:00,-12.5,965.4,23.6,133.0,32.0,0,Normal,
2015-04-23 16:00:00,-12.6,965.8,17.1,122.0,33.0,0,Normal,
2015-04-23 17:00:00,-12.4,966.1,20.6,118.0,30.0,0,Normal,
2015-04-23 18:00:00,-12.7,966.6,14.9,133.0,30.0,0,Normal,
2015-04-23 19:00:00,-12.5,967.2,22.9,128.0,31.0,0,Normal,
2015-04-23 20:00:00,-12.6,967.4,20.6,141.0,34.0,0,Normal,
2015-04-23 21:00:00,-12.2,968.0,23.8,142.0,34.0,0,Normal,
2015-04-23 22:00:00,-11.8,968.8,26.1,134.0,37.0,0,Normal,
2015-04-23 23:00:00,-11.5,969.8,25.1,134.0,40.0,0,Normal,
2015-04-24 00:00:00,-11.1,970.5,20.3,124.0,37.0,0,Normal,
2015-04-24 01:00:00,-10.9,970.7,18.9,143.0,39.0,0,Normal,
2015-04-24 02:00:00,-10.7,971.5,17.9,126.0,40.0,0,Normal,
2015-04-24 03:00:00,-10.5,971.9,24.2,135.0,41.0,0,Normal,
2015-04-24 04:00:00,-10.2,972.6,23.9,136.0,41.0,0,Normal,
2015-04-24 05:00:00,-10.1,973.0,23.6,129.0,43.0,0,Normal,
2015-04-24 06:00:00,-10.0,973.5,22.1,132.0,45.0,0,Normal,
2015-04-24 07:00:00,-9.9,974.3,21.0,130.0,46.0,0,Normal,
2015-04-24 08:00:00,-9.8,974.9,21.7,129.0,43.0,0,Normal,
2015-04-24 09:00:00,-9.5,975.5,17.5,127.0,42.0,0,Normal,
2015-04-24 10:00:00,-9.6,976.0,19.3,137.0,42.0,0,Normal,
2015-04-24 11:00:00,-9.6,976.2,19.7,132.0,37.0,0,Normal,
2015-04-24 12:00:00,-9.5,976.8,17.0,133.0,36.0,0,Normal,
2015-04-24 13:00:00,-9.6,977.3,17.4,115.0,35.0,0,Normal,
2015-04-24 14:00:00,-9.9,977.0,16.7,127.0,34.0,0,Normal,
2015-04-24 15:00:00,-10.5,977.4,16.1,123.0,34.0,0,Normal,
2015-04-24 16:00:00,-10.5,977.0,23.8,140.0,33.0,0,Normal,
2015-04-24 17:00:00,-10.3,977.1,23.4,138.0,31.0,0,Normal,
2015-04-24 18:00:00,-10.3,977.3,24.7,136.0,30.0,0,Normal,
2015-04-24 19:00:00,-10.4,976.9,23.8,140.0,32.0,0,Normal,
2015-04-24 20:00:00,-10.3,976.5,25.8,144.0,31.0,0,Normal,
2015-04-24 21:00:00,-9.9,976.5,25.3,142.0,30.0,0,Normal,
2015-04-24 22:00:00,-10.4,976.6,18.7,126.0,30.0,0,Normal,
2015-04-24 23:00:00,-11.2,976.3,28.2,141.0,32.0,0,Normal,
2015-04-25 00:00:00,-11.2,975.7,33.3,148.0,33.0,0,Normal,
2015-04-25 01:00:00,-11.3,974.8,33.8,151.0,32.0,0,Normal,
2015-04-25 02:00:00,-11.1,974.3,32.2,159.0,33.0,0,Normal,
2015-04-25 03:00:00,-11.3,974.0,34.5,150.0,32.0,0,Normal,
2015-04-25 04:00:00,-11.4,973.6,40.6,152.0,32.0,0,Normal,
2015-04-25 05:00:00,-11.2,974.1,35.2,147.0,33.0,0,Normal,
2015-04-25 06:00:00,-10.7,974.4,24.2,138.0,28.0,0,Normal,
2015-04-25 07:00:00,-10.5,975.2,22.8,125.0,29.0,0,Normal,
2015-04-25 08:00:00,-11.0,974.9,23.1,138.0,31.0,0,Normal,
2015-04-25 09:00:00,-11.0,975.9,20.5,116.0,32.0,0,Normal,
2015-04-25 10:00:00,-10.8,976.1,26.9,112.0,27.0,0,Normal,
2015-04-25 11:00:00,-10.9,975.6,24.6,114.0,34.0,0,Normal,
2015-04-25 12:00:00,-11.0,975.3,20.2,115.0,32.0,0,Normal,
2015-04-25 13:00:00,-10.8,974.6,19.6,118.0,33.0,0,Normal,
2015-04-25 14:00:00,-10.8,974.1,24.5,116.0,30.0,0,Normal,
2015-04-25 15:00:00,-10.6,973.5,20.7,117.0,33.0,0,Normal,
2015-04-25 16:00:00,-9.9,972.9,23.3,118.0,31.0,0,Normal,
2015-04-25 17:00:00,-9.8,971.3,30.6,129.0,29.0,0,Normal,
2015-04-25 18:00:00,-9.8,970.4,31.6,132.0,29.0,0,Normal,
2015-04-25 19:00:00,-9.7,970.0,33.4,132.0,27.0,0,Normal,
2015-04-25 20:00:00,-9.6,968.0,34.3,128.0,27.0,0,Normal,
2015-04-25 21:00:00,-9.2,967.2,31.8,121.0,26.0,0,Normal,
2015-04-25 22:00:00,-8.8,965.6,27.9,124.0,27.0,0,Normal,
2015-04-25 23:00:00,-8.4,962.9,37.1,130.0,25.0,0,Normal,
2015-04-26 00:00:00,-8.3,962.6,28.9,123.0,27.0,0,Normal,
2015-04-26 01:00:00,-8.2,960.4,36.0,137.0,27.0,0,Normal,
2015-04-26 02:00:00,-8.0,959.3,35.7,124.0,26.0,0,Normal,
2015-04-26 03:00:00,-7.9,958.6,37.8,133.0,27.0,0,Normal,
2015-04-26 04:00:00,-8.2,957.1,38.1,134.0,29.0,0,Normal,
2015-04-26 05:00:00,-7.8,955.2,46.8,142.0,31.0,0,Normal,
2015-04-26 06:00:00,-7.2,954.4,49.6,145.0,33.0,0,Normal,
2015-04-26 07:00:00,-6.4,954.4,48.4,148.0,37.0,0,Normal,
2015-04-26 08:00:00,50.0,950.0,49.8,142.0,25.0,1,Multivariate Inconsistency,MULTI_01
2015-04-26 09:00:00,-5.9,953.3,46.4,141.0,42.0,0,Normal,
2015-04-26 10:00:00,-5.9,953.3,44.9,145.0,37.0,0,Normal,
2015-04-26 11:00:00,-6.1,952.8,47.9,146.0,32.0,0,Normal,
2015-04-26 12:00:00,-5.8,951.9,50.5,145.0,29.0,0,Normal,
2015-04-26 13:00:00,-5.7,952.1,44.3,141.0,30.0,0,Normal,
2015-04-26 14:00:00,-6.1,952.7,44.6,144.0,32.0,0,Normal,
2015-04-26 15:00:00,-6.2,952.6,38.8,142.0,33.0,0,Normal,
2015-04-26 16:00:00,-6.1,953.0,41.3,140.0,34.0,0,Normal,
2015-04-26 17:00:00,-6.0,953.1,36.9,143.0,37.0,0,Normal,
2015-04-26 18:00:00,-6.2,953.8,34.8,144.0,36.0,0,Normal,
2015-04-26 19:00:00,-6.2,953.3,37.2,145.0,38.0,0,Normal,
2015-04-26 20:00:00,-6.1,953.7,35.4,140.0,39.0,0,Normal,
2015-04-26 21:00:00,-6.3,954.1,36.6,132.0,40.0,0,Normal,
2015-04-26 22:00:00,-6.5,954.1,38.5,130.0,42.0,0,Normal,
2015-04-26 23:00:00,-6.5,954.5,39.0,130.0,41.0,0,Normal,
2015-04-27 00:00:00,-6.5,954.8,39.9,141.0,42.0,0,Normal,
2015-04-27 01:00:00,-6.6,955.2,41.5,146.0,43.0,0,Normal,
2015-04-27 02:00:00,-6.5,954.9,44.8,142.0,40.0,0,Normal,
2015-04-27 03:00:00,-6.7,955.2,43.3,142.0,41.0,0,Normal,
2015-04-27 04:00:00,-6.8,955.6,40.3,141.0,42.0,0,Normal,
2015-04-27 05:00:00,-6.7,956.5,37.6,136.0,42.0,0,Normal,
2015-04-27 06:00:00,-6.6,957.5,35.5,140.0,42.0,0,Normal,
2015-04-27 07:00:00,-6.6,958.0,39.0,142.0,41.0,0,Normal,
2015-04-27 08:00:00,-6.4,958.2,39.7,144.0,39.0,0,Normal,
2015-04-27 09:00:00,-6.6,958.0,42.2,145.0,39.0,0,Normal,
2015-04-27 10:00:00,-6.7,958.2,45.7,147.0,38.0,0,Normal,
2015-04-27 11:00:00,-6.2,958.6,48.6,148.0,36.0,0,Normal,
2015-04-27 12:00:00,-6.0,958.3,43.8,146.0,36.0,0,Normal,
2015-04-27 13:00:00,-5.8,958.1,45.4,148.0,37.0,0,Normal,
2015-04-27 14:00:00,-5.9,958.7,43.1,146.0,37.0,0,Normal,
2015-04-27 15:00:00,-6.0,959.6,43.0,147.0,37.0,0,Normal,
2015-04-27 16:00:00,-5.8,959.8,45.8,151.0,38.0,0,Normal,
2015-04-27 17:00:00,-5.6,960.0,36.8,150.0,39.0,0,Normal,
2015-04-27 18:00:00,-5.1,960.1,33.7,151.0,37.0,0,Normal,
2015-04-27 19:00:00,-4.8,960.2,40.4,156.0,37.0,0,Normal,
2015-04-27 20:00:00,-4.4,960.2,39.4,153.0,35.0,0,Normal,
2015-04-27 21:00:00,-4.8,960.3,35.8,151.0,36.0,0,Normal,
2015-04-27 22:00:00,-4.2,960.1,38.3,150.0,33.0,0,Normal,
2015-04-27 23:00:00,-5.0,960.8,28.4,152.0,40.0,0,Normal,
2015-04-28 00:00:00,-4.9,960.6,42.7,162.0,35.0,0,Normal,
2015-04-28 01:00:00,-6.8,961.0,34.1,168.0,39.0,0,Normal,
2015-04-28 02:00:00,-6.3,961.1,34.6,167.0,36.0,0,Normal,
2015-04-28 03:00:00,-6.4,961.2,34.2,168.0,35.0,0,Normal,
2015-04-28 04:00:00,-6.5,961.4,32.2,168.0,36.0,0,Normal,
2015-04-28 05:00:00,-6.2,961.4,31.5,168.0,35.0,0,Normal,
2015-04-28 06:00:00,-5.8,961.6,30.4,167.0,34.0,0,Normal,
2015-04-28 07:00:00,-5.5,962.2,30.8,164.0,33.0,0,Normal,
2015-04-28 08:00:00,-5.7,962.4,29.9,168.0,34.0,0,Normal,
2015-04-28 09:00:00,-5.7,962.7,24.7,165.0,35.0,0,Normal,
2015-04-28 10:00:00,-6.0,963.4,22.3,174.0,36.0,0,Normal,
2015-04-28 11:00:00,-6.3,964.3,22.0,176.0,38.0,0,Normal,
2015-04-28 12:00:00,-7.5,964.5,22.7,179.0,42.0,0,Normal,
2015-04-28 13:00:00,-7.3,964.9,20.3,180.0,45.0,0,Normal,
2015-04-28 14:00:00,-7.9,965.1,23.9,178.0,41.0,0,Normal,
2015-04-28 15:00:00,-8.2,965.6,24.0,181.0,41.0,0,Normal,
2015-04-28 16:00:00,-8.3,966.1,22.6,182.0,44.0,0,Normal,
2015-04-28 17:00:00,-8.4,966.6,23.2,183.0,44.0,0,Normal,
2015-04-28 18:00:00,-8.1,967.3,23.0,177.0,40.0,0,Normal,
2015-04-28 19:00:00,-8.1,967.4,21.9,177.0,38.0,0,Normal,
2015-04-28 20:00:00,-8.4,968.1,22.5,177.0,40.0,0,Normal,
2015-04-28 21:00:00,-9.0,968.3,21.4,183.0,41.0,0,Normal,
2015-04-28 22:00:00,-10.2,968.6,24.1,184.0,43.0,0,Normal,
2015-04-28 23:00:00,-10.7,968.6,24.4,184.0,40.0,0,Normal,
2015-04-29 00:00:00,-11.1,969.0,25.7,184.0,42.0,0,Normal,
2015-04-29 01:00:00,-11.6,969.2,24.4,185.0,45.0,0,Normal,
2015-04-29 02:00:00,-10.6,969.2,21.6,186.0,41.0,0,Normal,
2015-04-29 03:00:00,-11.6,969.7,6.5,313.0,42.0,0,Normal,
2015-04-29 04:00:00,-11.1,969.5,17.6,182.0,38.0,0,Normal,
2015-04-29 05:00:00,-11.2,969.5,16.2,181.0,37.0,0,Normal,
2015-04-29 06:00:00,-13.0,969.5,20.2,184.0,44.0,0,Normal,
2015-04-29 07:00:00,-12.6,969.5,18.6,182.0,39.0,0,Normal,
2015-04-29 08:00:00,-12.2,969.7,15.7,178.0,39.0,0,Normal,
2015-04-29 09:00:00,-12.3,969.7,12.5,173.0,39.0,0,Normal,
2015-04-29 10:00:00,-12.1,969.7,15.5,180.0,42.0,0,Normal,
2015-04-29 11:00:00,-12.2,969.6,16.7,184.0,44.0,0,Normal,
2015-04-29 12:00:00,-11.9,969.4,10.0,180.0,44.0,0,Normal,
2015-04-29 13:00:00,-10.9,969.4,4.1,33.0,42.0,0,Normal,
2015-04-29 14:00:00,-12.3,969.0,3.9,66.0,45.0,0,Normal,
2015-04-29 15:00:00,-14.4,968.6,5.2,99.0,54.0,0,Normal,
2015-04-29 16:00:00,-14.9,968.4,5.7,172.0,57.0,0,Normal,
2015-04-29 17:00:00,-13.9,968.0,11.6,191.0,49.0,0,Normal,
2015-04-29 18:00:00,-15.1,967.6,19.6,187.0,52.0,0,Normal,
2015-04-29 19:00:00,-14.5,967.6,3.5,119.0,50.0,0,Normal,
2015-04-29 20:00:00,-14.2,967.2,11.3,191.0,48.0,0,Normal,
2015-04-29 21:00:00,-14.9,967.0,4.8,38.0,51.0,0,Normal,
2015-04-29 22:00:00,-13.8,966.6,6.5,97.0,46.0,0,Normal,
2015-04-29 23:00:00,-14.9,966.6,3.8,214.0,50.0,0,Normal,
2015-04-30 00:00:00,-14.3,966.6,5.8,8.0,47.0,0,Normal,
2015-04-30 01:00:00,-15.7,966.7,5.7,233.0,52.0,0,Normal,
2015-04-30 02:00:00,-15.2,966.2,4.5,127.0,46.0,0,Normal,
2015-04-30 03:00:00,-14.2,965.6,9.8,179.0,39.0,0,Normal,
2015-04-30 04:00:00,-14.3,965.4,5.1,135.0,36.0,0,Normal,
2015-04-30 05:00:00,-16.3,965.6,6.8,240.0,49.0,0,Normal,
2015-04-30 06:00:00,-16.5,965.9,5.5,198.0,49.0,0,Normal,
2015-04-30 07:00:00,-16.1,966.1,7.1,207.0,48.0,0,Normal,
2015-04-30 08:00:00,-15.3,965.7,4.4,166.0,43.0,0,Normal,
2015-04-30 09:00:00,-15.7,965.9,5.8,180.0,43.0,0,Normal,
2015-04-30 10:00:00,-15.8,965.7,7.4,193.0,46.0,0,Normal,
2015-04-30 11:00:00,-15.1,965.6,1.8,42.0,43.0,0,Normal,
2015-04-30 12:00:00,-14.5,965.6,3.8,112.0,41.0,0,Normal,
2015-04-30 13:00:00,-13.7,965.3,5.8,248.0,39.0,0,Normal,
2015-04-30 14:00:00,-14.0,965.1,8.3,57.0,38.0,0,Normal,
2015-04-30 15:00:00,-16.1,965.3,9.5,266.0,49.0,0,Normal,
2015-04-30 16:00:00,-16.2,965.1,7.4,272.0,49.0,0,Normal,
2015-04-30 17:00:00,-16.3,965.2,6.4,241.0,53.0,0,Normal,
2015-04-30 18:00:00,-15.6,965.1,5.3,222.0,49.0,0,Normal,
2015-04-30 19:00:00,-14.9,965.2,12.6,101.0,41.0,0,Normal,
2015-04-30 20:00:00,-14.0,964.9,11.8,119.0,42.0,0,Normal,
2015-04-30 21:00:00,-13.9,964.7,12.5,117.0,41.0,0,Normal,
2015-04-30 22:00:00,-13.2,964.4,13.1,124.0,38.0,0,Normal,
2015-04-30 23:00:00,-13.6,964.4,15.6,125.0,36.0,0,Normal,
2015-05-01 09:00:00,-16.1,959.0,21.2,183.0,36.0,0,Normal,
2015-05-01 10:00:00,-16.7,958.2,18.5,185.0,39.0,0,Normal,
2015-05-01 11:00:00,-17.0,957.4,23.6,192.0,37.0,0,Normal,
2015-05-01 12:00:00,-16.5,956.3,15.7,195.0,36.0,0,Normal,
2015-05-01 13:00:00,-16.4,955.0,9.8,180.0,36.0,0,Normal,
2015-05-01 14:00:00,-16.8,953.5,22.9,186.0,36.0,0,Normal,
2015-05-01 15:00:00,-17.6,952.8,16.6,186.0,39.0,0,Normal,
2015-05-01 16:00:00,-17.7,951.5,18.0,191.0,38.0,0,Normal,
2015-05-01 17:00:00,-18.0,950.4,16.1,195.0,39.0,0,Normal,
2015-05-01 18:00:00,-18.5,949.2,18.3,191.0,38.0,0,Normal,
2015-05-01 19:00:00,-18.2,947.8,16.1,189.0,40.0,0,Normal,
2015-05-01 20:00:00,-17.6,946.8,11.0,183.0,39.0,0,Normal,
2015-05-01 21:00:00,-17.9,946.0,16.2,187.0,36.0,0,Normal,
2015-05-01 22:00:00,-17.9,944.9,21.8,179.0,35.0,0,Normal,
2015-05-01 23:00:00,-17.8,944.1,23.1,180.0,34.0,0,Normal,
2015-05-02 00:00:00,-16.2,942.9,21.5,178.0,31.0,0,Normal,
2015-05-02 01:00:00,-16.2,942.4,5.8,116.0,33.0,0,Normal,
2015-05-02 02:00:00,-16.6,941.4,8.5,161.0,36.0,0,Normal,
2015-05-02 03:00:00,-16.1,940.6,7.5,109.0,38.0,0,Normal,
2015-05-02 04:00:00,-20.4,940.0,6.9,102.0,50.0,0,Normal,
2015-05-02 05:00:00,-20.6,939.4,6.2,108.0,51.0,0,Normal,
2015-05-02 06:00:00,-21.3,938.9,6.8,84.0,54.0,0,Normal,
2015-05-02 07:00:00,-21.4,938.6,4.0,109.0,56.0,0,Normal,
2015-05-02 08:00:00,-21.3,938.4,6.6,74.0,60.0,0,Normal,
2015-05-02 09:00:00,-21.6,938.0,4.9,80.0,65.0,0,Normal,
2015-05-02 10:00:00,-21.9,937.7,5.0,23.0,66.0,0,Normal,
2015-05-02 11:00:00,-23.5,937.7,6.1,354.0,67.0,0,Normal,
2015-05-02 12:00:00,-23.1,938.4,10.1,98.0,67.0,0,Normal,
2015-05-02 13:00:00,-21.6,940.5,16.4,110.0,72.0,0,Normal,
2015-05-02 14:00:00,-21.8,943.1,17.1,112.0,70.0,0,Normal,
2015-05-02 15:00:00,-21.8,946.3,16.4,108.0,73.0,0,Normal,
2015-05-02 16:00:00,-21.0,948.7,12.4,137.0,74.0,0,Normal,
2015-05-02 17:00:00,-18.8,950.1,14.3,163.0,73.0,0,Normal,
2015-05-02 18:00:00,-17.8,951.3,17.4,166.0,74.0,0,Normal,
2015-05-02 19:00:00,-17.1,952.4,16.8,161.0,75.0,0,Normal,
2015-05-02 20:00:00,-17.0,953.2,18.6,159.0,79.0,0,Normal,
2015-05-02 21:00:00,-17.2,954.1,22.3,167.0,74.0,0,Normal,
2015-05-02 22:00:00,-16.9,954.7,21.9,169.0,71.0,0,Normal,
2015-05-02 23:00:00,-16.7,954.6,24.3,168.0,69.0,0,Normal,
2015-05-03 00:00:00,-16.5,956.0,15.8,131.0,67.0,0,Normal,
2015-05-03 01:00:00,-16.4,956.3,19.0,138.0,72.0,0,Normal,
2015-05-03 02:00:00,-17.0,956.9,15.7,124.0,72.0,0,Normal,
2015-05-03 03:00:00,-17.0,957.0,21.6,141.0,70.0,0,Normal,
2015-05-03 04:00:00,-16.6,956.7,19.9,144.0,69.0,0,Normal,
2015-05-03 05:00:00,-16.1,956.2,21.3,151.0,70.0,0,Normal,
2015-05-03 06:00:00,-16.0,956.3,20.4,140.0,72.0,0,Normal,
2015-05-03 07:00:00,-15.7,956.3,17.6,117.0,71.0,0,Normal,
2015-05-03 08:00:00,-15.1,956.0,20.6,133.0,66.0,0,Normal,
2015-05-03 09:00:00,-15.4,956.1,19.6,132.0,66.0,0,Normal,
2015-05-03 10:00:00,-15.4,955.8,22.4,143.0,66.0,0,Normal,
2015-05-03 11:00:00,-15.0,954.9,26.1,140.0,77.0,0,Normal,
2015-05-03 12:00:00,-14.5,954.1,29.0,142.0,75.0,0,Normal,
2015-05-03 13:00:00,-14.2,954.1,25.7,140.0,73.0,0,Normal,
2015-05-03 14:00:00,-14.2,953.7,28.1,135.0,75.0,0,Normal,
2015-05-03 15:00:00,-14.3,953.5,29.8,135.0,72.0,0,Normal,
2015-05-03 16:00:00,-14.4,953.3,27.5,136.0,71.0,0,Normal,
2015-05-03 17:00:00,-14.3,953.5,24.2,129.0,69.0,0,Normal,
2015-05-03 18:00:00,-14.3,953.8,24.5,135.0,68.0,0,Normal,
2015-05-03 19:00:00,-14.4,953.8,26.7,134.0,68.0,0,Normal,
2015-05-03 20:00:00,-14.6,953.5,28.7,139.0,66.0,0,Normal,
2015-05-03 21:00:00,-14.4,953.4,28.4,135.0,61.0,0,Normal,
2015-05-03 22:00:00,-14.3,953.6,28.1,136.0,59.0,0,Normal,
2015-05-03 23:00:00,-14.5,953.7,23.9,128.0,63.0,0,Normal,
2015-05-04 00:00:00,-14.1,953.7,26.6,129.0,60.0,0,Normal,
2015-05-04 01:00:00,-13.7,954.0,26.4,128.0,55.0,0,Normal,
2015-05-04 02:00:00,-13.6,954.0,16.6,126.0,57.0,0,Normal,
2015-05-04 03:00:00,-13.4,954.2,23.7,128.0,57.0,0,Normal,
2015-05-04 04:00:00,-12.8,953.9,22.5,139.0,51.0,0,Normal,
2015-05-04 05:00:00,-13.2,954.3,25.7,141.0,50.0,0,Normal,
2015-05-04 06:00:00,-12.8,954.9,35.0,140.0,47.0,0,Normal,
2015-05-04 07:00:00,-12.3,955.6,30.6,140.0,43.0,0,Normal,
2015-05-04 08:00:00,-12.3,956.6,32.8,139.0,42.0,0,Normal,
2015-05-04 09:00:00,-12.4,957.5,33.9,142.0,41.0,0,Normal,
2015-05-04 10:00:00,-12.0,958.1,32.2,139.0,39.0,0,Normal,
2015-05-04 11:00:00,-12.0,959.0,26.6,144.0,41.0,0,Normal,
2015-05-04 12:00:00,-12.2,960.0,28.0,161.0,44.0,0,Normal,
2015-05-04 13:00:00,-12.5,961.0,29.9,148.0,46.0,0,Normal,
2015-05-04 14:00:00,-12.1,961.8,28.7,159.0,40.0,0,Normal,
2015-05-04 15:00:00,-13.3,962.1,27.8,152.0,45.0,0,Normal,
2015-05-04 16:00:00,-13.6,962.9,30.2,150.0,47.0,0,Normal,
2015-05-04 17:00:00,-13.6,964.1,27.3,157.0,47.0,0,Normal,
2015-05-04 18:00:00,-13.0,965.1,29.8,158.0,42.0,0,Normal,
2015-05-04 19:00:00,-12.8,965.4,33.1,160.0,43.0,0,Normal,
2015-05-04 20:00:00,-12.6,966.1,33.2,166.0,43.0,0,Normal,
2015-05-04 21:00:00,-12.0,967.0,32.5,161.0,39.0,0,Normal,
2015-05-04 22:00:00,-12.8,967.7,27.4,161.0,46.0,0,Normal,
2015-05-04 23:00:00,-12.4,968.6,24.4,163.0,45.0,0,Normal,
2015-05-05 00:00:00,-11.6,969.1,26.6,158.0,44.0,0,Normal,
2015-05-05 01:00:00,-11.0,969.9,32.3,162.0,44.0,0,Normal,
2015-05-05 02:00:00,-10.7,969.7,30.4,169.0,46.0,0,Normal,
2015-05-05 03:00:00,-9.6,970.5,35.8,167.0,43.0,0,Normal,
2015-05-05 04:00:00,-9.5,970.1,30.0,171.0,46.0,0,Normal,
2015-05-05 05:00:00,-9.2,970.4,32.9,171.0,45.0,0,Normal,
2015-05-05 06:00:00,-9.5,971.1,28.6,177.0,43.0,0,Normal,
2015-05-05 07:00:00,-9.9,970.7,34.5,174.0,42.0,0,Normal,
2015-05-05 08:00:00,-9.4,970.8,36.6,171.0,39.0,0,Normal,
2015-05-05 09:00:00,-9.0,971.3,32.3,173.0,37.0,0,Normal,
2015-05-05 10:00:00,-10.0,971.6,32.4,178.0,40.0,0,Normal,
2015-05-05 11:00:00,-10.6,971.4,29.9,177.0,45.0,0,Normal,
2015-05-05 12:00:00,-10.6,971.4,34.8,178.0,43.0,0,Normal,
2015-05-05 13:00:00,-8.8,971.8,35.1,167.0,37.0,0,Normal,
2015-05-05 14:00:00,-9.2,971.1,31.8,178.0,41.0,0,Normal,
2015-05-05 15:00:00,-9.1,970.5,34.0,178.0,40.0,0,Normal,
2015-05-05 16:00:00,-8.4,969.9,33.1,177.0,37.0,0,Normal,
2015-05-05 17:00:00,-8.8,969.7,29.9,178.0,38.0,0,Normal,
2015-05-05 18:00:00,-8.4,969.1,31.6,178.0,35.0,0,Normal,
2015-05-05 19:00:00,-8.6,968.2,33.0,177.0,36.0,0,Normal,
2015-05-05 20:00:00,-7.6,967.9,32.4,173.0,33.0,0,Normal,
2015-05-05 21:00:00,-7.4,967.0,36.6,168.0,35.0,0,Normal,
2015-05-05 22:00:00,-6.5,966.9,34.0,168.0,35.0,0,Normal,
2015-05-05 23:00:00,-7.1,966.3,34.3,167.0,44.0,0,Normal,
2015-05-06 00:00:00,-6.4,965.7,30.4,153.0,45.0,0,Normal,
2015-05-06 01:00:00,-4.2,964.9,34.7,149.0,37.0,0,Normal,
2015-05-06 02:00:00,-4.1,963.6,34.0,148.0,38.0,0,Normal,
2015-05-06 03:00:00,-4.1,962.6,35.2,146.0,39.0,0,Normal,
2015-05-06 04:00:00,-4.3,961.8,35.5,143.0,41.0,0,Normal,
2015-05-06 05:00:00,-4.5,961.6,41.5,147.0,42.0,0,Normal,
2015-05-06 06:00:00,-4.6,961.2,36.5,144.0,42.0,0,Normal,
2015-05-06 07:00:00,-4.5,960.6,43.0,147.0,42.0,0,Normal,
2015-05-06 08:00:00,-4.1,959.6,42.4,149.0,41.0,0,Normal,
2015-05-06 09:00:00,-3.8,958.8,40.8,145.0,40.0,0,Normal,
2015-05-06 10:00:00,-3.8,957.9,46.1,148.0,39.0,0,Normal,
2015-05-06 11:00:00,-3.3,957.1,43.3,148.0,41.0,0,Normal,
2015-05-06 12:00:00,-3.7,956.8,42.4,148.0,43.0,0,Normal,
2015-05-06 13:00:00,-4.1,956.7,39.6,143.0,49.0,0,Normal,
2015-05-06 14:00:00,-4.5,956.5,34.1,141.0,54.0,0,Normal,
2015-05-06 15:00:00,-4.7,956.7,32.6,136.0,58.0,0,Normal,
2015-05-06 16:00:00,-5.2,956.9,33.3,138.0,64.0,0,Normal,
2015-05-06 17:00:00,-5.4,957.1,32.1,144.0,64.0,0,Normal,
2015-05-06 18:00:00,-5.6,957.1,29.3,142.0,69.0,0,Normal,
2015-05-06 19:00:00,-5.9,957.6,33.7,135.0,73.0,0,Normal,
2015-05-06 20:00:00,-6.2,958.1,30.9,137.0,73.0,0,Normal,
2015-05-06 21:00:00,-6.3,958.3,30.1,137.0,76.0,0,Normal,
2015-05-06 22:00:00,-6.4,958.4,29.0,120.0,76.0,0,Normal,
2015-05-06 23:00:00,-6.4,958.2,31.0,137.0,75.0,0,Normal,
2015-05-07 00:00:00,-6.2,958.1,30.1,141.0,73.0,0,Normal,
2015-05-07 01:00:00,-6.1,957.9,27.8,124.0,74.0,0,Normal,
2015-05-07 02:00:00,-6.2,958.2,26.0,145.0,70.0,0,Normal,
2015-05-07 03:00:00,45.0,957.9,34.0,130.0,98.0,1,Temperature-Humidity Inconsistency,TEMP_HUM_01
2015-05-07 04:00:00,-6.9,958.0,34.0,129.0,84.0,0,Normal,
2015-05-07 05:00:00,-7.0,958.6,36.5,130.0,79.0,0,Normal,
2015-05-07 06:00:00,-6.7,959.4,33.6,129.0,73.0,0,Normal,
2015-05-07 07:00:00,-6.8,960.6,31.0,116.0,71.0,0,Normal,
2015-05-07 08:00:00,-7.0,961.5,29.3,128.0,68.0,0,Normal,
2015-05-07 09:00:00,-7.0,962.3,30.7,144.0,65.0,0,Normal,
2015-05-07 10:00:00,-6.8,962.8,26.9,134.0,64.0,0,Normal,
2015-05-07 11:00:00,-6.9,963.1,24.8,127.0,61.0,0,Normal,
2015-05-07 12:00:00,-6.9,963.7,26.7,129.0,59.0,0,Normal,
2015-05-07 13:00:00,-6.9,964.3,24.4,122.0,61.0,0,Normal,
2015-05-07 14:00:00,-6.9,964.1,26.1,130.0,64.0,0,Normal,
2015-05-07 15:00:00,-6.9,964.4,28.4,123.0,62.0,0,Normal,
2015-05-07 16:00:00,-7.1,964.6,28.5,127.0,60.0,0,Normal,
2015-05-07 17:00:00,-7.1,965.6,26.2,128.0,59.0,0,Normal,
2015-05-07 18:00:00,-7.2,966.0,24.1,128.0,63.0,0,Normal,
2015-05-07 19:00:00,-7.2,966.5,24.5,128.0,64.0,0,Normal,
2015-05-07 20:00:00,-7.5,967.2,26.2,128.0,66.0,0,Normal,
2015-05-07 21:00:00,-7.4,967.7,25.4,124.0,65.0,0,Normal,
2015-05-07 22:00:00,-7.5,968.6,26.0,119.0,67.0,0,Normal,
2015-05-07 23:00:00,-7.7,968.7,24.6,130.0,67.0,0,Normal,
2015-05-08 00:00:00,-7.6,969.0,29.3,128.0,61.0,0,Normal,
2015-05-08 01:00:00,-7.2,969.1,32.0,131.0,49.0,0,Normal,
2015-05-08 02:00:00,-7.1,969.5,30.5,129.0,47.0,0,Normal,
2015-05-08 03:00:00,-7.0,970.3,27.0,125.0,46.0,0,Normal,
2015-05-08 04:00:00,-7.1,970.6,28.1,131.0,47.0,0,Normal,
2015-05-08 05:00:00,-6.8,970.9,27.6,131.0,46.0,0,Normal,
2015-05-08 06:00:00,-7.1,971.9,26.0,129.0,47.0,0,Normal,
2015-05-08 07:00:00,-7.1,972.4,24.0,133.0,46.0,0,Normal,
2015-05-08 08:00:00,-7.1,972.6,26.3,130.0,43.0,0,Normal,
2015-05-08 09:00:00,-6.9,973.2,21.4,127.0,44.0,0,Normal,
2015-05-08 10:00:00,-6.9,973.8,26.4,118.0,44.0,0,Normal,
2015-05-08 11:00:00,-7.2,974.0,23.6,117.0,47.0,0,Normal,
2015-05-08 12:00:00,-6.8,974.2,22.9,119.0,43.0,0,Normal,
2015-05-08 13:00:00,-6.8,974.6,19.0,120.0,42.0,0,Normal,
2015-05-08 14:00:00,-6.9,974.9,19.5,127.0,42.0,0,Normal,
2015-05-08 15:00:00,-7.1,975.3,18.8,129.0,45.0,0,Normal,
2015-05-08 16:00:00,-7.2,975.5,14.0,125.0,44.0,0,Normal,
2015-05-08 17:00:00,-7.3,975.7,16.6,106.0,45.0,0,Normal,
2015-05-08 18:00:00,-7.5,975.8,16.9,96.0,46.0,0,Normal,
2015-05-08 19:00:00,-7.9,976.1,10.2,127.0,53.0,0,Normal,
2015-05-08 20:00:00,-8.0,976.1,7.6,97.0,50.0,0,Normal,
2015-05-08 21:00:00,-8.6,976.3,4.6,4.0,52.0,0,Normal,
2015-05-08 22:00:00,-9.0,976.4,1.6,128.0,51.0,0,Normal,
2015-05-08 23:00:00,-9.2,976.4,6.5,227.0,53.0,0,Normal,
2015-05-09 00:00:00,-9.3,976.3,5.9,36.0,51.0,0,Normal,
2015-05-09 01:00:00,-9.3,976.3,7.7,238.0,52.0,0,Normal,
2015-05-09 02:00:00,-10.3,976.2,11.6,225.0,55.0,0,Normal,
2015-05-09 03:00:00,-11.1,976.3,8.6,258.0,56.0,0,Normal,
2015-05-09 04:00:00,-11.9,976.1,10.2,266.0,57.0,0,Normal,
2015-05-09 05:00:00,-11.6,976.1,15.1,218.0,51.0,0,Normal,
2015-05-09 06:00:00,-13.0,976.0,16.5,201.0,53.0,0,Normal,
2015-05-09 07:00:00,-13.3,976.4,5.1,177.0,55.0,0,Normal,
2015-05-09 08:00:00,-13.0,976.3,8.2,31.0,52.0,0,Normal,
2015-05-09 09:00:00,-13.3,975.8,10.1,254.0,54.0,0,Normal,
2015-05-09 10:00:00,-14.1,975.8,8.2,103.0,59.0,0,Normal,
2015-05-09 11:00:00,-14.7,976.0,5.2,128.0,58.0,0,Normal,
2015-05-09 12:00:00,-14.5,976.0,5.7,207.0,56.0,0,Normal,
2015-05-09 13:00:00,-14.3,976.3,5.5,219.0,52.0,0,Normal,
2015-05-09 14:00:00,-15.4,976.2,8.1,194.0,56.0,0,Normal,
2015-05-09 15:00:00,-15.1,976.1,6.4,261.0,53.0,0,Normal,
2015-05-09 16:00:00,-14.6,976.2,6.3,189.0,48.0,0,Normal,
2015-05-09 17:00:00,-15.2,976.0,5.1,275.0,50.0,0,Normal,
2015-05-09 18:00:00,-15.4,976.1,5.6,80.0,50.0,0,Normal,
2015-05-09 19:00:00,-16.0,975.8,6.3,255.0,53.0,0,Normal,
2015-05-09 20:00:00,-16.7,975.8,5.9,84.0,55.0,0,Normal,
2015-05-09 21:00:00,-16.4,975.7,6.7,250.0,57.0,0,Normal,
2015-05-09 22:00:00,-16.3,976.0,11.4,202.0,52.0,0,Normal,
2015-05-09 23:00:00,-16.0,975.9,6.8,241.0,50.0,0,Normal,
2015-05-10 00:00:00,-8.1,976.1,61.3,298.0,88.0,0,Normal,
2015-05-10 01:00:00,-7.6,975.5,58.2,300.0,82.0,0,Normal,
2015-05-10 02:00:00,-8.0,975.7,47.9,286.0,81.0,0,Normal,
2015-05-10 03:00:00,-7.7,976.3,62.6,298.0,67.0,0,Normal,
2015-05-10 04:00:00,-7.6,977.1,63.6,298.0,63.0,0,Normal,
2015-05-10 05:00:00,-7.8,977.3,63.3,298.0,63.0,0,Normal,
2015-05-10 06:00:00,-7.6,977.2,63.2,301.0,61.0,0,Normal,
2015-05-10 07:00:00,-7.5,976.9,63.3,298.0,56.0,0,Normal,
2015-05-10 08:00:00,-7.3,976.5,61.3,298.0,56.0,0,Normal,
2015-05-10 09:00:00,-7.2,976.2,61.3,298.0,56.0,0,Normal,
2015-05-10 10:00:00,-7.1,976.1,61.3,298.0,56.0,0,Normal,
2015-05-10 11:00:00,-7.0,976.1,61.9,301.0,60.0,0,Normal,
2015-05-10 12:00:00,-7.1,976.2,61.9,298.0,59.0,0,Normal,
2015-05-10 13:00:00,-7.2,976.3,63.3,298.0,59.0,0,Normal,
2015-05-10 14:00:00,-7.5,975.8,63.9,298.0,58.0,0,Normal,
2015-05-10 15:00:00,-7.5,975.6,64.1,298.0,59.0,0,Normal,
2015-05-10 16:00:00,-7.6,975.6,46.9,315.0,57.0,0,Normal,
2015-05-10 17:00:00,-7.9,975.6,62.6,298.0,58.0,0,Normal,
2015-05-10 18:00:00,-8.2,975.9,61.3,298.0,59.0,0,Normal,
2015-05-10 19:00:00,-8.2,976.1,61.9,298.0,56.0,0,Normal,
2015-05-10 20:00:00,-8.3,976.7,62.0,301.0,55.0,0,Normal,
2015-05-10 21:00:00,-8.5,977.4,29.8,281.0,54.0,0,Normal,
2015-05-10 22:00:00,-9.0,977.9,62.8,298.0,60.0,0,Normal,
2015-05-10 23:00:00,-8.8,978.5,62.3,297.0,56.0,0,Normal,
2015-05-11 00:00:00,-10.9,972.2,56.7,296.0,90.0,0,Normal,
2015-05-11 01:00:00,-10.8,954.0,36.5,130.0,35.0,0,Normal,
2015-05-11 02:00:00,-10.6,971.7,61.9,298.0,91.0,0,Normal,
2015-05-11 03:00:00,-10.4,971.3,63.9,298.0,91.0,0,Normal,
2015-05-11 04:00:00,-10.2,970.9,62.6,298.0,91.0,0,Normal,
2015-05-11 05:00:00,-9.6,945.9,53.2,136.0,45.0,0,Normal,
2015-05-11 06:00:00,-8.6,944.1,55.4,138.0,44.0,0,Normal,
2015-05-11 07:00:00,-8.0,943.5,68.3,150.0,47.0,0,Normal,
2015-05-11 08:00:00,-8.4,944.4,46.3,137.0,55.0,0,Normal,
2015-05-11 09:00:00,-8.7,944.1,41.3,129.0,60.0,0,Normal,
2015-05-11 10:00:00,-8.3,944.1,38.0,124.0,57.0,0,Normal,
2015-05-11 11:00:00,-8.7,944.0,42.6,136.0,58.0,0,Normal,
2015-05-11 12:00:00,-8.6,944.3,43.2,135.0,53.0,0,Normal,
2015-05-11 13:00:00,-8.2,944.8,40.1,135.0,51.0,0,Normal,
2015-05-11 14:00:00,-8.2,945.2,38.9,144.0,53.0,0,Normal,
2015-05-11 15:00:00,-7.9,943.6,47.8,142.0,52.0,0,Normal,
2015-05-11 16:00:00,-7.5,942.2,53.3,142.0,54.0,0,Normal,
2015-05-11 17:00:00,-7.4,942.2,50.5,144.0,59.0,0,Normal,
2015-05-11 18:00:00,-7.4,942.7,47.7,145.0,60.0,0,Normal,
2015-05-11 19:00:00,-6.8,942.3,45.7,144.0,55.0,0,Normal,
2015-05-11 20:00:00,-6.7,942.5,50.7,144.0,55.0,0,Normal,
2015-05-11 21:00:00,-6.6,943.3,42.2,141.0,56.0,0,Normal,
2015-05-11 22:00:00,-6.8,944.4,46.5,145.0,62.0,0,Normal,
2015-05-11 23:00:00,-6.9,945.4,47.2,143.0,67.0,0,Normal,
2015-05-12 00:00:00,-2.7,956.8,18.5,150.0,57.0,0,Normal,
2015-05-12 01:00:00,-2.1,956.4,17.4,113.0,52.0,0,Normal,
2015-05-12 02:00:00,-1.6,955.8,21.7,124.0,44.0,0,Normal,
2015-05-12 03:00:00,-1.5,955.1,27.1,146.0,39.0,0,Normal,
2015-05-12 04:00:00,-1.5,955.2,25.6,149.0,36.0,0,Normal,
2015-05-12 05:00:00,-1.7,955.0,25.5,140.0,37.0,0,Normal,
2015-05-12 06:00:00,-1.6,954.0,26.1,136.0,36.0,0,Normal,
2015-05-12 07:00:00,-1.5,953.4,25.5,136.0,35.0,0,Normal,
2015-05-12 08:00:00,-1.0,952.9,26.3,124.0,37.0,0,Normal,
2015-05-12 09:00:00,-0.2,952.3,19.0,139.0,41.0,0,Normal,
2015-05-12 10:00:00,0.0,951.6,22.8,125.0,41.0,0,Normal,
2015-05-12 11:00:00,1.1,951.0,22.5,99.0,37.0,0,Normal,
2015-05-12 12:00:00,0.2,950.3,24.4,96.0,40.0,0,Normal,
2015-05-12 13:00:00,0.4,949.7,21.3,100.0,44.0,0,Normal,
2015-05-12 14:00:00,0.5,949.1,21.5,96.0,43.0,0,Normal,
2015-05-12 15:00:00,0.6,948.5,21.0,96.0,45.0,0,Normal,
2015-05-12 16:00:00,0.5,947.9,21.9,99.0,43.0,0,Normal,
2015-05-12 17:00:00,0.2,947.5,20.5,102.0,46.0,0,Normal,
2015-05-12 18:00:00,-0.2,947.1,23.1,112.0,46.0,0,Normal,
2015-05-12 19:00:00,-0.7,946.8,16.7,115.0,50.0,0,Normal,
2015-05-12 20:00:00,-1.1,946.6,18.8,127.0,46.0,0,Normal,
2015-05-12 21:00:00,-1.5,946.3,20.0,127.0,45.0,0,Normal,
2015-05-12 22:00:00,-2.0,946.1,23.5,134.0,45.0,0,Normal,
2015-05-12 23:00:00,-2.4,946.0,26.9,136.0,42.0,0,Normal,
2015-05-13 00:00:00,-9.7,964.8,26.3,118.0,90.0,0,Normal,
2015-05-13 01:00:00,-10.0,965.2,24.5,117.0,90.0,0,Normal,
2015-05-13 02:00:00,-10.1,965.3,22.3,114.0,90.0,0,Normal,
2015-05-13 03:00:00,-10.3,965.6,20.0,121.0,90.0,0,Normal,
2015-05-13 04:00:00,-10.5,965.1,19.8,111.0,90.0,0,Normal,
2015-05-13 05:00:00,-10.5,964.3,25.2,119.0,90.0,0,Normal,
2015-05-13 06:00:00,-10.6,964.0,26.6,131.0,90.0,0,Normal,
2015-05-13 07:00:00,-10.6,963.6,26.8,134.0,90.0,0,Normal,
2015-05-13 08:00:00,-10.3,962.9,27.5,128.0,90.0,0,Normal,
2015-05-13 09:00:00,-10.1,962.3,28.1,135.0,90.0,0,Normal,
2015-05-13 10:00:00,-9.9,962.0,24.8,134.0,90.0,0,Normal,
2015-05-13 11:00:00,-10.1,962.2,22.8,140.0,90.0,0,Normal,
2015-05-13 12:00:00,-10.3,961.9,22.0,129.0,89.0,0,Normal,
2015-05-13 13:00:00,-10.9,961.7,18.3,138.0,89.0,0,Normal,
2015-05-13 14:00:00,-11.4,961.1,18.9,143.0,89.0,0,Normal,
2015-05-13 15:00:00,-11.6,960.9,18.8,163.0,88.0,0,Normal,
2015-05-13 16:00:00,-12.0,960.5,22.8,167.0,88.0,0,Normal,
2015-05-13 17:00:00,-12.2,959.9,23.4,167.0,88.0,0,Normal,
2015-05-13 18:00:00,-12.7,959.2,25.2,170.0,87.0,0,Normal,
2015-05-13 19:00:00,-12.8,958.9,26.9,167.0,87.0,0,Normal,
2015-05-13 20:00:00,-12.8,959.0,12.5,151.0,87.0,0,Normal,
2015-05-13 21:00:00,-12.7,958.5,6.4,342.0,87.0,0,Normal,
2015-05-13 22:00:00,-13.4,958.1,2.9,188.0,87.0,0,Normal,
2015-05-13 23:00:00,-14.0,958.1,7.7,357.0,87.0,0,Normal,
2015-05-14 00:00:00,-15.1,957.8,2.7,254.0,86.0,0,Normal,
2015-05-14 01:00:00,-15.6,957.6,9.4,240.0,85.0,0,Normal,
2015-05-14 02:00:00,-14.7,956.9,6.2,91.0,86.0,0,Normal,
2015-05-14 03:00:00,-14.4,955.9,20.7,169.0,86.0,0,Normal,
2015-05-14 04:00:00,-14.0,955.8,19.1,158.0,86.0,0,Normal,
2015-05-14 05:00:00,-14.6,955.4,22.9,171.0,85.0,0,Normal,
2015-05-14 06:00:00,-14.6,955.1,21.8,154.0,85.0,0,Normal,
2015-05-14 07:00:00,-14.9,955.0,21.1,151.0,85.0,0,Normal,
2015-05-14 08:00:00,-14.7,955.1,18.8,149.0,85.0,0,Normal,
2015-05-14 09:00:00,-15.0,955.8,20.4,158.0,84.0,0,Normal,
2015-05-14 10:00:00,-16.4,957.1,15.8,132.0,83.0,0,Normal,
2015-05-14 11:00:00,-17.0,957.5,17.5,133.0,83.0,0,Normal,
2015-05-14 12:00:00,-16.9,958.3,13.8,131.0,83.0,0,Normal,
2015-05-14 13:00:00,-17.3,958.9,14.6,135.0,82.0,0,Normal,
2015-05-14 14:00:00,-18.0,959.6,16.4,127.0,81.0,0,Normal,
2015-05-14 15:00:00,-18.3,960.6,15.4,143.0,81.0,0,Normal,
2015-05-14 16:00:00,-18.1,960.9,16.3,176.0,81.0,0,Normal,
2015-05-14 17:00:00,-18.1,961.1,18.4,176.0,80.0,0,Normal,
2015-05-14 18:00:00,-17.7,961.3,21.3,177.0,79.0,0,Normal,
2015-05-14 19:00:00,-16.7,961.7,24.3,167.0,79.0,0,Normal,
2015-05-14 20:00:00,-16.4,962.2,23.5,169.0,79.0,0,Normal,
2015-05-14 21:00:00,-15.6,962.6,24.1,168.0,79.0,0,Normal,
2015-05-14 22:00:00,-15.5,963.1,24.0,168.0,82.0,0,Normal,
2015-05-14 23:00:00,-15.5,963.3,26.3,164.0,81.0,0,Normal,
2015-05-15 00:00:00,-15.5,963.7,23.3,163.0,81.0,0,Normal,
2015-05-15 01:00:00,-15.4,964.1,20.5,148.0,80.0,0,Normal,
2015-05-15 02:00:00,-14.9,964.6,22.7,162.0,81.0,0,Normal,
2015-05-15 03:00:00,-14.8,964.6,22.5,157.0,79.0,0,Normal,
2015-05-15 04:00:00,-14.3,965.1,16.5,115.0,78.0,0,Normal,
2015-05-15 05:00:00,-14.5,966.0,15.8,116.0,78.0,0,Normal,
2015-05-15 06:00:00,-14.9,966.5,15.5,116.0,79.0,0,Normal,
2015-05-15 07:00:00,-15.2,967.3,17.6,113.0,79.0,0,Normal,
2015-05-15 08:00:00,-15.2,967.6,18.0,119.0,78.0,0,Normal,
2015-05-15 09:00:00,-14.8,968.0,24.2,118.0,76.0,0,Normal,
2015-05-15 10:00:00,-14.9,968.8,21.7,122.0,75.0,0,Normal,
2015-05-15 11:00:00,-15.3,970.4,18.0,76.0,80.0,0,Normal,
2015-05-15 12:00:00,-15.8,971.1,18.9,94.0,80.0,0,Normal,
2015-05-15 13:00:00,-15.3,971.4,22.9,114.0,78.0,0,Normal,
2015-05-15 14:00:00,-15.6,972.2,21.5,94.0,79.0,0,Normal,
2015-05-15 15:00:00,-15.7,972.8,17.5,91.0,81.0,0,Normal,
2015-05-15 16:00:00,-14.5,973.4,17.2,87.0,78.0,0,Normal,
2015-05-15 17:00:00,-13.4,973.7,13.0,116.0,74.0,0,Normal,
2015-05-15 18:00:00,-12.9,973.9,19.0,126.0,72.0,0,Normal,
2015-05-15 19:00:00,-13.2,974.0,22.1,153.0,71.0,0,Normal,
2015-05-15 20:00:00,-13.5,973.9,25.7,162.0,67.0,0,Normal,
2015-05-15 21:00:00,-13.1,974.2,23.2,155.0,62.0,0,Normal,
2015-05-15 22:00:00,-13.0,974.3,24.2,171.0,58.0,0,Normal,
2015-05-15 23:00:00,-12.8,974.7,25.3,173.0,55.0,0,Normal,
2015-05-16 00:00:00,-13.2,975.0,23.6,173.0,55.0,0,Normal,
2015-05-16 01:00:00,-12.3,975.5,21.5,171.0,51.0,0,Normal,
2015-05-16 02:00:00,-12.4,975.8,21.8,171.0,47.0,0,Normal,
2015-05-16 03:00:00,-12.2,976.0,17.7,173.0,45.0,0,Normal,
2015-05-16 04:00:00,-12.5,976.6,16.4,174.0,44.0,0,Normal,
2015-05-16 05:00:00,-11.7,977.3,12.7,164.0,45.0,0,Normal,
2015-05-16 06:00:00,-12.1,977.9,9.1,142.0,49.0,0,Normal,
2015-05-16 07:00:00,-13.1,977.8,13.8,180.0,46.0,0,Normal,
2015-05-16 08:00:00,-14.9,977.8,16.3,184.0,49.0,0,Normal,
2015-05-16 09:00:00,-15.6,977.8,16.3,192.0,51.0,0,Normal,
2015-05-16 10:00:00,-16.2,977.7,18.6,196.0,53.0,0,Normal,
2015-05-16 11:00:00,-16.6,978.0,7.3,282.0,60.0,0,Normal,
2015-05-16 12:00:00,-16.5,977.6,14.3,202.0,55.0,0,Normal,
2015-05-16 13:00:00,-17.8,977.7,7.7,84.0,68.0,0,Normal,
2015-05-16 14:00:00,-18.3,977.8,7.2,82.0,68.0,0,Normal,
2015-05-16 15:00:00,-18.4,977.9,5.5,250.0,67.0,0,Normal,
2015-05-16 16:00:00,-18.4,978.0,5.1,135.0,55.0,0,Normal,
2015-05-16 17:00:00,-18.6,977.7,10.8,279.0,61.0,0,Normal,
2015-05-16 18:00:00,-18.6,977.2,8.4,146.0,54.0,0,Normal,
2015-05-16 19:00:00,-19.1,976.8,6.3,120.0,57.0,0,Normal,
2015-05-16 20:00:00,-20.1,976.4,7.6,117.0,63.0,0,Normal,
2015-05-16 21:00:00,-18.9,975.9,6.1,131.0,56.0,0,Normal,
2015-05-16 22:00:00,-19.2,975.1,3.4,174.0,53.0,0,Normal,
2015-05-16 23:00:00,-19.6,974.9,5.8,132.0,55.0,0,Normal,
2015-05-17 00:00:00,-20.1,974.3,1.4,72.0,60.0,0,Normal,
2015-05-17 01:00:00,-19.1,973.5,6.6,197.0,48.0,0,Normal,
2015-05-17 02:00:00,-21.2,972.9,3.6,239.0,60.0,0,Normal,
2015-05-17 03:00:00,-20.9,972.0,4.4,79.0,60.0,0,Normal,
2015-05-17 04:00:00,-19.1,971.0,7.0,324.0,47.0,0,Normal,
2015-05-17 05:00:00,-19.6,970.4,12.3,192.0,47.0,0,Normal,
2015-05-17 06:00:00,-20.4,969.6,7.2,199.0,52.0,0,Normal,
2015-05-17 07:00:00,-21.1,969.3,4.6,21.0,56.0,0,Normal,
2015-05-17 08:00:00,-18.1,968.6,7.6,177.0,44.0,0,Normal,
2015-05-17 09:00:00,-21.7,968.1,3.8,263.0,57.0,0,Normal,
2015-05-17 10:00:00,-15.2,966.7,13.5,174.0,41.0,0,Normal,
2015-05-17 11:00:00,-15.0,966.5,5.3,195.0,42.0,0,Normal,
2015-05-17 12:00:00,-16.4,966.6,10.6,338.0,41.0,0,Normal,
2015-05-17 13:00:00,-17.4,966.1,6.1,322.0,45.0,0,Normal,
2015-05-17 14:00:00,-14.8,965.6,13.0,3.0,36.0,0,Normal,
2015-05-17 15:00:00,-14.6,965.7,8.8,31.0,34.0,0,Normal,
2015-05-17 16:00:00,-16.0,965.7,7.2,329.0,37.0,0,Normal,
2015-05-17 17:00:00,-16.5,965.6,11.3,269.0,45.0,0,Normal,
2015-05-17 18:00:00,-15.7,966.2,10.5,275.0,40.0,0,Normal,
2015-05-17 19:00:00,-16.0,966.6,6.9,200.0,42.0,0,Normal,
2015-05-17 20:00:00,-11.9,966.8,10.6,140.0,38.0,0,Normal,
2015-05-17 21:00:00,-11.8,967.1,19.3,129.0,37.0,0,Normal,
2015-05-17 22:00:00,-11.5,966.7,23.9,158.0,35.0,0,Normal,
2015-05-17 23:00:00,-10.9,966.5,28.3,170.0,35.0,0,Normal,
2015-05-18 00:00:00,-10.4,967.5,26.8,157.0,33.0,0,Normal,
2015-05-18 01:00:00,-10.5,967.0,27.6,166.0,34.0,0,Normal,
2015-05-18 02:00:00,-11.7,967.7,14.4,141.0,37.0,0,Normal,
2015-05-18 03:00:00,-11.1,969.0,18.6,117.0,35.0,0,Normal,
2015-05-18 04:00:00,-10.7,968.4,24.3,142.0,31.0,0,Normal,
2015-05-18 05:00:00,-10.6,968.5,22.5,138.0,31.0,0,Normal,
2015-05-18 06:00:00,-10.6,969.0,24.1,137.0,33.0,0,Normal,
2015-05-18 07:00:00,-10.5,969.4,20.9,131.0,32.0,0,Normal,
2015-05-18 08:00:00,-10.6,969.8,21.7,135.0,34.0,0,Normal,
2015-05-18 09:00:00,-10.2,969.8,21.5,133.0,32.0,0,Normal,
2015-05-18 10:00:00,-10.6,970.5,18.7,134.0,33.0,0,Normal,
2015-05-18 11:00:00,-10.6,970.6,20.7,136.0,31.0,0,Normal,
2015-05-18 12:00:00,-10.3,971.0,21.7,115.0,32.0,0,Normal,
2015-05-18 13:00:00,-10.5,971.2,18.8,131.0,32.0,0,Normal,
2015-05-18 14:00:00,-10.6,971.0,19.2,129.0,32.0,0,Normal,
2015-05-18 15:00:00,-11.2,971.7,18.7,113.0,35.0,0,Normal,
2015-05-18 16:00:00,-10.7,971.9,20.8,111.0,34.0,0,Normal,
2015-05-18 17:00:00,-10.7,971.5,16.8,124.0,35.0,0,Normal,
2015-05-18 18:00:00,-10.5,971.3,20.9,121.0,32.0,0,Normal,
2015-05-18 19:00:00,-10.7,972.6,17.2,97.0,33.0,0,Normal,
2015-05-18 20:00:00,-10.9,973.0,18.4,108.0,32.0,0,Normal,
2015-05-18 21:00:00,-11.1,973.5,17.1,108.0,34.0,0,Normal,
2015-05-18 22:00:00,-11.0,973.6,19.3,103.0,31.0,0,Normal,
2015-05-18 23:00:00,-12.1,973.1,11.0,117.0,37.0,0,Normal,
2015-05-19 00:00:00,-11.8,973.2,15.7,110.0,34.0,0,Normal,
2015-05-19 01:00:00,-11.7,973.2,10.9,59.0,34.0,0,Normal,
2015-05-19 02:00:00,-12.0,972.9,9.6,54.0,35.0,0,Normal,
2015-05-19 03:00:00,-12.0,972.3,9.5,92.0,35.0,0,Normal,
2015-05-19 04:00:00,-11.6,971.9,12.3,95.0,33.0,0,Normal,
2015-05-19 05:00:00,-12.0,972.2,9.4,43.0,36.0,0,Normal,
2015-05-19 06:00:00,-13.2,971.7,2.7,161.0,38.0,0,Normal,
2015-05-19 07:00:00,-13.8,971.0,7.9,236.0,40.0,0,Normal,
2015-05-19 08:00:00,-13.9,970.2,6.6,64.0,41.0,0,Normal,
2015-05-19 09:00:00,-10.8,969.7,12.8,118.0,33.0,0,Normal,
2015-05-19 10:00:00,-10.2,969.8,16.0,117.0,30.0,0,Normal,
2015-05-19 11:00:00,-9.8,969.6,12.5,112.0,30.0,0,Normal,
2015-05-19 12:00:00,-8.7,968.7,23.4,138.0,25.0,0,Normal,
2015-05-19 13:00:00,-8.3,968.1,26.8,129.0,25.0,0,Normal,
2015-05-19 14:00:00,-9.7,968.0,25.0,127.0,26.0,0,Normal,
2015-05-19 15:00:00,-8.7,966.7,25.5,140.0,27.0,0,Normal,
2015-05-19 16:00:00,-8.7,966.8,24.5,120.0,27.0,0,Normal,
2015-05-19 17:00:00,-8.5,966.2,22.9,133.0,27.0,0,Normal,
2015-05-19 18:00:00,-8.6,965.5,15.2,125.0,31.0,0,Normal,
2015-05-19 19:00:00,-8.2,965.0,23.7,111.0,31.0,0,Normal,
2015-05-19 20:00:00,-8.0,964.7,21.6,115.0,29.0,0,Normal,
2015-05-19 21:00:00,-7.0,963.8,23.7,122.0,26.0,0,Normal,
2015-05-19 22:00:00,-6.5,963.2,23.0,126.0,28.0,0,Normal,
2015-05-19 23:00:00,-7.2,963.5,24.3,109.0,32.0,0,Normal,
2015-05-20 00:00:00,-7.7,963.2,22.4,115.0,35.0,0,Normal,
2015-05-20 01:00:00,-7.7,963.7,26.4,117.0,36.0,0,Normal,
2015-05-20 02:00:00,-8.6,963.8,21.9,116.0,35.0,0,Normal,
2015-05-20 03:00:00,-7.7,963.2,26.5,113.0,31.0,0,Normal,
2015-05-20 04:00:00,-8.4,963.9,19.8,114.0,37.0,0,Normal,
2015-05-20 05:00:00,-8.3,962.8,22.7,111.0,34.0,0,Normal,
2015-05-20 06:00:00,-7.2,961.9,26.3,131.0,29.0,0,Normal,
2015-05-20 07:00:00,-6.3,961.8,27.2,127.0,26.0,0,Normal,
2015-05-20 08:00:00,-7.0,961.2,33.0,136.0,30.0,0,Normal,
2015-05-20 09:00:00,-6.7,960.8,38.7,149.0,26.0,0,Normal,
2015-05-20 10:00:00,-6.3,959.8,42.5,151.0,27.0,0,Normal,
2015-05-20 11:00:00,-6.2,959.3,45.3,154.0,26.0,0,Normal,
2015-05-20 12:00:00,-6.1,959.1,44.0,154.0,24.0,0,Normal,
2015-05-20 13:00:00,-6.8,958.8,35.0,143.0,28.0,0,Normal,
2015-05-20 14:00:00,-7.3,959.0,38.8,146.0,29.0,0,Normal,
2015-05-20 15:00:00,-6.7,958.6,36.3,146.0,25.0,0,Normal,
2015-05-20 16:00:00,-6.6,958.6,33.4,153.0,26.0,0,Normal,
2015-05-20 17:00:00,-7.1,957.9,39.1,158.0,28.0,0,Normal,
2015-05-20 18:00:00,-8.9,958.1,31.6,142.0,34.0,0,Normal,
2015-05-20 19:00:00,-8.0,958.7,32.0,133.0,26.0,0,Normal,
2015-05-20 20:00:00,-7.6,958.9,29.6,137.0,25.0,0,Normal,
2015-05-20 21:00:00,-8.4,959.0,34.7,140.0,25.0,0,Normal,
2015-05-20 22:00:00,-8.4,959.9,30.3,130.0,26.0,0,Normal,
2015-05-20 23:00:00,-9.0,960.4,26.0,124.0,28.0,0,Normal,
2015-05-21 00:00:00,-9.6,962.7,25.0,103.0,28.0,0,Normal,
2015-05-21 01:00:00,-10.2,962.6,22.1,120.0,32.0,0,Normal,
2015-05-21 02:00:00,-9.1,962.2,25.1,124.0,26.0,0,Normal,
2015-05-21 03:00:00,-9.1,962.5,26.7,128.0,25.0,0,Normal,
2015-05-21 04:00:00,-9.3,962.5,27.1,123.0,26.0,0,Normal,
2015-05-21 05:00:00,-10.4,964.1,23.0,109.0,30.0,0,Normal,
2015-05-21 06:00:00,-9.7,964.0,24.8,124.0,26.0,0,Normal,
2015-05-21 07:00:00,-10.0,965.8,22.1,116.0,28.0,0,Normal,
2015-05-21 08:00:00,-11.2,967.0,17.3,93.0,31.0,0,Normal,
2015-05-21 09:00:00,-11.5,967.5,17.1,112.0,32.0,0,Normal,
2015-05-21 10:00:00,-11.8,968.1,16.8,115.0,32.0,0,Normal,
2015-05-21 11:00:00,-12.0,968.6,17.1,115.0,29.0,0,Normal,
2015-05-21 12:00:00,-11.9,969.0,16.5,111.0,29.0,0,Normal,
2015-05-21 13:00:00,-11.6,969.2,21.4,121.0,27.0,0,Normal,
2015-05-21 14:00:00,-11.6,969.6,23.4,114.0,26.0,0,Normal,
2015-05-21 15:00:00,-11.2,969.5,26.9,117.0,25.0,0,Normal,
2015-05-21 16:00:00,-11.2,969.9,20.6,119.0,23.0,0,Normal,
2015-05-21 17:00:00,-11.5,970.2,16.1,114.0,25.0,0,Normal,
2015-05-21 18:00:00,-11.3,969.6,21.1,134.0,24.0,0,Normal,
2015-05-21 19:00:00,-11.1,969.9,25.8,130.0,23.0,0,Normal,
2015-05-21 20:00:00,-11.0,970.1,18.8,122.0,23.0,0,Normal,
2015-05-21 21:00:00,-10.9,970.5,16.0,127.0,23.0,0,Normal,
2015-05-21 22:00:00,-10.8,970.2,17.7,117.0,23.0,0,Normal,
2015-05-21 23:00:00,-11.1,970.0,14.6,109.0,24.0,0,Normal,
2015-05-22 00:00:00,-11.0,969.7,19.0,113.0,23.0,0,Normal,
2015-05-22 01:00:00,-11.2,969.6,21.5,114.0,26.0,0,Normal,
2015-05-22 02:00:00,-11.4,969.8,18.1,113.0,28.0,0,Normal,
2015-05-22 03:00:00,-11.1,969.4,19.1,93.0,23.0,0,Normal,
2015-05-22 04:00:00,-10.9,969.0,26.7,98.0,22.0,0,Normal,
2015-05-22 05:00:00,-11.8,968.8,16.7,120.0,32.0,0,Normal,
2015-05-22 06:00:00,-12.0,968.9,18.5,116.0,32.0,0,Normal,
2015-05-22 07:00:00,-11.5,968.8,21.4,109.0,25.0,0,Normal,
2015-05-22 08:00:00,-11.7,969.1,19.8,114.0,27.0,0,Normal,
2015-05-22 09:00:00,-12.1,968.7,17.1,118.0,29.0,0,Normal,
2015-05-22 10:00:00,-12.4,968.5,11.1,135.0,33.0,0,Normal,
2015-05-22 11:00:00,-12.2,968.5,16.1,105.0,28.0,0,Normal,
2015-05-22 12:00:00,-12.8,968.3,12.8,111.0,28.0,0,Normal,
2015-05-22 13:00:00,-13.4,968.2,11.0,113.0,31.0,0,Normal,
2015-05-22 14:00:00,-14.0,967.8,10.3,152.0,36.0,0,Normal,
2015-05-22 15:00:00,-13.9,967.4,7.0,140.0,34.0,0,Normal,
2015-05-22 16:00:00,-14.2,966.9,8.9,140.0,34.0,0,Normal,
2015-05-22 17:00:00,-15.1,966.8,10.6,177.0,36.0,0,Normal,
2015-05-22 18:00:00,-14.7,966.4,3.3,171.0,34.0,0,Normal,
2015-05-22 19:00:00,-15.2,966.5,7.9,143.0,33.0,0,Normal,
2015-05-22 20:00:00,-14.4,966.4,8.5,76.0,29.0,0,Normal,
2015-05-22 21:00:00,-14.4,966.4,4.9,118.0,30.0,0,Normal,
2015-05-22 22:00:00,-15.3,966.3,9.8,183.0,36.0,0,Normal,
2015-05-22 23:00:00,-15.5,966.3,11.2,164.0,31.0,0,Normal,
2015-05-23 00:00:00,-15.1,966.0,12.3,175.0,33.0,0,Normal,
2015-05-23 01:00:00,-14.9,966.0,7.2,160.0,32.0,0,Normal,
2015-05-23 02:00:00,-15.1,965.9,3.9,192.0,31.0,0,Normal,
2015-05-23 03:00:00,-16.1,965.7,11.4,178.0,32.0,0,Normal,
2015-05-23 04:00:00,-15.6,965.6,3.9,335.0,32.0,0,Normal,
2015-05-23 05:00:00,-15.2,966.1,4.4,115.0,32.0,0,Normal,
2015-05-23 06:00:00,-14.7,966.2,14.4,156.0,28.0,0,Normal,
2015-05-23 07:00:00,-14.8,966.5,13.6,153.0,29.0,0,Normal,
2015-05-23 08:00:00,-15.2,966.8,6.9,140.0,30.0,0,Normal,
2015-05-23 09:00:00,-14.5,967.0,13.1,150.0,28.0,0,Normal,
2015-05-23 10:00:00,-14.3,967.1,15.7,166.0,27.0,0,Normal,
2015-05-23 11:00:00,-15.5,967.1,15.6,175.0,30.0,0,Normal,
2015-05-23 12:00:00,-14.9,967.3,5.5,132.0,28.0,0,Normal,
2015-05-23 13:00:00,-16.9,967.8,7.3,172.0,37.0,0,Normal,
2015-05-23 14:00:00,-14.6,967.3,14.9,168.0,26.0,0,Normal,
2015-05-23 15:00:00,-15.0,967.6,10.6,167.0,28.0,0,Normal,
2015-05-23 16:00:00,-16.9,967.7,17.5,184.0,34.0,0,Normal,
2015-05-23 17:00:00,-18.3,968.4,5.6,124.0,38.0,0,Normal,
2015-05-23 18:00:00,-17.4,968.2,15.0,184.0,34.0,0,Normal,
2015-05-23 19:00:00,-18.3,968.1,14.6,190.0,36.0,0,Normal,
2015-05-23 20:00:00,-19.4,968.0,17.2,195.0,41.0,0,Normal,
2015-05-23 21:00:00,-20.7,968.8,10.0,146.0,48.0,0,Normal,
2015-05-23 22:00:00,-20.7,969.6,6.2,100.0,48.0,0,Normal,
2015-05-23 23:00:00,-19.7,969.5,6.9,154.0,42.0,0,Normal,
2015-05-24 00:00:00,-20.1,968.6,12.0,195.0,41.0,0,Normal,
2015-05-24 01:00:00,-19.7,968.2,12.9,200.0,39.0,0,Normal,
2015-05-24 02:00:00,-18.8,967.7,13.5,212.0,36.0,0,Normal,
2015-05-24 03:00:00,-21.2,967.5,5.3,348.0,43.0,0,Normal,
2015-05-24 04:00:00,-22.3,966.8,3.3,97.0,50.0,0,Normal,
2015-05-24 05:00:00,-22.7,966.7,3.4,70.0,50.0,0,Normal,
2015-05-24 06:00:00,-21.4,966.4,4.7,111.0,44.0,0,Normal,
2015-05-24 07:00:00,-20.5,966.6,5.6,89.0,40.0,0,Normal,
2015-05-24 08:00:00,-19.7,965.9,4.3,210.0,36.0,0,Normal,
2015-05-24 09:00:00,-20.2,965.1,8.4,254.0,39.0,0,Normal,
2015-05-24 10:00:00,-20.0,964.9,5.6,59.0,37.0,0,Normal,
2015-05-24 11:00:00,-23.3,964.2,7.4,101.0,50.0,0,Normal,
2015-05-24 12:00:00,-22.9,963.9,6.2,17.0,48.0,0,Normal,
2015-05-24 13:00:00,-22.7,963.2,5.6,87.0,49.0,0,Normal,
2015-05-24 14:00:00,-23.5,962.8,6.7,142.0,52.0,0,Normal,
2015-05-24 15:00:00,-23.8,962.5,4.9,182.0,52.0,0,Normal,
2015-05-24 16:00:00,-23.6,962.8,3.9,187.0,51.0,0,Normal,
2015-05-24 17:00:00,-23.5,963.5,5.8,19.0,49.0,0,Normal,
2015-05-24 18:00:00,-20.1,963.5,9.5,181.0,41.0,0,Normal,
2015-05-24 19:00:00,-18.1,963.6,13.9,230.0,35.0,0,Normal,
2015-05-24 20:00:00,-17.2,963.8,13.1,105.0,36.0,0,Normal,
2015-05-24 21:00:00,-19.8,963.9,6.1,311.0,40.0,0,Normal,
2015-05-24 22:00:00,-20.8,964.8,7.3,179.0,44.0,0,Normal,
2015-05-24 23:00:00,-21.8,965.1,13.3,251.0,47.0,0,Normal,
2015-05-25 00:00:00,-20.6,965.1,11.2,265.0,42.0,0,Normal,
2015-05-25 01:00:00,-21.1,966.5,7.9,159.0,46.0,0,Normal,
2015-05-25 02:00:00,-20.0,966.4,9.9,164.0,43.0,0,Normal,
2015-05-25 03:00:00,-21.1,966.4,9.1,183.0,51.0,0,Normal,
2015-05-25 04:00:00,-20.8,967.1,4.1,221.0,48.0,0,Normal,
2015-05-25 05:00:00,-20.6,968.1,11.0,106.0,43.0,0,Normal,
2015-05-25 06:00:00,-21.5,968.3,6.1,176.0,48.0,0,Normal,
2015-05-25 07:00:00,-21.6,968.5,10.5,186.0,48.0,0,Normal,
2015-05-25 08:00:00,-20.5,969.0,11.2,168.0,46.0,0,Normal,
2015-05-25 09:00:00,-20.4,969.2,5.6,176.0,47.0,0,Normal,
2015-05-25 10:00:00,-20.2,969.1,7.2,130.0,46.0,0,Normal,
2015-05-25 11:00:00,-20.1,969.7,5.8,228.0,45.0,0,Normal,
2015-05-25 12:00:00,-19.6,969.1,10.5,173.0,41.0,0,Normal,
2015-05-25 13:00:00,-19.5,969.3,6.2,162.0,41.0,0,Normal,
2015-05-25 14:00:00,-16.5,969.2,23.6,158.0,33.0,0,Normal,
2015-05-25 15:00:00,-15.6,969.0,25.9,166.0,29.0,0,Normal,
2015-05-25 16:00:00,-15.4,968.7,27.4,157.0,30.0,0,Normal,
2015-05-25 17:00:00,-15.4,968.9,25.7,174.0,30.0,0,Normal,
2015-05-25 18:00:00,-14.8,968.4,23.1,162.0,30.0,0,Normal,
2015-05-25 19:00:00,-13.3,968.5,23.3,166.0,29.0,0,Normal,
2015-05-25 20:00:00,-13.1,968.2,22.8,163.0,31.0,0,Normal,
2015-05-25 21:00:00,-13.4,967.9,26.1,172.0,34.0,0,Normal,
2015-05-25 22:00:00,-12.1,968.2,23.0,163.0,31.0,0,Normal,
2015-05-25 23:00:00,-11.5,968.1,26.8,175.0,29.0,0,Normal,
2015-05-26 00:00:00,-11.7,968.2,27.0,171.0,30.0,0,Normal,
2015-05-26 01:00:00,-11.3,968.2,26.0,173.0,29.0,0,Normal,
2015-05-26 02:00:00,-11.5,968.1,28.1,177.0,30.0,0,Normal,
2015-05-26 03:00:00,-11.1,968.2,28.0,176.0,29.0,0,Normal,
2015-05-26 04:00:00,-11.5,968.1,27.0,177.0,32.0,0,Normal,
2015-05-26 05:00:00,-10.5,968.0,32.5,175.0,27.0,0,Normal,
2015-05-26 06:00:00,-11.7,968.4,28.4,174.0,34.0,0,Normal,
2015-05-26 07:00:00,-11.2,969.1,28.9,176.0,31.0,0,Normal,
2015-05-26 08:00:00,-11.0,969.3,29.1,173.0,28.0,0,Normal,
2015-05-26 09:00:00,-11.3,969.6,27.0,168.0,29.0,0,Normal,
2015-05-26 10:00:00,-11.1,969.6,24.6,166.0,27.0,0,Normal,
2015-05-26 11:00:00,-10.9,969.8,24.1,158.0,28.0,0,Normal,
2015-05-26 12:00:00,-11.2,970.2,23.7,152.0,31.0,0,Normal,
2015-05-26 13:00:00,-11.3,970.1,19.7,166.0,28.0,0,Normal,
2015-05-26 14:00:00,-10.9,970.1,13.7,161.0,28.0,0,Normal,
2015-05-26 15:00:00,-13.7,969.7,6.2,214.0,36.0,0,Normal,
2015-05-26 16:00:00,-15.1,969.8,12.6,278.0,42.0,0,Normal,
2015-05-26 17:00:00,-15.2,970.6,4.9,211.0,42.0,0,Normal,
2015-05-26 18:00:00,-15.4,970.7,11.5,183.0,42.0,0,Normal,
2015-05-26 19:00:00,-15.8,970.3,12.4,190.0,41.0,0,Normal,
2015-05-26 20:00:00,-15.7,970.7,6.1,127.0,40.0,0,Normal,
2015-05-26 21:00:00,-13.9,970.5,13.4,141.0,35.0,0,Normal,
2015-05-26 22:00:00,-13.5,970.1,9.6,141.0,33.0,0,Normal,
2015-05-26 23:00:00,-13.7,969.8,15.1,157.0,32.0,0,Normal,
2015-05-27 00:00:00,-13.9,969.9,9.8,151.0,34.0,0,Normal,
2015-05-27 01:00:00,-13.3,969.8,15.7,156.0,31.0,0,Normal,
2015-05-27 02:00:00,-13.5,969.9,14.3,124.0,33.0,0,Normal,
2015-05-27 03:00:00,-12.9,969.4,16.2,166.0,31.0,0,Normal,
2015-05-27 04:00:00,-14.5,968.9,17.1,185.0,37.0,0,Normal,
2015-05-27 05:00:00,-13.7,969.0,5.7,265.0,32.0,0,Normal,
2015-05-27 06:00:00,-16.9,968.8,4.4,300.0,39.0,0,Normal,
2015-05-27 07:00:00,-14.2,969.1,5.7,39.0,34.0,0,Normal,
2015-05-27 08:00:00,-14.6,969.6,11.8,155.0,34.0,0,Normal,
2015-05-27 09:00:00,-15.3,969.8,7.6,172.0,36.0,0,Normal,
2015-05-27 10:00:00,-15.1,970.1,9.2,129.0,35.0,0,Normal,
2015-05-27 11:00:00,-14.1,969.8,18.3,165.0,30.0,0,Normal,
2015-05-27 12:00:00,-14.6,969.9,21.8,167.0,33.0,0,Normal,
2015-05-27 13:00:00,-15.0,969.7,17.0,176.0,34.0,0,Normal,
2015-05-27 14:00:00,-14.5,970.6,10.0,108.0,35.0,0,Normal,
2015-05-27 15:00:00,-15.3,970.8,13.7,119.0,36.0,0,Normal,
2015-05-27 16:00:00,-15.7,971.2,14.2,124.0,42.0,0,Normal,
2015-05-27 17:00:00,-15.9,970.8,16.6,109.0,42.0,0,Normal,
2015-05-27 18:00:00,-15.5,971.8,18.4,108.0,40.0,0,Normal,
2015-05-27 19:00:00,-15.3,972.4,20.9,114.0,38.0,0,Normal,
2015-05-27 20:00:00,-15.0,972.4,21.4,126.0,38.0,0,Normal,
2015-05-27 21:00:00,-15.0,972.8,21.6,124.0,39.0,0,Normal,
2015-05-27 22:00:00,-14.8,973.4,21.3,126.0,38.0,0,Normal,
2015-05-27 23:00:00,-14.9,973.7,21.5,133.0,37.0,0,Normal,
2015-05-28 00:00:00,-14.7,974.2,16.6,108.0,38.0,0,Normal,
2015-05-28 01:00:00,-14.3,973.9,20.4,139.0,40.0,0,Normal,
2015-05-28 02:00:00,-14.2,974.0,14.0,150.0,42.0,0,Normal,
2015-05-28 03:00:00,-14.0,974.1,8.6,353.0,43.0,0,Normal,
2015-05-28 04:00:00,-15.2,974.2,9.9,244.0,48.0,0,Normal,
2015-05-28 05:00:00,-15.2,974.6,6.9,270.0,46.0,0,Normal,
2015-05-28 06:00:00,-14.9,974.7,3.9,179.0,45.0,0,Normal,
2015-05-28 07:00:00,-15.3,974.6,9.0,150.0,52.0,0,Normal,
2015-05-28 08:00:00,-14.7,974.6,10.9,119.0,43.0,0,Normal,
2015-05-28 09:00:00,-14.6,974.8,12.1,130.0,44.0,0,Normal,
2015-05-28 10:00:00,-14.5,974.8,13.2,137.0,45.0,0,Normal,
2015-05-28 11:00:00,-14.2,975.0,11.5,116.0,44.0,0,Normal,
2015-05-28 12:00:00,-14.6,974.9,8.8,134.0,48.0,0,Normal,
2015-05-28 13:00:00,-14.7,974.7,10.4,76.0,47.0,0,Normal,
2015-05-28 14:00:00,-14.8,974.7,11.0,130.0,41.0,0,Normal,
2015-05-28 15:00:00,-14.9,974.4,7.3,179.0,43.0,0,Normal,
2015-05-28 16:00:00,-14.7,973.9,8.0,157.0,45.0,0,Normal,
2015-05-28 17:00:00,-15.2,974.3,6.7,126.0,47.0,0,Normal,
2015-05-28 18:00:00,-15.7,973.7,13.6,139.0,50.0,0,Normal,
2015-05-28 19:00:00,-15.0,973.4,21.5,110.0,42.0,0,Normal,
2015-05-28 20:00:00,-15.3,973.2,24.6,100.0,46.0,0,Normal,
2015-05-28 21:00:00,-15.4,973.2,16.4,109.0,57.0,0,Normal,
2015-05-28 22:00:00,-14.8,972.1,20.9,138.0,57.0,0,Normal,
2015-05-28 23:00:00,-13.9,971.0,20.6,132.0,47.0,0,Normal,
2015-05-29 00:00:00,-13.2,970.4,22.2,134.0,44.0,0,Normal,
2015-05-29 01:00:00,-12.7,969.6,25.6,139.0,42.0,0,Normal,
2015-05-29 02:00:00,-12.8,968.6,24.8,155.0,43.0,0,Normal,
2015-05-29 03:00:00,-13.7,967.5,29.8,163.0,36.0,0,Normal,
2015-05-29 04:00:00,-13.6,966.8,21.4,152.0,35.0,0,Normal,
2015-05-29 05:00:00,-14.3,966.9,21.9,137.0,36.0,0,Normal,
2015-05-29 06:00:00,-14.2,966.8,21.1,115.0,34.0,0,Normal,
2015-05-29 07:00:00,-14.3,966.1,23.3,169.0,33.0,0,Normal,
2015-05-29 08:00:00,-12.8,965.9,23.4,135.0,31.0,0,Normal,
2015-05-29 09:00:00,-14.0,964.4,29.1,166.0,33.0,0,Normal,
2015-05-29 10:00:00,-13.0,964.3,26.0,151.0,33.0,0,Normal,
2015-05-29 11:00:00,-12.8,963.5,27.8,159.0,31.0,0,Normal,
2015-05-29 12:00:00,-12.2,962.6,28.7,135.0,30.0,0,Normal,
2015-05-29 13:00:00,-11.5,962.0,35.5,150.0,30.0,0,Normal,
2015-05-29 14:00:00,-10.6,962.3,26.7,156.0,29.0,0,Normal,
2015-05-29 15:00:00,-9.7,961.6,34.0,149.0,29.0,0,Normal,
2015-05-29 16:00:00,-10.9,961.5,28.7,153.0,34.0,0,Normal,
2015-05-29 17:00:00,-10.4,961.7,30.8,157.0,33.0,0,Normal,
2015-05-29 18:00:00,-10.3,961.5,30.0,157.0,36.0,0,Normal,
2015-05-29 19:00:00,-8.6,961.9,30.1,141.0,28.0,0,Normal,
2015-05-29 20:00:00,-8.2,962.1,29.7,142.0,28.0,0,Normal,
2015-05-29 21:00:00,-9.2,962.4,24.4,151.0,38.0,0,Normal,
2015-05-29 22:00:00,-9.1,962.4,27.9,156.0,37.0,0,Normal,
2015-05-29 23:00:00,-7.3,963.0,24.1,138.0,28.0,0,Normal,
2015-05-30 00:00:00,-6.7,963.2,21.8,132.0,26.0,0,Normal,
2015-05-30 01:00:00,-6.2,963.6,22.8,127.0,23.0,0,Normal,
2015-05-30 02:00:00,-7.2,964.4,21.5,98.0,29.0,0,Normal,
2015-05-30 03:00:00,-7.6,964.6,18.9,99.0,31.0,0,Normal,
2015-05-30 04:00:00,-7.7,965.1,16.5,108.0,31.0,0,Normal,
2015-05-30 05:00:00,-7.3,965.6,15.5,113.0,29.0,0,Normal,
2015-05-30 06:00:00,-7.5,965.8,18.8,114.0,30.0,0,Normal,
2015-05-30 07:00:00,-7.1,966.6,15.1,110.0,30.0,0,Normal,
2015-05-30 08:00:00,-7.7,966.7,16.9,114.0,34.0,0,Normal,
2015-05-30 09:00:00,-7.1,967.4,18.4,114.0,32.0,0,Normal,
2015-05-30 10:00:00,-7.7,968.1,17.8,114.0,33.0,0,Normal,
2015-05-30 11:00:00,-7.8,968.9,13.7,107.0,33.0,0,Normal,
2015-05-30 12:00:00,-8.6,969.2,12.3,136.0,40.0,0,Normal,
2015-05-30 13:00:00,-8.6,969.1,18.7,136.0,39.0,0,Normal,
2015-05-30 14:00:00,-8.9,969.9,15.6,119.0,40.0,0,Normal,
2015-05-30 15:00:00,-9.5,970.9,14.3,114.0,41.0,0,Normal,
2015-05-30 16:00:00,-8.8,971.2,26.1,96.0,31.0,0,Normal,
2015-05-30 17:00:00,-9.0,972.1,21.8,108.0,34.0,0,Normal,
2015-05-30 18:00:00,-9.8,972.8,17.7,111.0,39.0,0,Normal,
2015-05-30 19:00:00,-9.9,973.6,17.2,105.0,38.0,0,Normal,
2015-05-30 20:00:00,-9.8,973.3,21.9,118.0,37.0,0,Normal,
2015-05-30 21:00:00,-10.1,973.2,15.2,123.0,43.0,0,Normal,
2015-05-30 22:00:00,-9.7,973.1,15.5,128.0,39.0,0,Normal,
2015-05-30 23:00:00,-10.1,973.6,9.9,110.0,42.0,0,Normal,
2015-05-31 00:00:00,-10.6,974.1,9.4,122.0,43.0,0,Normal,
2015-05-31 01:00:00,-10.5,974.3,11.5,99.0,38.0,0,Normal,
2015-05-31 02:00:00,-10.4,974.1,14.6,116.0,36.0,0,Normal,
2015-05-31 03:00:00,-10.3,973.8,12.8,108.0,38.0,0,Normal,
2015-05-31 04:00:00,-9.9,973.4,15.9,126.0,34.0,0,Normal,
2015-05-31 05:00:00,-10.0,973.4,16.3,131.0,35.0,0,Normal,
2015-05-31 06:00:00,-9.3,973.0,22.6,133.0,29.0,0,Normal,
2015-05-31 07:00:00,-9.1,973.4,17.9,119.0,31.0,0,Normal,
2015-05-31 08:00:00,-9.4,973.1,18.1,126.0,31.0,0,Normal,
2015-05-31 09:00:00,-9.8,972.9,20.1,132.0,32.0,0,Normal,
2015-05-31 10:00:00,-9.3,972.8,18.7,118.0,30.0,0,Normal,
2015-05-31 11:00:00,-8.8,972.4,12.2,131.0,31.0,0,Normal,
2015-05-31 12:00:00,-9.7,972.5,14.1,122.0,36.0,0,Normal,
2015-05-31 13:00:00,-9.2,972.0,17.1,125.0,30.0,0,Normal,
2015-05-31 14:00:00,-9.6,972.0,14.0,119.0,37.0,0,Normal,
2015-05-31 15:00:00,-9.6,971.7,18.4,115.0,34.0,0,Normal,
2015-05-31 16:00:00,-10.2,971.5,12.8,104.0,36.0,0,Normal,
2015-05-31 17:00:00,-10.6,970.6,6.7,97.0,44.0,0,Normal,
2015-05-31 18:00:00,-10.0,969.7,15.6,118.0,41.0,0,Normal,
2015-05-31 19:00:00,-10.6,970.1,13.4,118.0,42.0,0,Normal,
2015-05-31 20:00:00,-10.3,969.6,14.1,113.0,37.0,0,Normal,
2015-05-31 21:00:00,-10.2,969.3,16.8,110.0,33.0,0,Normal,
2015-05-31 22:00:00,-10.3,968.1,15.7,116.0,38.0,0,Normal,
2015-05-31 23:00:00,-9.7,967.5,17.4,105.0,37.0,0,Normal,
2015-06-06 00:00:00,-13.2,972.4,27.6,134.0,87.0,0,Normal,
2015-06-06 01:00:00,-12.9,971.8,25.8,126.0,87.0,0,Normal,
2015-06-06 02:00:00,-12.3,971.0,25.8,128.0,87.0,0,Normal,
2015-06-06 03:00:00,-12.3,970.4,17.9,120.0,86.0,0,Normal,
2015-06-06 04:00:00,-11.8,969.1,29.3,120.0,88.0,0,Normal,
2015-06-06 05:00:00,-12.1,968.2,32.6,133.0,88.0,0,Normal,
2015-06-06 06:00:00,-11.5,967.6,34.8,131.0,89.0,0,Normal,
2015-06-06 07:00:00,-10.9,966.2,37.5,134.0,89.0,0,Normal,
2015-06-06 08:00:00,-11.0,966.3,30.4,132.0,89.0,0,Normal,
2015-06-06 09:00:00,-11.1,965.5,36.7,131.0,89.0,0,Normal,
2015-06-06 10:00:00,-11.2,964.9,39.9,135.0,89.0,0,Normal,
2015-06-06 11:00:00,-10.8,964.9,32.6,131.0,89.0,0,Normal,
2015-06-06 12:00:00,-10.7,965.2,26.8,125.0,89.0,0,Normal,
2015-06-06 13:00:00,-10.7,965.1,25.9,113.0,89.0,0,Normal,
2015-06-06 14:00:00,-10.2,963.7,27.4,120.0,89.0,0,Normal,
2015-06-06 15:00:00,-10.0,963.3,27.1,110.0,89.0,0,Normal,
2015-06-06 16:00:00,-9.7,963.0,32.4,106.0,89.0,0,Normal,
2015-06-06 17:00:00,-9.6,962.7,33.2,113.0,89.0,0,Normal,
2015-06-06 18:00:00,-9.5,962.7,29.6,113.0,88.0,0,Normal,
2015-06-06 19:00:00,-9.5,963.2,35.4,113.0,87.0,0,Normal,
2015-06-06 20:00:00,-9.9,962.8,31.6,119.0,86.0,0,Normal,
2015-06-06 21:00:00,-10.1,964.4,33.3,117.0,85.0,0,Normal,
2015-06-06 22:00:00,-10.2,965.0,29.5,121.0,83.0,0,Normal,
2015-06-06 23:00:00,-10.3,965.3,28.5,122.0,82.0,0,Normal,
2015-06-07 00:00:00,-21.4,961.6,26.6,68.0,41.0,0,Normal,
2015-06-07 01:00:00,-21.4,960.0,28.2,78.0,35.0,0,Normal,
2015-06-07 02:00:00,-21.5,959.4,24.3,75.0,33.0,0,Normal,
2015-06-07 03:00:00,-21.1,957.8,24.3,78.0,31.0,0,Normal,
2015-06-07 04:00:00,-19.0,954.9,32.3,92.0,26.0,0,Normal,
2015-06-07 05:00:00,-19.0,952.4,36.0,101.0,33.0,0,Normal,
2015-06-07 06:00:00,-18.2,951.1,31.5,100.0,33.0,0,Normal,
2015-06-07 07:00:00,-17.1,950.0,29.2,82.0,24.0,0,Normal,
2015-06-07 08:00:00,-16.7,948.8,31.1,72.0,22.0,0,Normal,
2015-06-07 09:00:00,-16.8,949.4,25.4,57.0,25.0,0,Normal,
2015-06-07 10:00:00,-17.3,950.0,25.5,55.0,28.0,0,Normal,
2015-06-07 11:00:00,-17.5,950.0,23.6,57.0,29.0,0,Normal,
2015-06-07 12:00:00,-17.1,949.6,28.4,68.0,28.0,0,Normal,
2015-06-07 13:00:00,-17.1,948.6,33.8,64.0,27.0,0,Normal,
2015-06-07 14:00:00,-17.0,948.4,27.2,66.0,27.0,0,Normal,
2015-06-07 15:00:00,-16.8,948.1,30.7,65.0,27.0,0,Normal,
2015-06-07 16:00:00,-16.7,948.0,23.8,58.0,27.0,0,Normal,
2015-06-07 17:00:00,-16.6,947.7,21.4,59.0,30.0,0,Normal,
2015-06-07 18:00:00,-16.4,947.2,17.8,52.0,31.0,0,Normal,
2015-06-07 19:00:00,-16.3,946.9,15.0,59.0,36.0,0,Normal,
2015-06-07 20:00:00,-15.6,946.3,15.0,63.0,33.0,0,Normal,
2015-06-07 21:00:00,-16.3,946.6,7.6,262.0,42.0,0,Normal,
2015-06-07 22:00:00,-18.4,946.8,11.6,228.0,50.0,0,Normal,
2015-06-07 23:00:00,-18.2,946.7,17.3,204.0,48.0,0,Normal,
2015-06-08 00:00:00,-24.5,988.4,48.1,305.0,51.0,0,Normal,
2015-06-08 01:00:00,-24.0,988.7,52.6,303.0,48.0,0,Normal,
2015-06-08 02:00:00,-24.8,988.7,63.2,298.0,51.0,0,Normal,
2015-06-08 03:00:00,-23.6,988.8,63.2,298.0,47.0,0,Normal,
2015-06-08 04:00:00,-23.4,988.2,61.2,298.0,44.0,0,Normal,
2015-06-08 05:00:00,-25.3,988.7,59.8,300.0,51.0,0,Normal,
2015-06-08 06:00:00,-24.8,989.0,61.9,299.0,49.0,0,Normal,
2015-06-08 07:00:00,-25.5,988.7,63.2,298.0,51.0,0,Normal,
2015-06-08 08:00:00,-25.3,988.7,58.8,304.0,49.0,0,Normal,
2015-06-08 09:00:00,-26.4,989.3,43.6,300.0,51.0,0,Normal,
2015-06-08 10:00:00,-25.8,989.0,61.9,298.0,53.0,0,Normal,
2015-06-08 11:00:00,-25.4,988.3,64.4,298.0,50.0,0,Normal,
2015-06-08 12:00:00,-24.2,987.7,57.4,296.0,45.0,0,Normal,
2015-06-08 13:00:00,-24.3,987.5,63.0,299.0,44.0,0,Normal,
2015-06-08 14:00:00,-26.2,987.9,63.2,299.0,51.0,0,Normal,
2015-06-08 15:00:00,-26.2,987.3,61.3,298.0,51.0,0,Normal,
2015-06-08 16:00:00,-25.2,986.5,61.6,300.0,47.0,0,Normal,
2015-06-08 17:00:00,-25.2,985.6,60.1,299.0,46.0,0,Normal,
2015-06-08 18:00:00,-25.9,984.6,62.6,298.0,46.0,0,Normal,
2015-06-08 19:00:00,-28.5,984.1,66.6,299.0,51.0,0,Normal,
2015-06-08 20:00:00,-28.6,984.0,63.2,298.0,54.0,0,Normal,
2015-06-08 21:00:00,-28.9,983.6,61.8,299.0,53.0,0,Normal,
2015-06-08 22:00:00,-28.5,982.9,61.9,299.0,53.0,0,Normal,
2015-06-08 23:00:00,-28.7,982.7,62.6,298.0,54.0,0,Normal,
2015-06-09 00:00:00,-18.8,958.5,62.6,298.0,35.0,0,Normal,
2015-06-09 01:00:00,-18.8,958.5,63.9,298.0,36.0,0,Normal,
2015-06-09 02:00:00,-18.9,958.4,64.3,299.0,37.0,0,Normal,
2015-06-09 03:00:00,-18.8,958.3,54.8,312.0,41.0,0,Normal,
2015-06-09 04:00:00,-18.8,958.3,62.6,298.0,43.0,0,Normal,
2015-06-09 05:00:00,-19.2,958.3,61.2,298.0,49.0,0,Normal,
2015-06-09 06:00:00,-18.8,957.9,61.9,298.0,51.0,0,Normal,
2015-06-09 07:00:00,-18.8,958.2,51.1,304.0,47.0,0,Normal,
2015-06-09 08:00:00,-18.6,957.9,62.6,298.0,46.0,0,Normal,
2015-06-09 09:00:00,-18.2,957.7,63.9,298.0,42.0,0,Normal,
2015-06-09 10:00:00,-17.3,957.2,63.2,298.0,35.0,0,Normal,
2015-06-09 11:00:00,-17.8,957.6,61.9,300.0,38.0,0,Normal,
2015-06-09 12:00:00,-17.3,957.5,53.2,287.0,34.0,0,Normal,
2015-06-09 13:00:00,-17.1,957.4,62.6,298.0,31.0,0,Normal,
2015-06-09 14:00:00,-17.0,956.9,61.9,298.0,31.0,0,Normal,
2015-06-09 15:00:00,-17.2,956.7,61.3,298.0,39.0,0,Normal,
2015-06-09 16:00:00,-17.5,957.0,61.9,301.0,36.0,0,Normal,
2015-06-09 17:00:00,-16.3,957.1,61.9,298.0,29.0,0,Normal,
2015-06-09 18:00:00,-16.9,957.5,63.9,298.0,30.0,0,Normal,
2015-06-09 19:00:00,-17.4,957.4,63.2,298.0,35.0,0,Normal,
2015-06-09 20:00:00,-17.9,957.6,63.9,298.0,36.0,0,Normal,
2015-06-09 21:00:00,-18.2,957.4,54.0,300.0,37.0,0,Normal,
2015-06-09 22:00:00,-17.9,957.9,63.2,298.0,36.0,0,Normal,
2015-06-09 23:00:00,-18.6,958.0,61.9,298.0,37.0,0,Normal,
2015-06-10 00:00:00,-9.0,978.1,63.9,298.0,56.0,0,Normal,
2015-06-10 01:00:00,-9.3,978.5,63.2,301.0,58.0,0,Normal,
2015-06-10 02:00:00,-9.6,978.2,63.2,298.0,55.0,0,Normal,
2015-06-10 03:00:00,-9.9,977.3,61.9,298.0,55.0,0,Normal,
2015-06-10 04:00:00,-10.1,977.2,61.3,298.0,62.0,0,Normal,
2015-06-10 05:00:00,-9.6,976.7,61.9,298.0,61.0,0,Normal,
2015-06-10 06:00:00,-9.1,977.0,61.9,301.0,53.0,0,Normal,
2015-06-10 07:00:00,-9.1,977.4,61.9,298.0,59.0,0,Normal,
2015-06-10 08:00:00,-7.5,976.8,63.9,298.0,43.0,0,Normal,
2015-06-10 09:00:00,-7.0,976.6,62.6,298.0,46.0,0,Normal,
2015-06-10 10:00:00,-6.2,976.8,67.9,299.0,40.0,0,Normal,
2015-06-10 11:00:00,-6.2,976.5,58.9,297.0,47.0,0,Normal,
2015-06-10 12:00:00,-6.0,976.4,63.3,298.0,51.0,0,Normal,
2015-06-10 13:00:00,-5.8,975.8,61.9,298.0,49.0,0,Normal,
2015-06-10 14:00:00,-5.4,975.0,61.9,298.0,48.0,0,Normal,
2015-06-10 15:00:00,-5.4,974.5,63.1,300.0,43.0,0,Normal,
2015-06-10 16:00:00,-5.2,974.2,22.6,274.0,41.0,0,Normal,
2015-06-10 17:00:00,-5.7,974.5,62.6,298.0,48.0,0,Normal,
2015-06-10 18:00:00,-6.1,974.1,63.3,298.0,54.0,0,Normal,
2015-06-10 19:00:00,-5.3,974.1,63.9,298.0,45.0,0,Normal,
2015-06-10 20:00:00,-6.2,975.0,62.6,301.0,58.0,0,Normal,
2015-06-10 21:00:00,-6.3,974.4,63.3,298.0,61.0,0,Normal,
2015-06-10 22:00:00,-6.2,975.4,61.3,298.0,54.0,0,Normal,
2015-06-10 23:00:00,-6.8,975.7,61.9,298.0,62.0,0,Normal,
2015-06-11 00:00:00,-8.2,967.3,62.8,300.0,92.0,0,Normal,
2015-06-11 01:00:00,-8.0,966.4,39.2,285.0,92.0,0,Normal,
2015-06-11 02:00:00,-8.2,965.4,62.1,298.0,92.0,0,Normal,
2015-06-11 03:00:00,-7.7,964.9,60.8,299.0,92.0,0,Normal,
2015-06-11 04:00:00,-7.9,964.8,61.9,298.0,93.0,0,Normal,
2015-06-11 05:00:00,-7.9,963.7,62.6,301.0,93.0,0,Normal,
2015-06-11 06:00:00,-7.9,962.3,61.9,298.0,93.0,0,Normal,
2015-06-11 07:00:00,-7.8,961.6,62.6,298.0,93.0,0,Normal,
2015-06-11 08:00:00,-7.6,961.5,63.9,298.0,94.0,0,Normal,
2015-06-11 09:00:00,-7.3,961.6,63.2,298.0,94.0,0,Normal,
2015-06-11 10:00:00,-7.0,961.4,63.2,301.0,94.0,0,Normal,
2015-06-11 11:00:00,-6.6,961.4,62.6,298.0,95.0,0,Normal,
2015-06-11 12:00:00,-6.3,961.8,61.9,298.0,95.0,0,Normal,
2015-06-11 13:00:00,-5.9,962.4,61.3,298.0,96.0,0,Normal,
2015-06-11 14:00:00,-6.0,962.8,61.3,298.0,95.0,0,Normal,
2015-06-11 15:00:00,-6.1,963.0,61.3,298.0,95.0,0,Normal,
2015-06-11 16:00:00,-6.0,963.5,61.9,298.0,95.0,0,Normal,
2015-06-11 17:00:00,-6.1,963.9,68.4,300.0,95.0,0,Normal,
2015-06-11 18:00:00,-5.7,964.9,49.6,289.0,90.0,0,Normal,
2015-06-11 19:00:00,-5.6,965.6,62.0,298.0,83.0,0,Normal,
2015-06-11 20:00:00,-5.6,966.6,63.5,299.0,79.0,0,Normal,
2015-06-11 21:00:00,-6.1,967.4,63.3,298.0,81.0,0,Normal,
2015-06-11 22:00:00,-6.2,967.9,62.6,301.0,81.0,0,Normal,
2015-06-11 23:00:00,-7.0,968.4,62.6,298.0,75.0,0,Normal,
2015-06-12 00:00:00,-2.3,945.9,29.2,150.0,38.0,0,Normal,
2015-06-12 01:00:00,-2.1,945.8,26.1,149.0,35.0,0,Normal,
2015-06-12 02:00:00,-2.9,945.5,24.5,167.0,40.0,0,Normal,
2015-06-12 03:00:00,-2.9,945.4,24.2,162.0,38.0,0,Normal,
2015-06-12 04:00:00,-2.4,945.3,27.1,164.0,36.0,0,Normal,
2015-06-12 05:00:00,-0.8,945.4,27.8,150.0,34.0,0,Normal,
2015-06-12 06:00:00,0.1,946.0,30.3,147.0,36.0,0,Normal,
2015-06-12 07:00:00,-0.3,946.1,26.6,148.0,44.0,0,Normal,
2015-06-12 08:00:00,-0.1,946.1,28.9,145.0,43.0,0,Normal,
2015-06-12 09:00:00,0.1,946.4,29.3,146.0,48.0,0,Normal,
2015-06-12 10:00:00,0.3,946.7,30.6,145.0,46.0,0,Normal,
2015-06-12 11:00:00,0.8,947.8,25.0,143.0,48.0,0,Normal,
2015-06-12 12:00:00,1.0,948.4,26.5,137.0,50.0,0,Normal,
2015-06-12 13:00:00,1.9,948.9,18.9,134.0,50.0,0,Normal,
2015-06-12 14:00:00,1.6,949.5,22.9,100.0,48.0,0,Normal,
2015-06-12 15:00:00,1.4,950.1,19.1,108.0,50.0,0,Normal,
2015-06-12 16:00:00,1.6,950.6,20.3,108.0,50.0,0,Normal,
2015-06-12 17:00:00,1.8,951.3,19.6,107.0,46.0,0,Normal,
2015-06-12 18:00:00,1.6,951.9,20.7,116.0,44.0,0,Normal,
2015-06-12 19:00:00,0.8,952.9,22.9,117.0,45.0,0,Normal,
2015-06-12 20:00:00,0.4,953.5,22.9,133.0,46.0,0,Normal,
2015-06-12 21:00:00,0.2,953.9,18.9,125.0,42.0,0,Normal,
2015-06-12 22:00:00,0.1,954.4,23.6,130.0,41.0,0,Normal,
2015-06-12 23:00:00,0.1,954.9,23.3,131.0,42.0,0,Normal,
2015-06-13 00:00:00,-17.7,981.1,6.9,39.0,33.0,0,Normal,
2015-06-13 01:00:00,-16.8,981.4,13.8,140.0,36.0,0,Normal,
2015-06-13 02:00:00,-15.7,981.9,6.0,303.0,32.0,0,Normal,
2015-06-13 03:00:00,-16.7,982.2,7.2,79.0,36.0,0,Normal,
2015-06-13 04:00:00,-18.1,983.0,8.6,131.0,38.0,0,Normal,
2015-06-13 05:00:00,-15.7,983.1,10.3,132.0,35.0,0,Normal,
2015-06-13 06:00:00,-16.4,982.9,18.0,145.0,37.0,0,Normal,
2015-06-13 07:00:00,-16.2,982.8,24.0,144.0,36.0,0,Normal,
2015-06-13 08:00:00,-15.5,984.0,6.6,86.0,35.0,0,Normal,
2015-06-13 09:00:00,-14.4,984.2,5.2,298.0,29.0,0,Normal,
2015-06-13 10:00:00,-15.3,984.5,4.1,186.0,34.0,0,Normal,
2015-06-13 11:00:00,-15.1,985.6,3.1,44.0,33.0,0,Normal,
2015-06-13 12:00:00,-15.9,985.8,18.1,147.0,35.0,0,Normal,
2015-06-13 13:00:00,-15.8,985.6,14.1,136.0,35.0,0,Normal,
2015-06-13 14:00:00,-14.5,985.9,11.6,262.0,31.0,0,Normal,
2015-06-13 15:00:00,-14.7,985.9,2.1,348.0,30.0,0,Normal,
2015-06-13 16:00:00,-14.1,985.6,15.6,165.0,31.0,0,Normal,
2015-06-13 17:00:00,-12.2,985.9,6.9,274.0,26.0,0,Normal,
2015-06-13 18:00:00,-12.3,986.1,13.2,190.0,25.0,0,Normal,
2015-06-13 19:00:00,-13.9,984.1,26.9,135.0,29.0,0,Normal,
2015-06-13 20:00:00,-14.7,984.0,29.7,143.0,32.0,0,Normal,
2015-06-13 21:00:00,-14.5,983.7,30.0,140.0,35.0,0,Normal,
2015-06-13 22:00:00,-11.1,982.8,16.9,119.0,30.0,0,Normal,
2015-06-13 23:00:00,-10.9,983.2,20.1,130.0,25.0,0,Normal,
2015-06-14 00:00:00,-11.4,983.4,20.3,124.0,26.0,0,Normal,
2015-06-14 01:00:00,-12.1,982.4,22.4,133.0,29.0,0,Normal,
2015-06-14 02:00:00,-10.9,982.1,16.2,125.0,26.0,0,Normal,
2015-06-14 03:00:00,-10.9,982.1,24.0,125.0,28.0,0,Normal,
2015-06-14 04:00:00,-11.2,981.3,23.5,125.0,28.0,0,Normal,
2015-06-14 05:00:00,-11.8,980.8,24.6,131.0,31.0,0,Normal,
2015-06-14 06:00:00,-11.8,980.7,21.8,129.0,31.0,0,Normal,
2015-06-14 07:00:00,-12.1,980.5,23.7,129.0,30.0,0,Normal,
2015-06-14 08:00:00,-12.2,980.2,24.3,126.0,29.0,0,Normal,
2015-06-14 09:00:00,-12.3,980.4,25.1,118.0,30.0,0,Normal,
2015-06-14 10:00:00,-11.8,979.8,26.3,112.0,27.0,0,Normal,
2015-06-14 11:00:00,-12.9,979.5,23.4,125.0,30.0,0,Normal,
2015-06-14 12:00:00,-12.7,978.4,26.7,117.0,27.0,0,Normal,
2015-06-14 13:00:00,-12.7,977.3,27.0,114.0,27.0,0,Normal,
2015-06-14 14:00:00,-13.4,977.3,23.5,102.0,31.0,0,Normal,
2015-06-14 15:00:00,-14.6,977.5,20.8,84.0,35.0,0,Normal,
2015-06-14 16:00:00,-16.5,978.2,24.2,66.0,33.0,0,Normal,
2015-06-14 17:00:00,-19.1,979.1,29.7,52.0,40.0,0,Normal,
2015-06-14 18:00:00,-20.4,980.3,14.5,71.0,49.0,0,Normal,
2015-06-14 19:00:00,-20.4,980.3,10.6,64.0,46.0,0,Normal,
2015-06-14 20:00:00,-19.4,980.9,20.1,66.0,36.0,0,Normal,
2015-06-14 21:00:00,-20.3,980.5,10.6,70.0,41.0,0,Normal,
2015-06-14 22:00:00,-19.2,980.7,26.2,66.0,34.0,0,Normal,
2015-06-14 23:00:00,-18.9,980.5,24.4,60.0,32.0,0,Normal,
2015-06-15 00:00:00,-19.0,980.9,21.8,68.0,34.0,0,Normal,
2015-06-15 01:00:00,-19.3,981.6,17.3,65.0,36.0,0,Normal,
2015-06-15 02:00:00,-19.1,981.5,18.5,59.0,34.0,0,Normal,
2015-06-15 03:00:00,-19.0,981.6,24.4,56.0,33.0,0,Normal,
2015-06-15 04:00:00,-19.2,981.5,24.3,61.0,34.0,0,Normal,
2015-06-15 05:00:00,-19.5,981.3,27.8,67.0,34.0,0,Normal,
2015-06-15 06:00:00,-19.7,982.1,22.7,54.0,36.0,0,Normal,
2015-06-15 07:00:00,-19.9,982.8,22.2,57.0,36.0,0,Normal,
2015-06-15 08:00:00,-19.9,983.3,21.5,57.0,36.0,0,Normal,
2015-06-15 09:00:00,-20.2,983.6,20.9,65.0,37.0,0,Normal,
2015-06-15 10:00:00,-20.1,983.2,22.8,74.0,37.0,0,Normal,
2015-06-15 11:00:00,-19.6,983.1,26.5,79.0,37.0,0,Normal,
2015-06-15 12:00:00,-19.4,983.7,22.4,63.0,38.0,0,Normal,
2015-06-15 13:00:00,-19.8,984.1,21.3,63.0,40.0,0,Normal,
2015-06-15 14:00:00,-19.7,984.0,23.7,69.0,39.0,0,Normal,
2015-06-15 15:00:00,-19.6,984.6,22.3,67.0,39.0,0,Normal,
2015-06-15 16:00:00,-19.1,984.9,22.5,69.0,40.0,0,Normal,
2015-06-15 17:00:00,-18.7,985.1,21.3,65.0,39.0,0,Normal,
2015-06-15 18:00:00,-18.5,985.1,23.7,78.0,37.0,0,Normal,
2015-06-15 19:00:00,-18.3,984.8,24.0,81.0,39.0,0,Normal,
2015-06-15 20:00:00,-17.8,984.6,22.8,77.0,38.0,0,Normal,
2015-06-15 21:00:00,-17.8,985.0,24.0,78.0,39.0,0,Normal,
2015-06-15 22:00:00,-17.3,984.9,23.4,80.0,37.0,0,Normal,
2015-06-15 23:00:00,-17.1,984.8,24.8,81.0,36.0,0,Normal,
2015-06-16 00:00:00,-16.7,985.2,22.4,79.0,35.0,0,Normal,
2015-06-16 01:00:00,-16.5,985.2,24.7,79.0,34.0,0,Normal,
2015-06-16 02:00:00,-17.0,985.5,16.3,79.0,36.0,0,Normal,
2015-06-16 03:00:00,-17.2,985.1,17.6,69.0,36.0,0,Normal,
2015-06-16 04:00:00,-16.6,984.3,21.7,75.0,33.0,0,Normal,
2015-06-16 05:00:00,-16.0,984.4,22.3,71.0,34.0,0,Normal,
2015-06-16 06:00:00,-16.3,984.0,23.2,68.0,37.0,0,Normal,
2015-06-16 07:00:00,-16.5,983.5,22.9,70.0,38.0,0,Normal,
2015-06-16 08:00:00,-16.4,982.9,24.3,80.0,39.0,0,Normal,
2015-06-16 09:00:00,-16.5,982.7,23.4,71.0,43.0,0,Normal,
2015-06-16 10:00:00,-16.6,982.2,24.5,79.0,48.0,0,Normal,
2015-06-16 11:00:00,-16.4,982.0,23.7,80.0,51.0,0,Normal,
2015-06-16 12:00:00,-16.1,982.1,20.9,77.0,55.0,0,Normal,
2015-06-16 13:00:00,-16.3,982.3,21.0,70.0,60.0,0,Normal,
2015-06-16 14:00:00,-16.4,982.8,20.2,70.0,62.0,0,Normal,
2015-06-16 15:00:00,-16.7,983.7,16.0,58.0,67.0,0,Normal,
2015-06-16 16:00:00,-16.9,983.6,16.7,90.0,69.0,0,Normal,
2015-06-16 17:00:00,-15.8,983.1,17.7,72.0,71.0,0,Normal,
2015-06-16 18:00:00,-15.2,982.8,19.9,77.0,73.0,0,Normal,
2015-06-16 19:00:00,-14.7,982.1,22.3,80.0,72.0,0,Normal,
2015-06-16 20:00:00,-14.5,981.8,22.4,69.0,77.0,0,Normal,
2015-06-16 21:00:00,-14.3,982.0,20.3,78.0,81.0,0,Normal,
2015-06-16 22:00:00,-14.2,982.1,21.2,74.0,82.0,0,Normal,
2015-06-16 23:00:00,-14.0,981.9,20.6,74.0,84.0,0,Normal,
2015-06-17 00:00:00,-13.8,982.0,21.0,72.0,85.0,0,Normal,
2015-06-17 01:00:00,-13.6,981.8,23.5,76.0,84.0,0,Normal,
2015-06-17 02:00:00,-13.5,982.0,22.0,78.0,84.0,0,Normal,
2015-06-17 03:00:00,-13.3,982.0,26.5,84.0,81.0,0,Normal,
2015-06-17 04:00:00,-13.2,981.7,23.4,79.0,81.0,0,Normal,
2015-06-17 05:00:00,-13.0,981.6,17.6,74.0,81.0,0,Normal,
2015-06-17 06:00:00,-12.6,981.6,16.3,67.0,84.0,0,Normal,
2015-06-17 07:00:00,-12.5,979.2,25.0,77.0,88.0,0,Normal,
2015-06-17 08:00:00,-12.3,978.5,32.7,85.0,88.0,0,Normal,
2015-06-17 09:00:00,-12.2,978.4,30.8,85.0,88.0,0,Normal,
2015-06-17 10:00:00,-12.4,977.6,32.1,84.0,88.0,0,Normal,
2015-06-17 11:00:00,-12.3,977.0,33.1,89.0,88.0,0,Normal,
2015-06-17 12:00:00,-12.0,977.1,34.3,88.0,88.0,0,Normal,
2015-06-17 13:00:00,-11.7,977.3,27.5,82.0,88.0,0,Normal,
2015-06-17 14:00:00,-11.7,976.7,26.6,78.0,88.0,0,Normal,
2015-06-17 15:00:00,-11.7,976.6,26.3,74.0,89.0,0,Normal,
2015-06-17 16:00:00,-11.7,976.2,29.4,79.0,89.0,0,Normal,
2015-06-17 17:00:00,-11.7,975.1,36.0,85.0,88.0,0,Normal,
2015-06-17 18:00:00,-11.8,975.4,39.7,87.0,88.0,0,Normal,
2015-06-17 19:00:00,-12.0,975.4,37.4,85.0,88.0,0,Normal,
2015-06-17 20:00:00,-12.0,975.6,28.7,80.0,88.0,0,Normal,
2015-06-17 21:00:00,-12.1,975.8,30.3,76.0,88.0,0,Normal,
2015-06-17 22:00:00,-12.1,975.7,32.7,79.0,87.0,0,Normal,
2015-06-17 23:00:00,-12.1,975.9,30.9,80.0,87.0,0,Normal,
2015-06-18 00:00:00,-12.2,976.3,29.9,73.0,87.0,0,Normal,
2015-06-18 01:00:00,-12.0,976.4,31.2,75.0,87.0,0,Normal,
2015-06-18 02:00:00,-12.0,976.6,29.0,78.0,87.0,0,Normal,
2015-06-18 03:00:00,-11.6,977.0,30.7,85.0,87.0,0,Normal,
2015-06-18 04:00:00,-11.3,977.0,30.8,79.0,87.0,0,Normal,
2015-06-18 05:00:00,-11.0,977.0,28.3,77.0,86.0,0,Normal,
2015-06-18 06:00:00,-11.0,977.3,25.8,70.0,84.0,0,Normal,
2015-06-18 07:00:00,-11.1,977.4,24.4,70.0,82.0,0,Normal,
2015-06-18 08:00:00,-10.7,976.9,25.1,74.0,80.0,0,Normal,
2015-06-18 09:00:00,-11.0,977.0,21.1,69.0,78.0,0,Normal,
2015-06-18 10:00:00,-11.1,976.2,32.5,87.0,74.0,0,Normal,
2015-06-18 11:00:00,-10.9,976.7,23.6,78.0,65.0,0,Normal,
2015-06-18 12:00:00,-10.6,976.4,25.8,74.0,54.0,0,Normal,
2015-06-18 13:00:00,-10.5,976.4,26.9,78.0,31.0,0,Normal,
2015-06-18 14:00:00,-10.8,976.5,23.4,68.0,32.0,0,Normal,
2015-06-18 15:00:00,-11.0,976.3,25.1,68.0,32.0,0,Normal,
2015-06-18 16:00:00,-11.0,976.0,25.2,66.0,29.0,0,Normal,
2015-06-18 17:00:00,-11.3,975.7,26.4,70.0,28.0,0,Normal,
2015-06-18 18:00:00,-11.3,975.4,25.9,70.0,28.0,0,Normal,
2015-06-18 19:00:00,-11.1,974.6,29.1,75.0,25.0,0,Normal,
2015-06-18 20:00:00,-11.0,974.7,26.1,70.0,25.0,0,Normal,
2015-06-18 21:00:00,-11.1,974.4,26.0,73.0,26.0,0,Normal,
2015-06-18 22:00:00,-11.0,975.0,27.4,76.0,25.0,0,Normal,
2015-06-18 23:00:00,-11.2,974.3,27.4,74.0,26.0,0,Normal,
2015-06-19 00:00:00,-11.2,974.3,26.5,73.0,26.0,0,Normal,
2015-06-19 01:00:00,-11.0,973.3,27.5,78.0,25.0,0,Normal,
2015-06-19 02:00:00,-10.6,972.7,32.1,80.0,23.0,0,Normal,
2015-06-19 03:00:00,-10.5,972.1,35.2,88.0,25.0,0,Normal,
2015-06-19 04:00:00,-10.2,971.2,35.8,85.0,26.0,0,Normal,
2015-06-19 05:00:00,-9.8,970.2,39.1,86.0,25.0,0,Normal,
2015-06-19 06:00:00,-9.5,970.0,32.9,89.0,26.0,0,Normal,
2015-06-19 07:00:00,-9.1,969.6,35.3,100.0,25.0,0,Normal,
2015-06-19 08:00:00,-8.5,969.1,38.8,99.0,23.0,0,Normal,
2015-06-19 09:00:00,-8.2,968.6,38.5,99.0,25.0,0,Normal,
2015-06-19 10:00:00,-7.9,967.6,39.4,97.0,25.0,0,Normal,
2015-06-19 11:00:00,-7.9,967.8,41.6,94.0,25.0,0,Normal,
2015-06-19 12:00:00,-7.7,967.6,37.0,98.0,29.0,0,Normal,
2015-06-19 13:00:00,-7.6,967.2,41.3,99.0,28.0,0,Normal,
2015-06-19 14:00:00,-7.5,967.0,40.6,97.0,30.0,0,Normal,
2015-06-19 15:00:00,-7.4,966.6,41.6,101.0,33.0,0,Normal,
2015-06-19 16:00:00,-7.3,967.3,38.1,98.0,31.0,0,Normal,
2015-06-19 17:00:00,-7.4,967.9,34.0,85.0,33.0,0,Normal,
2015-06-19 18:00:00,-7.4,968.2,29.5,93.0,30.0,0,Normal,
2015-06-19 19:00:00,-7.5,968.4,33.4,91.0,27.0,0,Normal,
2015-06-19 20:00:00,-7.6,968.0,37.1,86.0,28.0,0,Normal,
2015-06-19 21:00:00,-7.5,967.9,30.2,97.0,26.0,0,Normal,
2015-06-19 22:00:00,-7.3,967.8,27.9,94.0,24.0,0,Normal,
2015-06-19 23:00:00,-7.2,967.9,26.5,99.0,25.0,0,Normal,
2015-06-20 00:00:00,-7.0,967.8,30.2,97.0,22.0,0,Normal,
2015-06-20 01:00:00,-7.2,967.9,29.4,98.0,23.0,0,Normal,
2015-06-20 02:00:00,-7.5,967.6,30.4,104.0,23.0,0,Normal,
2015-06-20 03:00:00,-8.4,967.4,31.6,121.0,34.0,0,Normal,
2015-06-20 04:00:00,-9.5,966.7,34.1,113.0,30.0,0,Normal,
2015-06-20 05:00:00,-10.0,966.7,28.9,114.0,34.0,0,Normal,
2015-06-20 06:00:00,-9.8,966.7,33.4,110.0,29.0,0,Normal,
2015-06-20 07:00:00,-10.2,966.6,26.6,112.0,30.0,0,Normal,
2015-06-20 08:00:00,-9.6,966.1,21.5,112.0,27.0,0,Normal,
2015-06-20 09:00:00,-10.2,966.3,22.3,116.0,32.0,0,Normal,
2015-06-20 10:00:00,-10.4,966.0,22.4,108.0,32.0,0,Normal,
2015-06-20 11:00:00,-10.6,965.0,21.5,116.0,31.0,0,Normal,
2015-06-20 12:00:00,-10.6,964.3,23.4,109.0,32.0,0,Normal,
2015-06-20 13:00:00,-9.9,963.8,24.4,114.0,27.0,0,Normal,
2015-06-20 14:00:00,-10.0,963.4,25.6,124.0,27.0,0,Normal,
2015-06-20 15:00:00,-11.1,962.8,21.8,130.0,35.0,0,Normal,
2015-06-20 16:00:00,-10.1,963.1,1.6,319.0,31.0,0,Normal,
2015-06-20 17:00:00,-12.9,963.1,18.4,255.0,40.0,0,Normal,
2015-06-20 18:00:00,-12.9,962.6,9.5,191.0,37.0,0,Normal,
2015-06-20 19:00:00,-12.6,962.0,11.9,117.0,29.0,0,Normal,
2015-06-20 20:00:00,-11.8,961.5,7.8,90.0,27.0,0,Normal,
2015-06-20 21:00:00,-12.8,961.0,7.3,81.0,37.0,0,Normal,
2015-06-20 22:00:00,-17.1,960.6,10.3,95.0,51.0,0,Normal,
2015-06-20 23:00:00,-16.8,960.1,7.9,34.0,47.0,0,Normal,
2015-06-21 00:00:00,-17.5,959.6,5.1,32.0,48.0,0,Normal,
2015-06-21 01:00:00,-17.4,959.3,9.9,25.0,51.0,0,Normal,
2015-06-21 02:00:00,-18.6,959.3,8.2,137.0,56.0,0,Normal,
2015-06-21 03:00:00,-17.7,959.5,12.1,109.0,56.0,0,Normal,
2015-06-21 04:00:00,-18.3,960.4,11.5,81.0,58.0,0,Normal,
2015-06-21 05:00:00,-16.6,960.0,10.8,49.0,37.0,0,Normal,
2015-06-21 06:00:00,-18.0,959.0,12.7,8.0,42.0,0,Normal,
2015-06-21 07:00:00,-17.8,959.1,8.6,164.0,48.0,0,Normal,
2015-06-21 08:00:00,-17.2,959.8,21.1,95.0,39.0,0,Normal,
2015-06-21 09:00:00,-17.4,959.8,25.2,105.0,39.0,0,Normal,
2015-06-21 10:00:00,-17.4,960.0,24.8,121.0,38.0,0,Normal,
2015-06-21 11:00:00,-17.4,960.0,25.4,124.0,36.0,0,Normal,
2015-06-21 12:00:00,-17.0,960.4,24.1,125.0,38.0,0,Normal,
2015-06-21 13:00:00,-16.7,961.0,22.8,126.0,38.0,0,Normal,
2015-06-21 14:00:00,-16.6,961.0,22.0,127.0,39.0,0,Normal,
2015-06-21 15:00:00,-16.9,961.3,23.2,126.0,36.0,0,Normal,
2015-06-21 16:00:00,-16.8,961.6,22.3,127.0,36.0,0,Normal,
2015-06-21 17:00:00,-17.0,962.2,23.0,128.0,36.0,0,Normal,
2015-06-21 18:00:00,-16.8,962.6,22.6,125.0,36.0,0,Normal,
2015-06-21 19:00:00,-16.1,962.8,24.5,120.0,36.0,0,Normal,
2015-06-21 20:00:00,-16.2,963.4,22.8,120.0,40.0,0,Normal,
2015-06-21 21:00:00,-15.8,963.7,25.9,117.0,42.0,0,Normal,
2015-06-21 22:00:00,-15.5,964.1,25.5,116.0,45.0,0,Normal,
2015-06-21 23:00:00,-15.1,964.6,22.7,116.0,47.0,0,Normal,
2015-06-22 00:00:00,-14.4,965.0,19.1,101.0,51.0,0,Normal,
2015-06-22 01:00:00,-14.2,965.4,19.3,90.0,49.0,0,Normal,
2015-06-22 02:00:00,-14.2,965.9,20.0,88.0,49.0,0,Normal,
2015-06-22 03:00:00,-14.2,965.9,22.3,94.0,53.0,0,Normal,
2015-06-22 04:00:00,-14.0,965.7,23.1,95.0,53.0,0,Normal,
2015-06-22 05:00:00,-13.7,965.7,27.4,96.0,51.0,0,Normal,
2015-06-22 06:00:00,-13.5,965.6,25.8,94.0,55.0,0,Normal,
2015-06-22 07:00:00,-13.4,966.1,20.1,84.0,56.0,0,Normal,
2015-06-22 08:00:00,-13.4,966.4,22.6,87.0,54.0,0,Normal,
2015-06-22 09:00:00,-13.3,966.7,22.6,83.0,50.0,0,Normal,
2015-06-22 10:00:00,-13.3,967.4,19.9,81.0,53.0,0,Normal,
2015-06-22 11:00:00,-13.9,967.5,23.8,86.0,70.0,0,Normal,
2015-06-22 12:00:00,-13.4,967.7,23.7,84.0,54.0,0,Normal,
2015-06-22 13:00:00,-13.3,968.1,20.6,85.0,54.0,0,Normal,
2015-06-22 14:00:00,-13.2,968.1,16.2,77.0,50.0,0,Normal,
2015-06-22 15:00:00,-13.7,968.1,20.5,104.0,51.0,0,Normal,
2015-06-22 16:00:00,-14.0,968.4,19.1,115.0,50.0,0,Normal,
2015-06-22 17:00:00,-13.9,968.3,17.8,103.0,45.0,0,Normal,
2015-06-22 18:00:00,-14.4,968.2,17.8,125.0,41.0,0,Normal,
2015-06-22 19:00:00,-16.5,968.5,22.3,135.0,42.0,0,Normal,
2015-06-22 20:00:00,-16.8,968.7,19.9,133.0,39.0,0,Normal,
2015-06-22 21:00:00,-17.3,969.0,21.4,143.0,40.0,0,Normal,
2015-06-22 22:00:00,-17.8,969.1,15.1,141.0,41.0,0,Normal,
2015-06-22 23:00:00,-17.6,969.5,14.4,137.0,39.0,0,Normal,
2015-06-23 00:00:00,-18.5,969.4,14.5,139.0,43.0,0,Normal,
2015-06-23 01:00:00,-18.8,969.5,17.0,139.0,41.0,0,Normal,
2015-06-23 02:00:00,-19.0,969.2,15.1,143.0,40.0,0,Normal,
2015-06-23 03:00:00,-19.1,968.8,20.0,132.0,39.0,0,Normal,
2015-06-23 04:00:00,-18.3,968.8,18.1,128.0,36.0,0,Normal,
2015-06-23 05:00:00,-17.8,968.7,16.2,129.0,36.0,0,Normal,
2015-06-23 06:00:00,-18.0,968.6,13.7,131.0,37.0,0,Normal,
2015-06-23 07:00:00,-19.4,968.7,18.1,136.0,42.0,0,Normal,
2015-06-23 08:00:00,-19.1,968.6,19.5,131.0,37.0,0,Normal,
2015-06-23 09:00:00,-18.3,968.6,20.8,128.0,35.0,0,Normal,
2015-06-23 10:00:00,-19.0,968.4,20.7,133.0,36.0,0,Normal,
2015-06-23 11:00:00,-19.6,968.4,24.1,134.0,37.0,0,Normal,
2015-06-23 12:00:00,-19.2,968.6,24.3,133.0,36.0,0,Normal,
2015-06-23 13:00:00,-19.3,968.9,23.4,132.0,36.0,0,Normal,
2015-06-23 14:00:00,-19.0,969.2,22.1,134.0,36.0,0,Normal,
2015-06-23 15:00:00,-18.8,969.5,20.6,133.0,35.0,0,Normal,
2015-06-23 16:00:00,-19.0,969.6,19.8,134.0,36.0,0,Normal,
2015-06-23 17:00:00,-19.6,969.9,20.4,134.0,37.0,0,Normal,
2015-06-23 18:00:00,-19.1,970.0,19.8,134.0,34.0,0,Normal,
2015-06-23 19:00:00,-21.4,970.3,27.3,136.0,38.0,0,Normal,
2015-06-23 20:00:00,-19.0,970.6,20.5,130.0,36.0,0,Normal,
2015-06-23 21:00:00,-20.2,970.8,4.9,44.0,39.0,0,Normal,
2015-06-23 22:00:00,-19.9,970.2,21.5,135.0,40.0,0,Normal,
2015-06-23 23:00:00,-20.3,970.1,22.6,135.0,38.0,0,Normal,
2015-06-24 00:00:00,-19.1,970.2,19.5,133.0,35.0,0,Normal,
2015-06-24 01:00:00,-19.6,970.1,20.0,135.0,37.0,0,Normal,
2015-06-24 02:00:00,-20.1,970.3,19.0,135.0,38.0,0,Normal,
2015-06-24 03:00:00,-20.0,970.2,5.6,31.0,37.0,0,Normal,
2015-06-24 04:00:00,-19.5,970.0,6.1,25.0,36.0,0,Normal,
2015-06-24 05:00:00,-20.6,970.0,4.6,67.0,40.0,0,Normal,
2015-06-24 06:00:00,-20.9,969.8,5.3,21.0,39.0,0,Normal,
2015-06-24 07:00:00,-21.3,969.3,10.8,144.0,42.0,0,Normal,
2015-06-24 08:00:00,-22.9,969.6,5.8,112.0,48.0,0,Normal,
2015-06-24 09:00:00,-22.2,969.0,5.2,244.0,46.0,0,Normal,
2015-06-24 10:00:00,-23.9,969.5,9.0,176.0,53.0,0,Normal,
2015-06-24 11:00:00,-21.5,969.6,8.3,89.0,42.0,0,Normal,
2015-06-24 12:00:00,-18.4,968.9,6.3,343.0,35.0,0,Normal,
2015-06-24 13:00:00,-20.8,969.0,5.5,103.0,40.0,0,Normal,
2015-06-24 14:00:00,-20.5,969.1,4.8,22.0,41.0,0,Normal,
2015-06-24 15:00:00,-18.4,969.0,13.2,67.0,36.0,0,Normal,
2015-06-24 16:00:00,-17.4,968.8,14.6,85.0,34.0,0,Normal,
2015-06-24 17:00:00,-17.4,968.5,21.1,108.0,34.0,0,Normal,
2015-06-24 18:00:00,-17.7,968.5,15.1,72.0,35.0,0,Normal,
2015-06-24 19:00:00,-16.8,968.1,14.6,75.0,31.0,0,Normal,
2015-06-24 20:00:00,-17.5,967.5,19.4,88.0,36.0,0,Normal,
2015-06-24 21:00:00,-17.4,967.3,16.1,81.0,35.0,0,Normal,
2015-06-24 22:00:00,-17.3,967.2,14.1,66.0,34.0,0,Normal,
2015-06-24 23:00:00,-17.5,966.9,17.7,72.0,36.0,0,Normal,
2015-06-25 00:00:00,-17.4,967.0,19.3,80.0,38.0,0,Normal,
2015-06-25 01:00:00,-16.9,966.4,22.2,93.0,36.0,0,Normal,
2015-06-25 02:00:00,-17.2,965.8,17.5,77.0,34.0,0,Normal,
2015-06-25 03:00:00,-17.3,965.3,17.0,72.0,36.0,0,Normal,
2015-06-25 04:00:00,-17.0,965.0,17.9,67.0,35.0,0,Normal,
2015-06-25 05:00:00,-17.4,964.9,15.9,75.0,38.0,0,Normal,
2015-06-25 06:00:00,-16.3,964.4,22.4,78.0,31.0,0,Normal,
2015-06-25 07:00:00,-15.9,964.2,23.0,76.0,31.0,0,Normal,
2015-06-25 08:00:00,-15.5,963.9,22.8,82.0,31.0,0,Normal,
2015-06-25 09:00:00,-15.6,964.4,22.4,82.0,32.0,0,Normal,
2015-06-25 10:00:00,-15.4,964.0,29.8,89.0,30.0,0,Normal,
2015-06-25 11:00:00,-15.0,963.2,25.5,86.0,29.0,0,Normal,
2015-06-25 12:00:00,-14.8,963.3,21.7,77.0,27.0,0,Normal,
2015-06-25 13:00:00,-14.6,962.8,22.6,84.0,27.0,0,Normal,
2015-06-25 14:00:00,-14.8,963.3,22.1,70.0,27.0,0,Normal,
2015-06-25 15:00:00,-16.1,963.7,21.3,76.0,32.0,0,Normal,
2015-06-25 16:00:00,-15.8,963.8,18.8,76.0,31.0,0,Normal,
2015-06-25 17:00:00,-15.9,963.9,22.4,83.0,32.0,0,Normal,
2015-06-25 18:00:00,-15.2,963.9,24.8,85.0,28.0,0,Normal,
2015-06-25 19:00:00,-15.3,964.2,22.0,74.0,27.0,0,Normal,
2015-06-25 20:00:00,-14.9,964.0,25.1,84.0,25.0,0,Normal,
2015-06-25 21:00:00,-14.8,964.1,18.7,68.0,24.0,0,Normal,
2015-06-25 22:00:00,-15.0,963.9,25.3,88.0,24.0,0,Normal,
2015-06-25 23:00:00,-14.9,963.9,27.1,89.0,26.0,0,Normal,
2015-06-26 00:00:00,-14.7,964.1,24.5,82.0,23.0,0,Normal,
2015-06-26 01:00:00,-14.7,963.9,20.8,79.0,23.0,0,Normal,
2015-06-26 02:00:00,-14.5,964.2,20.0,75.0,23.0,0,Normal,
2015-06-26 03:00:00,-14.3,963.6,20.7,76.0,24.0,0,Normal,
2015-06-26 04:00:00,-14.2,963.5,21.2,79.0,24.0,0,Normal,
2015-06-26 05:00:00,-14.2,963.5,20.4,76.0,24.0,0,Normal,
2015-06-26 06:00:00,-13.8,963.4,21.5,73.0,23.0,0,Normal,
2015-06-26 07:00:00,-13.6,963.3,22.0,74.0,23.0,0,Normal,
2015-06-26 08:00:00,-13.5,963.3,22.0,79.0,25.0,0,Normal,
2015-06-26 09:00:00,-13.6,963.1,20.7,79.0,26.0,0,Normal,
2015-06-26 10:00:00,-15.1,962.6,25.6,107.0,32.0,0,Normal,
2015-06-26 11:00:00,-14.9,962.1,20.5,105.0,31.0,0,Normal,
2015-06-26 12:00:00,-14.5,961.5,18.0,103.0,32.0,0,Normal,
2015-06-26 13:00:00,-14.9,960.8,25.9,114.0,34.0,0,Normal,
2015-06-26 14:00:00,-14.4,960.3,27.3,122.0,31.0,0,Normal,
2015-06-26 15:00:00,-13.6,960.2,21.5,107.0,28.0,0,Normal,
2015-06-26 16:00:00,-13.7,960.2,26.4,110.0,31.0,0,Normal,
2015-06-26 17:00:00,-13.9,960.2,25.3,112.0,32.0,0,Normal,
2015-06-26 18:00:00,-13.7,959.8,24.7,120.0,32.0,0,Normal,
2015-06-26 19:00:00,-13.3,959.7,22.6,115.0,32.0,0,Normal,
2015-06-26 20:00:00,-12.6,958.9,25.0,107.0,31.0,0,Normal,
2015-06-26 21:00:00,-12.6,958.6,24.8,117.0,34.0,0,Normal,
2015-06-26 22:00:00,-12.1,957.6,18.5,111.0,34.0,0,Normal,
2015-06-26 23:00:00,-11.6,957.1,19.5,96.0,35.0,0,Normal,
2015-06-27 00:00:00,-11.8,956.6,16.4,104.0,35.0,0,Normal,
2015-06-27 01:00:00,-11.9,956.5,19.7,101.0,35.0,0,Normal,
2015-06-27 02:00:00,-12.1,955.8,19.3,102.0,36.0,0,Normal,
2015-06-27 03:00:00,-12.6,955.5,21.9,109.0,36.0,0,Normal,
2015-06-27 04:00:00,-12.3,955.1,20.8,119.0,36.0,0,Normal,
2015-06-27 05:00:00,-11.8,954.5,20.3,120.0,35.0,0,Normal,
2015-06-27 06:00:00,-11.7,954.5,21.0,118.0,35.0,0,Normal,
2015-06-27 07:00:00,-11.3,954.8,21.0,103.0,35.0,0,Normal,
2015-06-27 08:00:00,-10.9,954.8,19.8,117.0,34.0,0,Normal,
2015-06-27 09:00:00,-11.1,954.9,19.3,116.0,36.0,0,Normal,
2015-06-27 10:00:00,-11.2,955.2,25.6,110.0,39.0,0,Normal,
2015-06-27 11:00:00,-11.0,955.2,28.2,115.0,38.0,0,Normal,
2015-06-27 12:00:00,-10.8,955.2,21.2,116.0,40.0,0,Normal,
2015-06-27 13:00:00,-10.3,955.2,20.4,118.0,40.0,0,Normal,
2015-06-27 14:00:00,-9.7,955.6,20.6,110.0,39.0,0,Normal,
2015-06-27 15:00:00,-9.4,955.7,26.8,111.0,38.0,0,Normal,
2015-06-27 16:00:00,-8.7,955.8,28.8,89.0,39.0,0,Normal,
2015-06-27 17:00:00,-8.5,956.5,25.6,94.0,40.0,0,Normal,
2015-06-27 18:00:00,-8.1,956.9,23.5,83.0,41.0,0,Normal,
2015-06-27 19:00:00,-7.9,957.1,22.9,80.0,41.0,0,Normal,
2015-06-27 20:00:00,-8.0,957.4,27.2,85.0,45.0,0,Normal,
2015-06-27 21:00:00,-7.8,957.5,26.3,86.0,42.0,0,Normal,
2015-06-27 22:00:00,-7.5,957.9,25.9,105.0,41.0,0,Normal,
2015-06-27 23:00:00,-7.7,958.5,27.6,109.0,46.0,0,Normal,
2015-06-28 00:00:00,-7.2,959.0,24.7,108.0,41.0,0,Normal,
2015-06-28 01:00:00,-7.1,959.3,24.2,107.0,38.0,0,Normal,
2015-06-28 02:00:00,-7.0,960.0,25.5,109.0,38.0,0,Normal,
2015-06-28 03:00:00,-7.0,960.5,19.5,109.0,36.0,0,Normal,
2015-06-28 04:00:00,-7.8,961.3,25.3,130.0,39.0,0,Normal,
2015-06-28 05:00:00,-7.7,961.8,24.6,123.0,38.0,0,Normal,
2015-06-28 06:00:00,-7.6,962.5,21.6,85.0,37.0,0,Normal,
2015-06-28 07:00:00,-7.7,963.2,22.4,82.0,37.0,0,Normal,
2015-06-28 08:00:00,-7.1,963.6,22.5,83.0,37.0,0,Normal,
2015-06-28 09:00:00,-6.9,964.2,22.3,81.0,37.0,0,Normal,
2015-06-28 10:00:00,-7.8,964.4,20.7,104.0,42.0,0,Normal,
2015-06-28 11:00:00,-6.9,965.2,15.8,80.0,38.0,0,Normal,
2015-06-28 12:00:00,-6.8,965.5,16.5,75.0,37.0,0,Normal,
2015-06-28 13:00:00,-6.8,966.2,18.1,79.0,36.0,0,Normal,
2015-06-28 14:00:00,-8.0,966.7,17.9,91.0,40.0,0,Normal,
2015-06-28 15:00:00,-7.6,967.2,18.3,77.0,38.0,0,Normal,
2015-06-28 16:00:00,-8.3,967.4,21.8,101.0,39.0,0,Normal,
2015-06-28 17:00:00,-8.7,968.0,22.5,98.0,40.0,0,Normal,
2015-06-28 18:00:00,-8.1,968.5,19.6,81.0,36.0,0,Normal,
2015-06-28 19:00:00,-8.2,968.6,17.5,67.0,37.0,0,Normal,
2015-06-28 20:00:00,-8.6,969.4,11.6,58.0,37.0,0,Normal,
2015-06-28 21:00:00,-9.6,970.0,14.9,65.0,40.0,0,Normal,
2015-06-28 22:00:00,-9.1,970.3,19.3,66.0,37.0,0,Normal,
2015-06-28 23:00:00,-9.2,970.9,16.1,67.0,41.0,0,Normal,
2015-06-29 00:00:00,-8.7,971.0,19.8,67.0,41.0,0,Normal,
2015-06-29 01:00:00,-8.9,971.0,17.7,74.0,41.0,0,Normal,
2015-06-29 02:00:00,-9.0,970.9,17.6,78.0,42.0,0,Normal,
2015-06-29 03:00:00,-9.0,971.3,20.5,65.0,42.0,0,Normal,
2015-06-29 04:00:00,-9.4,971.6,16.9,64.0,46.0,0,Normal,
2015-06-29 05:00:00,-9.2,972.1,16.8,65.0,49.0,0,Normal,
2015-06-29 06:00:00,-8.9,972.2,17.3,70.0,49.0,0,Normal,
2015-06-29 07:00:00,-9.0,972.4,14.4,61.0,47.0,0,Normal,
2015-06-29 08:00:00,-7.7,972.3,22.1,82.0,40.0,0,Normal,
2015-06-29 09:00:00,-8.1,973.0,20.6,83.0,44.0,0,Normal,
2015-06-29 10:00:00,-8.1,972.8,21.6,88.0,39.0,0,Normal,
2015-06-29 11:00:00,-8.4,972.9,25.1,94.0,40.0,0,Normal,
2015-06-29 12:00:00,-8.4,973.3,21.5,90.0,38.0,0,Normal,
2015-06-29 13:00:00,-8.7,973.7,19.1,84.0,37.0,0,Normal,
2015-06-29 14:00:00,-8.4,973.3,24.5,88.0,33.0,0,Normal,
2015-06-29 15:00:00,-8.4,973.3,21.2,84.0,34.0,0,Normal,
2015-06-29 16:00:00,-8.4,973.5,17.2,68.0,32.0,0,Normal,
2015-06-29 17:00:00,-9.2,973.7,10.2,43.0,37.0,0,Normal,
2015-06-29 18:00:00,-10.9,974.1,8.3,86.0,44.0,0,Normal,
2015-06-29 19:00:00,-11.3,973.9,5.8,4.0,44.0,0,Normal,
2015-06-29 20:00:00,-12.8,974.1,5.0,204.0,53.0,0,Normal,
2015-06-29 21:00:00,-13.6,974.1,6.8,282.0,56.0,0,Normal,
2015-06-29 22:00:00,-13.7,973.9,4.9,12.0,51.0,0,Normal,
2015-06-29 23:00:00,-13.9,973.9,4.6,105.0,52.0,0,Normal,
2015-06-30 00:00:00,-13.2,973.8,10.7,45.0,41.0,0,Normal,
2015-06-30 01:00:00,-11.5,973.2,18.2,119.0,31.0,0,Normal,
2015-06-30 02:00:00,-11.5,973.2,7.4,316.0,37.0,0,Normal,
2015-06-30 03:00:00,-14.2,973.2,3.9,50.0,42.0,0,Normal,
2015-06-30 04:00:00,-15.6,972.8,3.2,86.0,47.0,0,Normal,
2015-06-30 05:00:00,-13.4,972.6,6.3,55.0,36.0,0,Normal,
2015-06-30 06:00:00,-15.0,972.8,4.6,56.0,42.0,0,Normal,
2015-06-30 07:00:00,-12.6,972.5,16.8,114.0,30.0,0,Normal,
2015-06-30 08:00:00,-12.9,972.3,19.9,104.0,31.0,0,Normal,
2015-06-30 09:00:00,-12.9,971.9,19.6,113.0,32.0,0,Normal,
2015-06-30 10:00:00,-13.0,971.6,17.7,120.0,31.0,0,Normal,
2015-06-30 11:00:00,-12.7,971.1,20.8,114.0,28.0,0,Normal,
2015-06-30 12:00:00,-13.7,971.4,11.3,110.0,31.0,0,Normal,
2015-06-30 13:00:00,-13.9,971.0,10.2,60.0,33.0,0,Normal,
2015-06-30 14:00:00,-14.4,970.9,8.5,58.0,35.0,0,Normal,
2015-06-30 15:00:00,-14.0,970.7,13.6,65.0,32.0,0,Normal,
2015-06-30 16:00:00,-13.9,970.6,14.1,60.0,32.0,0,Normal,
2015-06-30 17:00:00,-14.0,970.4,15.5,70.0,29.0,0,Normal,
2015-06-30 18:00:00,-13.8,969.9,13.9,80.0,30.0,0,Normal,
2015-06-30 19:00:00,-14.5,969.7,13.8,72.0,33.0,0,Normal,
2015-06-30 20:00:00,-14.9,970.2,14.4,79.0,34.0,0,Normal,
2015-06-30 21:00:00,-14.3,969.6,23.7,80.0,28.0,0,Normal,
2015-06-30 22:00:00,-14.2,969.3,21.1,81.0,28.0,0,Normal,
2015-06-30 23:00:00,-13.4,969.1,19.3,61.0,29.0,0,Normal,
2015-07-06 00:00:00,-10.4,965.1,24.7,118.0,77.0,0,Normal,
2015-07-06 01:00:00,-10.1,965.0,33.4,116.0,72.0,0,Normal,
2015-07-06 02:00:00,-10.6,965.3,23.5,111.0,65.0,0,Normal,
2015-07-06 03:00:00,-10.7,965.5,31.0,117.0,55.0,0,Normal,
2015-07-06 04:00:00,-11.1,966.8,25.8,114.0,55.0,0,Normal,
2015-07-06 05:00:00,-11.5,967.0,25.4,113.0,52.0,0,Normal,
2015-07-06 06:00:00,-12.1,966.6,29.6,114.0,53.0,0,Normal,
2015-07-06 07:00:00,-12.6,966.5,30.8,117.0,54.0,0,Normal,
2015-07-06 08:00:00,-12.8,966.4,33.1,117.0,56.0,0,Normal,
2015-07-06 09:00:00,-12.7,966.9,29.2,129.0,56.0,0,Normal,
2015-07-06 10:00:00,-12.3,966.1,34.4,130.0,51.0,0,Normal,
2015-07-06 11:00:00,-12.1,966.2,28.0,123.0,48.0,0,Normal,
2015-07-06 12:00:00,-12.2,966.6,27.9,124.0,47.0,0,Normal,
2015-07-06 13:00:00,-12.2,967.2,25.1,129.0,47.0,0,Normal,
2015-07-06 14:00:00,-12.4,968.3,24.1,125.0,46.0,0,Normal,
2015-07-06 15:00:00,-12.7,969.0,25.9,121.0,44.0,0,Normal,
2015-07-06 16:00:00,-13.1,969.9,24.6,111.0,45.0,0,Normal,
2015-07-06 17:00:00,-13.3,970.4,24.5,106.0,45.0,0,Normal,
2015-07-06 18:00:00,-13.4,969.6,26.1,119.0,48.0,0,Normal,
2015-07-06 19:00:00,-13.2,969.0,26.2,130.0,47.0,0,Normal,
2015-07-06 20:00:00,-12.7,969.2,25.3,119.0,49.0,0,Normal,
2015-07-06 21:00:00,-12.4,970.2,18.4,108.0,50.0,0,Normal,
2015-07-06 22:00:00,-12.4,970.3,17.2,113.0,49.0,0,Normal,
2015-07-06 23:00:00,-12.2,969.9,21.9,111.0,47.0,0,Normal,
2015-07-07 00:00:00,-18.0,946.1,11.7,246.0,41.0,0,Normal,
2015-07-07 01:00:00,-18.0,946.2,8.2,193.0,43.0,0,Normal,
2015-07-07 02:00:00,-18.0,945.8,10.1,205.0,45.0,0,Normal,
2015-07-07 03:00:00,-17.9,945.2,12.4,141.0,55.0,0,Normal,
2015-07-07 04:00:00,-17.7,945.4,9.4,139.0,61.0,0,Normal,
2015-07-07 05:00:00,-17.5,944.8,13.2,146.0,62.0,0,Normal,
2015-07-07 06:00:00,-16.6,944.7,14.1,134.0,61.0,0,Normal,
2015-07-07 07:00:00,-16.1,944.7,12.9,131.0,50.0,0,Normal,
2015-07-07 08:00:00,-16.8,944.4,18.0,143.0,56.0,0,Normal,
2015-07-07 09:00:00,-15.6,944.6,16.7,133.0,47.0,0,Normal,
2015-07-07 10:00:00,-16.2,945.0,16.0,135.0,49.0,0,Normal,
2015-07-07 11:00:00,-15.6,944.8,6.6,139.0,42.0,0,Normal,
2015-07-07 12:00:00,-16.5,945.7,8.4,223.0,49.0,0,Normal,
2015-07-07 13:00:00,-16.2,945.8,16.5,127.0,49.0,0,Normal,
2015-07-07 14:00:00,-16.2,946.3,2.4,201.0,47.0,0,Normal,
2015-07-07 15:00:00,-16.3,946.3,9.8,167.0,46.0,0,Normal,
2015-07-07 16:00:00,-16.7,946.6,15.5,138.0,51.0,0,Normal,
2015-07-07 17:00:00,-16.8,947.5,8.3,25.0,53.0,0,Normal,
2015-07-07 18:00:00,-16.3,947.6,12.8,77.0,41.0,0,Normal,
2015-07-07 19:00:00,-16.1,947.9,16.1,86.0,42.0,0,Normal,
2015-07-07 20:00:00,-16.3,947.8,13.0,75.0,46.0,0,Normal,
2015-07-07 21:00:00,-16.6,947.6,21.5,58.0,45.0,0,Normal,
2015-07-07 22:00:00,-17.0,948.3,13.0,87.0,48.0,0,Normal,
2015-07-07 23:00:00,-17.2,948.6,11.2,68.0,48.0,0,Normal,
2015-07-08 00:00:00,-28.0,981.3,55.7,305.0,52.0,0,Normal,
2015-07-08 01:00:00,-27.1,980.0,61.9,298.0,48.0,0,Normal,
2015-07-08 02:00:00,-28.1,979.3,61.9,298.0,50.0,0,Normal,
2015-07-08 03:00:00,-28.3,978.3,62.5,299.0,50.0,0,Normal,
2015-07-08 04:00:00,-29.0,977.9,62.6,298.0,52.0,0,Normal,
2015-07-08 05:00:00,-28.8,976.6,63.2,299.0,52.0,0,Normal,
2015-07-08 06:00:00,-28.5,975.6,59.4,295.0,51.0,0,Normal,
2015-07-08 07:00:00,-28.4,974.8,61.2,298.0,51.0,0,Normal,
2015-07-08 08:00:00,-27.7,974.5,62.1,298.0,51.0,0,Normal,
2015-07-08 09:00:00,-27.3,973.4,62.6,298.0,47.0,0,Normal,
2015-07-08 10:00:00,-22.8,972.3,70.3,299.0,42.0,0,Normal,
2015-07-08 11:00:00,-24.4,971.5,61.7,298.0,43.0,0,Normal,
2015-07-08 12:00:00,-20.0,970.4,63.2,298.0,37.0,0,Normal,
2015-07-08 13:00:00,-19.8,969.1,61.2,299.0,41.0,0,Normal,
2015-07-08 14:00:00,-27.8,969.3,62.6,300.0,46.0,0,Normal,
2015-07-08 15:00:00,-22.2,968.4,63.8,298.0,36.0,0,Normal,
2015-07-08 16:00:00,-27.6,968.5,61.5,296.0,48.0,0,Normal,
2015-07-08 17:00:00,-24.9,967.7,59.3,293.0,46.0,0,Normal,
2015-07-08 18:00:00,-26.2,966.8,61.3,298.0,48.0,0,Normal,
2015-07-08 19:00:00,-26.7,965.8,56.5,299.0,51.0,0,Normal,
2015-07-08 20:00:00,-26.5,965.1,62.6,298.0,49.0,0,Normal,
2015-07-08 21:00:00,-26.2,964.0,63.2,299.0,47.0,0,Normal,
2015-07-08 22:00:00,-25.4,963.2,62.6,300.0,48.0,0,Normal,
2015-07-08 23:00:00,-25.1,962.9,61.3,298.0,49.0,0,Normal,
2015-07-09 00:00:00,-18.4,958.1,61.3,298.0,36.0,0,Normal,
2015-07-09 01:00:00,-18.1,958.3,61.0,301.0,36.0,0,Normal,
2015-07-09 02:00:00,-18.7,958.2,62.0,298.0,37.0,0,Normal,
2015-07-09 03:00:00,-18.5,957.9,63.1,299.0,37.0,0,Normal,
2015-07-09 04:00:00,-17.8,957.9,63.2,298.0,36.0,0,Normal,
2015-07-09 05:00:00,-17.4,957.7,63.2,300.0,32.0,0,Normal,
2015-07-09 06:00:00,-16.8,958.0,63.0,298.0,31.0,0,Normal,
2015-07-09 07:00:00,-15.9,957.8,60.9,299.0,25.0,0,Normal,
2015-07-09 08:00:00,-16.1,957.6,61.3,298.0,31.0,0,Normal,
2015-07-09 09:00:00,-15.3,957.7,61.9,298.0,28.0,0,Normal,
2015-07-09 10:00:00,-14.7,957.7,60.9,302.0,29.0,0,Normal,
2015-07-09 11:00:00,-14.8,958.1,62.6,299.0,33.0,0,Normal,
2015-07-09 12:00:00,-14.0,957.7,60.1,295.0,32.0,0,Normal,
2015-07-09 13:00:00,-13.7,957.6,63.9,298.0,38.0,0,Normal,
2015-07-09 14:00:00,-13.6,957.4,70.7,299.0,43.0,0,Normal,
2015-07-09 15:00:00,-13.5,957.4,36.9,325.0,48.0,0,Normal,
2015-07-09 16:00:00,-13.5,957.4,63.2,299.0,50.0,0,Normal,
2015-07-09 17:00:00,-13.6,957.8,61.9,298.0,49.0,0,Normal,
2015-07-09 18:00:00,-13.7,958.3,61.9,298.0,57.0,0,Normal,
2015-07-09 19:00:00,-13.5,958.6,62.6,300.0,53.0,0,Normal,
2015-07-09 20:00:00,-13.7,959.0,71.1,299.0,59.0,0,Normal,
2015-07-09 21:00:00,-13.6,959.1,52.3,301.0,63.0,0,Normal,
2015-07-09 22:00:00,-13.6,959.2,61.9,298.0,64.0,0,Normal,
2015-07-09 23:00:00,-13.6,959.6,61.9,298.0,68.0,0,Normal,
2015-07-10 00:00:00,-7.3,975.4,61.9,298.0,66.0,0,Normal,
2015-07-10 01:00:00,-7.7,976.3,61.9,301.0,66.0,0,Normal,
2015-07-10 02:00:00,-7.9,976.4,61.9,298.0,63.0,0,Normal,
2015-07-10 03:00:00,-7.9,976.7,62.6,298.0,66.0,0,Normal,
2015-07-10 04:00:00,-7.7,976.2,63.3,298.0,62.0,0,Normal,
2015-07-10 05:00:00,-7.3,975.9,63.2,298.0,59.0,0,Normal,
2015-07-10 06:00:00,-6.6,975.6,52.0,296.0,53.0,0,Normal,
2015-07-10 07:00:00,-5.4,975.4,63.3,298.0,48.0,0,Normal,
2015-07-10 08:00:00,-4.2,974.5,61.9,298.0,45.0,0,Normal,
2015-07-10 09:00:00,-3.2,973.5,61.3,298.0,44.0,0,Normal,
2015-07-10 10:00:00,-2.2,972.5,61.9,298.0,41.0,0,Normal,
2015-07-10 11:00:00,-2.1,971.8,61.2,298.0,41.0,0,Normal,
2015-07-10 12:00:00,-1.9,970.8,61.9,298.0,43.0,0,Normal,
2015-07-10 13:00:00,-1.6,970.3,61.9,298.0,42.0,0,Normal,
2015-07-10 14:00:00,-1.4,969.7,62.6,298.0,40.0,0,Normal,
2015-07-10 15:00:00,-1.4,969.6,61.9,298.0,43.0,0,Normal,
2015-07-10 16:00:00,-1.2,969.5,70.6,299.0,41.0,0,Normal,
2015-07-10 17:00:00,-2.1,969.3,63.7,300.0,42.0,0,Normal,
2015-07-10 18:00:00,-2.2,969.6,62.6,301.0,39.0,0,Normal,
2015-07-10 19:00:00,-2.4,970.1,61.9,301.0,44.0,0,Normal,
2015-07-10 20:00:00,-3.0,970.5,57.7,309.0,44.0,0,Normal,
2015-07-10 21:00:00,-3.6,970.8,61.9,298.0,43.0,0,Normal,
2015-07-10 22:00:00,-3.6,970.8,62.6,298.0,40.0,0,Normal,
2015-07-10 23:00:00,-4.4,971.9,61.9,298.0,44.0,0,Normal,
2015-07-11 00:00:00,-6.9,969.2,61.3,298.0,70.0,0,Normal,
2015-07-11 01:00:00,-7.6,969.8,61.3,298.0,65.0,0,Normal,
2015-07-11 02:00:00,-8.6,970.5,61.3,298.0,62.0,0,Normal,
2015-07-11 03:00:00,-8.7,971.2,62.6,301.0,63.0,0,Normal,
2015-07-11 04:00:00,-8.4,972.0,62.6,298.0,64.0,0,Normal,
2015-07-11 05:00:00,-8.0,972.6,63.9,298.0,64.0,0,Normal,
2015-07-11 06:00:00,-7.4,973.7,63.9,298.0,72.0,0,Normal,
2015-07-11 07:00:00,-7.6,974.0,63.3,298.0,70.0,0,Normal,
2015-07-11 08:00:00,-7.1,974.8,63.9,298.0,66.0,0,Normal,
2015-07-11 09:00:00,-5.8,975.1,63.9,298.0,67.0,0,Normal,
2015-07-11 10:00:00,-5.2,975.2,62.6,298.0,62.0,0,Normal,
2015-07-11 11:00:00,-3.2,975.2,63.9,298.0,60.0,0,Normal,
2015-07-11 12:00:00,-2.6,975.3,78.6,299.0,59.0,0,Normal,
2015-07-11 13:00:00,-2.9,975.5,63.3,301.0,60.0,0,Normal,
2015-07-11 14:00:00,-4.1,974.9,63.2,301.0,62.0,0,Normal,
2015-07-11 15:00:00,-3.8,974.5,46.4,306.0,57.0,0,Normal,
2015-07-11 16:00:00,-3.5,974.0,27.0,285.0,57.0,0,Normal,
2015-07-11 17:00:00,-3.3,973.3,62.5,298.0,56.0,0,Normal,
2015-07-11 18:00:00,-3.0,973.1,63.3,298.0,50.0,0,Normal,
2015-07-11 19:00:00,-4.6,973.0,63.3,298.0,58.0,0,Normal,
2015-07-11 20:00:00,-4.3,972.2,61.8,298.0,56.0,0,Normal,
2015-07-11 21:00:00,-4.8,972.5,61.3,298.0,61.0,0,Normal,
2015-07-11 22:00:00,-5.0,972.3,62.3,301.0,63.0,0,Normal,
2015-07-11 23:00:00,-6.5,972.2,62.6,298.0,88.0,0,Normal,
2015-07-12 00:00:00,0.0,955.2,24.2,136.0,41.0,0,Normal,
2015-07-12 01:00:00,-0.1,955.7,26.4,151.0,42.0,0,Normal,
2015-07-12 02:00:00,-0.9,955.9,22.2,162.0,43.0,0,Normal,
2015-07-12 03:00:00,-0.6,956.3,22.3,159.0,39.0,0,Normal,
2015-07-12 04:00:00,-0.6,956.5,22.1,164.0,36.0,0,Normal,
2015-07-12 05:00:00,-1.2,956.9,22.6,168.0,38.0,0,Normal,
2015-07-12 06:00:00,-0.1,957.3,20.1,158.0,37.0,0,Normal,
2015-07-12 07:00:00,0.3,957.4,17.3,163.0,41.0,0,Normal,
2015-07-12 08:00:00,1.8,957.7,15.1,116.0,33.0,0,Normal,
2015-07-12 09:00:00,2.0,957.9,14.3,145.0,42.0,0,Normal,
2015-07-12 10:00:00,2.8,958.4,15.5,77.0,33.0,0,Normal,
2015-07-12 11:00:00,3.7,958.7,9.0,59.0,30.0,0,Normal,
2015-07-12 12:00:00,4.3,958.8,7.8,340.0,31.0,0,Normal,
2015-07-12 13:00:00,2.7,958.8,8.5,248.0,32.0,0,Normal,
2015-07-12 14:00:00,2.6,958.9,10.7,260.0,41.0,0,Normal,
2015-07-12 15:00:00,2.5,958.8,6.1,248.0,37.0,0,Normal,
2015-07-12 16:00:00,3.2,958.9,13.2,317.0,39.0,0,Normal,
2015-07-12 17:00:00,1.5,959.2,10.7,321.0,48.0,0,Normal,
2015-07-12 18:00:00,1.0,959.4,10.4,308.0,46.0,0,Normal,
2015-07-12 19:00:00,0.4,959.9,12.2,357.0,54.0,0,Normal,
2015-07-12 20:00:00,-0.8,960.2,6.6,2.0,47.0,0,Normal,
2015-07-12 21:00:00,-0.5,960.4,6.4,238.0,48.0,0,Normal,
2015-07-12 22:00:00,-0.9,960.5,4.9,217.0,48.0,0,Normal,
2015-07-12 23:00:00,-2.8,960.6,14.3,190.0,60.0,0,Normal,
2015-07-13 00:00:00,-25.4,965.2,4.8,39.0,42.0,0,Normal,
2015-07-13 01:00:00,-24.8,964.7,3.9,245.0,41.0,0,Normal,
2015-07-13 02:00:00,-22.1,965.3,6.4,118.0,36.0,0,Normal,
2015-07-13 03:00:00,-20.7,965.4,7.6,161.0,35.0,0,Normal,
2015-07-13 04:00:00,-26.1,967.1,7.3,124.0,47.0,0,Normal,
2015-07-13 05:00:00,-23.8,967.3,11.8,216.0,45.0,0,Normal,
2015-07-13 06:00:00,-23.3,967.4,11.2,252.0,47.0,0,Normal,
2015-07-13 07:00:00,-25.7,968.8,4.2,22.0,48.0,0,Normal,
2015-07-13 08:00:00,-25.1,968.5,13.1,221.0,48.0,0,Normal,
2015-07-13 09:00:00,-25.3,968.5,10.1,205.0,49.0,0,Normal,
2015-07-13 10:00:00,-25.3,969.2,9.9,255.0,54.0,0,Normal,
2015-07-13 11:00:00,-25.0,969.0,4.8,250.0,50.0,0,Normal,
2015-07-13 12:00:00,-26.9,969.3,7.7,212.0,56.0,0,Normal,
2015-07-13 13:00:00,-26.0,969.5,9.3,130.0,57.0,0,Normal,
2015-07-13 14:00:00,-24.7,969.4,7.0,225.0,50.0,0,Normal,
2015-07-13 15:00:00,-24.2,969.5,10.3,183.0,49.0,0,Normal,
2015-07-13 16:00:00,-23.6,970.0,5.5,201.0,46.0,0,Normal,
2015-07-13 17:00:00,-24.8,969.8,6.3,267.0,49.0,0,Normal,
2015-07-13 18:00:00,-23.3,969.4,7.7,73.0,44.0,0,Normal,
2015-07-13 19:00:00,-24.7,969.8,6.1,78.0,47.0,0,Normal,
2015-07-13 20:00:00,-25.6,970.7,7.9,104.0,45.0,0,Normal,
2015-07-13 21:00:00,-25.9,970.6,7.7,358.0,49.0,0,Normal,
2015-07-13 22:00:00,-26.1,970.9,7.4,84.0,50.0,0,Normal,
2015-07-13 23:00:00,-26.2,970.3,4.8,356.0,51.0,0,Normal,
2015-07-14 00:00:00,-26.5,969.4,6.1,100.0,53.0,0,Normal,
2015-07-14 01:00:00,-26.3,969.4,6.6,91.0,53.0,0,Normal,
2015-07-14 02:00:00,-25.6,969.9,10.7,16.0,48.0,0,Normal,
2015-07-14 03:00:00,-25.8,969.5,6.0,16.0,47.0,0,Normal,
2015-07-14 04:00:00,-26.0,969.0,10.9,111.0,51.0,0,Normal,
2015-07-14 05:00:00,-25.2,968.4,5.5,30.0,47.0,0,Normal,
2015-07-14 06:00:00,-25.5,967.3,4.3,49.0,49.0,0,Normal,
2015-07-14 07:00:00,-23.2,966.7,5.6,75.0,47.0,0,Normal,
2015-07-14 08:00:00,-21.8,966.2,15.3,75.0,41.0,0,Normal,
2015-07-14 09:00:00,-20.9,966.5,12.2,73.0,37.0,0,Normal,
2015-07-14 10:00:00,-20.9,966.3,10.4,71.0,37.0,0,Normal,
2015-07-14 11:00:00,-21.0,966.0,11.6,64.0,36.0,0,Normal,
2015-07-14 12:00:00,-21.8,966.0,12.0,65.0,41.0,0,Normal,
2015-07-14 13:00:00,-22.5,965.8,6.5,88.0,44.0,0,Normal,
2015-07-14 14:00:00,-22.8,966.3,10.0,54.0,45.0,0,Normal,
2015-07-14 15:00:00,-22.3,966.1,11.2,87.0,40.0,0,Normal,
2015-07-14 16:00:00,-21.5,966.1,15.4,98.0,36.0,0,Normal,
2015-07-14 17:00:00,-22.9,966.7,9.2,79.0,43.0,0,Normal,
2015-07-14 18:00:00,-23.0,966.4,10.0,88.0,39.0,0,Normal,
2015-07-14 19:00:00,-22.9,967.0,9.5,61.0,36.0,0,Normal,
2015-07-14 20:00:00,-23.4,967.8,6.7,59.0,40.0,0,Normal,
2015-07-14 21:00:00,-23.6,968.1,12.2,129.0,39.0,0,Normal,
2015-07-14 22:00:00,-23.2,968.3,16.4,92.0,39.0,0,Normal,
2015-07-14 23:00:00,-23.4,968.2,14.1,132.0,36.0,0,Normal,
2015-07-15 00:00:00,-24.8,969.3,6.9,191.0,40.0,0,Normal,
2015-07-15 01:00:00,-24.8,969.8,11.0,154.0,40.0,0,Normal,
2015-07-15 02:00:00,-24.6,969.7,11.2,163.0,38.0,0,Normal,
2015-07-15 03:00:00,-25.1,970.3,6.1,91.0,38.0,0,Normal,
2015-07-15 04:00:00,-25.0,970.3,5.2,101.0,39.0,0,Normal,
2015-07-15 05:00:00,-25.7,970.5,14.3,138.0,40.0,0,Normal,
2015-07-15 06:00:00,-25.9,970.5,10.9,139.0,41.0,0,Normal,
2015-07-15 07:00:00,-24.9,969.9,10.3,123.0,37.0,0,Normal,
2015-07-15 08:00:00,-25.7,969.7,13.1,137.0,37.0,0,Normal,
2015-07-15 09:00:00,-26.3,969.7,4.0,308.0,39.0,0,Normal,
2015-07-15 10:00:00,-25.8,969.7,13.3,125.0,38.0,0,Normal,
2015-07-15 11:00:00,-25.2,969.8,11.4,126.0,37.0,0,Normal,
2015-07-15 12:00:00,-26.0,970.3,9.6,74.0,38.0,0,Normal,
2015-07-15 13:00:00,-26.4,969.9,14.2,135.0,39.0,0,Normal,
2015-07-15 14:00:00,-25.8,969.5,15.4,85.0,40.0,0,Normal,
2015-07-15 15:00:00,-25.2,968.3,16.0,85.0,35.0,0,Normal,
2015-07-15 16:00:00,-25.1,968.1,17.3,87.0,35.0,0,Normal,
2015-07-15 17:00:00,-25.8,967.6,22.1,76.0,35.0,0,Normal,
2015-07-15 18:00:00,-26.6,967.9,17.1,73.0,38.0,0,Normal,
2015-07-15 19:00:00,-26.9,967.2,18.5,41.0,39.0,0,Normal,
2015-07-15 20:00:00,-26.9,966.6,18.8,55.0,39.0,0,Normal,
2015-07-15 21:00:00,-26.0,965.8,19.9,65.0,39.0,0,Normal,
2015-07-15 22:00:00,-25.6,965.4,22.2,66.0,36.0,0,Normal,
2015-07-15 23:00:00,-25.9,965.3,18.9,52.0,37.0,0,Normal,
2015-07-16 00:00:00,-26.1,964.8,23.5,69.0,36.0,0,Normal,
2015-07-16 01:00:00,-25.1,964.5,26.1,64.0,35.0,0,Normal,
2015-07-16 02:00:00,-24.9,964.3,30.4,65.0,34.0,0,Normal,
2015-07-16 03:00:00,-25.5,964.3,26.8,52.0,34.0,0,Normal,
2015-07-16 04:00:00,-24.8,964.3,24.6,58.0,37.0,0,Normal,
2015-07-16 05:00:00,-25.0,964.0,26.9,54.0,33.0,0,Normal,
2015-07-16 06:00:00,-24.2,963.3,30.4,55.0,32.0,0,Normal,
2015-07-16 07:00:00,-23.3,963.4,30.3,63.0,29.0,0,Normal,
2015-07-16 08:00:00,-23.2,963.2,30.6,65.0,30.0,0,Normal,
2015-07-16 09:00:00,-23.7,963.9,28.5,57.0,33.0,0,Normal,
2015-07-16 10:00:00,-23.5,962.9,27.6,59.0,31.0,0,Normal,
2015-07-16 11:00:00,-22.8,962.4,27.2,65.0,30.0,0,Normal,
2015-07-16 12:00:00,-22.7,962.9,31.9,64.0,29.0,0,Normal,
2015-07-16 13:00:00,-22.3,962.8,28.7,70.0,29.0,0,Normal,
2015-07-16 14:00:00,-22.4,962.9,29.2,70.0,29.0,0,Normal,
2015-07-16 15:00:00,-21.6,962.9,29.1,65.0,28.0,0,Normal,
2015-07-16 16:00:00,-21.6,962.8,30.1,64.0,29.0,0,Normal,
2015-07-16 17:00:00,-21.2,962.6,31.4,67.0,29.0,0,Normal,
2015-07-16 18:00:00,-20.6,962.3,30.4,65.0,28.0,0,Normal,
2015-07-16 19:00:00,-20.7,962.6,31.2,67.0,30.0,0,Normal,
2015-07-16 20:00:00,-20.3,961.8,33.0,79.0,31.0,0,Normal,
2015-07-16 21:00:00,-20.0,961.4,36.2,85.0,31.0,0,Normal,
2015-07-16 22:00:00,-19.1,960.5,36.8,88.0,31.0,0,Normal,
2015-07-16 23:00:00,-18.5,960.3,31.8,94.0,34.0,0,Normal,
2015-07-17 00:00:00,-17.9,959.9,27.6,85.0,41.0,0,Normal,
2015-07-17 01:00:00,-17.1,959.7,24.4,79.0,43.0,0,Normal,
2015-07-17 02:00:00,-16.3,959.3,28.2,77.0,36.0,0,Normal,
2015-07-17 03:00:00,-15.9,958.2,29.4,82.0,36.0,0,Normal,
2015-07-17 04:00:00,-15.4,958.0,31.5,82.0,34.0,0,Normal,
2015-07-17 05:00:00,-15.0,957.4,27.0,78.0,38.0,0,Normal,
2015-07-17 06:00:00,-14.4,957.1,23.9,72.0,33.0,0,Normal,
2015-07-17 07:00:00,-14.1,956.8,24.1,81.0,32.0,0,Normal,
2015-07-17 08:00:00,-14.4,956.8,20.8,82.0,32.0,0,Normal,
2015-07-17 09:00:00,-14.6,956.6,21.6,101.0,37.0,0,Normal,
2015-07-17 10:00:00,-15.0,955.4,23.0,105.0,41.0,0,Normal,
2015-07-17 11:00:00,-14.6,954.7,22.6,114.0,41.0,0,Normal,
2015-07-17 12:00:00,-14.3,954.2,21.6,113.0,46.0,0,Normal,
2015-07-17 13:00:00,-13.9,953.2,22.1,121.0,40.0,0,Normal,
2015-07-17 14:00:00,-13.5,952.3,23.0,125.0,36.0,0,Normal,
2015-07-17 15:00:00,-13.0,951.2,21.2,127.0,38.0,0,Normal,
2015-07-17 16:00:00,-14.9,950.0,27.5,136.0,40.0,0,Normal,
2015-07-17 17:00:00,-14.7,949.1,28.0,133.0,37.0,0,Normal,
2015-07-17 18:00:00,-14.8,948.2,27.1,133.0,38.0,0,Normal,
2015-07-17 19:00:00,-14.7,947.3,28.1,133.0,37.0,0,Normal,
2015-07-17 20:00:00,-15.8,946.4,31.8,138.0,40.0,0,Normal,
2015-07-17 21:00:00,-16.0,945.7,31.0,137.0,40.0,0,Normal,
2015-07-17 22:00:00,-14.8,945.4,26.9,134.0,38.0,0,Normal,
2015-07-17 23:00:00,-15.4,944.6,30.5,138.0,40.0,0,Normal,
2015-07-18 00:00:00,-15.8,944.0,33.3,137.0,39.0,0,Normal,
2015-07-18 01:00:00,-15.0,943.8,31.9,137.0,39.0,0,Normal,
2015-07-18 02:00:00,-14.4,943.0,30.7,138.0,40.0,0,Normal,
2015-07-18 03:00:00,-13.7,942.8,25.8,138.0,41.0,0,Normal,
2015-07-18 04:00:00,-11.8,943.1,25.3,128.0,41.0,0,Normal,
2015-07-18 05:00:00,-9.9,943.5,23.5,124.0,46.0,0,Normal,
2015-07-18 06:00:00,-9.4,943.8,22.9,121.0,72.0,0,Normal,
2015-07-18 07:00:00,-8.1,943.8,28.5,103.0,59.0,0,Normal,
2015-07-18 08:00:00,-8.1,944.2,29.1,106.0,59.0,0,Normal,
2015-07-18 09:00:00,-8.2,944.7,28.0,104.0,62.0,0,Normal,
2015-07-18 10:00:00,-7.9,945.0,27.5,106.0,54.0,0,Normal,
2015-07-18 11:00:00,-7.8,945.0,24.5,105.0,49.0,0,Normal,
2015-07-18 12:00:00,-7.8,945.3,22.0,104.0,49.0,0,Normal,
2015-07-18 13:00:00,-8.5,945.4,23.2,99.0,51.0,0,Normal,
2015-07-18 14:00:00,-7.8,945.4,20.9,92.0,52.0,0,Normal,
2015-07-18 15:00:00,-7.6,945.0,17.1,85.0,52.0,0,Normal,
2015-07-18 16:00:00,-7.6,944.7,12.4,72.0,53.0,0,Normal,
2015-07-18 17:00:00,-7.7,944.5,9.3,75.0,53.0,0,Normal,
2015-07-18 18:00:00,-9.1,944.3,7.2,183.0,58.0,0,Normal,
2015-07-18 19:00:00,-9.8,944.1,8.0,142.0,59.0,0,Normal,
2015-07-18 20:00:00,-9.7,943.6,8.3,112.0,56.0,0,Normal,
2015-07-18 21:00:00,-9.6,943.8,3.4,19.0,57.0,0,Normal,
2015-07-18 22:00:00,-7.2,943.8,15.4,85.0,55.0,0,Normal,
2015-07-18 23:00:00,-9.0,944.7,5.6,296.0,58.0,0,Normal,
2015-07-19 00:00:00,-7.9,944.8,19.7,85.0,50.0,0,Normal,
2015-07-19 01:00:00,-7.2,945.3,22.8,78.0,44.0,0,Normal,
2015-07-19 02:00:00,-8.0,946.2,18.8,78.0,52.0,0,Normal,
2015-07-19 03:00:00,-7.8,947.0,17.9,68.0,54.0,0,Normal,
2015-07-19 04:00:00,-8.5,948.1,18.5,58.0,60.0,0,Normal,
2015-07-19 05:00:00,-9.0,949.5,20.3,66.0,66.0,0,Normal,
2015-07-19 06:00:00,-9.4,951.0,21.3,75.0,71.0,0,Normal,
2015-07-19 07:00:00,-10.1,952.9,21.8,76.0,81.0,0,Normal,
2015-07-19 08:00:00,-10.3,954.9,20.9,70.0,76.0,0,Normal,
2015-07-19 09:00:00,-11.2,956.1,21.9,75.0,77.0,0,Normal,
2015-07-19 10:00:00,-11.6,956.9,26.7,83.0,79.0,0,Normal,
2015-07-19 11:00:00,-11.9,957.9,28.9,85.0,85.0,0,Normal,
2015-07-19 12:00:00,-11.5,958.9,23.9,75.0,73.0,0,Normal,
2015-07-19 13:00:00,-11.2,959.6,25.9,75.0,62.0,0,Normal,
2015-07-19 14:00:00,-11.9,960.8,28.0,81.0,80.0,0,Normal,
2015-07-19 15:00:00,-11.6,961.5,30.7,87.0,63.0,0,Normal,
2015-07-19 16:00:00,-11.7,962.0,25.5,84.0,59.0,0,Normal,
2015-07-19 17:00:00,-11.7,962.4,27.9,80.0,55.0,0,Normal,
2015-07-19 18:00:00,-11.7,962.5,25.7,75.0,52.0,0,Normal,
2015-07-19 19:00:00,-11.7,963.5,25.1,72.0,49.0,0,Normal,
2015-07-19 20:00:00,-11.6,963.9,22.9,76.0,48.0,0,Normal,
2015-07-19 21:00:00,-11.7,963.9,27.0,76.0,47.0,0,Normal,
2015-07-19 22:00:00,-11.8,964.1,27.2,67.0,47.0,0,Normal,
2015-07-19 23:00:00,-11.8,964.0,25.6,77.0,45.0,0,Normal,
2015-07-20 00:00:00,-12.2,964.1,28.8,86.0,44.0,0,Normal,
2015-07-20 01:00:00,-12.4,963.9,28.1,88.0,43.0,0,Normal,
2015-07-20 02:00:00,-12.7,963.5,30.4,93.0,41.0,0,Normal,
2015-07-20 03:00:00,-13.1,963.7,27.3,104.0,41.0,0,Normal,
2015-07-20 04:00:00,-13.6,963.3,24.7,108.0,40.0,0,Normal,
2015-07-20 05:00:00,-14.0,962.9,25.1,119.0,41.0,0,Normal,
2015-07-20 06:00:00,-13.9,962.3,24.0,106.0,41.0,0,Normal,
2015-07-20 07:00:00,-13.9,962.1,20.9,120.0,36.0,0,Normal,
2015-07-20 08:00:00,-15.3,961.7,20.6,133.0,38.0,0,Normal,
2015-07-20 09:00:00,-16.2,961.3,18.8,133.0,39.0,0,Normal,
2015-07-20 10:00:00,-15.9,960.4,18.8,130.0,38.0,0,Normal,
2015-07-20 11:00:00,-15.8,960.1,17.1,133.0,38.0,0,Normal,
2015-07-20 12:00:00,-16.4,960.3,7.4,338.0,45.0,0,Normal,
2015-07-20 13:00:00,-18.6,959.8,6.9,146.0,54.0,0,Normal,
2015-07-20 14:00:00,-17.8,959.2,8.2,170.0,46.0,0,Normal,
2015-07-20 15:00:00,-18.0,959.1,5.5,259.0,48.0,0,Normal,
2015-07-20 16:00:00,-18.9,958.6,4.7,235.0,50.0,0,Normal,
2015-07-20 17:00:00,-19.0,958.2,6.4,220.0,50.0,0,Normal,
2015-07-20 18:00:00,-19.9,958.0,5.4,228.0,53.0,0,Normal,
2015-07-20 19:00:00,-19.8,957.8,6.0,185.0,52.0,0,Normal,
2015-07-20 20:00:00,-20.1,957.7,13.7,153.0,51.0,0,Normal,
2015-07-20 21:00:00,-20.5,957.6,12.8,147.0,50.0,0,Normal,
2015-07-20 22:00:00,-22.7,958.3,6.9,72.0,60.0,0,Normal,
2015-07-20 23:00:00,-23.3,958.2,6.0,64.0,62.0,0,Normal,
2015-07-21 00:00:00,-19.8,958.1,16.2,129.0,44.0,0,Normal,
2015-07-21 01:00:00,-21.3,958.4,6.5,295.0,50.0,0,Normal,
2015-07-21 02:00:00,-21.4,958.7,4.5,123.0,51.0,0,Normal,
2015-07-21 03:00:00,-22.8,959.1,1.6,179.0,54.0,0,Normal,
2015-07-21 04:00:00,-22.7,959.4,8.1,214.0,53.0,0,Normal,
2015-07-21 05:00:00,-22.4,960.1,1.7,313.0,51.0,0,Normal,
2015-07-21 06:00:00,-23.6,960.9,3.4,173.0,57.0,0,Normal,
2015-07-21 07:00:00,-23.8,961.6,6.1,124.0,60.0,0,Normal,
2015-07-21 08:00:00,-23.0,962.2,5.3,186.0,58.0,0,Normal,
2015-07-21 09:00:00,-22.6,962.6,5.9,89.0,57.0,0,Normal,
2015-07-21 10:00:00,-22.4,963.0,3.5,95.0,56.0,0,Normal,
2015-07-21 11:00:00,-21.7,963.1,4.9,170.0,53.0,0,Normal,
2015-07-21 12:00:00,-20.4,963.6,5.4,135.0,49.0,0,Normal,
2015-07-21 13:00:00,-20.8,963.8,5.8,356.0,51.0,0,Normal,
2015-07-21 14:00:00,-18.5,963.3,15.4,126.0,39.0,0,Normal,
2015-07-21 15:00:00,-17.4,962.6,22.2,122.0,35.0,0,Normal,
2015-07-21 16:00:00,-17.4,962.1,25.9,116.0,37.0,0,Normal,
2015-07-21 17:00:00,-16.7,962.2,24.0,109.0,39.0,0,Normal,
2015-07-21 18:00:00,-15.7,961.5,25.8,91.0,40.0,0,Normal,
2015-07-21 19:00:00,-15.1,960.4,27.2,89.0,39.0,0,Normal,
2015-07-21 20:00:00,-14.3,959.8,22.5,71.0,36.0,0,Normal,
2015-07-21 21:00:00,-14.7,958.9,29.0,85.0,39.0,0,Normal,
2015-07-21 22:00:00,-14.6,957.8,24.7,75.0,40.0,0,Normal,
2015-07-21 23:00:00,-14.4,957.3,25.4,79.0,44.0,0,Normal,
2015-07-22 00:00:00,-13.6,955.8,27.4,78.0,43.0,0,Normal,
2015-07-22 01:00:00,-13.4,954.6,26.3,69.0,44.0,0,Normal,
2015-07-22 02:00:00,-13.5,953.9,30.5,77.0,58.0,0,Normal,
2015-07-22 03:00:00,-14.3,952.8,29.8,78.0,84.0,0,Normal,
2015-07-22 04:00:00,-14.2,952.3,36.1,83.0,84.0,0,Normal,
2015-07-22 05:00:00,-13.7,951.5,32.8,79.0,82.0,0,Normal,
2015-07-22 06:00:00,-12.9,951.0,30.7,71.0,72.0,0,Normal,
2015-07-22 07:00:00,-13.1,951.1,32.2,65.0,68.0,0,Normal,
2015-07-22 08:00:00,-13.5,951.6,25.0,60.0,66.0,0,Normal,
2015-07-22 09:00:00,-13.5,951.5,29.0,73.0,62.0,0,Normal,
2015-07-22 10:00:00,-13.1,951.2,26.5,57.0,55.0,0,Normal,
2015-07-22 11:00:00,-13.0,951.0,34.6,63.0,53.0,0,Normal,
2015-07-22 12:00:00,-12.8,950.0,26.4,70.0,54.0,0,Normal,
2015-07-22 13:00:00,-12.6,948.6,33.0,67.0,56.0,0,Normal,
2015-07-22 14:00:00,-11.8,947.3,34.3,75.0,47.0,0,Normal,
2015-07-22 15:00:00,-11.8,947.5,32.3,73.0,46.0,0,Normal,
2015-07-22 16:00:00,-11.5,947.1,35.8,72.0,44.0,0,Normal,
2015-07-22 17:00:00,-11.1,946.3,36.1,76.0,42.0,0,Normal,
2015-07-22 18:00:00,-10.3,947.4,37.3,80.0,41.0,0,Normal,
2015-07-22 19:00:00,-10.5,947.5,34.3,76.0,45.0,0,Normal,
2015-07-22 20:00:00,-10.6,948.5,31.8,77.0,45.0,0,Normal,
2015-07-22 21:00:00,-10.8,947.6,31.4,80.0,45.0,0,Normal,
2015-07-22 22:00:00,-10.6,948.7,39.9,84.0,40.0,0,Normal,
2015-07-22 23:00:00,-10.3,949.8,35.6,83.0,39.0,0,Normal,
2015-07-23 00:00:00,-10.2,950.4,34.1,81.0,37.0,0,Normal,
2015-07-23 01:00:00,-9.9,949.9,33.1,77.0,36.0,0,Normal,
2015-07-23 02:00:00,-9.6,950.3,32.6,89.0,36.0,0,Normal,
2015-07-23 03:00:00,-9.4,950.7,30.3,93.0,35.0,0,Normal,
2015-07-23 04:00:00,-9.3,950.8,27.7,76.0,36.0,0,Normal,
2015-07-23 05:00:00,-9.1,951.0,25.7,75.0,36.0,0,Normal,
2015-07-23 06:00:00,-8.6,951.0,29.9,82.0,35.0,0,Normal,
2015-07-23 07:00:00,-8.5,951.0,29.3,99.0,34.0,0,Normal,
2015-07-23 08:00:00,-8.5,951.2,34.6,84.0,34.0,0,Normal,
2015-07-23 09:00:00,-8.5,951.3,26.0,81.0,33.0,0,Normal,
2015-07-23 10:00:00,-9.5,952.0,26.1,107.0,40.0,0,Normal,
2015-07-23 11:00:00,-9.7,953.8,27.8,114.0,33.0,0,Normal,
2015-07-23 12:00:00,-10.0,955.1,23.7,125.0,30.0,0,Normal,
2015-07-23 13:00:00,-11.1,956.1,22.5,128.0,33.0,0,Normal,
2015-07-23 14:00:00,-11.5,956.9,25.7,123.0,31.0,0,Normal,
2015-07-23 15:00:00,-13.5,959.1,5.1,17.0,50.0,0,Normal,
2015-07-23 16:00:00,-13.0,960.1,13.8,132.0,33.0,0,Normal,
2015-07-23 17:00:00,-13.9,960.9,7.0,180.0,36.0,0,Normal,
2015-07-23 18:00:00,-14.2,962.0,5.9,219.0,40.0,0,Normal,
2015-07-23 19:00:00,-15.9,961.8,10.1,101.0,50.0,0,Normal,
2015-07-23 20:00:00,-16.8,962.2,6.1,98.0,49.0,0,Normal,
2015-07-23 21:00:00,-15.9,962.0,3.6,41.0,42.0,0,Normal,
2015-07-23 22:00:00,-16.3,962.4,11.8,154.0,46.0,0,Normal,
2015-07-23 23:00:00,-18.0,962.6,16.7,149.0,50.0,0,Normal,
2015-07-24 00:00:00,-16.3,962.6,9.0,170.0,47.0,0,Normal,
2015-07-24 01:00:00,-17.6,962.1,9.7,173.0,49.0,0,Normal,
2015-07-24 02:00:00,-17.4,962.2,8.3,138.0,48.0,0,Normal,
2015-07-24 03:00:00,-17.7,962.1,11.6,152.0,47.0,0,Normal,
2015-07-24 04:00:00,-17.6,961.7,5.9,166.0,48.0,0,Normal,
2015-07-24 05:00:00,-17.7,961.5,8.4,132.0,40.0,0,Normal,
2015-07-24 06:00:00,-17.7,961.3,7.3,134.0,40.0,0,Normal,
2015-07-24 07:00:00,-17.8,961.7,10.8,162.0,42.0,0,Normal,
2015-07-24 08:00:00,-18.3,961.9,9.7,144.0,39.0,0,Normal,
2015-07-24 09:00:00,-20.2,961.8,6.0,59.0,50.0,0,Normal,
2015-07-24 10:00:00,-16.5,960.6,10.2,151.0,37.0,0,Normal,
2015-07-24 11:00:00,-19.6,962.1,9.0,41.0,49.0,0,Normal,
2015-07-24 12:00:00,-16.5,961.9,13.2,97.0,41.0,0,Normal,
2015-07-24 13:00:00,-15.7,961.8,15.4,65.0,39.0,0,Normal,
2015-07-24 14:00:00,-15.8,962.4,15.8,63.0,43.0,0,Normal,
2015-07-24 15:00:00,-15.9,962.3,15.8,57.0,43.0,0,Normal,
2015-07-24 16:00:00,-16.0,962.3,16.8,64.0,47.0,0,Normal,
2015-07-24 17:00:00,-16.4,962.7,18.3,78.0,71.0,0,Normal,
2015-07-24 18:00:00,-16.5,963.3,18.4,65.0,73.0,0,Normal,
2015-07-24 19:00:00,-16.9,963.7,21.1,70.0,74.0,0,Normal,
2015-07-24 20:00:00,-17.4,964.5,20.4,64.0,76.0,0,Normal,
2015-07-24 21:00:00,-17.7,965.4,19.4,77.0,77.0,0,Normal,
2015-07-24 22:00:00,-18.1,965.3,20.6,67.0,79.0,0,Normal,
2015-07-24 23:00:00,-18.0,966.4,17.8,73.0,72.0,0,Normal,
2015-07-25 00:00:00,-17.4,966.7,19.0,76.0,68.0,0,Normal,
2015-07-25 01:00:00,-16.9,966.7,18.8,77.0,65.0,0,Normal,
2015-07-25 02:00:00,-16.6,966.1,23.1,77.0,66.0,0,Normal,
2015-07-25 03:00:00,-16.3,966.1,23.6,80.0,66.0,0,Normal,
2015-07-25 04:00:00,-16.2,965.4,24.0,85.0,73.0,0,Normal,
2015-07-25 05:00:00,-16.0,964.9,22.8,79.0,76.0,0,Normal,
2015-07-25 06:00:00,-15.9,964.1,21.9,80.0,76.0,0,Normal,
2015-07-25 07:00:00,-15.7,963.6,23.9,78.0,77.0,0,Normal,
2015-07-25 08:00:00,-15.3,962.8,23.9,77.0,81.0,0,Normal,
2015-07-25 09:00:00,-15.1,961.6,27.0,78.0,85.0,0,Normal,
2015-07-25 10:00:00,-14.4,960.8,29.1,81.0,85.0,0,Normal,
2015-07-25 11:00:00,-14.6,960.4,26.3,73.0,85.0,0,Normal,
2015-07-25 12:00:00,-13.9,958.7,29.9,68.0,87.0,0,Normal,
2015-07-25 13:00:00,-14.0,957.3,30.5,70.0,87.0,0,Normal,
2015-07-25 14:00:00,-13.8,955.6,36.5,69.0,87.0,0,Normal,
2015-07-25 15:00:00,-14.0,954.3,35.4,70.0,86.0,0,Normal,
2015-07-25 16:00:00,-14.4,953.2,35.6,72.0,86.0,0,Normal,
2015-07-25 17:00:00,-14.1,951.9,40.8,78.0,86.0,0,Normal,
2015-07-25 18:00:00,-13.9,950.5,42.9,82.0,87.0,0,Normal,
2015-07-25 19:00:00,-13.6,948.8,41.1,83.0,87.0,0,Normal,
2015-07-25 20:00:00,-13.7,948.9,41.2,83.0,87.0,0,Normal,
2015-07-25 21:00:00,-13.9,948.1,43.2,82.0,87.0,0,Normal,
2015-07-25 22:00:00,-14.0,948.0,62.6,299.0,87.0,0,Normal,
2015-07-25 23:00:00,-14.0,948.6,61.8,298.0,87.0,0,Normal,
2015-07-26 00:00:00,-14.0,947.9,62.3,298.0,87.0,0,Normal,
2015-07-26 01:00:00,-14.2,948.0,61.3,300.0,86.0,0,Normal,
2015-07-26 02:00:00,-14.3,948.0,60.4,298.0,86.0,0,Normal,
2015-07-26 03:00:00,-14.6,948.3,62.9,299.0,86.0,0,Normal,
2015-07-26 04:00:00,-14.7,949.1,63.2,298.0,86.0,0,Normal,
2015-07-26 05:00:00,-14.9,948.8,63.2,298.0,86.0,0,Normal,
2015-07-26 06:00:00,-15.2,949.4,63.6,300.0,86.0,0,Normal,
2015-07-26 07:00:00,-15.3,950.7,63.2,299.0,85.0,0,Normal,
2015-07-26 08:00:00,-15.4,951.0,61.9,298.0,85.0,0,Normal,
2015-07-26 09:00:00,-15.6,950.8,61.3,298.0,85.0,0,Normal,
2015-07-26 10:00:00,-16.1,951.0,60.5,300.0,85.0,0,Normal,
2015-07-26 11:00:00,-16.8,953.3,55.7,294.0,85.0,0,Normal,
2015-07-26 12:00:00,-18.1,955.1,59.9,297.0,84.0,0,Normal,
2015-07-26 13:00:00,-19.1,955.0,63.4,298.0,83.0,0,Normal,
2015-07-26 14:00:00,-19.1,955.0,66.4,299.0,82.0,0,Normal,
2015-07-26 15:00:00,-19.6,957.2,62.6,298.0,82.0,0,Normal,
2015-07-26 16:00:00,-20.4,958.3,59.8,299.0,82.0,0,Normal,
2015-07-26 17:00:00,-20.7,958.4,61.9,299.0,81.0,0,Normal,
2015-07-26 18:00:00,-21.1,959.1,63.2,298.0,81.0,0,Normal,
2015-07-26 19:00:00,-21.2,959.9,63.2,299.0,81.0,0,Normal,
2015-07-26 20:00:00,-21.1,960.6,56.5,300.0,81.0,0,Normal,
2015-07-26 21:00:00,-20.8,960.7,61.3,298.0,81.0,0,Normal,
2015-07-26 22:00:00,-20.2,960.4,47.5,294.0,81.0,0,Normal,
2015-07-26 23:00:00,-19.8,960.8,62.6,298.0,82.0,0,Normal,
2015-07-27 00:00:00,-19.8,961.0,63.6,298.0,82.0,0,Normal,
2015-07-27 01:00:00,-19.9,961.1,63.2,299.0,82.0,0,Normal,
2015-07-27 02:00:00,-19.9,960.9,62.5,298.0,82.0,0,Normal,
2015-07-27 03:00:00,-19.8,960.6,61.3,299.0,82.0,0,Normal,
2015-07-27 04:00:00,-19.7,960.4,61.9,300.0,82.0,0,Normal,
2015-07-27 05:00:00,-19.6,960.3,63.2,298.0,82.0,0,Normal,
2015-07-27 06:00:00,-19.8,960.3,61.9,301.0,82.0,0,Normal,
2015-07-27 07:00:00,-19.6,960.3,49.1,290.0,82.0,0,Normal,
2015-07-27 08:00:00,-19.6,960.2,61.3,298.0,82.0,0,Normal,
2015-07-27 09:00:00,-19.5,959.6,48.0,301.0,82.0,0,Normal,
2015-07-27 10:00:00,-19.1,958.5,51.1,307.0,82.0,0,Normal,
2015-07-27 11:00:00,-18.8,957.5,62.6,298.0,83.0,0,Normal,
2015-07-27 12:00:00,-18.3,956.6,63.9,298.0,83.0,0,Normal,
2015-07-27 13:00:00,-18.0,955.5,63.2,299.0,83.0,0,Normal,
2015-07-27 14:00:00,-17.7,954.2,62.5,300.0,84.0,0,Normal,
2015-07-27 15:00:00,-17.8,952.4,62.5,300.0,83.0,0,Normal,
2015-07-27 16:00:00,-17.3,950.8,62.6,298.0,84.0,0,Normal,
2015-07-27 17:00:00,-16.9,949.5,61.2,298.0,84.0,0,Normal,
2015-07-27 18:00:00,-16.5,948.2,61.3,301.0,77.0,0,Normal,
2015-07-27 19:00:00,-17.0,946.7,62.6,300.0,74.0,0,Normal,
2015-07-27 20:00:00,-16.7,945.7,62.6,298.0,69.0,0,Normal,
2015-07-27 21:00:00,-16.3,944.6,63.9,298.0,60.0,0,Normal,
2015-07-27 22:00:00,-17.3,944.2,63.2,299.0,71.0,0,Normal,
2015-07-27 23:00:00,-19.2,943.6,62.6,300.0,72.0,0,Normal,
2015-07-28 00:00:00,-20.2,943.1,63.2,298.0,73.0,0,Normal,
2015-07-28 01:00:00,-21.3,942.5,61.9,299.0,73.0,0,Normal,
2015-07-28 02:00:00,-21.2,941.9,62.1,300.0,74.0,0,Normal,
2015-07-28 03:00:00,-20.9,941.5,63.9,298.0,76.0,0,Normal,
2015-07-28 04:00:00,-20.5,941.2,62.6,298.0,77.0,0,Normal,
2015-07-28 05:00:00,-20.0,940.9,62.6,298.0,79.0,0,Normal,
2015-07-28 06:00:00,-19.7,940.6,63.9,298.0,80.0,0,Normal,
2015-07-28 07:00:00,-19.8,941.3,63.5,299.0,80.0,0,Normal,
2015-07-28 08:00:00,-18.7,942.6,25.0,278.0,80.0,0,Normal,
2015-07-28 09:00:00,-16.8,944.4,62.1,298.0,70.0,0,Normal,
2015-07-28 10:00:00,-18.5,946.6,61.3,298.0,80.0,0,Normal,
2015-07-28 11:00:00,-17.7,948.4,60.1,299.0,84.0,0,Normal,
2015-07-28 12:00:00,-16.7,949.8,61.9,301.0,83.0,0,Normal,
2015-07-28 13:00:00,-16.5,950.6,62.6,298.0,82.0,0,Normal,
2015-07-28 14:00:00,-13.5,952.4,63.2,298.0,87.0,0,Normal,
2015-07-28 15:00:00,-14.5,954.6,63.6,298.0,85.0,0,Normal,
2015-07-28 16:00:00,-15.6,956.9,63.2,301.0,84.0,0,Normal,
2015-07-28 17:00:00,-15.3,957.7,62.6,298.0,84.0,0,Normal,
2015-07-28 18:00:00,-15.8,957.9,62.0,298.0,84.0,0,Normal,
2015-07-28 19:00:00,-15.4,957.8,61.3,298.0,85.0,0,Normal,
2015-07-28 20:00:00,-15.1,958.1,61.2,298.0,84.0,0,Normal,
2015-07-28 21:00:00,-14.4,957.7,61.7,301.0,84.0,0,Normal,
2015-07-28 22:00:00,-14.1,957.0,62.3,298.0,81.0,0,Normal,
2015-07-28 23:00:00,-14.7,956.4,63.9,298.0,81.0,0,Normal,
2015-07-29 00:00:00,-14.9,955.8,63.9,298.0,81.0,0,Normal,
2015-07-29 01:00:00,-14.7,954.6,62.4,300.0,82.0,0,Normal,
2015-07-29 02:00:00,-14.5,954.2,58.9,301.0,79.0,0,Normal,
2015-07-29 03:00:00,-15.1,953.4,63.1,298.0,80.0,0,Normal,
2015-07-29 04:00:00,-14.0,952.6,61.3,298.0,79.0,0,Normal,
2015-07-29 05:00:00,-13.7,951.9,61.9,298.0,78.0,0,Normal,
2015-07-29 06:00:00,-13.0,951.6,61.9,301.0,77.0,0,Normal,
2015-07-29 07:00:00,-13.7,951.0,61.9,298.0,78.0,0,Normal,
2015-07-29 08:00:00,-13.4,950.7,63.9,298.0,77.0,0,Normal,
2015-07-29 09:00:00,-12.1,949.7,62.6,298.0,74.0,0,Normal,
2015-07-29 10:00:00,-11.2,948.3,59.4,299.0,73.0,0,Normal,
2015-07-29 11:00:00,-10.4,947.0,49.0,296.0,69.0,0,Normal,
2015-07-29 12:00:00,-10.8,945.7,62.6,298.0,67.0,0,Normal,
2015-07-29 13:00:00,-10.0,945.2,61.9,298.0,54.0,0,Normal,
2015-07-29 14:00:00,-10.3,945.2,61.9,298.0,50.0,0,Normal,
2015-07-29 15:00:00,-11.2,944.9,61.9,301.0,50.0,0,Normal,
2015-07-29 16:00:00,-9.0,944.8,62.1,297.0,49.0,0,Normal,
2015-07-29 17:00:00,-8.3,945.2,62.3,298.0,52.0,0,Normal,
2015-07-29 18:00:00,-7.7,945.0,63.9,298.0,53.0,0,Normal,
2015-07-29 19:00:00,-8.3,946.3,63.9,298.0,64.0,0,Normal,
2015-07-29 20:00:00,-8.5,947.1,62.6,301.0,56.0,0,Normal,
2015-07-29 21:00:00,-10.3,949.8,62.6,298.0,57.0,0,Normal,
2015-07-29 22:00:00,-11.3,949.1,61.9,298.0,70.0,0,Normal,
2015-07-29 23:00:00,-11.7,950.4,61.9,298.0,59.0,0,Normal,
2015-07-30 00:00:00,-11.3,950.4,62.0,299.0,50.0,0,Normal,
2015-07-30 01:00:00,-11.7,950.4,53.5,298.0,52.0,0,Normal,
2015-07-30 02:00:00,-11.8,950.5,62.6,298.0,51.0,0,Normal,
2015-07-30 03:00:00,-10.5,950.6,63.9,298.0,46.0,0,Normal,
2015-07-30 04:00:00,-10.0,951.8,63.2,298.0,44.0,0,Normal,
2015-07-30 05:00:00,-9.5,952.9,63.6,301.0,57.0,0,Normal,
2015-07-30 06:00:00,-8.9,953.0,61.0,296.0,50.0,0,Normal,
2015-07-30 07:00:00,-8.6,953.9,62.6,298.0,44.0,0,Normal,
2015-07-30 08:00:00,-9.2,954.9,62.1,298.0,41.0,0,Normal,
2015-07-30 09:00:00,-9.5,954.7,63.2,298.0,39.0,0,Normal,
2015-07-30 10:00:00,-11.3,954.8,62.6,301.0,47.0,0,Normal,
2015-07-30 11:00:00,-11.2,954.6,61.9,298.0,42.0,0,Normal,
2015-07-30 12:00:00,-12.5,954.4,63.9,298.0,56.0,0,Normal,
2015-07-30 13:00:00,-10.2,954.7,63.2,298.0,41.0,0,Normal,
2015-07-30 14:00:00,-10.1,955.3,63.3,299.0,51.0,0,Normal,
2015-07-30 15:00:00,-9.9,955.8,51.6,303.0,43.0,0,Normal,
2015-07-30 16:00:00,-10.1,956.3,62.6,298.0,42.0,0,Normal,
2015-07-30 17:00:00,-10.8,957.2,61.3,298.0,41.0,0,Normal,
2015-07-30 18:00:00,-10.2,957.3,61.3,298.0,38.0,0,Normal,
2015-07-30 19:00:00,-9.7,957.8,61.9,301.0,36.0,0,Normal,
2015-07-30 20:00:00,-9.7,958.2,61.9,298.0,38.0,0,Normal,
2015-07-30 21:00:00,-9.4,958.7,63.8,298.0,42.0,0,Normal,
2015-07-30 22:00:00,-10.1,958.8,63.2,298.0,47.0,0,Normal,
2015-07-30 23:00:00,-10.2,958.9,64.1,298.0,51.0,0,Normal,
2015-07-31 00:00:00,-10.5,959.4,59.3,302.0,56.0,0,Normal,
2015-07-31 01:00:00,-9.8,959.9,63.2,298.0,43.0,0,Normal,
2015-07-31 02:00:00,-10.4,959.7,61.6,298.0,44.0,0,Normal,
2015-07-31 03:00:00,-10.4,960.1,61.3,298.0,39.0,0,Normal,
2015-07-31 04:00:00,-9.9,959.3,60.8,300.0,37.0,0,Normal,
2015-07-31 05:00:00,-10.3,959.1,42.1,281.0,51.0,0,Normal,
2015-07-31 06:00:00,-11.3,959.3,62.9,298.0,68.0,0,Normal,
2015-07-31 07:00:00,-11.7,960.2,62.3,299.0,71.0,0,Normal,
2015-07-31 08:00:00,-11.9,961.1,63.9,298.0,72.0,0,Normal,
2015-07-31 09:00:00,-12.3,961.4,62.6,301.0,72.0,0,Normal,
2015-07-31 10:00:00,-12.2,961.9,62.6,298.0,64.0,0,Normal,
2015-07-31 11:00:00,-12.1,962.8,61.3,298.0,69.0,0,Normal,
2015-07-31 12:00:00,-11.4,963.8,62.6,298.0,68.0,0,Normal,
2015-07-31 13:00:00,-11.4,964.0,61.0,299.0,68.0,0,Normal,
2015-07-31 14:00:00,-12.1,965.1,13.1,287.0,71.0,0,Normal,
2015-07-31 15:00:00,-12.5,966.1,61.9,298.0,75.0,0,Normal,
2015-07-31 16:00:00,-12.4,966.1,63.9,298.0,72.0,0,Normal,
2015-07-31 17:00:00,-12.7,966.2,63.9,298.0,59.0,0,Normal,
2015-07-31 18:00:00,-12.1,965.7,63.3,301.0,52.0,0,Normal,
2015-07-31 19:00:00,-12.4,966.2,63.2,298.0,54.0,0,Normal,
2015-07-31 20:00:00,-12.7,965.9,61.9,298.0,53.0,0,Normal,
2015-07-31 21:00:00,-12.0,964.6,62.3,298.0,50.0,0,Normal,
2015-07-31 22:00:00,-11.6,963.9,60.8,299.0,46.0,0,Normal,
2015-07-31 23:00:00,-11.6,963.0,51.6,305.0,47.0,0,Normal,
2015-08-06 00:00:00,-12.3,970.1,15.1,107.0,51.0,0,Normal,
2015-08-06 01:00:00,-12.8,970.3,13.3,107.0,53.0,0,Normal,
2015-08-06 02:00:00,-13.0,970.1,14.1,113.0,54.0,0,Normal,
2015-08-06 03:00:00,-12.8,970.0,20.2,114.0,50.0,0,Normal,
2015-08-06 04:00:00,-12.8,970.2,21.9,111.0,49.0,0,Normal,
2015-08-06 05:00:00,-12.7,970.1,22.7,114.0,50.0,0,Normal,
2015-08-06 06:00:00,-12.5,969.7,23.3,109.0,51.0,0,Normal,
2015-08-06 07:00:00,-12.7,969.3,18.4,106.0,53.0,0,Normal,
2015-08-06 08:00:00,-12.6,968.9,18.7,100.0,53.0,0,Normal,
2015-08-06 09:00:00,-12.5,968.8,18.6,99.0,48.0,0,Normal,
2015-08-06 10:00:00,-12.6,968.7,15.2,105.0,50.0,0,Normal,
2015-08-06 11:00:00,-12.7,968.8,13.1,107.0,52.0,0,Normal,
2015-08-06 12:00:00,-12.7,968.5,12.1,88.0,49.0,0,Normal,
2015-08-06 13:00:00,-12.7,968.2,13.7,75.0,50.0,0,Normal,
2015-08-06 14:00:00,-12.7,968.0,10.3,89.0,49.0,0,Normal,
2015-08-06 15:00:00,-13.2,967.3,12.3,99.0,54.0,0,Normal,
2015-08-06 16:00:00,-13.5,967.1,14.2,93.0,58.0,0,Normal,
2015-08-06 17:00:00,-13.8,966.9,16.9,81.0,57.0,0,Normal,
2015-08-06 18:00:00,-13.8,966.3,22.3,98.0,59.0,0,Normal,
2015-08-06 19:00:00,-13.9,965.7,23.9,108.0,58.0,0,Normal,
2015-08-06 20:00:00,-14.0,965.8,23.0,103.0,62.0,0,Normal,
2015-08-06 21:00:00,-20.1,967.1,7.4,302.0,74.0,0,Normal,
2015-08-06 22:00:00,-20.2,966.2,4.4,24.0,72.0,0,Normal,
2015-08-06 23:00:00,-20.1,966.5,7.3,332.0,76.0,0,Normal,
2015-08-07 00:00:00,-17.3,948.9,15.2,55.0,45.0,0,Normal,
2015-08-07 01:00:00,-17.7,948.5,12.1,71.0,45.0,0,Normal,
2015-08-07 02:00:00,-17.9,948.4,10.3,79.0,46.0,0,Normal,
2015-08-07 03:00:00,-18.2,947.8,9.6,68.0,45.0,0,Normal,
2015-08-07 04:00:00,-18.3,947.2,9.5,74.0,45.0,0,Normal,
2015-08-07 05:00:00,-18.4,946.8,10.4,72.0,44.0,0,Normal,
2015-08-07 06:00:00,-18.5,946.4,11.9,123.0,46.0,0,Normal,
2015-08-07 07:00:00,-18.7,946.0,14.6,127.0,50.0,0,Normal,
2015-08-07 08:00:00,-18.7,945.8,17.3,122.0,39.0,0,Normal,
2015-08-07 09:00:00,-19.8,945.6,15.4,128.0,41.0,0,Normal,
2015-08-07 10:00:00,-20.5,945.8,6.3,129.0,48.0,0,Normal,
2015-08-07 11:00:00,-20.1,945.7,15.3,119.0,35.0,0,Normal,
2015-08-07 12:00:00,-20.4,945.6,17.4,125.0,36.0,0,Normal,
2015-08-07 13:00:00,-20.1,945.7,23.2,113.0,36.0,0,Normal,
2015-08-07 14:00:00,-20.0,946.0,22.7,114.0,40.0,0,Normal,
2015-08-07 15:00:00,-19.7,946.3,24.4,116.0,50.0,0,Normal,
2015-08-07 16:00:00,-19.2,947.2,16.3,85.0,49.0,0,Normal,
2015-08-07 17:00:00,-19.3,947.9,14.5,67.0,42.0,0,Normal,
2015-08-07 18:00:00,-19.8,948.3,11.1,67.0,44.0,0,Normal,
2015-08-07 19:00:00,-20.5,948.5,12.1,70.0,48.0,0,Normal,
2015-08-07 20:00:00,-20.2,948.9,13.0,69.0,42.0,0,Normal,
2015-08-07 21:00:00,-20.7,949.2,7.3,49.0,48.0,0,Normal,
2015-08-07 22:00:00,-20.5,949.6,14.7,61.0,42.0,0,Normal,
2015-08-07 23:00:00,-21.1,950.3,10.8,61.0,44.0,0,Normal,
2015-08-08 00:00:00,-25.4,962.5,61.2,299.0,55.0,0,Normal,
2015-08-08 01:00:00,-24.3,962.5,62.6,298.0,58.0,0,Normal,
2015-08-08 02:00:00,-22.6,961.7,61.9,298.0,53.0,0,Normal,
2015-08-08 03:00:00,-22.1,962.1,63.2,298.0,51.0,0,Normal,
2015-08-08 04:00:00,-22.1,962.1,63.2,298.0,51.0,0,Normal,
2015-08-08 05:00:00,-22.1,962.7,61.9,298.0,51.0,0,Normal,
2015-08-08 06:00:00,-21.2,963.1,62.6,300.0,48.0,0,Normal,
2015-08-08 07:00:00,-22.4,963.5,63.9,298.0,55.0,0,Normal,
2015-08-08 08:00:00,-22.6,963.8,63.2,298.0,56.0,0,Normal,
2015-08-08 09:00:00,-24.1,963.5,50.6,291.0,59.0,0,Normal,
2015-08-08 10:00:00,-24.0,963.3,61.3,298.0,58.0,0,Normal,
2015-08-08 11:00:00,-22.8,963.4,62.9,299.0,55.0,0,Normal,
2015-08-08 12:00:00,-23.3,963.3,62.6,298.0,53.0,0,Normal,
2015-08-08 13:00:00,-25.2,963.8,63.9,298.0,58.0,0,Normal,
2015-08-08 14:00:00,-25.5,964.3,63.2,300.0,58.0,0,Normal,
2015-08-08 15:00:00,-26.1,965.0,61.9,298.0,58.0,0,Normal,
2015-08-08 16:00:00,-25.7,965.6,61.3,298.0,58.0,0,Normal,
2015-08-08 17:00:00,-26.1,965.8,40.5,297.0,56.0,0,Normal,
2015-08-08 18:00:00,-23.3,966.4,62.6,299.0,48.0,0,Normal,
2015-08-08 19:00:00,-22.3,966.7,60.2,299.0,42.0,0,Normal,
2015-08-08 20:00:00,-22.4,967.4,63.2,298.0,42.0,0,Normal,
2015-08-08 21:00:00,-21.8,967.9,61.9,298.0,39.0,0,Normal,
2015-08-08 22:00:00,-25.1,968.8,62.6,301.0,48.0,0,Normal,
2015-08-08 23:00:00,-24.3,968.7,62.6,298.0,48.0,0,Normal,
2015-08-09 00:00:00,-13.8,959.9,61.9,300.0,71.0,0,Normal,
2015-08-09 01:00:00,-13.7,960.5,62.6,299.0,71.0,0,Normal,
2015-08-09 02:00:00,-13.9,960.9,63.2,298.0,74.0,0,Normal,
2015-08-09 03:00:00,-14.0,961.3,63.2,298.0,78.0,0,Normal,
2015-08-09 04:00:00,-14.5,961.7,67.7,299.0,85.0,0,Normal,
2015-08-09 05:00:00,-14.4,962.0,59.0,304.0,86.0,0,Normal,
2015-08-09 06:00:00,-14.3,962.5,62.6,299.0,86.0,0,Normal,
2015-08-09 07:00:00,-14.3,962.7,62.6,298.0,86.0,0,Normal,
2015-08-09 08:00:00,-14.0,963.2,62.6,298.0,87.0,0,Normal,
2015-08-09 09:00:00,-13.8,963.5,62.5,298.0,87.0,0,Normal,
2015-08-09 10:00:00,-13.7,963.6,62.2,299.0,87.0,0,Normal,
2015-08-09 11:00:00,-13.5,963.7,61.7,300.0,87.0,0,Normal,
2015-08-09 12:00:00,-13.3,964.2,62.6,298.0,87.0,0,Normal,
2015-08-09 13:00:00,-12.5,963.9,63.9,298.0,82.0,0,Normal,
2015-08-09 14:00:00,-11.9,963.9,63.2,299.0,79.0,0,Normal,
2015-08-09 15:00:00,-11.5,964.1,64.5,299.0,77.0,0,Normal,
2015-08-09 16:00:00,-11.5,964.5,42.9,284.0,80.0,0,Normal,
2015-08-09 17:00:00,-11.2,964.9,61.5,298.0,73.0,0,Normal,
2015-08-09 18:00:00,-11.1,964.9,61.3,298.0,65.0,0,Normal,
2015-08-09 19:00:00,-11.0,964.8,61.3,299.0,52.0,0,Normal,
2015-08-09 20:00:00,-12.2,965.2,64.0,299.0,63.0,0,Normal,
2015-08-09 21:00:00,-13.6,964.9,62.6,298.0,65.0,0,Normal,
2015-08-09 22:00:00,-13.1,964.8,62.6,298.0,63.0,0,Normal,
2015-08-09 23:00:00,-14.0,965.6,65.1,298.0,63.0,0,Normal,
2015-08-10 00:00:00,-4.6,972.2,63.9,298.0,37.0,0,Normal,
2015-08-10 01:00:00,-4.7,972.5,63.9,298.0,37.0,0,Normal,
2015-08-10 02:00:00,-5.7,973.0,63.7,300.0,40.0,0,Normal,
2015-08-10 03:00:00,-5.7,973.4,62.8,297.0,35.0,0,Normal,
2015-08-10 04:00:00,-6.3,974.0,61.9,298.0,39.0,0,Normal,
2015-08-10 05:00:00,-6.2,974.4,61.2,298.0,37.0,0,Normal,
2015-08-10 06:00:00,-6.2,974.8,61.3,298.0,37.0,0,Normal,
2015-08-10 07:00:00,-6.0,975.1,63.4,299.0,37.0,0,Normal,
2015-08-10 08:00:00,-5.0,975.0,12.5,330.0,39.0,0,Normal,
2015-08-10 09:00:00,-5.0,975.0,61.9,298.0,41.0,0,Normal,
2015-08-10 10:00:00,-4.5,974.7,62.6,298.0,35.0,0,Normal,
2015-08-10 11:00:00,-4.5,974.6,62.6,298.0,39.0,0,Normal,
2015-08-10 12:00:00,-4.4,974.3,63.9,298.0,35.0,0,Normal,
2015-08-10 13:00:00,-4.7,974.3,63.3,298.0,33.0,0,Normal,
2015-08-10 14:00:00,-5.1,973.9,63.9,298.0,37.0,0,Normal,
2015-08-10 15:00:00,-5.6,974.2,63.3,298.0,36.0,0,Normal,
2015-08-10 16:00:00,-5.6,974.0,61.6,298.0,30.0,0,Normal,
2015-08-10 17:00:00,-6.0,974.0,47.8,295.0,66.0,0,Normal,
2015-08-10 18:00:00,-5.8,974.1,63.3,298.0,42.0,0,Normal,
2015-08-10 19:00:00,-6.1,974.0,61.3,298.0,40.0,0,Normal,
2015-08-10 20:00:00,-6.5,974.3,61.3,298.0,44.0,0,Normal,
2015-08-10 21:00:00,-6.3,974.2,62.1,298.0,38.0,0,Normal,
2015-08-10 22:00:00,-5.6,973.9,25.9,311.0,40.0,0,Normal,
2015-08-10 23:00:00,-6.0,974.3,62.6,298.0,38.0,0,Normal,
2015-08-11 00:00:00,-6.9,972.8,63.1,298.0,93.0,0,Normal,
2015-08-11 01:00:00,-7.4,973.2,63.2,298.0,93.0,0,Normal,
2015-08-11 02:00:00,-7.1,971.6,63.9,298.0,94.0,0,Normal,
2015-08-11 03:00:00,-6.8,972.6,62.6,301.0,94.0,0,Normal,
2015-08-11 04:00:00,-6.6,971.3,62.6,298.0,95.0,0,Normal,
2015-08-11 05:00:00,-6.6,970.4,62.0,298.0,95.0,0,Normal,
2015-08-11 06:00:00,-6.5,968.8,62.6,298.0,95.0,0,Normal,
2015-08-11 07:00:00,-6.5,968.9,61.3,298.0,95.0,0,Normal,
2015-08-11 08:00:00,-7.3,968.0,62.0,301.0,94.0,0,Normal,
2015-08-11 09:00:00,-7.5,966.9,61.9,298.0,94.0,0,Normal,
2015-08-11 10:00:00,-7.9,967.1,62.6,298.0,93.0,0,Normal,
2015-08-11 11:00:00,-7.8,966.7,63.3,298.0,94.0,0,Normal,
2015-08-11 12:00:00,-7.5,965.0,63.6,298.0,94.0,0,Normal,
2015-08-11 13:00:00,-7.2,964.7,50.1,307.0,94.0,0,Normal,
2015-08-11 14:00:00,-6.9,963.1,63.0,299.0,94.0,0,Normal,
2015-08-11 15:00:00,-6.7,961.8,61.9,298.0,95.0,0,Normal,
2015-08-11 16:00:00,-6.5,962.6,61.9,298.0,95.0,0,Normal,
2015-08-11 17:00:00,-6.6,964.3,61.3,298.0,95.0,0,Normal,
2015-08-11 18:00:00,-6.6,964.0,24.8,297.0,95.0,0,Normal,
2015-08-11 19:00:00,-6.7,964.1,62.6,298.0,95.0,0,Normal,
2015-08-11 20:00:00,-6.8,964.9,63.3,298.0,95.0,0,Normal,
2015-08-11 21:00:00,-6.6,964.1,63.9,298.0,95.0,0,Normal,
2015-08-11 22:00:00,-6.5,964.5,62.9,301.0,95.0,0,Normal,
2015-08-11 23:00:00,-6.3,963.9,63.3,298.0,95.0,0,Normal,
2015-08-12 00:00:00,-3.0,960.9,15.4,178.0,46.0,0,Normal,
2015-08-12 01:00:00,-2.6,961.3,14.2,164.0,48.0,0,Normal,
2015-08-12 02:00:00,-2.9,961.4,12.9,174.0,48.0,0,Normal,
2015-08-12 03:00:00,-2.9,961.4,18.4,173.0,42.0,0,Normal,
2015-08-12 04:00:00,-2.5,961.5,19.7,166.0,36.0,0,Normal,
2015-08-12 05:00:00,-2.4,961.8,17.1,171.0,39.0,0,Normal,
2015-08-12 06:00:00,-2.1,962.0,16.1,163.0,45.0,0,Normal,
2015-08-12 07:00:00,-0.6,962.2,19.3,137.0,35.0,0,Normal,
2015-08-12 08:00:00,0.0,962.6,19.2,133.0,37.0,0,Normal,
2015-08-12 09:00:00,0.5,962.8,16.0,128.0,40.0,0,Normal,
2015-08-12 10:00:00,1.0,963.1,15.5,99.0,41.0,0,Normal,
2015-08-12 11:00:00,1.6,963.2,12.5,82.0,41.0,0,Normal,
2015-08-12 12:00:00,3.0,963.4,13.5,65.0,42.0,0,Normal,
2015-08-12 13:00:00,2.8,963.5,13.7,74.0,44.0,0,Normal,
2015-08-12 14:00:00,2.4,963.5,10.5,93.0,43.0,0,Normal,
2015-08-12 15:00:00,0.6,963.4,10.2,155.0,48.0,0,Normal,
2015-08-12 16:00:00,1.2,963.4,8.1,48.0,49.0,0,Normal,
2015-08-12 17:00:00,0.4,963.3,9.7,46.0,52.0,0,Normal,
2015-08-12 18:00:00,-0.9,963.6,8.4,344.0,61.0,0,Normal,
2015-08-12 19:00:00,-0.8,963.8,8.9,6.0,57.0,0,Normal,
2015-08-12 20:00:00,-1.7,964.1,6.2,84.0,60.0,0,Normal,
2015-08-12 21:00:00,-1.0,964.2,7.1,114.0,58.0,0,Normal,
2015-08-12 22:00:00,-1.6,964.4,6.4,136.0,64.0,0,Normal,
2015-08-12 23:00:00,-2.5,964.6,11.1,163.0,67.0,0,Normal,
2015-08-13 00:00:00,-13.8,960.6,63.2,298.0,39.0,0,Normal,
2015-08-13 01:00:00,-15.7,960.4,61.5,298.0,41.0,0,Normal,
2015-08-13 02:00:00,-15.9,960.2,61.9,298.0,40.0,0,Normal,
2015-08-13 03:00:00,-14.6,960.9,61.3,298.0,38.0,0,Normal,
2015-08-13 04:00:00,-15.3,960.6,61.9,301.0,38.0,0,Normal,
2015-08-13 05:00:00,-15.4,960.6,62.6,298.0,40.0,0,Normal,
2015-08-13 06:00:00,-15.2,959.9,62.6,298.0,30.0,0,Normal,
2015-08-13 07:00:00,-15.8,959.4,63.2,298.0,34.0,0,Normal,
2015-08-13 08:00:00,-16.4,958.6,70.7,300.0,32.0,0,Normal,
2015-08-13 09:00:00,-15.1,957.9,60.8,301.0,33.0,0,Normal,
2015-08-13 10:00:00,-15.4,956.9,62.6,298.0,33.0,0,Normal,
2015-08-13 11:00:00,60.0,956.3,61.9,298.0,31.0,0,Normal,
2015-08-13 12:00:00,-14.6,956.0,61.3,298.0,35.0,0,Normal,
2015-08-13 13:00:00,-15.4,955.2,61.9,301.0,36.0,0,Normal,
2015-08-13 14:00:00,-14.4,954.4,61.9,298.0,32.0,0,Normal,
2015-08-13 15:00:00,-14.6,953.5,63.2,298.0,31.0,0,Normal,
2015-08-13 16:00:00,-13.3,952.9,63.9,298.0,26.0,0,Normal,
2015-08-13 17:00:00,-13.8,952.2,64.2,298.0,28.0,0,Normal,
2015-08-13 18:00:00,-13.8,951.8,57.2,306.0,29.0,0,Normal,
2015-08-13 19:00:00,-13.9,951.9,63.2,298.0,32.0,0,Normal,
2015-08-13 20:00:00,-13.4,951.1,61.4,298.0,27.0,0,Normal,
2015-08-13 21:00:00,-14.6,951.6,61.9,298.0,30.0,0,Normal,
2015-08-13 22:00:00,-15.6,951.6,62.6,301.0,36.0,0,Normal,
2015-08-13 23:00:00,-15.0,951.1,62.5,298.0,32.0,0,Normal,
2015-08-14 00:00:00,-14.6,951.1,63.9,298.0,32.0,0,Normal,
2015-08-14 01:00:00,-13.1,951.1,63.9,298.0,27.0,0,Normal,
2015-08-14 02:00:00,-14.7,951.8,64.5,298.0,34.0,0,Normal,
2015-08-14 03:00:00,-15.6,952.5,50.1,307.0,36.0,0,Normal,
2015-08-14 04:00:00,-15.5,952.5,63.2,298.0,31.0,0,Normal,
2015-08-14 05:00:00,-16.1,952.8,61.9,298.0,36.0,0,Normal,
2015-08-14 06:00:00,-16.1,953.1,61.9,298.0,33.0,0,Normal,
2015-08-14 07:00:00,-16.3,953.6,61.9,301.0,31.0,0,Normal,
2015-08-14 08:00:00,-16.7,953.6,61.9,298.0,33.0,0,Normal,
2015-08-14 09:00:00,-16.5,953.0,63.9,298.0,31.0,0,Normal,
2015-08-14 10:00:00,-16.3,953.4,62.6,298.0,32.0,0,Normal,
2015-08-14 11:00:00,-15.9,953.2,63.2,298.0,32.0,0,Normal,
2015-08-14 12:00:00,-15.4,953.0,61.1,305.0,32.0,0,Normal,
2015-08-14 13:00:00,-14.9,952.6,62.6,298.0,31.0,0,Normal,
2015-08-14 14:00:00,-14.6,952.2,62.6,298.0,34.0,0,Normal,
2015-08-14 15:00:00,-14.2,952.5,61.9,298.0,35.0,0,Normal,
2015-08-14 16:00:00,-14.4,952.2,56.9,300.0,38.0,0,Normal,
2015-08-14 17:00:00,-14.0,951.5,41.4,278.0,37.0,0,Normal,
2015-08-14 18:00:00,-15.0,950.9,62.6,298.0,37.0,0,Normal,
2015-08-14 19:00:00,-14.6,950.2,61.8,298.0,37.0,0,Normal,
2015-08-14 20:00:00,-14.3,949.6,63.9,298.0,37.0,0,Normal,
2015-08-14 21:00:00,-13.2,949.2,63.2,301.0,35.0,0,Normal,
2015-08-14 22:00:00,-13.4,948.7,62.6,298.0,35.0,0,Normal,
2015-08-14 23:00:00,-13.7,948.5,61.9,298.0,35.0,0,Normal,
2015-08-15 00:00:00,-13.8,948.1,62.6,298.0,36.0,0,Normal,
2015-08-15 01:00:00,-13.7,948.2,65.3,299.0,36.0,0,Normal,
2015-08-15 02:00:00,-13.7,948.4,53.8,307.0,36.0,0,Normal,
2015-08-15 03:00:00,-13.8,948.1,61.9,298.0,34.0,0,Normal,
2015-08-15 04:00:00,-14.0,948.3,63.1,299.0,35.0,0,Normal,
2015-08-15 05:00:00,-14.1,948.0,63.2,298.0,35.0,0,Normal,
2015-08-15 06:00:00,-14.4,948.0,63.0,301.0,36.0,0,Normal,
2015-08-15 07:00:00,-14.1,948.3,62.6,298.0,35.0,0,Normal,
2015-08-15 08:00:00,-14.1,948.8,61.9,298.0,36.0,0,Normal,
2015-08-15 09:00:00,-13.9,949.5,61.3,298.0,34.0,0,Normal,
2015-08-15 10:00:00,-14.4,950.0,61.5,298.0,36.0,0,Normal,
2015-08-15 11:00:00,-14.4,950.1,40.5,303.0,36.0,0,Normal,
2015-08-15 12:00:00,-14.5,951.0,62.6,298.0,38.0,0,Normal,
2015-08-15 13:00:00,-14.6,952.0,63.9,298.0,36.0,0,Normal,
2015-08-15 14:00:00,-15.4,952.8,63.9,298.0,39.0,0,Normal,
2015-08-15 15:00:00,-16.0,953.6,61.8,301.0,40.0,0,Normal,
2015-08-15 16:00:00,-16.4,953.8,62.5,302.0,38.0,0,Normal,
2015-08-15 17:00:00,-16.3,954.5,61.9,298.0,37.0,0,Normal,
2015-08-15 18:00:00,-16.9,955.5,61.3,298.0,40.0,0,Normal,
2015-08-15 19:00:00,-16.8,955.8,61.9,298.0,37.0,0,Normal,
2015-08-15 20:00:00,-16.6,956.9,62.6,301.0,37.0,0,Normal,
2015-08-15 21:00:00,-17.3,957.4,61.9,298.0,43.0,0,Normal,
2015-08-15 22:00:00,-17.3,957.6,63.4,298.0,38.0,0,Normal,
2015-08-15 23:00:00,-17.3,958.4,63.9,298.0,40.0,0,Normal,
2015-08-16 00:00:00,-16.9,958.7,66.9,300.0,40.0,0,Normal,
2015-08-16 01:00:00,-17.1,959.7,48.3,291.0,45.0,0,Normal,
2015-08-16 02:00:00,-17.1,959.4,62.2,298.0,50.0,0,Normal,
2015-08-16 03:00:00,-17.1,959.8,61.9,298.0,58.0,0,Normal,
2015-08-16 04:00:00,-17.2,960.0,61.9,298.0,50.0,0,Normal,
2015-08-16 05:00:00,-17.0,960.4,61.9,301.0,46.0,0,Normal,
2015-08-16 06:00:00,-17.2,960.6,62.6,298.0,52.0,0,Normal,
2015-08-16 07:00:00,-17.5,960.4,63.2,298.0,54.0,0,Normal,
2015-08-16 08:00:00,-17.7,960.4,63.2,298.0,53.0,0,Normal,
2015-08-16 09:00:00,-17.9,961.0,55.4,299.0,63.0,0,Normal,
2015-08-16 10:00:00,-18.1,961.0,40.5,277.0,79.0,0,Normal,
2015-08-16 11:00:00,-17.8,961.1,60.5,302.0,64.0,0,Normal,
2015-08-16 12:00:00,-17.8,960.6,62.6,298.0,66.0,0,Normal,
2015-08-16 13:00:00,-17.6,960.2,61.9,298.0,68.0,0,Normal,
2015-08-16 14:00:00,-18.0,960.3,61.3,300.0,73.0,0,Normal,
2015-08-16 15:00:00,-17.5,959.7,62.6,299.0,58.0,0,Normal,
2015-08-16 16:00:00,-17.4,959.4,63.9,298.0,58.0,0,Normal,
2015-08-16 17:00:00,-17.4,958.9,63.2,298.0,59.0,0,Normal,
2015-08-16 18:00:00,-17.1,958.6,63.2,298.0,57.0,0,Normal,
2015-08-16 19:00:00,-16.9,958.2,32.7,286.0,55.0,0,Normal,
2015-08-16 20:00:00,-16.8,957.5,57.6,301.0,55.0,0,Normal,
2015-08-16 21:00:00,-16.7,958.0,61.3,298.0,54.0,0,Normal,
2015-08-16 22:00:00,-17.2,958.0,61.3,298.0,56.0,0,Normal,
2015-08-16 23:00:00,-17.2,957.6,61.3,300.0,57.0,0,Normal,
2015-08-17 00:00:00,-17.2,957.4,62.5,299.0,56.0,0,Normal,
2015-08-17 01:00:00,-17.4,957.0,63.2,298.0,57.0,0,Normal,
2015-08-17 02:00:00,-17.2,956.1,63.9,298.0,51.0,0,Normal,
2015-08-17 03:00:00,-16.9,956.5,59.0,299.0,45.0,0,Normal,
2015-08-17 04:00:00,-17.5,955.9,41.3,310.0,44.0,0,Normal,
2015-08-17 05:00:00,-17.2,955.9,62.6,299.0,42.0,0,Normal,
2015-08-17 06:00:00,-16.6,955.7,60.5,298.0,37.0,0,Normal,
2015-08-17 07:00:00,-16.7,956.1,61.3,298.0,38.0,0,Normal,
2015-08-17 08:00:00,-16.6,956.1,61.3,300.0,36.0,0,Normal,
2015-08-17 09:00:00,-16.9,956.4,61.3,299.0,38.0,0,Normal,
2015-08-17 10:00:00,-16.7,956.4,62.9,297.0,38.0,0,Normal,
2015-08-17 11:00:00,-16.4,956.7,63.9,298.0,36.0,0,Normal,
2015-08-17 12:00:00,-16.2,956.9,59.6,298.0,37.0,0,Normal,
2015-08-17 13:00:00,-16.3,956.7,55.7,296.0,36.0,0,Normal,
2015-08-17 14:00:00,-17.1,956.9,63.2,299.0,37.0,0,Normal,
2015-08-17 15:00:00,-16.7,956.6,63.2,298.0,36.0,0,Normal,
2015-08-17 16:00:00,-15.6,956.1,61.9,298.0,32.0,0,Normal,
2015-08-17 17:00:00,-15.6,956.3,61.2,300.0,34.0,0,Normal,
2015-08-17 18:00:00,-15.4,956.9,61.0,298.0,34.0,0,Normal,
2015-08-17 19:00:00,-15.2,957.2,61.6,302.0,33.0,0,Normal,
2015-08-17 20:00:00,-15.0,957.2,63.2,298.0,31.0,0,Normal,
2015-08-17 21:00:00,-15.3,957.3,63.9,298.0,33.0,0,Normal,
2015-08-17 22:00:00,-14.9,957.6,63.2,299.0,31.0,0,Normal,
2015-08-17 23:00:00,-15.1,957.1,62.6,299.0,33.0,0,Normal,
2015-08-18 00:00:00,-14.6,956.5,61.9,298.0,31.0,0,Normal,
2015-08-18 01:00:00,-14.8,956.4,61.3,298.0,32.0,0,Normal,
2015-08-18 02:00:00,-14.7,956.1,59.7,299.0,32.0,0,Normal,
2015-08-18 03:00:00,-14.7,956.1,51.6,294.0,33.0,0,Normal,
2015-08-18 04:00:00,-14.6,955.9,62.9,300.0,33.0,0,Normal,
2015-08-18 05:00:00,-14.4,956.0,63.2,298.0,33.0,0,Normal,
2015-08-18 06:00:00,-14.5,955.8,63.9,298.0,35.0,0,Normal,
2015-08-18 07:00:00,-14.3,955.7,63.2,299.0,34.0,0,Normal,
2015-08-18 08:00:00,-14.2,955.9,62.6,300.0,34.0,0,Normal,
2015-08-18 09:00:00,-13.9,956.0,61.9,298.0,34.0,0,Normal,
2015-08-18 10:00:00,-14.2,955.8,61.9,298.0,35.0,0,Normal,
2015-08-18 11:00:00,-14.2,956.5,57.2,299.0,36.0,0,Normal,
2015-08-18 12:00:00,-14.2,956.4,52.9,301.0,36.0,0,Normal,
2015-08-18 13:00:00,-14.0,956.8,62.6,300.0,36.0,0,Normal,
2015-08-18 14:00:00,-14.0,956.5,61.9,298.0,35.0,0,Normal,
2015-08-18 15:00:00,-13.8,956.5,63.9,298.0,35.0,0,Normal,
2015-08-18 16:00:00,-13.8,956.6,63.2,299.0,36.0,0,Normal,
2015-08-18 17:00:00,-13.7,956.0,62.7,300.0,37.0,0,Normal,
2015-08-18 18:00:00,-13.8,956.6,62.6,298.0,36.0,0,Normal,
2015-08-18 19:00:00,-13.6,957.3,62.1,298.0,35.0,0,Normal,
2015-08-18 20:00:00,-14.2,957.8,59.1,298.0,36.0,0,Normal,
2015-08-18 21:00:00,-14.8,957.3,61.8,299.0,38.0,0,Normal,
2015-08-18 22:00:00,-14.2,956.8,62.0,300.0,36.0,0,Normal,
2015-08-18 23:00:00,-14.0,956.8,61.9,298.0,37.0,0,Normal,
2015-08-19 00:00:00,-13.7,955.9,63.9,298.0,36.0,0,Normal,
2015-08-19 01:00:00,-13.0,954.6,62.6,299.0,35.0,0,Normal,
2015-08-19 02:00:00,-12.6,953.4,67.6,300.0,35.0,0,Normal,
2015-08-19 03:00:00,-11.9,953.1,21.6,291.0,35.0,0,Normal,
2015-08-19 04:00:00,-11.6,953.0,62.6,298.0,34.0,0,Normal,
2015-08-19 05:00:00,-11.3,952.1,61.3,298.0,36.0,0,Normal,
2015-08-19 06:00:00,-10.6,951.4,55.6,301.0,35.0,0,Normal,
2015-08-19 07:00:00,-10.6,951.1,62.6,300.0,35.0,0,Normal,
2015-08-19 08:00:00,-10.7,951.4,61.9,298.0,32.0,0,Normal,
2015-08-19 09:00:00,-11.3,951.2,63.9,298.0,35.0,0,Normal,
2015-08-19 10:00:00,-11.1,950.2,62.0,298.0,36.0,0,Normal,
2015-08-19 11:00:00,-10.6,949.9,67.0,299.0,32.0,0,Normal,
2015-08-19 12:00:00,-10.6,948.7,51.1,305.0,31.0,0,Normal,
2015-08-19 13:00:00,-10.3,948.5,63.2,298.0,32.0,0,Normal,
2015-08-19 14:00:00,-10.1,947.9,62.6,298.0,34.0,0,Normal,
2015-08-19 15:00:00,-9.9,946.7,61.9,298.0,32.0,0,Normal,
2015-08-19 16:00:00,-9.6,946.3,62.1,301.0,33.0,0,Normal,
2015-08-19 17:00:00,-9.6,946.2,61.9,298.0,34.0,0,Normal,
2015-08-19 18:00:00,-9.5,945.6,63.1,298.0,35.0,0,Normal,
2015-08-19 19:00:00,-9.3,945.3,63.9,298.0,34.0,0,Normal,
2015-08-19 20:00:00,-8.8,944.2,63.9,298.0,33.0,0,Normal,
2015-08-19 21:00:00,-8.7,943.9,63.2,301.0,34.0,0,Normal,
2015-08-19 22:00:00,-8.9,944.2,63.2,298.0,37.0,0,Normal,
2015-08-19 23:00:00,-8.5,943.4,61.3,298.0,38.0,0,Normal,
2015-08-20 00:00:00,-8.5,943.9,61.9,298.0,38.0,0,Normal,
2015-08-20 01:00:00,-8.4,944.6,60.8,299.0,38.0,0,Normal,
2015-08-20 02:00:00,-8.6,946.1,24.4,308.0,42.0,0,Normal,
2015-08-20 03:00:00,-8.5,944.8,61.9,298.0,44.0,0,Normal,
2015-08-20 04:00:00,-8.4,944.1,63.0,299.0,42.0,0,Normal,
2015-08-20 05:00:00,-8.5,944.6,63.9,298.0,38.0,0,Normal,
2015-08-20 06:00:00,-8.5,945.2,63.1,300.0,40.0,0,Normal,
2015-08-20 07:00:00,-8.3,944.8,63.3,298.0,37.0,0,Normal,
2015-08-20 08:00:00,-8.4,945.7,61.9,298.0,36.0,0,Normal,
2015-08-20 09:00:00,-8.4,945.7,61.3,298.0,37.0,0,Normal,
2015-08-20 10:00:00,-8.5,945.9,60.9,298.0,40.0,0,Normal,
2015-08-20 11:00:00,-8.4,945.7,49.1,301.0,41.0,0,Normal,
2015-08-20 12:00:00,-8.2,946.6,61.9,298.0,43.0,0,Normal,
2015-08-20 13:00:00,-8.4,946.2,63.9,298.0,47.0,0,Normal,
2015-08-20 14:00:00,-8.3,946.0,63.9,298.0,46.0,0,Normal,
2015-08-20 15:00:00,-8.3,946.6,63.7,298.0,43.0,0,Normal,
2015-08-20 16:00:00,-8.9,947.5,33.3,307.0,48.0,0,Normal,
2015-08-20 17:00:00,-9.0,948.1,61.7,298.0,48.0,0,Normal,
2015-08-20 18:00:00,-9.5,949.4,61.9,298.0,49.0,0,Normal,
2015-08-20 19:00:00,-9.9,950.3,61.9,298.0,52.0,0,Normal,
2015-08-20 20:00:00,-10.5,951.3,61.9,301.0,56.0,0,Normal,
2015-08-20 21:00:00,-11.0,953.2,61.9,298.0,62.0,0,Normal,
2015-08-20 22:00:00,-11.4,953.6,63.2,298.0,63.0,0,Normal,
2015-08-20 23:00:00,-11.9,954.2,62.6,298.0,75.0,0,Normal,
2015-08-21 00:00:00,-11.8,955.0,65.1,298.0,66.0,0,Normal,
2015-08-21 01:00:00,-11.8,955.6,46.8,301.0,63.0,0,Normal,
2015-08-21 02:00:00,-11.8,956.2,63.2,298.0,63.0,0,Normal,
2015-08-21 03:00:00,-11.7,956.1,61.3,298.0,62.0,0,Normal,
2015-08-21 04:00:00,-11.7,956.3,61.3,298.0,64.0,0,Normal,
2015-08-21 05:00:00,-11.4,956.4,63.5,300.0,59.0,0,Normal,
2015-08-21 06:00:00,-10.9,956.2,59.4,296.0,49.0,0,Normal,
2015-08-21 07:00:00,-11.0,956.2,62.7,298.0,43.0,0,Normal,
2015-08-21 08:00:00,-10.9,956.5,62.1,299.0,36.0,0,Normal,
2015-08-21 09:00:00,-10.6,956.2,63.9,298.0,33.0,0,Normal,
2015-08-21 10:00:00,-10.9,956.3,62.6,301.0,33.0,0,Normal,
2015-08-21 11:00:00,-11.0,956.1,63.2,298.0,34.0,0,Normal,
2015-08-21 12:00:00,-11.0,956.3,61.9,298.0,35.0,0,Normal,
2015-08-21 13:00:00,-10.8,956.2,61.3,298.0,32.0,0,Normal,
2015-08-21 14:00:00,-10.8,956.5,61.3,298.0,33.0,0,Normal,
2015-08-21 15:00:00,-10.9,956.3,62.6,301.0,31.0,0,Normal,
2015-08-21 16:00:00,-11.0,956.2,61.9,298.0,33.0,0,Normal,
2015-08-21 17:00:00,-11.1,956.3,62.6,298.0,35.0,0,Normal,
2015-08-21 18:00:00,-11.0,956.2,63.9,298.0,34.0,0,Normal,
2015-08-21 19:00:00,-10.8,956.1,63.9,298.0,36.0,0,Normal,
2015-08-21 20:00:00,-11.3,956.1,22.8,296.0,36.0,0,Normal,
2015-08-21 21:00:00,-11.6,956.1,62.4,298.0,31.0,0,Normal,
2015-08-21 22:00:00,-12.4,956.1,61.4,298.0,35.0,0,Normal,
2015-08-21 23:00:00,-12.5,955.7,61.3,298.0,32.0,0,Normal,
2015-08-22 00:00:00,-13.2,955.8,61.9,301.0,32.0,0,Normal,
2015-08-22 01:00:00,-13.2,955.9,61.9,298.0,30.0,0,Normal,
2015-08-22 02:00:00,-13.4,955.6,63.9,298.0,30.0,0,Normal,
2015-08-22 03:00:00,-13.6,955.6,63.2,298.0,30.0,0,Normal,
2015-08-22 04:00:00,-14.1,955.8,62.7,298.0,29.0,0,Normal,
2015-08-22 05:00:00,-14.3,956.0,51.0,290.0,29.0,0,Normal,
2015-08-22 06:00:00,-14.8,956.2,62.6,298.0,33.0,0,Normal,
2015-08-22 07:00:00,-14.8,955.9,61.3,298.0,29.0,0,Normal,
2015-08-22 08:00:00,-15.3,955.9,62.6,298.0,33.0,0,Normal,
2015-08-22 09:00:00,-14.9,956.5,62.0,301.0,29.0,0,Normal,
2015-08-22 10:00:00,-15.0,956.4,62.6,298.0,32.0,0,Normal,
2015-08-22 11:00:00,-15.0,956.3,63.9,298.0,28.0,0,Normal,
2015-08-22 12:00:00,-14.5,956.0,63.2,298.0,29.0,0,Normal,
2015-08-22 13:00:00,-14.8,956.0,63.9,298.0,31.0,0,Normal,
2015-08-22 14:00:00,-15.0,955.8,63.2,301.0,32.0,0,Normal,
2015-08-22 15:00:00,-15.3,955.8,63.2,298.0,34.0,0,Normal,
2015-08-22 16:00:00,-15.9,955.5,61.9,298.0,26.0,0,Normal,
2015-08-22 17:00:00,-16.1,955.1,61.3,298.0,30.0,0,Normal,
2015-08-22 18:00:00,-16.8,955.3,63.3,299.0,31.0,0,Normal,
2015-08-22 19:00:00,-16.6,955.0,51.3,306.0,34.0,0,Normal,
2015-08-22 20:00:00,-16.0,954.5,62.6,298.0,27.0,0,Normal,
2015-08-22 21:00:00,-17.1,955.0,63.2,298.0,34.0,0,Normal,
2015-08-22 22:00:00,-17.5,955.3,63.2,298.0,34.0,0,Normal,
2015-08-22 23:00:00,-18.1,955.6,62.6,301.0,38.0,0,Normal,
2015-08-23 00:00:00,-18.3,956.1,62.6,298.0,37.0,0,Normal,
2015-08-23 01:00:00,-18.5,956.3,61.3,298.0,33.0,0,Normal,
2015-08-23 02:00:00,-18.6,956.3,61.3,298.0,32.0,0,Normal,
2015-08-23 03:00:00,-18.7,956.6,61.9,298.0,33.0,0,Normal,
2015-08-23 04:00:00,-20.7,956.5,26.7,296.0,37.0,0,Normal,
2015-08-23 05:00:00,-21.4,956.6,63.9,298.0,40.0,0,Normal,
2015-08-23 06:00:00,-20.2,956.7,62.6,298.0,36.0,0,Normal,
2015-08-23 07:00:00,-19.7,956.6,62.8,298.0,34.0,0,Normal,
2015-08-23 08:00:00,-21.9,956.4,61.9,298.0,41.0,0,Normal,
2015-08-23 09:00:00,-20.8,956.9,62.6,301.0,37.0,0,Normal,
2015-08-23 10:00:00,-19.7,957.0,62.6,298.0,39.0,0,Normal,
2015-08-23 11:00:00,-18.8,956.8,63.9,298.0,37.0,0,Normal,
2015-08-23 12:00:00,-19.1,956.9,63.9,298.0,42.0,0,Normal,
2015-08-23 13:00:00,-20.5,957.1,54.4,299.0,40.0,0,Normal,
2015-08-23 14:00:00,-20.1,957.4,41.8,315.0,38.0,0,Normal,
2015-08-23 15:00:00,-20.5,957.2,61.3,298.0,43.0,0,Normal,
2015-08-23 16:00:00,-20.4,956.8,70.2,299.0,40.0,0,Normal,
2015-08-23 17:00:00,-21.6,957.1,62.6,298.0,42.0,0,Normal,
2015-08-23 18:00:00,-24.2,958.3,63.2,298.0,51.0,0,Normal,
2015-08-23 19:00:00,-24.9,959.2,63.2,300.0,50.0,0,Normal,
2015-08-23 20:00:00,-24.0,960.0,61.8,298.0,49.0,0,Normal,
2015-08-23 21:00:00,-22.1,960.3,61.9,298.0,40.0,0,Normal,
2015-08-23 22:00:00,-22.8,960.7,61.7,297.0,43.0,0,Normal,
2015-08-23 23:00:00,-23.6,961.0,63.2,298.0,45.0,0,Normal,
2015-08-24 00:00:00,-23.0,960.9,55.2,299.0,41.0,0,Normal,
2015-08-24 01:00:00,-23.0,960.9,62.6,298.0,41.0,0,Normal,
2015-08-24 02:00:00,-24.1,960.1,63.2,298.0,41.0,0,Normal,
2015-08-24 03:00:00,-22.9,959.9,62.6,301.0,35.0,0,Normal,
2015-08-24 04:00:00,-20.6,959.7,63.2,298.0,30.0,0,Normal,
2015-08-24 05:00:00,-21.4,960.1,61.9,298.0,32.0,0,Normal,
2015-08-24 06:00:00,-21.7,960.1,54.9,291.0,35.0,0,Normal,
2015-08-24 07:00:00,-21.6,959.5,61.9,298.0,35.0,0,Normal,
2015-08-24 08:00:00,-21.7,958.8,60.8,298.0,34.0,0,Normal,
2015-08-24 09:00:00,-22.6,958.0,61.9,298.0,38.0,0,Normal,
2015-08-24 10:00:00,-22.0,957.9,62.6,298.0,37.0,0,Normal,
2015-08-24 11:00:00,-22.0,957.2,63.2,301.0,38.0,0,Normal,
2015-08-24 12:00:00,-19.2,956.7,63.2,298.0,35.0,0,Normal,
2015-08-24 13:00:00,-20.7,956.4,61.9,298.0,37.0,0,Normal,
2015-08-24 14:00:00,-21.2,956.4,61.9,298.0,38.0,0,Normal,
2015-08-24 15:00:00,-20.0,956.1,62.6,301.0,34.0,0,Normal,
2015-08-24 16:00:00,-20.1,956.1,63.2,298.0,35.0,0,Normal,
2015-08-24 17:00:00,-23.1,956.1,63.2,298.0,42.0,0,Normal,
2015-08-24 18:00:00,-21.2,956.2,62.7,298.0,35.0,0,Normal,
2015-08-24 19:00:00,-22.3,956.1,61.2,298.0,36.0,0,Normal,
2015-08-24 20:00:00,-23.3,956.5,63.2,300.0,38.0,0,Normal,
2015-08-24 21:00:00,-20.4,956.5,62.6,298.0,33.0,0,Normal,
2015-08-24 22:00:00,-22.5,957.2,63.2,298.0,37.0,0,Normal,
2015-08-24 23:00:00,-23.6,957.8,59.3,301.0,40.0,0,Normal,
2015-08-25 00:00:00,-22.9,958.3,63.2,298.0,38.0,0,Normal,
2015-08-25 01:00:00,-21.9,959.3,61.3,298.0,38.0,0,Normal,
2015-08-25 02:00:00,-23.0,959.6,61.9,298.0,42.0,0,Normal,
2015-08-25 03:00:00,-21.9,960.5,62.6,298.0,37.0,0,Normal,
2015-08-25 04:00:00,-22.2,961.1,63.3,300.0,36.0,0,Normal,
2015-08-25 05:00:00,-22.8,962.8,63.2,298.0,38.0,0,Normal,
2015-08-25 06:00:00,-20.5,963.2,61.9,298.0,36.0,0,Normal,
2015-08-25 07:00:00,-19.0,963.5,56.2,305.0,30.0,0,Normal,
2015-08-25 08:00:00,-18.2,964.1,62.6,298.0,28.0,0,Normal,
2015-08-25 09:00:00,-20.0,965.2,63.9,298.0,33.0,0,Normal,
2015-08-25 10:00:00,-20.3,966.2,63.2,298.0,34.0,0,Normal,
2015-08-25 11:00:00,-18.7,966.9,64.8,300.0,35.0,0,Normal,
2015-08-25 12:00:00,-17.5,967.5,62.6,298.0,33.0,0,Normal,
2015-08-25 13:00:00,-17.3,967.6,61.3,298.0,32.0,0,Normal,
2015-08-25 14:00:00,-18.7,968.4,61.3,298.0,35.0,0,Normal,
2015-08-25 15:00:00,-19.6,968.6,62.0,298.0,36.0,0,Normal,
2015-08-25 16:00:00,-23.9,969.1,62.6,298.0,46.0,0,Normal,
2015-08-25 17:00:00,-23.2,969.3,62.6,298.0,43.0,0,Normal,
2015-08-25 18:00:00,-23.7,969.6,63.2,300.0,47.0,0,Normal,
2015-08-25 19:00:00,-24.2,969.8,62.4,298.0,46.0,0,Normal,
2015-08-25 20:00:00,-25.4,970.5,62.6,298.0,50.0,0,Normal,
2015-08-25 21:00:00,-25.6,970.4,30.9,313.0,50.0,0,Normal,
2015-08-25 22:00:00,-27.5,970.6,63.9,298.0,54.0,0,Normal,
2015-08-25 23:00:00,-26.8,970.7,63.3,298.0,54.0,0,Normal,
2015-08-26 00:00:00,-27.0,970.8,62.6,298.0,52.0,0,Normal,
2015-08-26 01:00:00,-29.6,971.2,62.6,298.0,58.0,0,Normal,
2015-08-26 02:00:00,-29.0,971.3,61.9,301.0,56.0,0,Normal,
2015-08-26 03:00:00,-28.3,971.3,63.2,298.0,55.0,0,Normal,
2015-08-26 04:00:00,-29.3,971.5,63.9,298.0,54.0,0,Normal,
2015-08-26 05:00:00,-30.1,971.5,63.2,298.0,58.0,0,Normal,
2015-08-26 06:00:00,-30.3,971.0,61.9,298.0,59.0,0,Normal,
2015-08-26 07:00:00,-32.4,971.3,62.6,298.0,63.0,0,Normal,
2015-08-26 08:00:00,-31.5,971.1,63.9,298.0,62.0,0,Normal,
2015-08-26 09:00:00,-29.1,970.6,62.6,298.0,60.0,0,Normal,
2015-08-26 10:00:00,-27.9,971.5,61.2,298.0,55.0,0,Normal,
2015-08-26 11:00:00,-29.9,971.8,62.5,301.0,56.0,0,Normal,
2015-08-26 12:00:00,-29.3,971.9,61.9,298.0,58.0,0,Normal,
2015-08-26 13:00:00,-29.1,971.3,63.2,298.0,53.0,0,Normal,
2015-08-26 14:00:00,-27.6,971.0,59.7,303.0,52.0,0,Normal,
2015-08-26 15:00:00,-29.3,971.1,61.2,298.0,50.0,0,Normal,
2015-08-26 16:00:00,-31.5,970.4,61.9,301.0,58.0,0,Normal,
2015-08-26 17:00:00,-30.8,970.6,63.9,298.0,63.0,0,Normal,
2015-08-26 18:00:00,-29.8,970.1,77.2,299.0,60.0,0,Normal,
2015-08-26 19:00:00,-29.1,969.7,62.6,298.0,59.0,0,Normal,
2015-08-26 20:00:00,-29.9,969.7,61.2,298.0,56.0,0,Normal,
2015-08-26 21:00:00,-31.6,969.4,62.6,298.0,57.0,0,Normal,
2015-08-26 22:00:00,-32.1,969.4,63.9,298.0,60.0,0,Normal,
2015-08-26 23:00:00,-32.7,969.3,62.6,298.0,59.0,0,Normal,
2015-08-27 00:00:00,-31.3,968.9,61.9,298.0,64.0,0,Normal,
2015-08-27 01:00:00,-30.0,968.2,61.9,298.0,63.0,0,Normal,
2015-08-27 02:00:00,-29.6,967.8,63.6,298.0,62.0,0,Normal,
2015-08-27 03:00:00,-29.5,967.1,63.2,300.0,60.0,0,Normal,
2015-08-27 04:00:00,-28.7,966.6,63.2,298.0,64.0,0,Normal,
2015-08-27 05:00:00,-28.6,966.5,62.6,298.0,65.0,0,Normal,
2015-08-27 06:00:00,-27.2,966.1,61.9,301.0,67.0,0,Normal,
2015-08-27 07:00:00,-26.1,965.8,63.9,298.0,64.0,0,Normal,
2015-08-27 08:00:00,-25.2,965.4,63.9,298.0,62.0,0,Normal,
2015-08-27 09:00:00,-24.1,965.4,63.7,298.0,58.0,0,Normal,
2015-08-27 10:00:00,-23.7,965.1,61.3,298.0,56.0,0,Normal,
2015-08-27 11:00:00,-23.3,964.9,61.3,300.0,65.0,0,Normal,
2015-08-27 12:00:00,-23.2,964.4,62.4,298.0,57.0,0,Normal,
2015-08-27 13:00:00,-24.1,964.1,63.9,298.0,56.0,0,Normal,
2015-08-27 14:00:00,-23.6,964.5,51.9,316.0,53.0,0,Normal,
2015-08-27 15:00:00,-23.6,964.3,54.8,306.0,53.0,0,Normal,
2015-08-27 16:00:00,-23.7,964.4,63.2,298.0,54.0,0,Normal,
2015-08-27 17:00:00,-24.4,964.3,62.5,298.0,54.0,0,Normal,
2015-08-27 18:00:00,-24.2,964.2,63.2,298.0,55.0,0,Normal,
2015-08-27 19:00:00,-23.8,964.4,62.6,300.0,51.0,0,Normal,
2015-08-27 20:00:00,-24.0,964.7,62.6,300.0,52.0,0,Normal,
2015-08-27 21:00:00,-23.4,964.1,61.9,298.0,53.0,0,Normal,
2015-08-27 22:00:00,-23.6,963.8,42.5,299.0,50.0,0,Normal,
2015-08-27 23:00:00,-23.6,964.1,63.2,298.0,51.0,0,Normal,
2015-08-28 00:00:00,-23.6,964.1,62.3,298.0,46.0,0,Normal,
2015-08-28 01:00:00,-23.7,964.1,62.5,299.0,41.0,0,Normal,
2015-08-28 02:00:00,-23.7,963.9,61.9,298.0,40.0,0,Normal,
2015-08-28 03:00:00,-23.8,963.9,61.9,300.0,40.0,0,Normal,
2015-08-28 04:00:00,-23.9,964.0,57.6,295.0,40.0,0,Normal,
2015-08-28 05:00:00,-24.0,963.8,63.2,298.0,38.0,0,Normal,
2015-08-28 06:00:00,-24.2,963.8,63.1,297.0,41.0,0,Normal,
2015-08-28 07:00:00,-24.1,963.1,62.6,298.0,39.0,0,Normal,
2015-08-28 08:00:00,-23.7,962.5,63.4,299.0,37.0,0,Normal,
2015-08-28 09:00:00,-23.1,962.0,61.9,299.0,36.0,0,Normal,
2015-08-28 10:00:00,-22.4,961.5,63.3,298.0,36.0,0,Normal,
2015-08-28 11:00:00,-22.0,960.7,63.2,300.0,35.0,0,Normal,
2015-08-28 12:00:00,-21.8,960.6,61.2,300.0,36.0,0,Normal,
2015-08-28 13:00:00,-22.0,959.8,61.3,298.0,37.0,0,Normal,
2015-08-28 14:00:00,-22.2,959.0,61.4,298.0,37.0,0,Normal,
2015-08-28 15:00:00,-22.4,958.1,63.2,299.0,39.0,0,Normal,
2015-08-28 16:00:00,-22.8,957.5,66.4,299.0,41.0,0,Normal,
2015-08-28 17:00:00,-23.0,956.9,63.2,299.0,42.0,0,Normal,
2015-08-28 18:00:00,-22.7,955.9,62.0,298.0,39.0,0,Normal,
2015-08-28 19:00:00,-23.1,955.2,50.2,303.0,42.0,0,Normal,
2015-08-28 20:00:00,-22.8,954.9,34.8,308.0,41.0,0,Normal,
2015-08-28 21:00:00,-23.3,954.3,63.9,298.0,44.0,0,Normal,
2015-08-28 22:00:00,-23.2,953.5,61.6,298.0,46.0,0,Normal,
2015-08-28 23:00:00,-24.3,953.1,62.1,299.0,45.0,0,Normal,
2015-08-29 00:00:00,-25.7,952.5,61.2,299.0,49.0,0,Normal,
2015-08-29 01:00:00,-26.5,952.1,62.6,300.0,54.0,0,Normal,
2015-08-29 02:00:00,-26.6,951.5,63.2,298.0,53.0,0,Normal,
2015-08-29 03:00:00,-26.8,950.7,61.9,300.0,54.0,0,Normal,
2015-08-29 04:00:00,-26.8,950.3,61.9,298.0,55.0,0,Normal,
2015-08-29 05:00:00,-28.2,949.9,61.2,298.0,56.0,0,Normal,
2015-08-29 06:00:00,-28.5,949.6,61.1,300.0,59.0,0,Normal,
2015-08-29 07:00:00,-28.2,949.0,62.6,298.0,65.0,0,Normal,
2015-08-29 08:00:00,-27.7,949.2,62.6,299.0,65.0,0,Normal,
2015-08-29 09:00:00,-27.0,949.1,52.3,298.0,64.0,0,Normal,
2015-08-29 10:00:00,-26.3,949.6,61.3,298.0,63.0,0,Normal,
2015-08-29 11:00:00,-25.9,950.1,61.8,298.0,65.0,0,Normal,
2015-08-29 12:00:00,-24.8,950.7,61.9,298.0,65.0,0,Normal,
2015-08-29 13:00:00,-22.2,950.9,62.0,298.0,64.0,0,Normal,
2015-08-29 14:00:00,-17.1,951.5,62.5,298.0,57.0,0,Normal,
2015-08-29 15:00:00,-17.4,952.1,63.2,300.0,57.0,0,Normal,
2015-08-29 16:00:00,-17.9,952.0,63.2,298.0,66.0,0,Normal,
2015-08-29 17:00:00,-18.1,952.6,61.9,298.0,61.0,0,Normal,
2015-08-29 18:00:00,-18.7,952.6,61.2,299.0,63.0,0,Normal,
2015-08-29 19:00:00,-18.7,953.1,61.3,298.0,56.0,0,Normal,
2015-08-29 20:00:00,-19.8,954.3,62.6,298.0,64.0,0,Normal,
2015-08-29 21:00:00,-20.7,955.7,63.5,298.0,68.0,0,Normal,
2015-08-29 22:00:00,-21.2,957.1,62.6,300.0,68.0,0,Normal,
2015-08-29 23:00:00,-21.5,958.0,62.6,298.0,65.0,0,Normal,
2015-08-30 00:00:00,-22.0,958.9,61.9,298.0,66.0,0,Normal,
2015-08-30 01:00:00,-22.3,960.4,51.0,294.0,58.0,0,Normal,
2015-08-30 02:00:00,-22.4,960.8,62.6,298.0,55.0,0,Normal,
2015-08-30 03:00:00,-22.2,960.7,62.3,297.0,51.0,0,Normal,
2015-08-30 04:00:00,-22.3,960.2,62.6,298.0,52.0,0,Normal,
2015-08-30 05:00:00,-22.8,960.2,61.2,298.0,54.0,0,Normal,
2015-08-30 06:00:00,-22.9,959.7,62.5,300.0,54.0,0,Normal,
2015-08-30 07:00:00,-23.2,959.3,61.9,298.0,55.0,0,Normal,
2015-08-30 08:00:00,-23.6,959.0,61.9,298.0,56.0,0,Normal,
2015-08-30 09:00:00,-23.5,959.0,46.4,300.0,50.0,0,Normal,
2015-08-30 10:00:00,-23.9,958.4,61.3,298.0,51.0,0,Normal,
2015-08-30 11:00:00,-23.4,957.8,61.3,298.0,48.0,0,Normal,
2015-08-30 12:00:00,-22.2,957.3,48.9,295.0,49.0,0,Normal,
2015-08-30 13:00:00,-22.9,956.9,63.2,298.0,47.0,0,Normal,
2015-08-30 14:00:00,-23.6,956.5,63.2,298.0,50.0,0,Normal,
2015-08-30 15:00:00,-23.9,955.9,62.5,298.0,53.0,0,Normal,
2015-08-30 16:00:00,-24.6,955.1,61.3,298.0,56.0,0,Normal,
2015-08-30 17:00:00,-25.6,954.6,61.1,299.0,55.0,0,Normal,
2015-08-30 18:00:00,-25.9,954.4,61.9,298.0,57.0,0,Normal,
2015-08-30 19:00:00,-26.9,954.0,63.9,298.0,61.0,0,Normal,
2015-08-30 20:00:00,-26.3,953.6,62.2,301.0,54.0,0,Normal,
2015-08-30 21:00:00,-25.3,953.2,61.3,298.0,39.0,0,Normal,
2015-08-30 22:00:00,-25.2,953.0,61.3,298.0,35.0,0,Normal,
2015-08-30 23:00:00,-25.4,952.9,62.6,298.0,35.0,0,Normal,
2015-09-06 00:00:00,-20.5,966.9,7.6,93.0,72.0,0,Normal,
2015-09-06 01:00:00,-20.3,966.5,7.6,123.0,74.0,0,Normal,
2015-09-06 02:00:00,-20.0,965.8,9.1,123.0,75.0,0,Normal,
2015-09-06 03:00:00,-19.3,965.3,10.9,82.0,70.0,0,Normal,
2015-09-06 04:00:00,-18.9,964.6,10.0,85.0,70.0,0,Normal,
2015-09-06 05:00:00,-18.4,964.3,15.9,93.0,67.0,0,Normal,
2015-09-06 06:00:00,-18.4,964.0,17.1,96.0,65.0,0,Normal,
2015-09-06 07:00:00,-18.5,963.9,13.6,103.0,66.0,0,Normal,
2015-09-06 08:00:00,-18.4,963.8,17.3,97.0,67.0,0,Normal,
2015-09-06 09:00:00,-18.2,963.6,16.7,97.0,67.0,0,Normal,
2015-09-06 10:00:00,-17.9,963.2,20.0,97.0,71.0,0,Normal,
2015-09-06 11:00:00,-17.6,963.0,17.5,93.0,72.0,0,Normal,
2015-09-06 12:00:00,-16.3,962.9,25.4,96.0,62.0,0,Normal,
2015-09-06 13:00:00,-15.8,962.8,21.7,100.0,53.0,0,Normal,
2015-09-06 14:00:00,-15.6,962.6,23.7,108.0,44.0,0,Normal,
2015-09-06 15:00:00,-15.4,962.9,25.0,111.0,42.0,0,Normal,
2015-09-06 16:00:00,-15.6,963.4,18.1,108.0,39.0,0,Normal,
2015-09-06 17:00:00,-15.7,963.9,19.0,100.0,40.0,0,Normal,
2015-09-06 18:00:00,-15.8,964.3,19.9,104.0,36.0,0,Normal,
2015-09-06 19:00:00,-16.0,964.8,21.7,107.0,35.0,0,Normal,
2015-09-06 20:00:00,-16.7,966.1,24.3,105.0,38.0,0,Normal,
2015-09-06 21:00:00,-16.6,966.3,16.2,92.0,35.0,0,Normal,
2015-09-06 22:00:00,-16.6,967.3,25.6,104.0,32.0,0,Normal,
2015-09-06 23:00:00,-16.9,968.3,17.5,107.0,34.0,0,Normal,
2015-09-07 00:00:00,-21.6,951.1,12.2,50.0,44.0,0,Normal,
2015-09-07 01:00:00,-21.6,951.8,17.2,67.0,40.0,0,Normal,
2015-09-07 02:00:00,-21.2,952.6,15.5,79.0,40.0,0,Normal,
2015-09-07 03:00:00,-21.1,953.0,21.5,84.0,36.0,0,Normal,
2015-09-07 04:00:00,-21.0,953.8,22.1,85.0,35.0,0,Normal,
2015-09-07 05:00:00,-21.7,954.4,26.4,102.0,36.0,0,Normal,
2015-09-07 06:00:00,-22.2,955.3,28.9,110.0,35.0,0,Normal,
2015-09-07 07:00:00,-21.7,956.4,27.2,112.0,33.0,0,Normal,
2015-09-07 08:00:00,-22.0,957.1,20.2,126.0,34.0,0,Normal,
2015-09-07 09:00:00,-22.1,958.4,21.3,127.0,34.0,0,Normal,
2015-09-07 10:00:00,-22.5,959.3,25.4,128.0,32.0,0,Normal,
2015-09-07 11:00:00,-22.4,960.2,21.1,127.0,31.0,0,Normal,
2015-09-07 12:00:00,-23.7,960.9,24.6,132.0,33.0,0,Normal,
2015-09-07 13:00:00,-24.7,961.1,25.6,135.0,35.0,0,Normal,
2015-09-07 14:00:00,-24.8,961.6,27.2,135.0,33.0,0,Normal,
2015-09-07 15:00:00,-25.3,962.1,28.5,136.0,33.0,0,Normal,
2015-09-07 16:00:00,-24.2,962.2,27.3,136.0,31.0,0,Normal,
2015-09-07 17:00:00,-26.1,962.6,28.1,140.0,35.0,0,Normal,
2015-09-07 18:00:00,-26.3,964.2,3.6,18.0,35.0,0,Normal,
2015-09-07 19:00:00,-24.4,965.2,12.2,158.0,29.0,0,Normal,
2015-09-07 20:00:00,-23.8,965.9,8.9,120.0,27.0,0,Normal,
2015-09-07 21:00:00,-24.3,966.3,16.0,131.0,31.0,0,Normal,
2015-09-07 22:00:00,-24.1,966.5,18.3,124.0,32.0,0,Normal,
2015-09-07 23:00:00,-23.2,967.2,17.6,120.0,31.0,0,Normal,
2015-09-08 00:00:00,-24.5,969.1,63.9,298.0,49.0,0,Normal,
2015-09-08 01:00:00,-23.9,969.4,62.5,298.0,45.0,0,Normal,
2015-09-08 02:00:00,-24.9,969.7,61.3,298.0,48.0,0,Normal,
2015-09-08 03:00:00,-25.3,970.1,60.7,298.0,53.0,0,Normal,
2015-09-08 04:00:00,-21.1,969.2,62.6,298.0,38.0,0,Normal,
2015-09-08 05:00:00,-21.7,968.7,63.9,298.0,39.0,0,Normal,
2015-09-08 06:00:00,-21.4,968.4,62.6,301.0,36.0,0,Normal,
2015-09-08 07:00:00,-19.2,968.7,62.2,298.0,36.0,0,Normal,
2015-09-08 08:00:00,-19.1,968.6,62.6,298.0,36.0,0,Normal,
2015-09-08 09:00:00,-19.3,967.6,61.9,301.0,34.0,0,Normal,
2015-09-08 10:00:00,-18.9,967.2,62.6,298.0,33.0,0,Normal,
2015-09-08 11:00:00,-18.5,965.5,62.6,298.0,31.0,0,Normal,
2015-09-08 12:00:00,-18.4,965.5,63.2,298.0,33.0,0,Normal,
2015-09-08 13:00:00,-17.8,964.5,62.3,300.0,34.0,0,Normal,
2015-09-08 14:00:00,-17.3,963.4,51.0,287.0,34.0,0,Normal,
2015-09-08 15:00:00,-17.4,962.2,62.7,298.0,36.0,0,Normal,
2015-09-08 16:00:00,-16.5,961.4,61.3,298.0,31.0,0,Normal,
2015-09-08 17:00:00,-16.7,960.9,61.3,298.0,34.0,0,Normal,
2015-09-08 18:00:00,-16.7,960.2,61.9,301.0,36.0,0,Normal,
2015-09-08 19:00:00,-16.6,959.6,62.6,298.0,35.0,0,Normal,
2015-09-08 20:00:00,-16.9,958.8,63.2,298.0,38.0,0,Normal,
2015-09-08 21:00:00,-17.4,958.4,63.2,298.0,41.0,0,Normal,
2015-09-08 22:00:00,-16.9,956.6,62.9,300.0,39.0,0,Normal,
2015-09-08 23:00:00,-16.6,956.4,60.3,295.0,38.0,0,Normal,
2015-09-09 00:00:00,-15.1,965.4,47.3,301.0,61.0,0,Normal,
2015-09-09 01:00:00,-15.3,965.1,63.2,300.0,56.0,0,Normal,
2015-09-09 02:00:00,-15.4,965.1,62.6,298.0,52.0,0,Normal,
2015-09-09 03:00:00,-15.8,964.5,61.3,298.0,54.0,0,Normal,
2015-09-09 04:00:00,-15.9,964.2,61.3,299.0,53.0,0,Normal,
2015-09-09 05:00:00,-16.1,963.7,54.6,299.0,53.0,0,Normal,
2015-09-09 06:00:00,-17.2,963.7,50.8,311.0,55.0,0,Normal,
2015-09-09 07:00:00,-17.6,963.2,61.9,298.0,50.0,0,Normal,
2015-09-09 08:00:00,-18.2,963.1,63.9,298.0,51.0,0,Normal,
2015-09-09 09:00:00,-17.0,963.1,62.6,299.0,50.0,0,Normal,
2015-09-09 10:00:00,-15.9,963.0,63.0,298.0,53.0,0,Normal,
2015-09-09 11:00:00,-16.4,962.4,62.6,298.0,50.0,0,Normal,
2015-09-09 12:00:00,-16.2,962.0,61.7,298.0,51.0,0,Normal,
2015-09-09 13:00:00,-15.4,961.7,65.5,298.0,55.0,0,Normal,
2015-09-09 14:00:00,-14.0,961.3,59.7,295.0,51.0,0,Normal,
2015-09-09 15:00:00,-16.6,961.3,61.9,300.0,55.0,0,Normal,
2015-09-09 16:00:00,-18.7,961.1,61.9,298.0,58.0,0,Normal,
2015-09-09 17:00:00,-19.4,960.8,63.2,298.0,57.0,0,Normal,
2015-09-09 18:00:00,-20.4,960.1,63.2,299.0,57.0,0,Normal,
2015-09-09 19:00:00,-20.2,959.6,62.6,298.0,50.0,0,Normal,
2015-09-09 20:00:00,-22.0,959.6,61.3,299.0,58.0,0,Normal,
2015-09-09 21:00:00,-22.9,959.2,62.6,300.0,63.0,0,Normal,
2015-09-09 22:00:00,-23.2,959.1,63.5,298.0,59.0,0,Normal,
2015-09-09 23:00:00,-23.8,958.5,61.9,298.0,64.0,0,Normal,
2015-09-10 00:00:00,-6.0,974.2,63.9,298.0,34.0,0,Normal,
2015-09-10 01:00:00,-6.5,974.9,63.9,298.0,32.0,0,Normal,
2015-09-10 02:00:00,-6.8,974.3,63.2,301.0,38.0,0,Normal,
2015-09-10 03:00:00,-7.1,974.2,62.3,297.0,39.0,0,Normal,
2015-09-10 04:00:00,-7.1,974.5,62.2,298.0,40.0,0,Normal,
2015-09-10 05:00:00,-6.8,974.6,61.3,298.0,38.0,0,Normal,
2015-09-10 06:00:00,-6.8,974.8,61.3,298.0,39.0,0,Normal,
2015-09-10 07:00:00,-6.5,974.4,61.9,301.0,37.0,0,Normal,
2015-09-10 08:00:00,-6.4,974.3,62.6,298.0,39.0,0,Normal,
2015-09-10 09:00:00,-6.2,974.2,62.9,298.0,38.0,0,Normal,
2015-09-10 10:00:00,-6.0,973.9,63.9,298.0,39.0,0,Normal,
2015-09-10 11:00:00,-5.3,973.6,63.3,298.0,39.0,0,Normal,
2015-09-10 12:00:00,-5.3,973.2,62.8,299.0,37.0,0,Normal,
2015-09-10 13:00:00,-4.2,972.7,63.3,298.0,31.0,0,Normal,
2015-09-10 14:00:00,-4.5,972.7,63.9,298.0,38.0,0,Normal,
2015-09-10 15:00:00,-4.9,972.8,63.9,298.0,35.0,0,Normal,
2015-09-10 16:00:00,-6.2,972.8,62.3,299.0,43.0,0,Normal,
2015-09-10 17:00:00,-6.9,972.4,47.0,297.0,48.0,0,Normal,
2015-09-10 18:00:00,-7.0,972.7,62.6,298.0,37.0,0,Normal,
2015-09-10 19:00:00,-7.4,972.8,61.9,298.0,38.0,0,Normal,
2015-09-10 20:00:00,-7.8,973.0,61.9,298.0,40.0,0,Normal,
2015-09-10 21:00:00,-8.3,973.3,68.1,299.0,40.0,0,Normal,
2015-09-10 22:00:00,-8.9,973.8,38.0,310.0,44.0,0,Normal,
2015-09-10 23:00:00,-9.6,974.0,63.2,298.0,44.0,0,Normal,
2015-09-11 00:00:00,-6.2,963.8,61.9,298.0,95.0,0,Normal,
2015-09-11 01:00:00,-5.9,962.4,61.3,298.0,96.0,0,Normal,
2015-09-11 02:00:00,-5.9,963.1,61.3,298.0,96.0,0,Normal,
2015-09-11 03:00:00,-6.0,963.6,62.3,301.0,96.0,0,Normal,
2015-09-11 04:00:00,-6.1,963.4,62.6,298.0,95.0,0,Normal,
2015-09-11 05:00:00,-6.1,964.2,63.3,298.0,96.0,0,Normal,
2015-09-11 06:00:00,-6.0,967.0,62.6,298.0,96.0,0,Normal,
2015-09-11 07:00:00,-5.8,968.6,59.2,298.0,96.0,0,Normal,
2015-09-11 08:00:00,-5.7,970.3,58.0,300.0,96.0,0,Normal,
2015-09-11 09:00:00,-5.7,971.8,63.3,298.0,96.0,0,Normal,
2015-09-11 10:00:00,-5.7,973.4,61.9,298.0,96.0,0,Normal,
2015-09-11 11:00:00,-5.8,974.6,61.3,298.0,96.0,0,Normal,
2015-09-11 12:00:00,-5.7,975.8,62.0,300.0,96.0,0,Normal,
2015-09-11 13:00:00,-5.4,977.0,61.9,301.0,96.0,0,Normal,
2015-09-11 14:00:00,-5.3,977.9,61.9,301.0,96.0,0,Normal,
2015-09-11 15:00:00,-5.2,978.7,30.4,314.0,96.0,0,Normal,
2015-09-11 16:00:00,-5.3,979.4,61.9,298.0,95.0,0,Normal,
2015-09-11 17:00:00,-5.7,979.9,63.8,298.0,95.0,0,Normal,
2015-09-11 18:00:00,-5.8,980.5,63.3,298.0,95.0,0,Normal,
2015-09-11 19:00:00,-5.9,980.9,63.9,298.0,94.0,0,Normal,
2015-09-11 20:00:00,-5.9,981.2,62.6,301.0,93.0,0,Normal,
2015-09-11 21:00:00,-5.8,981.0,63.3,298.0,93.0,0,Normal,
2015-09-11 22:00:00,-5.7,980.8,61.9,298.0,94.0,0,Normal,
2015-09-11 23:00:00,-5.4,980.5,62.6,298.0,93.0,0,Normal,
2015-09-12 00:00:00,-3.2,964.9,11.2,147.0,63.0,0,Normal,
2015-09-12 01:00:00,-3.5,965.0,11.3,154.0,60.0,0,Normal,
2015-09-12 02:00:00,-3.5,965.1,12.7,151.0,57.0,0,Normal,
2015-09-12 03:00:00,-3.2,965.4,10.5,145.0,56.0,0,Normal,
2015-09-12 04:00:00,-5.0,965.6,9.1,354.0,65.0,0,Normal,
2015-09-12 05:00:00,-6.4,965.7,7.6,358.0,67.0,0,Normal,
2015-09-12 06:00:00,-5.8,965.8,8.1,13.0,64.0,0,Normal,
2015-09-12 07:00:00,-4.0,965.8,7.1,76.0,58.0,0,Normal,
2015-09-12 08:00:00,-2.6,965.9,12.2,71.0,56.0,0,Normal,
2015-09-12 09:00:00,-1.5,965.9,10.6,67.0,55.0,0,Normal,
2015-09-12 10:00:00,-1.6,965.8,8.7,91.0,58.0,0,Normal,
2015-09-12 11:00:00,0.2,965.8,7.2,140.0,51.0,0,Normal,
2015-09-12 12:00:00,-1.3,965.5,10.3,149.0,57.0,0,Normal,
2015-09-12 13:00:00,1.6,965.4,13.7,78.0,44.0,0,Normal,
2015-09-12 14:00:00,1.2,965.2,13.2,79.0,53.0,0,Normal,
2015-09-12 15:00:00,0.5,965.0,13.2,65.0,56.0,0,Normal,
2015-09-12 16:00:00,-0.2,964.8,16.5,68.0,60.0,0,Normal,
2015-09-12 17:00:00,-0.9,964.6,14.9,71.0,62.0,0,Normal,
2015-09-12 18:00:00,-1.5,964.6,12.1,66.0,65.0,0,Normal,
2015-09-12 19:00:00,-1.7,964.6,7.9,78.0,68.0,0,Normal,
2015-09-12 20:00:00,-1.6,964.5,13.7,116.0,58.0,0,Normal,
2015-09-12 21:00:00,-2.3,964.5,10.9,117.0,57.0,0,Normal,
2015-09-12 22:00:00,-2.7,964.2,13.1,114.0,54.0,0,Normal,
2015-09-12 23:00:00,-2.8,963.9,14.5,132.0,46.0,0,Normal,
2015-09-13 00:00:00,-31.2,938.0,63.2,298.0,63.0,0,Normal,
2015-09-13 01:00:00,-31.4,937.1,61.9,298.0,63.0,0,Normal,
2015-09-13 02:00:00,-31.5,936.2,61.9,298.0,65.0,0,Normal,
2015-09-13 03:00:00,-33.1,935.2,63.9,298.0,67.0,0,Normal,
2015-09-13 04:00:00,-33.9,934.5,61.3,298.0,67.0,0,Normal,
2015-09-13 05:00:00,-33.6,934.5,61.5,300.0,66.0,0,Normal,
2015-09-13 06:00:00,-33.3,934.4,63.9,298.0,67.0,0,Normal,
2015-09-13 07:00:00,-32.9,934.0,62.6,300.0,65.0,0,Normal,
2015-09-13 08:00:00,-31.5,933.9,62.6,298.0,60.0,0,Normal,
2015-09-13 09:00:00,-30.4,933.8,61.2,298.0,59.0,0,Normal,
2015-09-13 10:00:00,-29.5,933.2,62.6,298.0,55.0,0,Normal,
2015-09-13 11:00:00,-28.6,933.9,63.2,298.0,54.0,0,Normal,
2015-09-13 12:00:00,-27.8,934.5,59.6,306.0,52.0,0,Normal,
2015-09-13 13:00:00,-27.2,934.7,61.3,298.0,52.0,0,Normal,
2015-09-13 14:00:00,-27.5,935.0,61.9,298.0,53.0,0,Normal,
2015-09-13 15:00:00,-26.8,935.6,42.6,284.0,52.0,0,Normal,
2015-09-13 16:00:00,-28.2,935.9,63.0,298.0,55.0,0,Normal,
2015-09-13 17:00:00,-28.7,936.5,62.5,300.0,56.0,0,Normal,
2015-09-13 18:00:00,-29.3,937.1,62.3,298.0,58.0,0,Normal,
2015-09-13 19:00:00,-29.3,938.9,61.9,298.0,56.0,0,Normal,
2015-09-13 20:00:00,-28.9,941.3,25.2,297.0,55.0,0,Normal,
2015-09-13 21:00:00,-28.6,942.7,63.2,298.0,52.0,0,Normal,
2015-09-13 22:00:00,-27.4,944.2,71.2,299.0,53.0,0,Normal,
2015-09-13 23:00:00,-26.8,944.8,63.2,298.0,49.0,0,Normal,
2015-09-14 00:00:00,-26.7,945.8,61.9,298.0,46.0,0,Normal,
2015-09-14 01:00:00,-26.4,946.9,61.9,301.0,44.0,0,Normal,
2015-09-14 02:00:00,-26.2,947.9,63.9,298.0,38.0,0,Normal,
2015-09-14 03:00:00,-25.9,948.9,63.2,298.0,36.0,0,Normal,
2015-09-14 04:00:00,-25.8,950.1,62.6,298.0,35.0,0,Normal,
2015-09-14 05:00:00,-25.9,951.6,61.2,298.0,35.0,0,Normal,
2015-09-14 06:00:00,-26.1,952.8,61.7,301.0,36.0,0,Normal,
2015-09-14 07:00:00,-27.4,954.2,62.9,298.0,41.0,0,Normal,
2015-09-14 08:00:00,-26.8,955.4,63.2,298.0,40.0,0,Normal,
2015-09-14 09:00:00,-25.7,956.4,40.7,309.0,36.0,0,Normal,
2015-09-14 10:00:00,-24.7,957.8,61.3,298.0,36.0,0,Normal,
2015-09-14 11:00:00,-21.9,959.1,61.9,298.0,34.0,0,Normal,
2015-09-14 12:00:00,-20.7,960.3,62.0,301.0,29.0,0,Normal,
2015-09-14 13:00:00,-21.1,961.0,62.6,298.0,32.0,0,Normal,
2015-09-14 14:00:00,-22.4,962.1,63.9,298.0,37.0,0,Normal,
2015-09-14 15:00:00,-25.1,962.8,63.3,298.0,39.0,0,Normal,
2015-09-14 16:00:00,-24.7,962.8,62.6,298.0,38.0,0,Normal,
2015-09-14 17:00:00,-26.1,963.3,61.9,298.0,42.0,0,Normal,
2015-09-14 18:00:00,-28.0,963.6,61.9,301.0,48.0,0,Normal,
2015-09-14 19:00:00,-28.5,964.3,63.2,298.0,48.0,0,Normal,
2015-09-14 20:00:00,-28.9,964.6,63.3,298.0,51.0,0,Normal,
2015-09-14 21:00:00,-28.8,965.3,63.2,298.0,49.0,0,Normal,
2015-09-14 22:00:00,-27.0,965.6,61.3,298.0,38.0,0,Normal,
2015-09-14 23:00:00,-27.7,965.9,61.9,301.0,43.0,0,Normal,
2015-09-15 00:00:00,-28.0,966.0,61.9,298.0,41.0,0,Normal,
2015-09-15 01:00:00,-28.0,966.3,63.2,298.0,40.0,0,Normal,
2015-09-15 02:00:00,-30.7,967.1,63.2,298.0,49.0,0,Normal,
2015-09-15 03:00:00,-29.8,967.2,61.9,298.0,45.0,0,Normal,
2015-09-15 04:00:00,-30.0,967.5,61.5,300.0,46.0,0,Normal,
2015-09-15 05:00:00,-30.3,967.5,61.9,298.0,46.0,0,Normal,
2015-09-15 06:00:00,-30.0,967.7,63.9,298.0,46.0,0,Normal,
2015-09-15 07:00:00,-29.4,967.9,53.9,293.0,46.0,0,Normal,
2015-09-15 08:00:00,-27.6,967.9,62.6,298.0,46.0,0,Normal,
2015-09-15 09:00:00,-25.9,967.6,61.9,298.0,42.0,0,Normal,
2015-09-15 10:00:00,-25.5,967.6,24.7,280.0,37.0,0,Normal,
2015-09-15 11:00:00,-26.1,967.7,62.6,298.0,38.0,0,Normal,
2015-09-15 12:00:00,-24.5,967.9,62.6,298.0,38.0,0,Normal,
2015-09-15 13:00:00,-23.6,968.1,66.0,299.0,36.0,0,Normal,
2015-09-15 14:00:00,-22.1,967.8,19.7,290.0,38.0,0,Normal,
2015-09-15 15:00:00,-23.3,968.0,63.2,298.0,38.0,0,Normal,
2015-09-15 16:00:00,-24.1,968.2,61.3,298.0,46.0,0,Normal,
2015-09-15 17:00:00,-24.9,968.4,42.2,300.0,46.0,0,Normal,
2015-09-15 18:00:00,-26.0,968.9,62.6,298.0,47.0,0,Normal,
2015-09-15 19:00:00,-26.0,968.9,63.9,298.0,46.0,0,Normal,
2015-09-15 20:00:00,-26.9,969.6,63.2,298.0,49.0,0,Normal,
2015-09-15 21:00:00,-27.5,970.3,61.2,298.0,48.0,0,Normal,
2015-09-15 22:00:00,-27.9,970.5,62.6,301.0,51.0,0,Normal,
2015-09-15 23:00:00,-27.8,970.4,62.0,298.0,50.0,0,Normal,
2015-09-16 00:00:00,-27.0,970.0,63.2,298.0,47.0,0,Normal,
2015-09-16 01:00:00,-24.1,970.1,38.5,325.0,38.0,0,Normal,
2015-09-16 02:00:00,-22.4,970.0,61.3,298.0,35.0,0,Normal,
2015-09-16 03:00:00,-23.7,970.0,61.3,298.0,37.0,0,Normal,
2015-09-16 04:00:00,-25.6,970.3,62.6,298.0,39.0,0,Normal,
2015-09-16 05:00:00,-24.7,970.3,62.6,298.0,38.0,0,Normal,
2015-09-16 06:00:00,-24.8,970.0,63.3,300.0,35.0,0,Normal,
2015-09-16 07:00:00,-26.3,970.4,62.4,298.0,41.0,0,Normal,
2015-09-16 08:00:00,-24.9,970.2,61.9,298.0,41.0,0,Normal,
2015-09-16 09:00:00,-24.4,970.6,61.9,301.0,42.0,0,Normal,
2015-09-16 10:00:00,-21.6,970.9,62.6,298.0,42.0,0,Normal,
2015-09-16 11:00:00,-22.3,971.2,63.9,298.0,36.0,0,Normal,
2015-09-16 12:00:00,-19.3,972.0,63.9,298.0,36.0,0,Normal,
2015-09-16 13:00:00,-19.4,972.8,64.5,298.0,37.0,0,Normal,
2015-09-16 14:00:00,-19.3,971.5,41.2,310.0,36.0,0,Normal,
2015-09-16 15:00:00,-18.9,970.8,61.9,298.0,36.0,0,Normal,
2015-09-16 16:00:00,-18.9,970.5,61.9,298.0,33.0,0,Normal,
2015-09-16 17:00:00,-18.9,970.1,61.9,298.0,34.0,0,Normal,
2015-09-16 18:00:00,-19.1,970.3,44.4,313.0,35.0,0,Normal,
2015-09-16 19:00:00,-18.9,969.5,63.9,298.0,36.0,0,Normal,
2015-09-16 20:00:00,-17.5,969.1,62.6,298.0,31.0,0,Normal,
2015-09-16 21:00:00,-17.3,969.1,64.4,298.0,31.0,0,Normal,
2015-09-16 22:00:00,-16.9,968.1,62.5,301.0,30.0,0,Normal,
2015-09-16 23:00:00,-16.9,968.4,62.6,298.0,29.0,0,Normal,
2015-09-17 00:00:00,-17.4,968.2,61.2,298.0,30.0,0,Normal,
2015-09-17 01:00:00,-17.2,968.1,61.3,298.0,29.0,0,Normal,
2015-09-17 02:00:00,-16.5,967.4,61.9,301.0,27.0,0,Normal,
2015-09-17 03:00:00,-17.5,967.3,61.9,298.0,34.0,0,Normal,
2015-09-17 04:00:00,-16.4,966.5,63.9,298.0,28.0,0,Normal,
2015-09-17 05:00:00,-16.7,966.5,63.2,298.0,29.0,0,Normal,
2015-09-17 06:00:00,-17.1,966.7,60.9,298.0,30.0,0,Normal,
2015-09-17 07:00:00,-16.3,966.1,63.2,301.0,27.0,0,Normal,
2015-09-17 08:00:00,-15.8,965.7,63.2,298.0,28.0,0,Normal,
2015-09-17 09:00:00,-15.9,966.0,61.3,298.0,36.0,0,Normal,
2015-09-17 10:00:00,-15.3,965.6,61.3,298.0,31.0,0,Normal,
2015-09-17 11:00:00,-15.2,965.8,61.9,301.0,35.0,0,Normal,
2015-09-17 12:00:00,-15.0,965.4,62.6,298.0,36.0,0,Normal,
2015-09-17 13:00:00,-14.9,965.1,62.6,298.0,36.0,0,Normal,
2015-09-17 14:00:00,-15.0,965.0,63.2,298.0,36.0,0,Normal,
2015-09-17 15:00:00,-15.2,964.7,63.2,298.0,36.0,0,Normal,
2015-09-17 16:00:00,-15.9,964.7,63.2,301.0,36.0,0,Normal,
2015-09-17 17:00:00,-16.2,964.6,63.2,298.0,35.0,0,Normal,
2015-09-17 18:00:00,-15.9,964.2,61.3,298.0,30.0,0,Normal,
2015-09-17 19:00:00,-17.3,964.9,61.9,298.0,36.0,0,Normal,
2015-09-17 20:00:00,-20.2,965.1,61.2,301.0,49.0,0,Normal,
2015-09-17 21:00:00,-20.0,965.3,63.9,298.0,44.0,0,Normal,
2015-09-17 22:00:00,-19.5,965.4,63.9,298.0,41.0,0,Normal,
2015-09-17 23:00:00,-19.8,965.2,62.5,301.0,40.0,0,Normal,
2015-09-18 00:00:00,-19.6,964.6,61.9,298.0,36.0,0,Normal,
2015-09-18 01:00:00,-21.0,963.8,55.6,299.0,40.0,0,Normal,
2015-09-18 02:00:00,-21.2,964.2,62.6,299.0,39.0,0,Normal,
2015-09-18 03:00:00,-22.0,964.1,63.2,298.0,40.0,0,Normal,
2015-09-18 04:00:00,-22.4,963.5,62.6,300.0,41.0,0,Normal,
2015-09-18 05:00:00,-23.0,963.3,61.3,299.0,43.0,0,Normal,
2015-09-18 06:00:00,-24.1,963.4,61.9,298.0,45.0,0,Normal,
2015-09-18 07:00:00,-24.2,964.0,47.6,283.0,47.0,0,Normal,
2015-09-18 08:00:00,-21.7,963.9,63.2,298.0,44.0,0,Normal,
2015-09-18 09:00:00,-18.4,964.0,61.9,298.0,38.0,0,Normal,
2015-09-18 10:00:00,-16.7,963.4,60.6,298.0,33.0,0,Normal,
2015-09-18 11:00:00,-18.1,963.0,63.2,300.0,36.0,0,Normal,
2015-09-18 12:00:00,-18.7,962.9,62.6,299.0,36.0,0,Normal,
2015-09-18 13:00:00,-17.6,962.8,63.3,298.0,33.0,0,Normal,
2015-09-18 14:00:00,-18.5,962.6,61.9,298.0,38.0,0,Normal,
2015-09-18 15:00:00,-19.0,962.3,62.0,300.0,37.0,0,Normal,
2015-09-18 16:00:00,-21.9,962.4,60.2,295.0,40.0,0,Normal,
2015-09-18 17:00:00,-22.3,962.1,54.9,297.0,44.0,0,Normal,
2015-09-18 18:00:00,-23.9,962.3,63.9,298.0,50.0,0,Normal,
2015-09-18 19:00:00,-24.1,962.6,75.0,299.0,49.0,0,Normal,
2015-09-18 20:00:00,-22.9,962.4,61.1,298.0,39.0,0,Normal,
2015-09-18 21:00:00,-22.6,961.9,60.9,299.0,38.0,0,Normal,
2015-09-18 22:00:00,-23.4,962.7,61.9,299.0,38.0,0,Normal,
2015-09-18 23:00:00,-24.0,963.0,62.5,298.0,39.0,0,Normal,
2015-09-19 00:00:00,-23.4,963.5,62.6,300.0,40.0,0,Normal,
2015-09-19 01:00:00,-22.9,963.4,62.3,300.0,37.0,0,Normal,
2015-09-19 02:00:00,-26.0,964.0,61.9,298.0,45.0,0,Normal,
2015-09-19 03:00:00,-24.2,963.7,61.2,298.0,41.0,0,Normal,
2015-09-19 04:00:00,-24.3,963.8,61.9,298.0,40.0,0,Normal,
2015-09-19 05:00:00,-23.5,963.7,68.9,299.0,36.0,0,Normal,
2015-09-19 06:00:00,-24.7,963.6,63.2,299.0,40.0,0,Normal,
2015-09-19 07:00:00,-25.5,964.3,62.6,298.0,43.0,0,Normal,
2015-09-19 08:00:00,-25.0,965.2,61.2,299.0,39.0,0,Normal,
2015-09-19 09:00:00,-23.1,965.5,42.4,302.0,39.0,0,Normal,
2015-09-19 10:00:00,-20.8,965.8,63.2,298.0,33.0,0,Normal,
2015-09-19 11:00:00,-19.9,966.0,63.5,298.0,30.0,0,Normal,
2015-09-19 12:00:00,-19.8,966.6,63.2,299.0,29.0,0,Normal,
2015-09-19 13:00:00,-21.6,967.7,63.4,299.0,34.0,0,Normal,
2015-09-19 14:00:00,-22.0,968.0,62.5,297.0,36.0,0,Normal,
2015-09-19 15:00:00,-20.4,968.1,63.2,298.0,35.0,0,Normal,
2015-09-19 16:00:00,-23.6,968.7,59.1,299.0,38.0,0,Normal,
2015-09-19 17:00:00,-23.9,969.1,62.6,300.0,41.0,0,Normal,
2015-09-19 18:00:00,-25.2,969.7,63.2,298.0,45.0,0,Normal,
2015-09-19 19:00:00,-26.4,970.4,62.6,299.0,46.0,0,Normal,
2015-09-19 20:00:00,-26.7,971.0,62.6,300.0,43.0,0,Normal,
2015-09-19 21:00:00,-27.3,971.4,61.9,298.0,48.0,0,Normal,
2015-09-19 22:00:00,-27.1,971.8,62.3,297.0,50.0,0,Normal,
2015-09-19 23:00:00,-23.8,972.1,61.9,298.0,34.0,0,Normal,
2015-09-20 00:00:00,-24.6,972.7,61.2,298.0,35.0,0,Normal,
2015-09-20 01:00:00,-24.6,972.6,62.6,300.0,35.0,0,Normal,
2015-09-20 02:00:00,-25.3,972.8,62.5,298.0,37.0,0,Normal,
2015-09-20 03:00:00,-25.2,972.9,61.9,299.0,35.0,0,Normal,
2015-09-20 04:00:00,-24.7,972.6,49.7,294.0,35.0,0,Normal,
2015-09-20 05:00:00,-25.0,972.3,63.9,298.0,35.0,0,Normal,
2015-09-20 06:00:00,-25.2,972.5,62.4,297.0,35.0,0,Normal,
2015-09-20 07:00:00,-24.0,971.4,62.6,298.0,36.0,0,Normal,
2015-09-20 08:00:00,-23.2,971.7,61.3,298.0,36.0,0,Normal,
2015-09-20 09:00:00,-21.2,971.7,63.9,299.0,38.0,0,Normal,
2015-09-20 10:00:00,-18.7,971.6,58.3,299.0,28.0,0,Normal,
2015-09-20 11:00:00,-20.3,971.1,62.6,298.0,36.0,0,Normal,
2015-09-20 12:00:00,-18.4,970.7,63.9,298.0,31.0,0,Normal,
2015-09-20 13:00:00,-18.8,970.5,62.6,299.0,35.0,0,Normal,
2015-09-20 14:00:00,-18.9,970.1,64.2,300.0,37.0,0,Normal,
2015-09-20 15:00:00,-18.8,970.0,60.6,303.0,37.0,0,Normal,
2015-09-20 16:00:00,-20.3,969.5,61.4,298.0,41.0,0,Normal,
2015-09-20 17:00:00,-18.4,969.1,61.3,298.0,27.0,0,Normal,
2015-09-20 18:00:00,-21.7,969.5,62.6,300.0,40.0,0,Normal,
2015-09-20 19:00:00,-20.8,969.0,62.6,298.0,38.0,0,Normal,
2015-09-20 20:00:00,-20.3,968.6,60.3,298.0,36.0,0,Normal,
2015-09-20 21:00:00,-19.1,968.7,39.8,280.0,30.0,0,Normal,
2015-09-20 22:00:00,-19.0,968.9,62.6,298.0,30.0,0,Normal,
2015-09-20 23:00:00,-20.7,968.9,57.4,299.0,38.0,0,Normal,
2015-09-21 00:00:00,-21.1,968.4,61.9,298.0,35.0,0,Normal,
2015-09-21 01:00:00,-19.6,968.2,63.2,298.0,30.0,0,Normal,
2015-09-21 02:00:00,-20.5,968.3,63.2,301.0,34.0,0,Normal,
2015-09-21 03:00:00,-20.2,968.3,62.6,298.0,29.0,0,Normal,
2015-09-21 04:00:00,-20.4,968.1,61.3,298.0,30.0,0,Normal,
2015-09-21 05:00:00,-20.7,967.9,42.3,279.0,30.0,0,Normal,
2015-09-21 06:00:00,-21.0,967.8,63.9,298.0,31.0,0,Normal,
2015-09-21 07:00:00,-20.4,968.8,63.1,299.0,32.0,0,Normal,
2015-09-21 08:00:00,-20.3,968.9,62.6,298.0,36.0,0,Normal,
2015-09-21 09:00:00,-19.5,969.2,61.3,298.0,37.0,0,Normal,
2015-09-21 10:00:00,-18.4,969.2,62.6,298.0,30.0,0,Normal,
2015-09-21 11:00:00,-17.8,969.4,61.7,299.0,30.0,0,Normal,
2015-09-21 12:00:00,-17.5,969.5,17.8,257.0,32.0,0,Normal,
2015-09-21 13:00:00,-16.9,969.4,62.9,298.0,29.0,0,Normal,
2015-09-21 14:00:00,-16.7,969.7,62.4,298.0,29.0,0,Normal,
2015-09-21 15:00:00,-18.1,969.7,63.2,298.0,34.0,0,Normal,
2015-09-21 16:00:00,-19.1,969.9,63.2,301.0,34.0,0,Normal,
2015-09-21 17:00:00,-20.0,969.7,62.6,298.0,34.0,0,Normal,
2015-09-21 18:00:00,-20.5,970.0,61.3,298.0,35.0,0,Normal,
2015-09-21 19:00:00,-20.3,970.0,61.9,301.0,29.0,0,Normal,
2015-09-21 20:00:00,-20.1,970.3,63.1,298.0,29.0,0,Normal,
2015-09-21 21:00:00,-20.3,970.0,63.2,298.0,29.0,0,Normal,
2015-09-21 22:00:00,-20.5,969.9,32.1,300.0,34.0,0,Normal,
2015-09-21 23:00:00,-20.5,969.9,61.9,298.0,35.0,0,Normal,
2015-09-22 00:00:00,-20.6,969.7,58.5,298.0,36.0,0,Normal,
2015-09-22 01:00:00,-20.2,969.4,62.6,298.0,35.0,0,Normal,
2015-09-22 02:00:00,-19.9,969.3,62.6,298.0,35.0,0,Normal,
2015-09-22 03:00:00,-20.2,969.0,63.2,301.0,38.0,0,Normal,
2015-09-22 04:00:00,-19.7,968.9,62.7,298.0,38.0,0,Normal,
2015-09-22 05:00:00,-19.6,968.8,61.3,298.0,38.0,0,Normal,
2015-09-22 06:00:00,-19.2,968.8,44.4,308.0,41.0,0,Normal,
2015-09-22 07:00:00,-17.6,968.8,61.9,298.0,41.0,0,Normal,
2015-09-22 08:00:00,-18.1,968.9,63.9,298.0,42.0,0,Normal,
2015-09-22 09:00:00,-16.1,968.7,63.2,298.0,38.0,0,Normal,
2015-09-22 10:00:00,-15.7,968.4,63.3,301.0,40.0,0,Normal,
2015-09-22 11:00:00,-15.5,968.4,62.6,298.0,41.0,0,Normal,
2015-09-22 12:00:00,-16.1,968.2,61.9,298.0,47.0,0,Normal,
2015-09-22 13:00:00,-15.8,967.5,61.9,298.0,45.0,0,Normal,
2015-09-22 14:00:00,-15.6,967.3,61.9,298.0,47.0,0,Normal,
2015-09-22 15:00:00,-16.6,967.3,49.3,307.0,49.0,0,Normal,
2015-09-22 16:00:00,-16.8,967.5,62.6,298.0,47.0,0,Normal,
2015-09-22 17:00:00,-16.8,967.0,63.2,298.0,48.0,0,Normal,
2015-09-22 18:00:00,-17.1,967.8,63.9,298.0,46.0,0,Normal,
2015-09-22 19:00:00,-17.0,967.7,62.7,300.0,47.0,0,Normal,
2015-09-22 20:00:00,-16.8,967.9,62.6,298.0,43.0,0,Normal,
2015-09-22 21:00:00,-16.8,967.9,61.3,298.0,43.0,0,Normal,
2015-09-22 22:00:00,-16.7,968.0,61.9,298.0,40.0,0,Normal,
2015-09-22 23:00:00,-16.8,968.0,61.9,298.0,40.0,0,Normal,
2015-09-23 00:00:00,-16.7,968.0,61.1,305.0,39.0,0,Normal,
2015-09-23 01:00:00,-16.7,968.2,62.6,298.0,41.0,0,Normal,
2015-09-23 02:00:00,-16.5,967.9,63.9,298.0,46.0,0,Normal,
2015-09-23 03:00:00,-16.3,968.1,63.9,298.0,43.0,0,Normal,
2015-09-23 04:00:00,-15.9,967.7,61.7,300.0,44.0,0,Normal,
2015-09-23 05:00:00,-15.7,968.3,46.8,286.0,45.0,0,Normal,
2015-09-23 06:00:00,-15.4,968.3,62.3,298.0,48.0,0,Normal,
2015-09-23 07:00:00,-15.4,968.2,61.3,298.0,56.0,0,Normal,
2015-09-23 08:00:00,-15.7,968.2,61.9,298.0,57.0,0,Normal,
2015-09-23 09:00:00,-15.1,968.4,61.9,301.0,54.0,0,Normal,
2015-09-23 10:00:00,-14.7,968.3,61.9,298.0,53.0,0,Normal,
2015-09-23 11:00:00,-14.1,968.3,63.9,298.0,54.0,0,Normal,
2015-09-23 12:00:00,-13.6,968.1,63.2,298.0,53.0,0,Normal,
2015-09-23 13:00:00,-13.4,968.1,62.5,299.0,51.0,0,Normal,
2015-09-23 14:00:00,-13.3,968.2,25.5,318.0,53.0,0,Normal,
2015-09-23 15:00:00,-13.5,968.0,62.6,298.0,46.0,0,Normal,
2015-09-23 16:00:00,-13.9,968.3,61.3,298.0,54.0,0,Normal,
2015-09-23 17:00:00,-14.8,968.1,62.4,298.0,43.0,0,Normal,
2015-09-23 18:00:00,-15.4,968.2,62.6,301.0,42.0,0,Normal,
2015-09-23 19:00:00,-16.4,968.3,61.9,298.0,41.0,0,Normal,
2015-09-23 20:00:00,-17.1,968.1,63.2,298.0,41.0,0,Normal,
2015-09-23 21:00:00,-17.2,968.5,63.2,298.0,39.0,0,Normal,
2015-09-23 22:00:00,-17.9,968.6,63.4,298.0,41.0,0,Normal,
2015-09-23 23:00:00,-17.9,969.2,49.8,301.0,39.0,0,Normal,
2015-09-24 00:00:00,-18.3,969.1,62.6,298.0,43.0,0,Normal,
2015-09-24 01:00:00,-18.6,969.0,61.9,298.0,43.0,0,Normal,
2015-09-24 02:00:00,-19.1,968.9,61.3,298.0,45.0,0,Normal,
2015-09-24 03:00:00,-19.8,968.8,61.9,298.0,48.0,0,Normal,
2015-09-24 04:00:00,-20.9,968.7,62.6,298.0,45.0,0,Normal,
2015-09-24 05:00:00,-21.4,968.9,74.4,300.0,43.0,0,Normal,
2015-09-24 06:00:00,-21.4,968.9,63.2,298.0,43.0,0,Normal,
2015-09-24 07:00:00,-19.9,969.6,61.2,298.0,42.0,0,Normal,
2015-09-24 08:00:00,-17.3,969.7,61.9,298.0,39.0,0,Normal,
2015-09-24 09:00:00,-16.9,969.8,61.9,301.0,38.0,0,Normal,
2015-09-24 10:00:00,-16.5,970.1,61.9,298.0,37.0,0,Normal,
2015-09-24 11:00:00,-17.6,970.5,63.2,298.0,42.0,0,Normal,
2015-09-24 12:00:00,-17.0,970.7,63.4,298.0,41.0,0,Normal,
2015-09-24 13:00:00,-17.9,971.1,62.6,298.0,49.0,0,Normal,
2015-09-24 14:00:00,-18.5,971.7,63.2,301.0,49.0,0,Normal,
2015-09-24 15:00:00,-19.9,972.5,62.6,298.0,53.0,0,Normal,
2015-09-24 16:00:00,-22.4,972.8,61.9,298.0,58.0,0,Normal,
2015-09-24 17:00:00,-23.5,973.6,61.9,298.0,58.0,0,Normal,
2015-09-24 18:00:00,-24.5,974.6,61.9,301.0,59.0,0,Normal,
2015-09-24 19:00:00,-24.9,975.4,63.2,298.0,59.0,0,Normal,
2015-09-24 20:00:00,-24.9,975.9,63.2,298.0,61.0,0,Normal,
2015-09-24 21:00:00,-23.5,976.6,63.2,298.0,61.0,0,Normal,
2015-09-24 22:00:00,-23.5,977.7,62.6,298.0,59.0,0,Normal,
2015-09-24 23:00:00,-25.2,978.5,62.1,300.0,57.0,0,Normal,
2015-09-25 00:00:00,-26.5,979.0,62.6,298.0,59.0,0,Normal,
2015-09-25 01:00:00,-26.3,979.8,62.6,298.0,61.0,0,Normal,
2015-09-25 02:00:00,-25.0,979.9,51.0,300.0,60.0,0,Normal,
2015-09-25 03:00:00,-24.5,980.2,61.3,298.0,60.0,0,Normal,
2015-09-25 04:00:00,-23.3,980.2,61.3,298.0,57.0,0,Normal,
2015-09-25 05:00:00,-22.3,980.1,62.6,298.0,52.0,0,Normal,
2015-09-25 06:00:00,-22.8,980.5,63.4,298.0,54.0,0,Normal,
2015-09-25 07:00:00,-20.3,980.4,62.6,298.0,50.0,0,Normal,
2015-09-25 08:00:00,-20.0,980.5,63.2,301.0,50.0,0,Normal,
2015-09-25 09:00:00,-17.8,980.5,62.5,298.0,43.0,0,Normal,
2015-09-25 10:00:00,-17.3,980.2,61.3,298.0,40.0,0,Normal,
2015-09-25 11:00:00,-16.2,979.6,61.3,298.0,39.0,0,Normal,
2015-09-25 12:00:00,-15.9,978.9,50.6,298.0,36.0,0,Normal,
2015-09-25 13:00:00,-13.8,978.1,43.1,292.0,36.0,0,Normal,
2015-09-25 14:00:00,-16.0,977.6,62.6,298.0,39.0,0,Normal,
2015-09-25 15:00:00,-15.5,977.1,62.6,298.0,39.0,0,Normal,
2015-09-25 16:00:00,-17.0,976.8,63.9,298.0,39.0,0,Normal,
2015-09-25 17:00:00,-17.2,976.0,64.1,300.0,45.0,0,Normal,
2015-09-25 18:00:00,-17.5,975.5,51.2,284.0,43.0,0,Normal,
2015-09-25 19:00:00,-18.5,974.6,62.4,298.0,45.0,0,Normal,
2015-09-25 20:00:00,-19.7,974.3,61.3,298.0,50.0,0,Normal,
2015-09-25 21:00:00,-16.5,973.5,61.9,301.0,41.0,0,Normal,
2015-09-25 22:00:00,-16.4,973.1,61.9,298.0,40.0,0,Normal,
2015-09-25 23:00:00,-13.9,972.2,63.9,298.0,31.0,0,Normal,
2015-09-26 00:00:00,-14.1,971.6,62.6,298.0,33.0,0,Normal,
2015-09-26 01:00:00,-14.8,971.0,63.2,298.0,36.0,0,Normal,
2015-09-26 02:00:00,-14.9,970.6,61.7,303.0,37.0,0,Normal,
2015-09-26 03:00:00,-14.4,969.6,62.6,298.0,35.0,0,Normal,
2015-09-26 04:00:00,-13.9,969.0,61.3,298.0,32.0,0,Normal,
2015-09-26 05:00:00,-16.8,968.9,63.2,298.0,40.0,0,Normal,
2015-09-26 06:00:00,-18.0,968.6,55.6,299.0,45.0,0,Normal,
2015-09-26 07:00:00,-15.2,967.9,24.4,299.0,38.0,0,Normal,
2015-09-26 08:00:00,-13.7,967.3,61.9,298.0,31.0,0,Normal,
2015-09-26 09:00:00,-12.8,966.9,61.3,298.0,31.0,0,Normal,
2015-09-26 10:00:00,-12.0,966.7,61.3,298.0,30.0,0,Normal,
2015-09-26 11:00:00,-10.5,966.9,68.2,299.0,25.0,0,Normal,
2015-09-26 12:00:00,-10.8,966.4,62.6,301.0,30.0,0,Normal,
2015-09-26 13:00:00,-11.1,966.0,61.8,303.0,37.0,0,Normal,
2015-09-26 14:00:00,-11.7,966.2,62.6,298.0,32.0,0,Normal,
2015-09-26 15:00:00,-12.9,966.2,62.6,298.0,40.0,0,Normal,
2015-09-26 16:00:00,-13.3,966.5,63.9,298.0,38.0,0,Normal,
2015-09-26 17:00:00,-14.1,966.8,63.9,298.0,42.0,0,Normal,
2015-09-26 18:00:00,-15.7,967.1,48.0,282.0,47.0,0,Normal,
2015-09-26 19:00:00,-16.6,967.2,62.2,298.0,48.0,0,Normal,
2015-09-26 20:00:00,-17.1,967.3,61.2,298.0,44.0,0,Normal,
2015-09-26 21:00:00,-16.5,968.2,61.9,298.0,40.0,0,Normal,
2015-09-26 22:00:00,-15.4,968.2,62.6,301.0,34.0,0,Normal,
2015-09-26 23:00:00,-15.6,969.1,59.8,294.0,36.0,0,Normal,
2015-09-27 00:00:00,-15.4,969.5,63.9,298.0,35.0,0,Normal,
2015-09-27 01:00:00,-15.9,969.7,63.9,298.0,36.0,0,Normal,
2015-09-27 02:00:00,-15.9,970.3,63.6,298.0,34.0,0,Normal,
2015-09-27 03:00:00,-15.5,970.9,51.1,310.0,30.0,0,Normal,
2015-09-27 04:00:00,-17.1,971.6,63.2,298.0,36.0,0,Normal,
2015-09-27 05:00:00,-17.4,971.7,61.2,298.0,34.0,0,Normal,
2015-09-27 06:00:00,-16.4,972.7,61.9,298.0,32.0,0,Normal,
2015-09-27 07:00:00,-15.5,973.3,62.9,300.0,30.0,0,Normal,
2015-09-27 08:00:00,-15.3,974.6,19.6,276.0,33.0,0,Normal,
2015-09-27 09:00:00,-14.0,974.7,62.6,298.0,28.0,0,Normal,
2015-09-27 10:00:00,-12.9,975.2,62.0,298.0,27.0,0,Normal,
2015-09-27 11:00:00,-13.8,975.6,63.9,298.0,35.0,0,Normal,
2015-09-27 12:00:00,-14.3,976.0,62.6,301.0,35.0,0,Normal,
2015-09-27 13:00:00,-14.6,976.4,63.2,298.0,39.0,0,Normal,
2015-09-27 14:00:00,-14.2,976.9,61.9,298.0,37.0,0,Normal,
2015-09-27 15:00:00,-14.1,976.7,61.9,298.0,37.0,0,Normal,
2015-09-27 16:00:00,-13.9,977.3,61.9,298.0,34.0,0,Normal,
2015-09-27 17:00:00,-14.3,977.6,39.8,305.0,37.0,0,Normal,
2015-09-27 18:00:00,-14.0,977.6,61.9,298.0,35.0,0,Normal,
2015-09-27 19:00:00,-13.8,977.4,63.2,298.0,32.0,0,Normal,
2015-09-27 20:00:00,-14.3,978.2,63.9,298.0,39.0,0,Normal,
2015-09-27 21:00:00,-14.2,978.8,63.2,301.0,36.0,0,Normal,
2015-09-27 22:00:00,-13.9,978.6,62.6,298.0,36.0,0,Normal,
2015-09-27 23:00:00,-13.7,978.1,61.3,298.0,39.0,0,Normal,
2015-09-28 00:00:00,-13.7,977.8,61.3,298.0,41.0,0,Normal,
2015-09-28 01:00:00,-13.6,977.9,61.9,298.0,48.0,0,Normal,
2015-09-28 02:00:00,-13.3,977.6,56.0,307.0,52.0,0,Normal,
2015-09-28 03:00:00,-13.8,978.2,61.9,298.0,71.0,0,Normal,
2015-09-28 04:00:00,-14.4,978.5,62.6,298.0,85.0,0,Normal,
2015-09-28 05:00:00,-14.5,979.5,63.9,298.0,86.0,0,Normal,
2015-09-28 06:00:00,-14.5,980.6,62.4,300.0,86.0,0,Normal,
2015-09-28 07:00:00,-14.4,980.8,40.9,317.0,86.0,0,Normal,
2015-09-28 08:00:00,-14.1,980.7,61.9,298.0,86.0,0,Normal,
2015-09-28 09:00:00,-13.8,980.4,61.3,298.0,87.0,0,Normal,
2015-09-28 10:00:00,-13.3,978.5,61.9,298.0,87.0,0,Normal,
2015-09-28 11:00:00,-13.0,977.2,62.6,301.0,87.0,0,Normal,
2015-09-28 12:00:00,-12.7,976.0,61.9,298.0,88.0,0,Normal,
2015-09-28 13:00:00,-12.3,974.6,63.2,298.0,88.0,0,Normal,
2015-09-28 14:00:00,-11.6,972.4,63.2,298.0,89.0,0,Normal,
2015-09-28 15:00:00,-11.3,970.8,57.7,300.0,89.0,0,Normal,
2015-09-28 16:00:00,-11.3,968.3,61.8,301.0,89.0,0,Normal,
2015-09-28 17:00:00,-11.3,966.4,62.8,298.0,89.0,0,Normal,
2015-09-28 18:00:00,-11.3,964.1,60.6,298.0,89.0,0,Normal,
2015-09-28 19:00:00,-11.0,962.6,61.8,298.0,89.0,0,Normal,
2015-09-28 20:00:00,-10.4,960.6,61.9,301.0,90.0,0,Normal,
2015-09-28 21:00:00,-9.7,959.7,62.5,298.0,90.0,0,Normal,
2015-09-28 22:00:00,-9.3,959.7,63.2,298.0,91.0,0,Normal,
2015-09-28 23:00:00,-9.2,959.2,63.3,298.0,91.0,0,Normal,
2015-09-29 00:00:00,-9.1,958.8,63.8,298.0,91.0,0,Normal,
2015-09-29 01:00:00,-9.6,959.3,33.5,324.0,91.0,0,Normal,
2015-09-29 02:00:00,-9.9,959.8,63.1,299.0,90.0,0,Normal,
2015-09-29 03:00:00,-10.1,961.5,61.8,299.0,90.0,0,Normal,
2015-09-29 04:00:00,-10.0,962.4,61.3,298.0,90.0,0,Normal,
2015-09-29 05:00:00,-9.8,963.2,61.3,300.0,90.0,0,Normal,
2015-09-29 06:00:00,-9.6,964.5,61.2,298.0,90.0,0,Normal,
2015-09-29 07:00:00,-9.3,965.1,52.7,298.0,91.0,0,Normal,
2015-09-29 08:00:00,-8.8,964.8,63.3,298.0,91.0,0,Normal,
2015-09-29 09:00:00,-8.5,963.6,63.4,298.0,91.0,0,Normal,
2015-09-29 10:00:00,-8.2,962.1,62.3,301.0,92.0,0,Normal,
2015-09-29 11:00:00,-7.9,961.5,62.5,299.0,92.0,0,Normal,
2015-09-29 12:00:00,-7.8,961.3,61.3,298.0,92.0,0,Normal,
2015-09-29 13:00:00,-7.7,960.7,61.3,298.0,92.0,0,Normal,
2015-09-29 14:00:00,-7.4,961.2,65.4,299.0,93.0,0,Normal,
2015-09-29 15:00:00,-7.4,962.0,55.6,307.0,92.0,0,Normal,
2015-09-29 16:00:00,-7.6,962.0,61.9,299.0,92.0,0,Normal,
2015-09-29 17:00:00,-7.7,960.6,63.9,298.0,92.0,0,Normal,
2015-09-29 18:00:00,-7.6,959.9,63.3,298.0,92.0,0,Normal,
2015-09-29 19:00:00,-7.6,958.2,61.8,300.0,92.0,0,Normal,
2015-09-29 20:00:00,-7.2,957.3,62.2,300.0,93.0,0,Normal,
2015-09-29 21:00:00,-7.0,955.6,62.8,299.0,93.0,0,Normal,
2015-09-29 22:00:00,-6.9,954.1,63.2,298.0,93.0,0,Normal,
2015-09-29 23:00:00,-6.9,953.4,61.3,298.0,93.0,0,Normal,
2015-09-30 00:00:00,-6.8,951.7,61.9,300.0,93.0,0,Normal,
2015-09-30 01:00:00,-6.6,951.0,66.1,299.0,93.0,0,Normal,
2015-09-30 02:00:00,-8.1,956.3,41.7,292.0,91.0,0,Normal,
2015-09-30 03:00:00,-10.2,959.5,63.2,298.0,89.0,0,Normal,
2015-09-30 04:00:00,-10.8,971.8,63.8,299.0,90.0,0,Normal,
2015-09-30 05:00:00,-11.3,980.1,62.6,300.0,89.0,0,Normal,
2015-09-30 06:00:00,-11.6,982.1,62.6,299.0,89.0,0,Normal,
2015-09-30 07:00:00,-11.5,981.4,61.9,298.0,89.0,0,Normal,
2015-09-30 08:00:00,-10.7,979.2,61.9,298.0,90.0,0,Normal,
2015-09-30 09:00:00,-9.5,977.5,61.7,298.0,91.0,0,Normal,
2015-09-30 10:00:00,-8.6,976.4,61.9,300.0,92.0,0,Normal,
2015-09-30 11:00:00,-8.1,976.1,62.6,299.0,92.0,0,Normal,
2015-09-30 12:00:00,-7.8,974.8,63.3,298.0,92.0,0,Normal,
2015-09-30 13:00:00,-7.7,974.4,62.6,298.0,92.0,0,Normal,
2015-09-30 14:00:00,-7.8,974.2,64.4,299.0,92.0,0,Normal,
2015-09-30 15:00:00,-7.9,974.4,56.2,293.0,92.0,0,Normal,
2015-09-30 16:00:00,-7.7,975.5,62.6,300.0,92.0,0,Normal,
2015-09-30 17:00:00,-7.8,976.0,61.9,298.0,92.0,0,Normal,
2015-09-30 18:00:00,-7.9,977.0,61.3,298.0,92.0,0,Normal,
2015-09-30 19:00:00,-7.9,977.8,61.3,299.0,92.0,0,Normal,
2015-09-30 20:00:00,-7.8,978.3,60.8,298.0,92.0,0,Normal,
2015-09-30 21:00:00,-7.8,979.1,59.8,303.0,92.0,0,Normal,
2015-09-30 22:00:00,-7.7,979.5,63.3,298.0,92.0,0,Normal,
2015-09-30 23:00:00,-7.7,980.1,63.9,298.0,92.0,0,Normal,
2015-10-01 00:00:00,-7.9,980.8,63.9,299.0,92.0,0,Normal,
2015-10-01 01:00:00,-8.1,981.3,62.6,300.0,92.0,0,Normal,
2015-10-01 02:00:00,-8.2,981.1,63.3,298.0,92.0,0,Normal,
2015-10-01 03:00:00,-8.3,981.0,61.5,298.0,92.0,0,Normal,
2015-10-01 04:00:00,-8.4,981.7,61.1,298.0,92.0,0,Normal,
2015-10-01 05:00:00,-8.5,982.4,57.9,297.0,92.0,0,Normal,
2015-10-01 06:00:00,-8.6,982.7,61.9,300.0,92.0,0,Normal,
2015-10-01 07:00:00,-8.6,982.7,61.9,298.0,92.0,0,Normal,
2015-10-01 08:00:00,-8.7,983.2,63.7,298.0,91.0,0,Normal,
2015-10-01 09:00:00,-9.0,983.2,61.5,298.0,91.0,0,Normal,
2015-10-01 10:00:00,-9.0,983.2,58.1,297.0,91.0,0,Normal,
2015-10-01 11:00:00,-8.8,983.4,63.2,300.0,91.0,0,Normal,
2015-10-01 12:00:00,-8.7,983.1,63.3,298.0,91.0,0,Normal,
2015-10-01 13:00:00,-9.0,982.8,61.9,298.0,91.0,0,Normal,
2015-10-01 14:00:00,-9.0,983.4,61.3,299.0,91.0,0,Normal,
2015-10-01 15:00:00,-9.2,984.1,58.8,298.0,91.0,0,Normal,
2015-10-01 16:00:00,-9.3,984.9,48.5,296.0,91.0,0,Normal,
2015-10-01 17:00:00,-9.6,985.0,61.9,298.0,90.0,0,Normal,
2015-10-01 18:00:00,-9.8,985.3,63.2,298.0,90.0,0,Normal,
2015-10-01 19:00:00,-10.0,985.1,63.2,298.0,89.0,0,Normal,
2015-10-01 20:00:00,-9.9,985.1,65.9,299.0,89.0,0,Normal,
2015-10-01 21:00:00,-10.0,985.2,29.7,286.0,89.0,0,Normal,
2015-10-01 22:00:00,-10.2,985.2,62.6,298.0,89.0,0,Normal,
2015-10-01 23:00:00,-10.3,985.2,61.9,298.0,89.0,0,Normal,
2015-10-02 00:00:00,-10.3,984.6,61.5,298.0,88.0,0,Normal,
2015-10-02 01:00:00,-9.9,983.7,62.3,301.0,87.0,0,Normal,
2015-10-02 02:00:00,-9.8,982.6,43.4,312.0,88.0,0,Normal,
2015-10-02 03:00:00,-9.1,981.1,62.4,298.0,84.0,0,Normal,
2015-10-02 04:00:00,-9.2,980.6,62.4,298.0,82.0,0,Normal,
2015-10-02 05:00:00,-9.2,980.0,63.9,298.0,81.0,0,Normal,
2015-10-02 06:00:00,-9.2,980.3,62.6,301.0,83.0,0,Normal,
2015-10-02 07:00:00,-8.9,980.3,63.3,298.0,82.0,0,Normal,
2015-10-02 08:00:00,-8.1,979.4,61.9,298.0,81.0,0,Normal,
2015-10-02 09:00:00,-7.5,979.3,61.3,298.0,85.0,0,Normal,
2015-10-02 10:00:00,-7.2,979.1,61.3,298.0,83.0,0,Normal,
2015-10-02 11:00:00,-7.3,978.9,61.9,298.0,84.0,0,Normal,
2015-10-02 12:00:00,-7.1,978.7,60.1,300.0,82.0,0,Normal,
2015-10-02 13:00:00,-7.4,977.7,33.7,278.0,74.0,0,Normal,
2015-10-02 14:00:00,-8.3,977.2,61.9,298.0,82.0,0,Normal,
2015-10-02 15:00:00,-9.0,978.6,63.3,298.0,82.0,0,Normal,
2015-10-02 16:00:00,-8.9,977.8,63.9,298.0,83.0,0,Normal,
2015-10-02 17:00:00,-9.0,978.0,62.4,301.0,79.0,0,Normal,
2015-10-02 18:00:00,-8.9,977.8,51.7,290.0,74.0,0,Normal,
2015-10-02 19:00:00,-8.6,977.1,62.0,298.0,72.0,0,Normal,
2015-10-02 20:00:00,-8.3,976.2,61.2,298.0,73.0,0,Normal,
2015-10-02 21:00:00,-8.7,975.4,61.9,298.0,90.0,0,Normal,
2015-10-02 22:00:00,-8.4,975.5,62.6,301.0,89.0,0,Normal,
2015-10-02 23:00:00,-8.1,975.6,62.5,298.0,89.0,0,Normal,
2015-10-03 00:00:00,-7.8,976.1,63.2,298.0,83.0,0,Normal,
2015-10-03 01:00:00,-7.7,976.5,63.9,298.0,82.0,0,Normal,
2015-10-03 02:00:00,-7.5,976.1,63.9,298.0,73.0,0,Normal,
2015-10-03 03:00:00,-7.4,976.8,63.3,301.0,70.0,0,Normal,
2015-10-03 04:00:00,-6.9,976.8,62.6,298.0,62.0,0,Normal,
2015-10-03 05:00:00,-6.5,976.8,61.4,298.0,57.0,0,Normal,
2015-10-03 06:00:00,-6.1,976.5,61.3,298.0,54.0,0,Normal,
2015-10-03 07:00:00,-6.0,976.8,62.6,298.0,53.0,0,Normal,
2015-10-03 08:00:00,-5.7,976.2,61.9,301.0,52.0,0,Normal,
2015-10-03 09:00:00,-6.0,977.1,61.9,298.0,65.0,0,Normal,
2015-10-03 10:00:00,-5.2,975.6,63.3,298.0,49.0,0,Normal,
2015-10-03 11:00:00,-5.1,974.3,63.9,298.0,52.0,0,Normal,
2015-10-03 12:00:00,-5.1,973.8,64.2,298.0,59.0,0,Normal,
2015-10-03 13:00:00,-4.9,972.7,62.6,301.0,59.0,0,Normal,
2015-10-03 14:00:00,-3.8,971.1,29.6,293.0,49.0,0,Normal,
2015-10-03 15:00:00,-3.6,969.5,63.3,298.0,56.0,0,Normal,
2015-10-03 16:00:00,-4.1,968.4,63.3,298.0,60.0,0,Normal,
2015-10-03 17:00:00,-4.1,967.5,62.6,298.0,59.0,0,Normal,
2015-10-03 18:00:00,-4.4,967.0,61.3,298.0,68.0,0,Normal,
2015-10-03 19:00:00,-5.0,967.1,61.3,298.0,72.0,0,Normal,
2015-10-03 20:00:00,-4.9,967.1,61.9,298.0,64.0,0,Normal,
2015-10-03 21:00:00,-5.0,967.0,62.6,301.0,66.0,0,Normal,
2015-10-03 22:00:00,-5.0,966.3,61.6,299.0,63.0,0,Normal,
2015-10-03 23:00:00,-5.5,966.0,63.3,298.0,67.0,0,Normal,
2015-10-04 00:00:00,-5.4,965.9,63.9,298.0,66.0,0,Normal,
2015-10-04 01:00:00,-5.1,966.2,64.9,298.0,58.0,0,Normal,
2015-10-04 02:00:00,-6.0,966.8,43.7,303.0,78.0,0,Normal,
2015-10-04 03:00:00,-5.6,967.1,62.6,298.0,73.0,0,Normal,
2015-10-04 04:00:00,-5.8,967.6,61.3,298.0,79.0,0,Normal,
2015-10-04 05:00:00,-5.9,967.9,61.3,298.0,83.0,0,Normal,
2015-10-04 06:00:00,-5.8,968.8,68.4,299.0,87.0,0,Normal,
2015-10-04 07:00:00,-5.8,969.6,22.5,315.0,90.0,0,Normal,
2015-10-04 08:00:00,-5.7,970.1,61.9,298.0,91.0,0,Normal,
2015-10-04 09:00:00,-5.7,970.7,62.6,298.0,91.0,0,Normal,
2015-10-04 10:00:00,-5.8,972.2,63.9,298.0,92.0,0,Normal,
2015-10-04 11:00:00,-5.9,972.6,63.3,301.0,92.0,0,Normal,
2015-10-04 12:00:00,-5.9,972.7,63.3,298.0,92.0,0,Normal,
2015-10-04 13:00:00,-6.1,973.3,62.0,298.0,89.0,0,Normal,
2015-10-04 14:00:00,-6.1,972.9,61.9,298.0,87.0,0,Normal,
2015-10-04 15:00:00,-6.0,973.4,61.3,298.0,86.0,0,Normal,
2015-10-04 16:00:00,-6.3,973.4,62.0,301.0,82.0,0,Normal,
2015-10-04 17:00:00,-6.1,973.6,61.9,298.0,77.0,0,Normal,
2015-10-04 18:00:00,-6.3,973.6,63.9,298.0,73.0,0,Normal,
2015-10-04 19:00:00,-6.7,973.8,63.3,298.0,75.0,0,Normal,
2015-10-04 20:00:00,-7.3,973.1,63.3,298.0,88.0,0,Normal,
2015-10-04 21:00:00,-7.4,974.0,62.6,301.0,90.0,0,Normal,
2015-10-04 22:00:00,-7.9,974.8,63.3,298.0,91.0,0,Normal,
2015-10-04 23:00:00,-7.9,976.2,61.9,298.0,90.0,0,Normal,
2015-10-05 00:00:00,-8.1,976.1,61.3,298.0,88.0,0,Normal,
2015-10-05 01:00:00,-7.6,975.5,58.2,300.0,82.0,0,Normal,
2015-10-05 02:00:00,-8.0,975.7,47.9,286.0,81.0,0,Normal,
2015-10-05 03:00:00,-7.7,976.3,62.6,298.0,67.0,0,Normal,
2015-10-05 04:00:00,-7.6,977.1,63.6,298.0,63.0,0,Normal,
2015-10-05 05:00:00,-7.8,977.3,63.3,298.0,63.0,0,Normal,
2015-10-05 06:00:00,-7.6,977.2,63.2,301.0,61.0,0,Normal,
2015-10-05 07:00:00,-7.5,976.9,63.3,298.0,56.0,0,Normal,
2015-10-05 08:00:00,-7.3,976.5,61.3,298.0,56.0,0,Normal,
2015-10-05 09:00:00,-7.2,976.2,61.3,298.0,56.0,0,Normal,
2015-10-05 10:00:00,-7.1,976.1,61.3,298.0,56.0,0,Normal,
2015-10-05 11:00:00,-7.0,976.1,61.9,301.0,60.0,0,Normal,
2015-10-05 12:00:00,-7.1,976.2,61.9,298.0,59.0,0,Normal,
2015-10-05 13:00:00,-7.2,976.3,63.3,298.0,59.0,0,Normal,
2015-10-05 14:00:00,-7.5,975.8,63.9,298.0,58.0,0,Normal,
2015-10-05 15:00:00,-7.5,975.6,64.1,298.0,59.0,0,Normal,
2015-10-05 16:00:00,-7.6,975.6,46.9,315.0,57.0,0,Normal,
2015-10-05 17:00:00,-7.9,975.6,62.6,298.0,58.0,0,Normal,
2015-10-05 18:00:00,-8.2,975.9,61.3,298.0,59.0,0,Normal,
2015-10-05 19:00:00,-8.2,976.1,61.9,298.0,56.0,0,Normal,
2015-10-05 20:00:00,-8.3,976.7,62.0,301.0,55.0,0,Normal,
2015-10-05 21:00:00,-8.5,977.4,29.8,281.0,54.0,0,Normal,
2015-10-05 22:00:00,-9.0,977.9,62.8,298.0,60.0,0,Normal,
2015-10-05 23:00:00,-8.8,978.5,62.3,297.0,56.0,0,Normal,
2015-10-06 00:00:00,-9.0,978.1,63.9,298.0,56.0,0,Normal,
2015-10-06 01:00:00,-9.3,978.5,63.2,301.0,58.0,0,Normal,
2015-10-06 02:00:00,-9.6,978.2,63.2,298.0,55.0,0,Normal,
2015-10-06 03:00:00,-9.9,977.3,61.9,298.0,55.0,0,Normal,
2015-10-06 04:00:00,-10.1,977.2,61.3,298.0,62.0,0,Normal,
2015-10-06 05:00:00,-9.6,976.7,61.9,298.0,61.0,0,Normal,
2015-10-06 06:00:00,-9.1,977.0,61.9,301.0,53.0,0,Normal,
2015-10-06 07:00:00,-9.1,977.4,61.9,298.0,59.0,0,Normal,
2015-10-06 08:00:00,-7.5,976.8,63.9,298.0,43.0,0,Normal,
2015-10-06 09:00:00,-7.0,976.6,62.6,298.0,46.0,0,Normal,
2015-10-06 10:00:00,-6.2,976.8,67.9,299.0,40.0,0,Normal,
2015-10-06 11:00:00,-6.2,976.5,58.9,297.0,47.0,0,Normal,
2015-10-06 12:00:00,-6.0,976.4,63.3,298.0,51.0,0,Normal,
2015-10-06 13:00:00,-5.8,975.8,61.9,298.0,49.0,0,Normal,
2015-10-06 14:00:00,-5.4,975.0,61.9,298.0,48.0,0,Normal,
2015-10-06 15:00:00,-5.4,974.5,63.1,300.0,43.0,0,Normal,
2015-10-06 16:00:00,-5.2,974.2,22.6,274.0,41.0,0,Normal,
2015-10-06 17:00:00,-5.7,974.5,62.6,298.0,48.0,0,Normal,
2015-10-06 18:00:00,-6.1,974.1,63.3,298.0,54.0,0,Normal,
2015-10-06 19:00:00,-5.3,974.1,63.9,298.0,45.0,0,Normal,
2015-10-06 20:00:00,-6.2,975.0,62.6,301.0,58.0,0,Normal,
2015-10-06 21:00:00,-6.3,974.4,63.3,298.0,61.0,0,Normal,
2015-10-06 22:00:00,-6.2,975.4,61.3,298.0,54.0,0,Normal,
2015-10-06 23:00:00,-6.8,975.7,61.9,298.0,62.0,0,Normal,
2015-10-07 00:00:00,-7.3,975.4,61.9,298.0,66.0,0,Normal,
2015-10-07 01:00:00,-7.7,976.3,61.9,301.0,66.0,0,Normal,
2015-10-07 02:00:00,-7.9,976.4,61.9,298.0,63.0,0,Normal,
2015-10-07 03:00:00,-7.9,976.7,62.6,298.0,66.0,0,Normal,
2015-10-07 04:00:00,-7.7,976.2,63.3,298.0,62.0,0,Normal,
2015-10-07 05:00:00,-7.3,975.9,63.2,298.0,59.0,0,Normal,
2015-10-07 06:00:00,-6.6,975.6,52.0,296.0,53.0,0,Normal,
2015-10-07 07:00:00,-5.4,975.4,63.3,298.0,48.0,0,Normal,
2015-10-07 08:00:00,-4.2,974.5,61.9,298.0,45.0,0,Normal,
2015-10-07 09:00:00,-3.2,973.5,61.3,298.0,44.0,0,Normal,
2015-10-07 10:00:00,-2.2,972.5,61.9,298.0,41.0,0,Normal,
2015-10-07 11:00:00,-2.1,971.8,61.2,298.0,41.0,0,Normal,
2015-10-07 12:00:00,-1.9,970.8,61.9,298.0,43.0,0,Normal,
2015-10-07 13:00:00,-1.6,970.3,61.9,298.0,42.0,0,Normal,
2015-10-07 14:00:00,-1.4,969.7,62.6,298.0,40.0,0,Normal,
2015-10-07 15:00:00,-1.4,969.6,61.9,298.0,43.0,0,Normal,
2015-10-07 16:00:00,-1.2,969.5,70.6,299.0,41.0,0,Normal,
2015-10-07 17:00:00,-2.1,969.3,63.7,300.0,42.0,0,Normal,
2015-10-07 18:00:00,-2.2,969.6,62.6,301.0,39.0,0,Normal,
2015-10-07 19:00:00,-2.4,970.1,61.9,301.0,44.0,0,Normal,
2015-10-07 20:00:00,-3.0,970.5,57.7,309.0,44.0,0,Normal,
2015-10-07 21:00:00,-3.6,970.8,61.9,298.0,43.0,0,Normal,
2015-10-07 22:00:00,-3.6,970.8,62.6,298.0,40.0,0,Normal,
2015-10-07 23:00:00,-4.4,971.9,61.9,298.0,44.0,0,Normal,
2015-10-08 00:00:00,-4.6,972.2,63.9,298.0,37.0,0,Normal,
2015-10-08 01:00:00,-4.7,972.5,63.9,298.0,37.0,0,Normal,
2015-10-08 02:00:00,-5.7,973.0,63.7,300.0,40.0,0,Normal,
2015-10-08 03:00:00,-5.7,973.4,62.8,297.0,35.0,0,Normal,
2015-10-08 04:00:00,-6.3,974.0,61.9,298.0,39.0,0,Normal,
2015-10-08 05:00:00,-6.2,974.4,61.2,298.0,37.0,0,Normal,
2015-10-08 06:00:00,-6.2,974.8,61.3,298.0,37.0,0,Normal,
2015-10-08 07:00:00,-6.0,975.1,63.4,299.0,37.0,0,Normal,
2015-10-08 08:00:00,-5.0,975.0,12.5,330.0,39.0,0,Normal,
2015-10-08 09:00:00,-5.0,975.0,61.9,298.0,41.0,0,Normal,
2015-10-08 10:00:00,-4.5,974.7,62.6,298.0,35.0,0,Normal,
2015-10-08 11:00:00,-4.5,974.6,62.6,298.0,39.0,0,Normal,
2015-10-08 12:00:00,-4.4,974.3,63.9,298.0,35.0,0,Normal,
2015-10-08 13:00:00,-4.7,974.3,63.3,298.0,33.0,0,Normal,
2015-10-08 14:00:00,-5.1,973.9,63.9,298.0,37.0,0,Normal,
2015-10-08 15:00:00,-5.6,974.2,63.3,298.0,36.0,0,Normal,
2015-10-08 16:00:00,-5.6,974.0,61.6,298.0,30.0,0,Normal,
2015-10-08 17:00:00,-6.0,974.0,47.8,295.0,66.0,0,Normal,
2015-10-08 18:00:00,-5.8,974.1,63.3,298.0,42.0,0,Normal,
2015-10-08 19:00:00,-6.1,974.0,61.3,298.0,40.0,0,Normal,
2015-10-08 20:00:00,-6.5,974.3,61.3,298.0,44.0,0,Normal,
2015-10-08 21:00:00,-6.3,974.2,62.1,298.0,38.0,0,Normal,
2015-10-08 22:00:00,-5.6,973.9,25.9,311.0,40.0,0,Normal,
2015-10-08 23:00:00,-6.0,974.3,62.6,298.0,38.0,0,Normal,
2015-10-09 00:00:00,-6.0,974.2,63.9,298.0,34.0,0,Normal,
2015-10-09 01:00:00,-6.5,974.9,63.9,298.0,32.0,0,Normal,
2015-10-09 02:00:00,-6.8,974.3,63.2,301.0,38.0,0,Normal,
2015-10-09 03:00:00,-7.1,974.2,62.3,297.0,39.0,0,Normal,
2015-10-09 04:00:00,-7.1,974.5,62.2,298.0,40.0,0,Normal,
2015-10-09 05:00:00,-6.8,974.6,61.3,298.0,38.0,0,Normal,
2015-10-09 06:00:00,-6.8,974.8,61.3,298.0,39.0,0,Normal,
2015-10-09 07:00:00,-6.5,974.4,61.9,301.0,37.0,0,Normal,
2015-10-09 08:00:00,-6.4,974.3,62.6,298.0,39.0,0,Normal,
2015-10-09 09:00:00,-6.2,974.2,62.9,298.0,38.0,0,Normal,
2015-10-09 10:00:00,-6.0,973.9,63.9,298.0,39.0,0,Normal,
2015-10-09 11:00:00,-5.3,973.6,63.3,298.0,39.0,0,Normal,
2015-10-09 12:00:00,-5.3,973.2,62.8,299.0,37.0,0,Normal,
2015-10-09 13:00:00,-4.2,972.7,63.3,298.0,31.0,0,Normal,
2015-10-09 14:00:00,-4.5,972.7,63.9,298.0,38.0,0,Normal,
2015-10-09 15:00:00,-4.9,972.8,63.9,298.0,35.0,0,Normal,
2015-10-09 16:00:00,-6.2,972.8,62.3,299.0,43.0,0,Normal,
2015-10-09 17:00:00,-6.9,972.4,47.0,297.0,48.0,0,Normal,
2015-10-09 18:00:00,-7.0,972.7,62.6,298.0,37.0,0,Normal,
2015-10-09 19:00:00,-7.4,972.8,61.9,298.0,38.0,0,Normal,
2015-10-09 20:00:00,-7.8,973.0,61.9,298.0,40.0,0,Normal,
2015-10-09 21:00:00,-8.3,973.3,68.1,299.0,40.0,0,Normal,
2015-10-09 22:00:00,-8.9,973.8,38.0,310.0,44.0,0,Normal,
2015-10-09 23:00:00,-9.6,974.0,63.2,298.0,44.0,0,Normal,
2015-10-10 00:00:00,-9.3,974.5,61.3,298.0,34.0,0,Normal,
2015-10-10 01:00:00,-10.0,974.4,61.9,298.0,36.0,0,Normal,
2015-10-10 02:00:00,-10.8,974.4,66.0,299.0,41.0,0,Normal,
2015-10-10 03:00:00,-11.4,974.8,23.0,319.0,39.0,0,Normal,
2015-10-10 04:00:00,-12.1,974.9,62.6,298.0,38.0,0,Normal,
2015-10-10 05:00:00,-12.6,975.6,62.6,298.0,44.0,0,Normal,
2015-10-10 06:00:00,-12.7,975.6,63.9,298.0,43.0,0,Normal,
2015-10-10 07:00:00,-12.2,976.0,63.0,300.0,37.0,0,Normal,
2015-10-10 08:00:00,-13.3,976.8,61.1,302.0,39.0,0,Normal,
2015-10-10 09:00:00,-13.2,977.0,62.5,298.0,43.0,0,Normal,
2015-10-10 10:00:00,-13.3,977.6,61.2,298.0,44.0,0,Normal,
2015-10-10 11:00:00,-13.1,977.2,61.9,298.0,47.0,0,Normal,
2015-10-10 12:00:00,-12.5,976.6,61.9,300.0,46.0,0,Normal,
2015-10-10 13:00:00,-13.0,976.9,64.3,299.0,49.0,0,Normal,
2015-10-10 14:00:00,-13.5,977.0,54.6,298.0,52.0,0,Normal,
2015-10-10 15:00:00,-14.1,976.9,63.2,298.0,55.0,0,Normal,
2015-10-10 16:00:00,-14.1,976.9,63.2,298.0,51.0,0,Normal,
2015-10-10 17:00:00,-15.0,976.8,63.2,300.0,60.0,0,Normal,
2015-10-10 18:00:00,-15.2,977.0,61.9,298.0,49.0,0,Normal,
2015-10-10 19:00:00,-15.2,977.0,61.3,298.0,49.0,0,Normal,
2015-10-10 20:00:00,-15.9,976.6,61.3,298.0,52.0,0,Normal,
2015-10-10 21:00:00,-16.6,976.5,59.9,298.0,51.0,0,Normal,
2015-10-10 22:00:00,-15.5,976.1,37.4,312.0,47.0,0,Normal,
2015-10-10 23:00:00,-15.1,976.2,62.6,299.0,41.0,0,Normal,
2015-10-11 00:00:00,-5.2,980.0,70.9,299.0,94.0,0,Normal,
2015-10-11 01:00:00,-4.9,979.2,46.9,294.0,95.0,0,Normal,
2015-10-11 02:00:00,-4.5,978.6,62.6,298.0,97.0,0,Normal,
2015-10-11 03:00:00,-4.4,978.0,63.8,298.0,97.0,0,Normal,
2015-10-11 04:00:00,-4.1,977.3,62.6,298.0,98.0,0,Normal,
2015-10-11 05:00:00,-4.0,975.9,63.9,298.0,98.0,0,Normal,
2015-10-11 06:00:00,-3.6,975.5,63.9,298.0,99.0,0,Normal,
2015-10-11 07:00:00,-3.6,975.3,63.3,298.0,99.0,0,Normal,
2015-10-11 08:00:00,-3.5,974.2,63.3,298.0,99.0,0,Normal,
2015-10-11 09:00:00,-3.7,974.2,63.3,298.0,98.0,0,Normal,
2015-10-11 10:00:00,-3.8,974.0,63.9,298.0,98.0,0,Normal,
2015-10-11 11:00:00,-3.8,973.7,63.9,298.0,97.0,0,Normal,
2015-10-11 12:00:00,-4.1,973.4,63.0,299.0,97.0,0,Normal,
2015-10-11 13:00:00,-4.1,973.0,62.8,299.0,97.0,0,Normal,
2015-10-11 14:00:00,-4.4,973.5,63.3,301.0,97.0,0,Normal,
2015-10-11 15:00:00,-4.8,973.5,59.2,297.0,96.0,0,Normal,
2015-10-11 16:00:00,-5.0,973.7,62.2,298.0,96.0,0,Normal,
2015-10-11 17:00:00,-5.1,974.1,61.9,298.0,96.0,0,Normal,
2015-10-11 18:00:00,-5.2,974.9,61.9,298.0,96.0,0,Normal,
2015-10-11 19:00:00,-5.3,975.6,61.3,298.0,95.0,0,Normal,
2015-10-11 20:00:00,-5.4,975.9,61.9,301.0,95.0,0,Normal,
2015-10-11 21:00:00,-5.3,976.5,61.9,298.0,95.0,0,Normal,
2015-10-11 22:00:00,-5.2,976.9,63.3,298.0,94.0,0,Normal,
2015-10-11 23:00:00,-5.5,976.9,63.3,298.0,93.0,0,Normal,
2015-10-12 00:00:00,-3.0,963.4,16.8,135.0,45.0,0,Normal,
2015-10-12 01:00:00,-2.5,962.8,13.5,128.0,38.0,0,Normal,
2015-10-12 02:00:00,-3.1,962.3,15.7,173.0,41.0,0,Normal,
2015-10-12 03:00:00,-3.4,961.9,19.7,175.0,40.0,0,Normal,
2015-10-12 04:00:00,-2.8,961.8,19.3,161.0,41.0,0,Normal,
2015-10-12 05:00:00,-2.5,961.4,21.4,160.0,42.0,0,Normal,
2015-10-12 06:00:00,-1.7,961.2,20.1,154.0,42.0,0,Normal,
2015-10-12 07:00:00,-1.1,960.6,20.6,161.0,39.0,0,Normal,
2015-10-12 08:00:00,-0.5,960.5,20.8,150.0,39.0,0,Normal,
2015-10-12 09:00:00,0.9,960.2,15.7,137.0,38.0,0,Normal,
2015-10-12 10:00:00,1.4,959.8,17.1,147.0,33.0,0,Normal,
2015-10-12 11:00:00,2.1,959.1,15.5,134.0,26.0,0,Normal,
2015-10-12 12:00:00,2.3,958.6,10.4,127.0,21.0,0,Normal,
2015-10-12 13:00:00,2.0,958.0,8.0,165.0,24.0,0,Normal,
2015-10-12 14:00:00,2.1,957.6,8.7,198.0,25.0,0,Normal,
2015-10-12 15:00:00,1.7,957.3,12.5,327.0,39.0,0,Normal,
2015-10-12 16:00:00,1.8,956.6,13.2,328.0,46.0,0,Normal,
2015-10-12 17:00:00,0.8,956.6,13.0,355.0,58.0,0,Normal,
2015-10-12 18:00:00,0.1,957.0,7.3,95.0,58.0,0,Normal,
2015-10-12 19:00:00,-0.2,956.8,1.6,125.0,46.0,0,Normal,
2015-10-12 20:00:00,-0.4,956.6,11.6,184.0,55.0,0,Normal,
2015-10-12 21:00:00,-1.2,956.3,14.0,189.0,54.0,0,Normal,
2015-10-12 22:00:00,-2.7,956.2,19.2,184.0,56.0,0,Normal,
2015-10-12 23:00:00,-2.1,956.1,15.7,181.0,48.0,0,Normal,
2015-10-13 00:00:00,-10.6,961.4,63.9,298.0,36.0,0,Normal,
2015-10-13 01:00:00,-10.3,961.2,62.4,298.0,39.0,0,Normal,
2015-10-13 02:00:00,-9.3,961.9,55.0,293.0,37.0,0,Normal,
2015-10-13 03:00:00,-9.7,961.6,61.9,302.0,46.0,0,Normal,
2015-10-13 04:00:00,-9.0,961.8,62.6,298.0,41.0,0,Normal,
2015-10-13 05:00:00,-8.9,961.6,61.9,298.0,41.0,0,Normal,
2015-10-13 06:00:00,-8.8,961.7,61.9,298.0,43.0,0,Normal,
2015-10-13 07:00:00,-8.4,961.8,61.9,299.0,40.0,0,Normal,
2015-10-13 08:00:00,-7.0,962.0,48.4,302.0,40.0,0,Normal,
2015-10-13 09:00:00,-6.5,962.1,62.6,298.0,44.0,0,Normal,
2015-10-13 10:00:00,-6.3,961.7,62.8,298.0,41.0,0,Normal,
2015-10-13 11:00:00,-5.8,961.6,63.2,298.0,41.0,0,Normal,
2015-10-13 12:00:00,-4.9,961.9,62.6,298.0,43.0,0,Normal,
2015-10-13 13:00:00,-5.4,961.9,62.6,298.0,43.0,0,Normal,
2015-10-13 14:00:00,-5.9,961.9,62.6,298.0,49.0,0,Normal,
2015-10-13 15:00:00,-5.9,962.2,78.9,299.0,46.0,0,Normal,
2015-10-13 16:00:00,-5.9,962.1,48.9,313.0,46.0,0,Normal,
2015-10-13 17:00:00,-6.1,961.9,62.6,298.0,49.0,0,Normal,
2015-10-13 18:00:00,-6.2,961.7,61.9,298.0,48.0,0,Normal,
2015-10-13 19:00:00,-6.5,962.0,61.3,298.0,49.0,0,Normal,
2015-10-13 20:00:00,-7.1,962.3,62.0,299.0,60.0,0,Normal,
2015-10-13 21:00:00,-7.4,962.3,50.0,317.0,69.0,0,Normal,
2015-10-13 22:00:00,-7.5,962.6,62.6,298.0,67.0,0,Normal,
2015-10-13 23:00:00,-7.3,962.8,63.9,298.0,70.0,0,Normal,
2015-10-14 00:00:00,-7.2,963.0,63.9,298.0,68.0,0,Normal,
2015-10-14 01:00:00,-7.0,962.8,65.1,299.0,63.0,0,Normal,
2015-10-14 02:00:00,-5.9,962.6,63.3,301.0,50.0,0,Normal,
2015-10-14 03:00:00,-5.7,963.3,63.3,298.0,48.0,0,Normal,
2015-10-14 04:00:00,-5.6,963.4,61.3,298.0,45.0,0,Normal,
2015-10-14 05:00:00,-5.2,963.3,61.3,298.0,41.0,0,Normal,
2015-10-14 06:00:00,-4.9,964.1,66.5,299.0,42.0,0,Normal,
2015-10-14 07:00:00,-5.0,964.0,61.9,301.0,41.0,0,Normal,
2015-10-14 08:00:00,-5.1,964.0,62.6,301.0,47.0,0,Normal,
2015-10-14 09:00:00,-4.8,964.4,60.3,295.0,48.0,0,Normal,
2015-10-14 10:00:00,-3.4,964.2,61.9,298.0,45.0,0,Normal,
2015-10-14 11:00:00,-3.6,964.4,62.6,298.0,40.0,0,Normal,
2015-10-14 12:00:00,-3.4,964.3,61.9,298.0,46.0,0,Normal,
2015-10-14 13:00:00,-3.1,964.4,63.9,298.0,44.0,0,Normal,
2015-10-14 14:00:00,-2.3,964.4,63.9,298.0,41.0,0,Normal,
2015-10-14 15:00:00,-2.6,964.4,63.3,298.0,39.0,0,Normal,
2015-10-14 16:00:00,-3.5,964.7,63.2,299.0,44.0,0,Normal,
2015-10-14 17:00:00,-4.7,964.9,63.3,298.0,47.0,0,Normal,
2015-10-14 18:00:00,-5.3,964.8,63.3,298.0,47.0,0,Normal,
2015-10-14 19:00:00,-7.3,965.0,63.3,298.0,51.0,0,Normal,
2015-10-14 20:00:00,-8.5,965.4,62.8,301.0,53.0,0,Normal,
2015-10-14 21:00:00,-8.6,965.4,62.6,298.0,50.0,0,Normal,
2015-10-14 22:00:00,-8.2,965.6,61.9,298.0,39.0,0,Normal,
2015-10-14 23:00:00,-9.5,965.8,62.6,298.0,46.0,0,Normal,
2015-10-15 00:00:00,-8.5,965.8,63.4,298.0,39.0,0,Normal,
2015-10-15 01:00:00,-8.6,966.1,61.9,301.0,43.0,0,Normal,
2015-10-15 02:00:00,-8.9,966.3,62.6,298.0,44.0,0,Normal,
2015-10-15 03:00:00,-9.4,966.4,62.6,298.0,45.0,0,Normal,
2015-10-15 04:00:00,-9.1,966.5,62.6,298.0,46.0,0,Normal,
2015-10-15 05:00:00,-9.1,966.8,67.0,299.0,45.0,0,Normal,
2015-10-15 06:00:00,-9.1,967.1,42.0,317.0,47.0,0,Normal,
2015-10-15 07:00:00,-8.3,967.6,62.6,298.0,45.0,0,Normal,
2015-10-15 08:00:00,-7.1,968.2,61.3,298.0,43.0,0,Normal,
2015-10-15 09:00:00,-6.1,968.6,61.9,298.0,42.0,0,Normal,
2015-10-15 10:00:00,-5.4,968.5,61.3,298.0,44.0,0,Normal,
2015-10-15 11:00:00,-5.3,968.5,61.9,298.0,45.0,0,Normal,
2015-10-15 12:00:00,-4.5,968.6,61.3,298.0,43.0,0,Normal,
2015-10-15 13:00:00,-4.1,968.6,61.3,298.0,41.0,0,Normal,
2015-10-15 14:00:00,-3.7,968.4,56.2,299.0,39.0,0,Normal,
2015-10-15 15:00:00,-4.8,968.3,61.9,301.0,50.0,0,Normal,
2015-10-15 16:00:00,-5.7,968.6,61.4,300.0,50.0,0,Normal,
2015-10-15 17:00:00,-7.4,968.7,44.0,279.0,55.0,0,Normal,
2015-10-15 18:00:00,-8.9,968.7,62.6,298.0,54.0,0,Normal,
2015-10-15 19:00:00,-9.3,969.0,62.8,298.0,57.0,0,Normal,
2015-10-15 20:00:00,-10.3,969.6,63.2,298.0,59.0,0,Normal,
2015-10-15 21:00:00,-10.9,969.7,62.0,300.0,60.0,0,Normal,
2015-10-15 22:00:00,-10.9,969.9,61.9,295.0,56.0,0,Normal,
2015-10-15 23:00:00,-12.2,970.2,62.6,298.0,53.0,0,Normal,
2015-10-16 00:00:00,-12.6,970.1,61.2,298.0,52.0,0,Normal,
2015-10-16 01:00:00,-13.5,969.9,62.6,298.0,53.0,0,Normal,
2015-10-16 02:00:00,-13.4,970.2,62.6,301.0,51.0,0,Normal,
2015-10-16 03:00:00,-13.9,970.0,61.9,298.0,53.0,0,Normal,
2015-10-16 04:00:00,-14.0,969.9,63.8,298.0,53.0,0,Normal,
2015-10-16 05:00:00,-13.6,970.0,63.2,298.0,53.0,0,Normal,
2015-10-16 06:00:00,-13.0,970.3,63.3,298.0,55.0,0,Normal,
2015-10-16 07:00:00,-11.1,970.8,62.9,301.0,49.0,0,Normal,
2015-10-16 08:00:00,-11.0,970.9,45.9,282.0,51.0,0,Normal,
2015-10-16 09:00:00,-10.8,971.3,63.3,298.0,49.0,0,Normal,
2015-10-16 10:00:00,-9.4,971.4,61.3,298.0,49.0,0,Normal,
2015-10-16 11:00:00,-8.3,970.9,61.3,298.0,41.0,0,Normal,
2015-10-16 12:00:00,-7.6,970.9,61.3,298.0,42.0,0,Normal,
2015-10-16 13:00:00,-8.0,971.0,61.9,298.0,43.0,0,Normal,
2015-10-16 14:00:00,-8.4,971.1,62.6,298.0,47.0,0,Normal,
2015-10-16 15:00:00,-7.7,971.1,62.0,301.0,46.0,0,Normal,
2015-10-16 16:00:00,-8.2,971.2,61.9,298.0,44.0,0,Normal,
2015-10-16 17:00:00,-8.5,971.5,63.9,298.0,43.0,0,Normal,
2015-10-16 18:00:00,-9.1,971.6,63.9,298.0,47.0,0,Normal,
2015-10-16 19:00:00,-9.3,972.3,63.2,298.0,47.0,0,Normal,
2015-10-16 20:00:00,-10.0,973.1,62.9,302.0,66.0,0,Normal,
2015-10-16 21:00:00,-10.3,973.4,63.2,298.0,72.0,0,Normal,
2015-10-16 22:00:00,-10.5,973.6,61.9,298.0,77.0,0,Normal,
2015-10-16 23:00:00,-10.3,974.1,62.6,298.0,76.0,0,Normal,
2015-10-17 00:00:00,-10.2,974.6,61.7,299.0,76.0,0,Normal,
2015-10-17 01:00:00,-10.2,974.9,21.0,307.0,80.0,0,Normal,
2015-10-17 02:00:00,-10.1,975.2,62.6,298.0,79.0,0,Normal,
2015-10-17 03:00:00,-9.9,975.4,61.7,299.0,78.0,0,Normal,
2015-10-17 04:00:00,-9.7,975.8,63.4,298.0,78.0,0,Normal,
2015-10-17 05:00:00,-9.6,976.3,63.2,301.0,79.0,0,Normal,
2015-10-17 06:00:00,-9.3,976.8,63.2,298.0,76.0,0,Normal,
2015-10-17 07:00:00,-9.0,977.6,61.3,298.0,75.0,0,Normal,
2015-10-17 08:00:00,-8.9,977.9,61.3,298.0,75.0,0,Normal,
2015-10-17 09:00:00,-8.7,978.3,61.3,298.0,75.0,0,Normal,
2015-10-17 10:00:00,-8.6,978.5,62.6,301.0,73.0,0,Normal,
2015-10-17 11:00:00,-8.3,978.5,62.6,298.0,73.0,0,Normal,
2015-10-17 12:00:00,-8.0,978.2,63.9,298.0,70.0,0,Normal,
2015-10-17 13:00:00,-7.5,978.0,63.3,298.0,68.0,0,Normal,
2015-10-17 14:00:00,-7.3,977.5,65.6,299.0,67.0,0,Normal,
2015-10-17 15:00:00,-7.2,977.3,50.5,316.0,67.0,0,Normal,
2015-10-17 16:00:00,-7.3,977.6,63.3,298.0,61.0,0,Normal,
2015-10-17 17:00:00,-7.8,977.6,61.9,298.0,57.0,0,Normal,
2015-10-17 18:00:00,-8.0,977.8,61.9,298.0,58.0,0,Normal,
2015-10-17 19:00:00,-7.9,977.9,61.0,300.0,54.0,0,Normal,
2015-10-17 20:00:00,-7.4,977.8,61.9,298.0,52.0,0,Normal,
2015-10-17 21:00:00,-7.6,977.6,62.1,298.0,63.0,0,Normal,
2015-10-17 22:00:00,-7.5,977.2,63.2,298.0,52.0,0,Normal,
2015-10-17 23:00:00,-7.1,976.5,61.9,298.0,49.0,0,Normal,
2015-10-18 00:00:00,-7.3,975.9,63.2,301.0,54.0,0,Normal,
2015-10-18 01:00:00,-7.2,975.3,62.6,298.0,53.0,0,Normal,
2015-10-18 02:00:00,-6.9,975.0,62.6,298.0,50.0,0,Normal,
2015-10-18 03:00:00,-6.8,974.9,61.3,298.0,51.0,0,Normal,
2015-10-18 04:00:00,-6.8,974.6,61.9,298.0,50.0,0,Normal,
2015-10-18 05:00:00,-6.4,974.6,62.6,301.0,46.0,0,Normal,
2015-10-18 06:00:00,-5.9,975.0,61.9,298.0,44.0,0,Normal,
2015-10-18 07:00:00,-5.0,975.4,63.8,298.0,39.0,0,Normal,
2015-10-18 08:00:00,-4.1,975.5,63.3,298.0,36.0,0,Normal,
2015-10-18 09:00:00,-3.6,975.4,63.3,298.0,38.0,0,Normal,
2015-10-18 10:00:00,-2.9,975.3,62.8,298.0,43.0,0,Normal,
2015-10-18 11:00:00,-3.1,975.4,63.3,298.0,40.0,0,Normal,
2015-10-18 12:00:00,-2.3,975.4,63.3,298.0,35.0,0,Normal,
2015-10-18 13:00:00,-1.9,975.4,63.3,298.0,39.0,0,Normal,
2015-10-18 14:00:00,-3.3,975.3,62.6,298.0,50.0,0,Normal,
2015-10-18 15:00:00,-3.0,975.7,63.3,298.0,37.0,0,Normal,
2015-10-18 16:00:00,-3.5,975.5,60.5,299.0,31.0,0,Normal,
2015-10-18 17:00:00,-4.6,975.7,62.6,301.0,42.0,0,Normal,
2015-10-18 18:00:00,-4.9,976.0,31.6,324.0,39.0,0,Normal,
2015-10-18 19:00:00,-5.5,976.3,62.6,298.0,40.0,0,Normal,
2015-10-18 20:00:00,-6.7,976.6,61.4,298.0,50.0,0,Normal,
2015-10-18 21:00:00,-7.2,976.8,61.9,298.0,50.0,0,Normal,
2015-10-18 22:00:00,-7.3,977.1,62.4,300.0,47.0,0,Normal,
2015-10-18 23:00:00,-8.3,977.3,55.2,287.0,53.0,0,Normal,
2015-10-19 00:00:00,-6.7,977.5,62.6,298.0,36.0,0,Normal,
2015-10-19 01:00:00,-7.9,977.8,63.9,298.0,43.0,0,Normal,
2015-10-19 02:00:00,-8.0,978.1,63.3,298.0,42.0,0,Normal,
2015-10-19 03:00:00,-7.8,978.2,68.4,300.0,37.0,0,Normal,
2015-10-19 04:00:00,-7.9,978.6,32.0,291.0,34.0,0,Normal,
2015-10-19 05:00:00,-8.5,978.7,62.6,298.0,38.0,0,Normal,
2015-10-19 06:00:00,-7.8,979.1,61.9,298.0,42.0,0,Normal,
2015-10-19 07:00:00,-7.9,979.4,61.3,298.0,48.0,0,Normal,
2015-10-19 08:00:00,-5.9,979.2,61.3,298.0,38.0,0,Normal,
2015-10-19 09:00:00,-6.0,979.3,61.3,298.0,37.0,0,Normal,
2015-10-19 10:00:00,-6.1,979.2,61.9,298.0,40.0,0,Normal,
2015-10-19 11:00:00,-7.5,979.5,61.9,298.0,45.0,0,Normal,
2015-10-19 12:00:00,-5.1,978.9,61.3,298.0,41.0,0,Normal,
2015-10-19 13:00:00,-5.5,979.2,61.3,298.0,41.0,0,Normal,
2015-10-19 14:00:00,-7.2,979.0,61.3,298.0,47.0,0,Normal,
2015-10-19 15:00:00,-7.8,979.0,60.7,298.0,44.0,0,Normal,
2015-10-19 16:00:00,-7.5,979.1,63.7,301.0,46.0,0,Normal,
2015-10-19 17:00:00,-9.0,979.1,62.6,301.0,54.0,0,Normal,
2015-10-19 18:00:00,-9.9,979.0,62.6,298.0,64.0,0,Normal,
2015-10-19 19:00:00,-10.6,979.1,62.6,298.0,60.0,0,Normal,
2015-10-19 20:00:00,-11.2,979.3,63.9,298.0,61.0,0,Normal,
2015-10-19 21:00:00,-11.8,979.4,67.1,299.0,61.0,0,Normal,
2015-10-19 22:00:00,-11.4,979.2,50.6,298.0,60.0,0,Normal,
2015-10-19 23:00:00,-11.3,979.2,62.6,298.0,57.0,0,Normal,
2015-10-20 00:00:00,-11.1,979.1,61.9,298.0,53.0,0,Normal,
2015-10-20 01:00:00,-10.0,979.0,61.3,298.0,47.0,0,Normal,
2015-10-20 02:00:00,-9.7,979.5,56.3,298.0,44.0,0,Normal,
2015-10-20 03:00:00,-9.9,979.4,55.8,303.0,41.0,0,Normal,
2015-10-20 04:00:00,-9.6,979.4,62.6,298.0,36.0,0,Normal,
2015-10-20 05:00:00,-10.6,979.1,63.2,298.0,45.0,0,Normal,
2015-10-20 06:00:00,-9.8,979.1,63.3,298.0,48.0,0,Normal,
2015-10-20 07:00:00,-8.5,978.8,63.3,298.0,41.0,0,Normal,
2015-10-20 08:00:00,-9.1,979.0,62.5,301.0,44.0,0,Normal,
2015-10-20 09:00:00,-8.5,978.9,63.3,301.0,46.0,0,Normal,
2015-10-20 10:00:00,-6.6,978.3,52.9,295.0,38.0,0,Normal,
2015-10-20 11:00:00,-5.5,978.0,56.0,290.0,38.0,0,Normal,
2015-10-20 12:00:00,-4.8,977.7,63.3,298.0,37.0,0,Normal,
2015-10-20 13:00:00,-4.9,977.5,62.6,298.0,39.0,0,Normal,
2015-10-20 14:00:00,-5.1,977.4,62.6,298.0,39.0,0,Normal,
2015-10-20 15:00:00,-6.1,977.2,62.6,298.0,39.0,0,Normal,
2015-10-20 16:00:00,-7.3,977.6,61.3,298.0,44.0,0,Normal,
2015-10-20 17:00:00,-7.8,977.8,61.3,298.0,51.0,0,Normal,
2015-10-20 18:00:00,-8.0,977.8,61.3,298.0,50.0,0,Normal,
2015-10-20 19:00:00,-9.1,977.6,61.3,298.0,49.0,0,Normal,
2015-10-20 20:00:00,-7.1,977.1,62.6,301.0,43.0,0,Normal,
2015-10-20 21:00:00,-7.1,977.1,61.9,298.0,39.0,0,Normal,
2015-10-20 22:00:00,-6.9,976.9,62.6,298.0,39.0,0,Normal,
2015-10-20 23:00:00,-6.9,976.7,63.3,298.0,32.0,0,Normal,
2015-10-21 00:00:00,-7.0,976.5,63.9,298.0,37.0,0,Normal,
2015-10-21 01:00:00,-7.7,976.8,62.6,301.0,38.0,0,Normal,
2015-10-21 02:00:00,-8.8,977.2,62.6,298.0,41.0,0,Normal,
2015-10-21 03:00:00,-8.0,976.5,61.9,298.0,37.0,0,Normal,
2015-10-21 04:00:00,-8.4,976.7,61.3,298.0,53.0,0,Normal,
2015-10-21 05:00:00,-7.8,976.7,68.5,299.0,47.0,0,Normal,
2015-10-21 06:00:00,-6.3,977.0,47.8,287.0,40.0,0,Normal,
2015-10-21 07:00:00,-4.4,976.6,61.9,298.0,36.0,0,Normal,
2015-10-21 08:00:00,-3.4,975.8,61.3,299.0,38.0,0,Normal,
2015-10-21 09:00:00,-2.7,976.1,62.0,298.0,37.0,0,Normal,
2015-10-21 10:00:00,-2.5,976.3,62.9,298.0,39.0,0,Normal,
2015-10-21 11:00:00,-1.5,977.1,63.9,298.0,39.0,0,Normal,
2015-10-21 12:00:00,-1.5,976.7,63.9,298.0,39.0,0,Normal,
2015-10-21 13:00:00,-1.2,975.9,63.9,298.0,38.0,0,Normal,
2015-10-21 14:00:00,-2.5,976.4,63.2,298.0,44.0,0,Normal,
2015-10-21 15:00:00,-3.2,976.0,62.6,298.0,49.0,0,Normal,
2015-10-21 16:00:00,-3.6,975.7,62.6,298.0,48.0,0,Normal,
2015-10-21 17:00:00,-3.9,975.6,63.3,298.0,43.0,0,Normal,
2015-10-21 18:00:00,-4.6,976.1,64.3,298.0,39.0,0,Normal,
2015-10-21 19:00:00,-5.9,976.6,61.9,304.0,43.0,0,Normal,
2015-10-21 20:00:00,-5.8,976.5,63.2,298.0,37.0,0,Normal,
2015-10-21 21:00:00,-6.3,976.3,61.3,298.0,38.0,0,Normal,
2015-10-21 22:00:00,-5.7,976.6,61.3,298.0,34.0,0,Normal,
2015-10-21 23:00:00,-6.1,976.9,61.9,298.0,33.0,0,Normal,
2015-10-22 00:00:00,-6.2,977.1,56.4,295.0,32.0,0,Normal,
2015-10-22 01:00:00,-7.1,977.3,61.9,299.0,36.0,0,Normal,
2015-10-22 02:00:00,-7.6,977.6,62.6,298.0,39.0,0,Normal,
2015-10-22 03:00:00,-6.7,977.0,63.9,298.0,30.0,0,Normal,
2015-10-22 04:00:00,-6.3,977.5,63.9,298.0,32.0,0,Normal,
2015-10-22 05:00:00,-6.3,977.4,31.8,294.0,33.0,0,Normal,
2015-10-22 06:00:00,-6.1,978.0,62.6,299.0,34.0,0,Normal,
2015-10-22 07:00:00,-5.4,977.9,62.6,298.0,33.0,0,Normal,
2015-10-22 08:00:00,-4.4,977.5,62.6,298.0,36.0,0,Normal,
2015-10-22 09:00:00,-3.8,977.9,61.9,298.0,33.0,0,Normal,
2015-10-22 10:00:00,-2.0,978.4,61.9,298.0,27.0,0,Normal,
2015-10-22 11:00:00,-3.4,978.5,61.9,298.0,38.0,0,Normal,
2015-10-22 12:00:00,-3.7,978.5,61.3,298.0,38.0,0,Normal,
2015-10-22 13:00:00,-4.1,978.5,61.9,298.0,37.0,0,Normal,
2015-10-22 14:00:00,-4.0,978.6,61.9,298.0,34.0,0,Normal,
2015-10-22 15:00:00,-4.6,978.5,62.4,298.0,43.0,0,Normal,
2015-10-22 16:00:00,-4.7,978.4,61.9,298.0,46.0,0,Normal,
2015-10-22 17:00:00,-5.5,978.5,61.9,300.0,49.0,0,Normal,
2015-10-22 18:00:00,-7.9,979.0,57.4,294.0,57.0,0,Normal,
2015-10-22 19:00:00,-9.5,979.8,61.9,299.0,63.0,0,Normal,
2015-10-22 20:00:00,-9.8,980.4,62.6,298.0,59.0,0,Normal,
2015-10-22 21:00:00,-8.2,980.6,63.2,298.0,47.0,0,Normal,
2015-10-22 22:00:00,-8.5,981.2,57.3,299.0,42.0,0,Normal,
2015-10-22 23:00:00,-8.5,981.3,28.5,308.0,36.0,0,Normal,
2015-10-23 00:00:00,-9.7,981.7,62.6,299.0,40.0,0,Normal,
2015-10-23 01:00:00,-10.7,981.8,62.6,298.0,41.0,0,Normal,
2015-10-23 02:00:00,-11.2,981.9,61.3,298.0,45.0,0,Normal,
2015-10-23 03:00:00,-12.0,982.3,61.9,300.0,50.0,0,Normal,
2015-10-23 04:00:00,-11.8,982.6,61.4,298.0,50.0,0,Normal,
2015-10-23 05:00:00,-11.8,982.4,61.2,299.0,49.0,0,Normal,
2015-10-23 06:00:00,-9.8,981.9,63.1,299.0,40.0,0,Normal,
2015-10-23 07:00:00,-8.5,981.4,63.3,298.0,34.0,0,Normal,
2015-10-23 08:00:00,-9.1,981.0,63.9,298.0,45.0,0,Normal,
2015-10-23 09:00:00,-7.2,980.5,63.7,299.0,42.0,0,Normal,
2015-10-23 10:00:00,-8.0,979.7,62.1,298.0,48.0,0,Normal,
2015-10-23 11:00:00,-9.2,979.4,62.7,299.0,50.0,0,Normal,
2015-10-23 12:00:00,-8.6,978.1,63.2,299.0,44.0,0,Normal,
2015-10-23 13:00:00,-8.8,977.3,63.2,299.0,43.0,0,Normal,
2015-10-23 14:00:00,-8.6,975.8,63.0,300.0,45.0,0,Normal,
2015-10-23 15:00:00,-9.3,974.7,65.1,299.0,46.0,0,Normal,
2015-10-23 16:00:00,-10.2,974.0,63.2,300.0,51.0,0,Normal,
2015-10-23 17:00:00,-10.8,973.4,63.2,300.0,55.0,0,Normal,
2015-10-23 18:00:00,-11.0,972.9,63.3,298.0,56.0,0,Normal,
2015-10-23 19:00:00,-10.8,972.1,61.9,298.0,58.0,0,Normal,
2015-10-23 20:00:00,-10.9,971.8,59.6,298.0,56.0,0,Normal,
2015-10-23 21:00:00,-11.0,971.6,50.3,296.0,57.0,0,Normal,
2015-10-23 22:00:00,-8.3,971.1,61.9,300.0,46.0,0,Normal,
2015-10-23 23:00:00,-8.6,969.6,62.6,298.0,59.0,0,Normal,
2015-10-24 00:00:00,-8.6,968.6,62.6,298.0,52.0,0,Normal,
2015-10-24 01:00:00,-8.3,968.9,66.4,299.0,42.0,0,Normal,
2015-10-24 02:00:00,-8.2,968.3,56.9,304.0,36.0,0,Normal,
2015-10-24 03:00:00,-8.9,967.9,63.2,300.0,35.0,0,Normal,
2015-10-24 04:00:00,-9.4,968.1,62.6,298.0,38.0,0,Normal,
2015-10-24 05:00:00,-9.0,967.2,61.9,298.0,37.0,0,Normal,
2015-10-24 06:00:00,-8.4,967.3,61.3,299.0,40.0,0,Normal,
2015-10-24 07:00:00,-7.2,967.9,60.1,300.0,40.0,0,Normal,
2015-10-24 08:00:00,-10.1,969.0,46.9,301.0,51.0,0,Normal,
2015-10-24 09:00:00,-10.6,969.8,62.6,298.0,51.0,0,Normal,
2015-10-24 10:00:00,-10.4,969.8,63.9,298.0,48.0,0,Normal,
2015-10-24 11:00:00,-11.3,969.5,61.9,299.0,48.0,0,Normal,
2015-10-24 12:00:00,-10.2,969.5,71.2,299.0,43.0,0,Normal,
2015-10-24 13:00:00,-10.6,969.1,58.7,306.0,45.0,0,Normal,
2015-10-24 14:00:00,-11.5,968.6,63.3,298.0,43.0,0,Normal,
2015-10-24 15:00:00,-11.3,967.7,61.3,298.0,48.0,0,Normal,
2015-10-24 16:00:00,-11.3,967.0,61.9,299.0,46.0,0,Normal,
2015-10-24 17:00:00,-11.6,966.6,61.1,300.0,48.0,0,Normal,
2015-10-24 18:00:00,-11.8,966.8,60.6,293.0,43.0,0,Normal,
2015-10-24 19:00:00,-12.4,966.5,63.7,298.0,46.0,0,Normal,
2015-10-24 20:00:00,-12.7,966.3,63.4,298.0,46.0,0,Normal,
2015-10-24 21:00:00,-13.0,966.2,61.6,300.0,46.0,0,Normal,
2015-10-24 22:00:00,-13.0,966.0,62.6,301.0,45.0,0,Normal,
2015-10-24 23:00:00,-13.0,965.5,62.6,298.0,42.0,0,Normal,
2015-10-25 00:00:00,-13.3,965.1,61.3,298.0,39.0,0,Normal,
2015-10-25 01:00:00,-13.7,964.8,62.5,298.0,39.0,0,Normal,
2015-10-25 02:00:00,-14.2,964.4,61.6,298.0,40.0,0,Normal,
2015-10-25 03:00:00,-14.7,964.3,49.5,299.0,41.0,0,Normal,
2015-10-25 04:00:00,-14.9,964.0,61.9,298.0,43.0,0,Normal,
2015-10-25 05:00:00,-14.4,963.6,62.6,298.0,47.0,0,Normal,
2015-10-25 06:00:00,-13.8,963.4,63.9,298.0,43.0,0,Normal,
2015-10-25 07:00:00,-13.0,963.2,62.0,300.0,42.0,0,Normal,
2015-10-25 08:00:00,-12.5,963.2,61.4,295.0,41.0,0,Normal,
2015-10-25 09:00:00,-11.8,962.9,62.4,298.0,37.0,0,Normal,
2015-10-25 10:00:00,-11.5,961.5,61.3,298.0,38.0,0,Normal,
2015-10-25 11:00:00,-11.4,961.4,61.9,298.0,38.0,0,Normal,
2015-10-25 12:00:00,-10.9,961.3,62.0,301.0,37.0,0,Normal,
2015-10-25 13:00:00,-10.4,960.7,61.9,298.0,38.0,0,Normal,
2015-10-25 14:00:00,-10.2,960.2,62.5,298.0,38.0,0,Normal,
2015-10-25 15:00:00,-9.6,960.0,63.3,298.0,35.0,0,Normal,
2015-10-25 16:00:00,-9.9,959.9,63.0,298.0,45.0,0,Normal,
2015-10-25 17:00:00,-10.1,959.8,61.1,302.0,43.0,0,Normal,
2015-10-25 18:00:00,-10.2,959.7,63.3,298.0,42.0,0,Normal,
2015-10-25 19:00:00,-10.7,959.7,61.9,298.0,42.0,0,Normal,
2015-10-25 20:00:00,-11.0,959.7,61.3,298.0,39.0,0,Normal,
2015-10-25 21:00:00,-11.1,959.4,61.3,298.0,33.0,0,Normal,
2015-10-25 22:00:00,-11.8,959.5,29.6,324.0,37.0,0,Normal,
2015-10-25 23:00:00,-12.2,959.8,62.6,298.0,34.0,0,Normal,
2015-10-26 00:00:00,-12.2,959.6,63.4,299.0,33.0,0,Normal,
2015-10-26 01:00:00,-12.7,959.5,63.2,298.0,31.0,0,Normal,
2015-10-26 02:00:00,-13.4,959.7,62.6,301.0,35.0,0,Normal,
2015-10-26 03:00:00,-13.2,959.9,63.2,298.0,33.0,0,Normal,
2015-10-26 04:00:00,-12.9,960.0,62.6,298.0,33.0,0,Normal,
2015-10-26 05:00:00,-12.1,960.1,61.3,298.0,32.0,0,Normal,
2015-10-26 06:00:00,-12.0,960.6,61.9,298.0,35.0,0,Normal,
2015-10-26 07:00:00,-11.4,961.0,62.6,301.0,35.0,0,Normal,
2015-10-26 08:00:00,-9.8,961.2,61.9,298.0,37.0,0,Normal,
2015-10-26 09:00:00,-9.2,961.7,63.9,298.0,39.0,0,Normal,
2015-10-26 10:00:00,-8.2,962.0,63.9,298.0,39.0,0,Normal,
2015-10-26 11:00:00,-7.0,962.4,63.9,298.0,37.0,0,Normal,
2015-10-26 12:00:00,-5.8,962.6,63.9,298.0,33.0,0,Normal,
2015-10-26 13:00:00,-6.1,962.8,63.3,298.0,27.0,0,Normal,
2015-10-26 14:00:00,-6.6,963.2,62.9,299.0,29.0,0,Normal,
2015-10-26 15:00:00,-6.6,963.3,62.6,301.0,29.0,0,Normal,
2015-10-26 16:00:00,-6.5,963.6,62.6,301.0,32.0,0,Normal,
2015-10-26 17:00:00,-8.1,964.2,51.8,294.0,43.0,0,Normal,
2015-10-26 18:00:00,-9.2,964.6,63.3,298.0,47.0,0,Normal,
2015-10-26 19:00:00,-9.7,965.3,61.3,298.0,49.0,0,Normal,
2015-10-26 20:00:00,-11.0,966.1,61.9,298.0,48.0,0,Normal,
2015-10-26 21:00:00,-11.8,966.5,65.5,299.0,43.0,0,Normal,
2015-10-26 22:00:00,-12.0,967.2,58.3,303.0,36.0,0,Normal,
2015-10-26 23:00:00,-12.6,967.5,62.6,298.0,34.0,0,Normal,
2015-10-27 00:00:00,-12.9,967.9,63.2,298.0,32.0,0,Normal,
2015-10-27 01:00:00,-13.6,968.5,63.2,298.0,32.0,0,Normal,
2015-10-27 02:00:00,-14.0,968.7,62.3,301.0,32.0,0,Normal,
2015-10-27 03:00:00,-14.3,969.0,62.2,294.0,33.0,0,Normal,
2015-10-27 04:00:00,-14.6,969.5,61.5,298.0,33.0,0,Normal,
2015-10-27 05:00:00,-13.8,969.9,61.9,298.0,33.0,0,Normal,
2015-10-27 06:00:00,-12.8,970.1,61.9,298.0,33.0,0,Normal,
2015-10-27 07:00:00,-12.0,970.4,61.9,301.0,39.0,0,Normal,
2015-10-27 08:00:00,-11.2,970.4,61.9,298.0,36.0,0,Normal,
2015-10-27 09:00:00,-10.0,970.6,63.1,298.0,34.0,0,Normal,
2015-10-27 10:00:00,-9.9,971.2,63.3,298.0,48.0,0,Normal,
2015-10-27 11:00:00,-9.5,971.4,63.9,298.0,44.0,0,Normal,
2015-10-27 12:00:00,-8.6,971.3,63.9,298.0,40.0,0,Normal,
2015-10-27 13:00:00,-9.7,971.7,64.1,299.0,48.0,0,Normal,
2015-10-27 14:00:00,-10.3,971.6,62.6,301.0,45.0,0,Normal,
2015-10-27 15:00:00,-11.3,971.7,63.3,298.0,48.0,0,Normal,
2015-10-27 16:00:00,-11.8,971.8,61.9,298.0,49.0,0,Normal,
2015-10-27 17:00:00,-12.9,971.8,61.9,298.0,57.0,0,Normal,
2015-10-27 18:00:00,-14.6,972.4,61.9,298.0,60.0,0,Normal,
2015-10-27 19:00:00,-14.9,972.4,59.7,300.0,59.0,0,Normal,
2015-10-27 20:00:00,-17.2,972.6,33.1,277.0,67.0,0,Normal,
2015-10-27 21:00:00,-16.4,972.6,61.9,298.0,69.0,0,Normal,
2015-10-27 22:00:00,-14.5,972.4,63.5,299.0,50.0,0,Normal,
2015-10-27 23:00:00,-14.1,972.2,63.9,298.0,52.0,0,Normal,
2015-10-28 00:00:00,-17.2,972.1,63.2,301.0,66.0,0,Normal,
2015-10-28 01:00:00,-17.5,971.8,62.6,298.0,65.0,0,Normal,
2015-10-28 02:00:00,-17.6,971.7,62.6,298.0,65.0,0,Normal,
2015-10-28 03:00:00,-16.7,971.1,61.9,298.0,57.0,0,Normal,
2015-10-28 04:00:00,-15.7,970.6,61.3,298.0,45.0,0,Normal,
2015-10-28 05:00:00,-14.0,970.0,61.9,301.0,33.0,0,Normal,
2015-10-28 06:00:00,-13.0,970.1,61.9,298.0,38.0,0,Normal,
2015-10-28 07:00:00,-12.2,969.7,63.9,298.0,37.0,0,Normal,
2015-10-28 08:00:00,-10.9,969.3,63.9,298.0,32.0,0,Normal,
2015-10-28 09:00:00,-12.2,969.2,63.8,299.0,38.0,0,Normal,
2015-10-28 10:00:00,-11.6,968.6,49.1,294.0,42.0,0,Normal,
2015-10-28 11:00:00,-11.0,968.0,63.3,298.0,37.0,0,Normal,
2015-10-28 12:00:00,-10.3,967.2,63.3,298.0,37.0,0,Normal,
2015-10-28 13:00:00,-10.2,966.4,62.6,298.0,41.0,0,Normal,
2015-10-28 14:00:00,-11.0,965.6,62.6,298.0,46.0,0,Normal,
2015-10-28 15:00:00,-11.6,965.1,61.9,298.0,51.0,0,Normal,
2015-10-28 16:00:00,-12.3,964.9,61.3,298.0,58.0,0,Normal,
2015-10-28 17:00:00,-13.8,964.9,52.1,307.0,62.0,0,Normal,
2015-10-28 18:00:00,-14.6,964.6,62.6,298.0,64.0,0,Normal,
2015-10-28 19:00:00,-14.8,964.6,63.9,298.0,67.0,0,Normal,
2015-10-28 20:00:00,-15.4,964.7,63.2,298.0,67.0,0,Normal,
2015-10-28 21:00:00,-15.4,964.9,63.5,299.0,66.0,0,Normal,
2015-10-28 22:00:00,-15.8,965.0,62.6,301.0,65.0,0,Normal,
2015-10-28 23:00:00,-16.7,965.8,63.2,298.0,53.0,0,Normal,
2015-10-29 00:00:00,-17.4,966.2,61.3,298.0,63.0,0,Normal,
2015-10-29 01:00:00,-17.2,966.5,61.9,298.0,65.0,0,Normal,
2015-10-29 02:00:00,-18.0,966.6,62.3,301.0,51.0,0,Normal,
2015-10-29 03:00:00,-17.9,966.9,41.1,279.0,48.0,0,Normal,
2015-10-29 04:00:00,-17.8,966.8,62.0,298.0,49.0,0,Normal,
2015-10-29 05:00:00,-15.2,967.4,62.0,298.0,41.0,0,Normal,
2015-10-29 06:00:00,-14.5,967.5,63.9,298.0,43.0,0,Normal,
2015-10-29 07:00:00,-13.3,967.6,63.2,301.0,34.0,0,Normal,
2015-10-29 08:00:00,-12.7,967.7,62.4,299.0,36.0,0,Normal,
2015-10-29 09:00:00,-10.7,967.8,61.3,298.0,26.0,0,Normal,
2015-10-29 10:00:00,-10.2,967.8,61.3,298.0,23.0,0,Normal,
2015-10-29 11:00:00,-10.8,967.9,61.3,298.0,29.0,0,Normal,
2015-10-29 12:00:00,-11.6,968.3,61.9,301.0,32.0,0,Normal,
2015-10-29 13:00:00,-12.0,968.4,62.6,298.0,30.0,0,Normal,
2015-10-29 14:00:00,-13.0,968.3,62.6,298.0,34.0,0,Normal,
2015-10-29 15:00:00,-13.1,968.2,63.9,298.0,31.0,0,Normal,
2015-10-29 16:00:00,-12.0,968.7,63.3,298.0,30.0,0,Normal,
2015-10-29 17:00:00,-13.3,969.0,62.5,301.0,33.0,0,Normal,
2015-10-29 18:00:00,-13.5,968.8,63.2,298.0,37.0,0,Normal,
2015-10-29 19:00:00,-14.0,968.7,62.6,298.0,36.0,0,Normal,
2015-10-29 20:00:00,-15.4,968.6,61.9,298.0,43.0,0,Normal,
2015-10-29 21:00:00,-16.2,968.6,59.0,298.0,42.0,0,Normal,
2015-10-29 22:00:00,-17.3,968.5,51.6,304.0,44.0,0,Normal,
2015-10-29 23:00:00,-17.6,968.5,62.6,298.0,43.0,0,Normal,
2015-10-30 00:00:00,-18.2,968.7,63.8,299.0,44.0,0,Normal,
2015-10-30 01:00:00,-17.1,968.8,63.9,298.0,34.0,0,Normal,
2015-10-30 02:00:00,-16.8,968.7,63.2,301.0,34.0,0,Normal,
2015-10-30 03:00:00,-16.7,968.8,63.2,298.0,36.0,0,Normal,
2015-10-30 04:00:00,-16.3,968.9,61.9,298.0,36.0,0,Normal,
2015-10-30 05:00:00,-15.8,969.3,61.3,298.0,32.0,0,Normal,
2015-10-30 06:00:00,-14.8,969.3,61.3,298.0,32.0,0,Normal,
2015-10-30 07:00:00,-13.7,969.6,61.9,301.0,27.0,0,Normal,
2015-10-30 08:00:00,-13.3,969.7,61.9,298.0,32.0,0,Normal,
2015-10-30 09:00:00,-12.7,969.7,63.9,298.0,24.0,0,Normal,
2015-10-30 10:00:00,-11.1,969.5,62.6,298.0,23.0,0,Normal,
2015-10-30 11:00:00,-10.1,969.5,59.9,299.0,26.0,0,Normal,
2015-10-30 12:00:00,-12.3,969.9,48.0,294.0,28.0,0,Normal,
2015-10-30 13:00:00,-12.5,970.2,62.6,298.0,29.0,0,Normal,
2015-10-30 14:00:00,-13.6,970.4,61.3,298.0,31.0,0,Normal,
2015-10-30 15:00:00,-14.7,970.2,61.3,298.0,33.0,0,Normal,
2015-10-30 16:00:00,-15.1,970.3,61.9,299.0,34.0,0,Normal,
2015-10-30 17:00:00,-15.0,970.2,21.9,289.0,35.0,0,Normal,
2015-10-30 18:00:00,-15.6,970.4,62.6,298.0,39.0,0,Normal,
2015-10-30 19:00:00,-15.8,970.4,62.8,299.0,40.0,0,Normal,
2015-10-30 20:00:00,-16.0,970.3,63.2,298.0,36.0,0,Normal,
2015-10-30 21:00:00,-16.1,970.5,63.2,301.0,39.0,0,Normal,
2015-10-30 22:00:00,-15.9,970.2,62.6,298.0,44.0,0,Normal,
2015-10-30 23:00:00,-15.8,969.3,62.2,298.0,44.0,0,Normal,
2015-10-31 00:00:00,-15.5,968.9,61.3,298.0,44.0,0,Normal,
2015-10-31 01:00:00,-14.7,968.5,61.9,298.0,48.0,0,Normal,
2015-10-31 02:00:00,-14.3,967.5,62.6,301.0,44.0,0,Normal,
2015-10-31 03:00:00,-13.8,966.0,61.9,298.0,43.0,0,Normal,
2015-10-31 04:00:00,-12.9,965.3,63.9,298.0,36.0,0,Normal,
2015-10-31 05:00:00,-12.5,964.8,63.2,298.0,36.0,0,Normal,
2015-10-31 06:00:00,-12.2,964.1,62.0,298.0,48.0,0,Normal,
2015-10-31 07:00:00,-13.0,963.6,56.3,306.0,81.0,0,Normal,
2015-10-31 08:00:00,-13.1,962.9,62.6,298.0,88.0,0,Normal,
2015-10-31 09:00:00,-12.9,962.1,61.3,298.0,88.0,0,Normal,
2015-10-31 10:00:00,-12.7,961.6,61.3,298.0,88.0,0,Normal,
2015-10-31 11:00:00,-12.5,962.0,74.3,299.0,89.0,0,Normal,
2015-10-31 12:00:00,-12.6,962.4,23.0,307.0,89.0,0,Normal,
2015-10-31 13:00:00,-12.7,962.3,61.9,298.0,89.0,0,Normal,
2015-10-31 14:00:00,-12.8,961.1,62.5,298.0,88.0,0,Normal,
2015-10-31 15:00:00,-12.9,961.1,63.9,298.0,88.0,0,Normal,
2015-10-31 16:00:00,-12.6,960.6,62.6,301.0,89.0,0,Normal,
2015-10-31 17:00:00,-12.1,961.0,62.6,298.0,89.0,0,Normal,
2015-10-31 18:00:00,-11.8,960.7,61.3,298.0,89.0,0,Normal,
2015-10-31 19:00:00,-11.6,960.7,61.9,298.0,90.0,0,Normal,
2015-10-31 20:00:00,-11.4,960.0,61.9,298.0,90.0,0,Normal,
2015-10-31 21:00:00,-11.2,959.9,62.6,301.0,90.0,0,Normal,
2015-10-31 22:00:00,-11.2,959.4,62.6,298.0,90.0,0,Normal,
2015-10-31 23:00:00,-11.1,959.5,63.2,298.0,90.0,0,Normal,
2015-11-01 00:00:00,-11.1,959.8,63.2,298.0,90.0,0,Normal,
2015-11-01 01:00:00,-10.9,959.1,63.8,298.0,90.0,0,Normal,
2015-11-01 02:00:00,-10.8,957.7,22.1,275.0,90.0,0,Normal,
2015-11-01 03:00:00,-10.7,957.7,62.6,298.0,90.0,0,Normal,
2015-11-01 04:00:00,-10.6,957.4,61.9,298.0,91.0,0,Normal,
2015-11-01 05:00:00,-10.5,957.1,61.3,298.0,91.0,0,Normal,
2015-11-01 06:00:00,-10.2,956.8,61.9,301.0,91.0,0,Normal,
2015-11-01 07:00:00,-9.9,956.8,61.9,298.0,91.0,0,Normal,
2015-11-01 08:00:00,-9.7,956.5,63.9,298.0,92.0,0,Normal,
2015-11-01 09:00:00,-9.4,956.5,63.9,298.0,92.0,0,Normal,
2015-11-01 10:00:00,-8.6,956.3,64.8,299.0,86.0,0,Normal,
2015-11-01 11:00:00,-8.2,955.8,62.6,301.0,84.0,0,Normal,
2015-11-01 12:00:00,-7.8,955.5,63.3,298.0,81.0,0,Normal,
2015-11-01 13:00:00,-7.7,954.8,62.6,298.0,79.0,0,Normal,
2015-11-01 14:00:00,-7.7,954.9,61.9,298.0,78.0,0,Normal,
2015-11-01 15:00:00,-7.5,954.8,61.7,301.0,76.0,0,Normal,
2015-11-01 16:00:00,-7.4,954.7,61.9,298.0,71.0,0,Normal,
2015-11-01 17:00:00,-7.3,954.6,63.7,298.0,66.0,0,Normal,
2015-11-01 18:00:00,-7.3,954.6,63.9,298.0,61.0,0,Normal,
2015-11-01 19:00:00,-7.5,954.6,63.9,298.0,61.0,0,Normal,
2015-11-01 20:00:00,-7.5,955.0,63.3,301.0,59.0,0,Normal,
2015-11-01 21:00:00,-7.4,955.1,63.3,298.0,54.0,0,Normal,
2015-11-01 22:00:00,-7.5,955.3,61.9,298.0,52.0,0,Normal,
2015-11-01 23:00:00,-7.7,955.5,61.9,298.0,53.0,0,Normal,
2015-11-02 00:00:00,-7.8,955.6,81.0,299.0,51.0,0,Normal,
2015-11-02 01:00:00,-7.8,955.9,53.6,297.0,50.0,0,Normal,
2015-11-02 02:00:00,-7.8,955.7,62.6,298.0,49.0,0,Normal,
2015-11-02 03:00:00,-8.1,956.3,63.9,298.0,45.0,0,Normal,
2015-11-02 04:00:00,-8.7,956.6,63.3,298.0,45.0,0,Normal,
2015-11-02 05:00:00,-8.7,957.0,63.2,300.0,43.0,0,Normal,
2015-11-02 06:00:00,-8.1,957.2,58.1,305.0,45.0,0,Normal,
2015-11-02 07:00:00,-7.7,957.3,63.2,299.0,42.0,0,Normal,
2015-11-02 08:00:00,-7.8,957.5,61.9,298.0,44.0,0,Normal,
2015-11-02 09:00:00,-6.4,958.6,61.9,298.0,51.0,0,Normal,
2015-11-02 10:00:00,-6.4,959.1,61.3,298.0,48.0,0,Normal,
2015-11-02 11:00:00,-5.7,959.5,61.3,298.0,46.0,0,Normal,
2015-11-02 12:00:00,-4.3,959.5,68.3,299.0,43.0,0,Normal,
2015-11-02 13:00:00,-4.0,959.8,61.3,300.0,45.0,0,Normal,
2015-11-02 14:00:00,-4.2,960.1,61.9,300.0,45.0,0,Normal,
2015-11-02 15:00:00,-4.9,960.2,61.3,300.0,42.0,0,Normal,
2015-11-02 16:00:00,-5.4,960.5,55.5,287.0,43.0,0,Normal,
2015-11-02 17:00:00,-5.8,960.7,63.0,299.0,46.0,0,Normal,
2015-11-02 18:00:00,-7.1,961.2,61.9,299.0,54.0,0,Normal,
2015-11-02 19:00:00,-7.7,961.7,63.3,298.0,51.0,0,Normal,
2015-11-02 20:00:00,-9.2,962.2,63.2,298.0,60.0,0,Normal,
2015-11-02 21:00:00,-12.0,962.7,63.3,298.0,67.0,0,Normal,
2015-11-02 22:00:00,-12.2,963.0,61.7,303.0,67.0,0,Normal,
2015-11-02 23:00:00,-12.9,963.7,63.2,299.0,66.0,0,Normal,
2015-11-03 00:00:00,-14.0,964.4,61.9,298.0,67.0,0,Normal,
2015-11-03 01:00:00,-13.8,964.9,61.3,298.0,63.0,0,Normal,
2015-11-03 02:00:00,-14.0,965.1,61.7,300.0,65.0,0,Normal,
2015-11-03 03:00:00,-15.2,965.8,61.4,298.0,65.0,0,Normal,
2015-11-03 04:00:00,-16.2,966.1,57.1,297.0,72.0,0,Normal,
2015-11-03 05:00:00,-14.5,966.5,63.3,298.0,68.0,0,Normal,
2015-11-03 06:00:00,-14.9,967.1,63.2,298.0,66.0,0,Normal,
2015-11-03 07:00:00,-15.2,967.8,62.6,300.0,69.0,0,Normal,
2015-11-03 08:00:00,-14.6,968.1,63.0,296.0,61.0,0,Normal,
2015-11-03 09:00:00,-14.5,968.5,63.2,299.0,62.0,0,Normal,
2015-11-03 10:00:00,-14.0,969.1,61.9,298.0,64.0,0,Normal,
2015-11-03 11:00:00,-12.3,969.4,61.9,298.0,61.0,0,Normal,
2015-11-03 12:00:00,-10.7,969.7,66.3,299.0,60.0,0,Normal,
2015-11-03 13:00:00,-9.6,970.2,63.3,299.0,50.0,0,Normal,
2015-11-03 14:00:00,-9.3,970.5,61.9,300.0,48.0,0,Normal,
2015-11-03 15:00:00,-11.0,970.7,49.0,294.0,63.0,0,Normal,
2015-11-03 16:00:00,-11.6,971.0,62.6,299.0,60.0,0,Normal,
2015-11-03 17:00:00,-11.1,971.1,62.6,298.0,58.0,0,Normal,
2015-11-03 18:00:00,-10.9,971.3,63.2,298.0,61.0,0,Normal,
2015-11-03 19:00:00,-11.1,971.7,63.8,299.0,64.0,0,Normal,
2015-11-03 20:00:00,-11.1,972.0,63.1,299.0,67.0,0,Normal,
2015-11-03 21:00:00,-11.4,972.4,62.6,300.0,66.0,0,Normal,
2015-11-03 22:00:00,-11.5,973.0,62.6,298.0,69.0,0,Normal,
2015-11-03 23:00:00,-11.6,973.3,61.9,298.0,69.0,0,Normal,
2015-11-04 00:00:00,-11.7,974.1,59.0,299.0,72.0,0,Normal,
2015-11-04 01:00:00,-11.7,974.4,54.7,299.0,71.0,0,Normal,
2015-11-04 02:00:00,-12.9,974.6,62.6,300.0,63.0,0,Normal,
2015-11-04 03:00:00,-13.3,975.0,63.2,298.0,62.0,0,Normal,
2015-11-04 04:00:00,-12.4,975.6,63.3,298.0,62.0,0,Normal,
2015-11-04 05:00:00,-11.7,976.0,63.9,299.0,56.0,0,Normal,
2015-11-04 06:00:00,-11.4,976.5,61.6,298.0,58.0,0,Normal,
2015-11-04 07:00:00,-10.5,976.9,62.6,300.0,54.0,0,Normal,
2015-11-04 08:00:00,-9.1,977.1,62.6,300.0,53.0,0,Normal,
2015-11-04 09:00:00,-9.6,977.4,62.6,300.0,52.0,0,Normal,
2015-11-04 10:00:00,-9.0,977.8,55.6,308.0,53.0,0,Normal,
2015-11-04 11:00:00,-8.4,978.1,63.3,298.0,50.0,0,Normal,
2015-11-04 12:00:00,-9.2,978.3,62.6,298.0,51.0,0,Normal,
2015-11-04 13:00:00,-8.9,978.0,61.9,298.0,57.0,0,Normal,
2015-11-04 14:00:00,-9.0,977.6,61.3,299.0,59.0,0,Normal,
2015-11-04 15:00:00,-9.1,976.9,62.0,300.0,52.0,0,Normal,
2015-11-04 16:00:00,-9.4,976.8,62.6,298.0,58.0,0,Normal,
2015-11-04 17:00:00,-9.9,976.4,62.6,298.0,61.0,0,Normal,
2015-11-04 18:00:00,-10.4,976.2,64.1,298.0,73.0,0,Normal,
2015-11-04 19:00:00,-11.1,975.0,61.9,299.0,84.0,0,Normal,
2015-11-04 20:00:00,-11.1,973.9,63.2,300.0,88.0,0,Normal,
2015-11-04 21:00:00,-10.9,973.3,63.2,298.0,89.0,0,Normal,
2015-11-04 22:00:00,-10.9,972.8,61.3,298.0,90.0,0,Normal,
2015-11-04 23:00:00,-10.8,972.5,63.5,298.0,90.0,0,Normal,
2015-11-05 00:00:00,-10.9,972.2,56.7,296.0,90.0,0,Normal,
2015-11-05 01:00:00,-10.8,972.0,61.8,301.0,90.0,0,Normal,
2015-11-05 02:00:00,-10.6,971.7,61.9,298.0,91.0,0,Normal,
2015-11-05 03:00:00,-10.4,971.3,63.9,298.0,91.0,0,Normal,
2015-11-05 04:00:00,-10.2,970.9,62.6,298.0,91.0,0,Normal,
2015-11-05 05:00:00,-9.9,971.8,65.8,299.0,91.0,0,Normal,
2015-11-05 06:00:00,-9.6,972.0,40.9,314.0,92.0,0,Normal,
2015-11-05 07:00:00,-9.5,973.2,62.6,298.0,92.0,0,Normal,
2015-11-05 08:00:00,-9.7,973.9,61.3,298.0,91.0,0,Normal,
2015-11-05 09:00:00,-9.9,974.5,61.9,298.0,91.0,0,Normal,
2015-11-05 10:00:00,-9.7,974.9,61.9,301.0,91.0,0,Normal,
2015-11-05 11:00:00,-9.4,975.1,62.6,298.0,92.0,0,Normal,
2015-11-05 12:00:00,-9.0,974.9,63.9,298.0,92.0,0,Normal,
2015-11-05 13:00:00,-8.7,974.9,62.6,298.0,93.0,0,Normal,
2015-11-05 14:00:00,-8.5,974.7,63.3,298.0,93.0,0,Normal,
2015-11-05 15:00:00,-8.4,974.4,63.2,301.0,93.0,0,Normal,
2015-11-05 16:00:00,-8.1,974.1,62.6,298.0,93.0,0,Normal,
2015-11-05 17:00:00,-8.1,973.9,61.3,298.0,93.0,0,Normal,
2015-11-05 18:00:00,-8.0,973.6,61.9,298.0,93.0,0,Normal,
2015-11-05 19:00:00,-7.9,973.0,61.3,298.0,92.0,0,Normal,
2015-11-05 20:00:00,-8.1,972.3,59.3,298.0,92.0,0,Normal,
2015-11-05 21:00:00,-8.8,971.1,62.6,298.0,91.0,0,Normal,
2015-11-05 22:00:00,-8.6,969.8,63.9,298.0,91.0,0,Normal,
2015-11-05 23:00:00,-8.5,968.9,63.3,298.0,92.0,0,Normal,
2015-11-06 00:00:00,-8.2,967.3,62.8,300.0,92.0,0,Normal,
2015-11-06 01:00:00,-8.0,966.4,39.2,285.0,92.0,0,Normal,
2015-11-06 02:00:00,-8.2,965.4,62.1,298.0,92.0,0,Normal,
2015-11-06 03:00:00,-7.7,964.9,60.8,299.0,92.0,0,Normal,
2015-11-06 04:00:00,-7.9,964.8,61.9,298.0,93.0,0,Normal,
2015-11-06 05:00:00,-7.9,963.7,62.6,301.0,93.0,0,Normal,
2015-11-06 06:00:00,-7.9,962.3,61.9,298.0,93.0,0,Normal,
2015-11-06 07:00:00,-7.8,961.6,62.6,298.0,93.0,0,Normal,
2015-11-06 08:00:00,-7.6,961.5,63.9,298.0,94.0,0,Normal,
2015-11-06 09:00:00,-7.3,961.6,63.2,298.0,94.0,0,Normal,
2015-11-06 10:00:00,-7.0,961.4,63.2,301.0,94.0,0,Normal,
2015-11-06 11:00:00,-6.6,961.4,62.6,298.0,95.0,0,Normal,
2015-11-06 12:00:00,-6.3,961.8,61.9,298.0,95.0,0,Normal,
2015-11-06 13:00:00,-5.9,962.4,61.3,298.0,96.0,0,Normal,
2015-11-06 14:00:00,-6.0,962.8,61.3,298.0,95.0,0,Normal,
2015-11-06 15:00:00,-6.1,963.0,61.3,298.0,95.0,0,Normal,
2015-11-06 16:00:00,-6.0,963.5,61.9,298.0,95.0,0,Normal,
2015-11-06 17:00:00,-6.1,963.9,68.4,300.0,95.0,0,Normal,
2015-11-06 18:00:00,-5.7,964.9,49.6,289.0,90.0,0,Normal,
2015-11-06 19:00:00,-5.6,965.6,62.0,298.0,83.0,0,Normal,
2015-11-06 20:00:00,-5.6,966.6,63.5,299.0,79.0,0,Normal,
2015-11-06 21:00:00,-6.1,967.4,63.3,298.0,81.0,0,Normal,
2015-11-06 22:00:00,-6.2,967.9,62.6,301.0,81.0,0,Normal,
2015-11-06 23:00:00,-7.0,968.4,62.6,298.0,75.0,0,Normal,
2015-11-07 00:00:00,-6.9,969.2,61.3,298.0,70.0,0,Normal,
2015-11-07 01:00:00,-7.6,969.8,61.3,298.0,65.0,0,Normal,
2015-11-07 02:00:00,-8.6,970.5,61.3,298.0,62.0,0,Normal,
2015-11-07 03:00:00,-8.7,971.2,62.6,301.0,63.0,0,Normal,
2015-11-07 04:00:00,-8.4,972.0,62.6,298.0,64.0,0,Normal,
2015-11-07 05:00:00,-8.0,972.6,63.9,298.0,64.0,0,Normal,
2015-11-07 06:00:00,-7.4,973.7,63.9,298.0,72.0,0,Normal,
2015-11-07 07:00:00,-7.6,974.0,63.3,298.0,70.0,0,Normal,
2015-11-07 08:00:00,-7.1,974.8,63.9,298.0,66.0,0,Normal,
2015-11-07 09:00:00,-5.8,975.1,63.9,298.0,67.0,0,Normal,
2015-11-07 10:00:00,-5.2,975.2,62.6,298.0,62.0,0,Normal,
2015-11-07 11:00:00,-3.2,975.2,63.9,298.0,60.0,0,Normal,
2015-11-07 12:00:00,-2.6,975.3,78.6,299.0,59.0,0,Normal,
2015-11-07 13:00:00,-2.9,975.5,63.3,301.0,60.0,0,Normal,
2015-11-07 14:00:00,-4.1,974.9,63.2,301.0,62.0,0,Normal,
2015-11-07 15:00:00,-3.8,974.5,46.4,306.0,57.0,0,Normal,
2015-11-07 16:00:00,-3.5,974.0,27.0,285.0,57.0,0,Normal,
2015-11-07 17:00:00,-3.3,973.3,62.5,298.0,56.0,0,Normal,
2015-11-07 18:00:00,-3.0,973.1,63.3,298.0,50.0,0,Normal,
2015-11-07 19:00:00,-4.6,973.0,63.3,298.0,58.0,0,Normal,
2015-11-07 20:00:00,-4.3,972.2,61.8,298.0,56.0,0,Normal,
2015-11-07 21:00:00,-4.8,972.5,61.3,298.0,61.0,0,Normal,
2015-11-07 22:00:00,-5.0,972.3,62.3,301.0,63.0,0,Normal,
2015-11-07 23:00:00,-6.5,972.2,62.6,298.0,88.0,0,Normal,
2015-11-08 00:00:00,-6.9,972.8,63.1,298.0,93.0,0,Normal,
2015-11-08 01:00:00,-7.4,973.2,63.2,298.0,93.0,0,Normal,
2015-11-08 02:00:00,-7.1,971.6,63.9,298.0,94.0,0,Normal,
2015-11-08 03:00:00,-6.8,972.6,62.6,301.0,94.0,0,Normal,
2015-11-08 04:00:00,-6.6,971.3,62.6,298.0,95.0,0,Normal,
2015-11-08 05:00:00,-6.6,970.4,62.0,298.0,95.0,0,Normal,
2015-11-08 06:00:00,-6.5,968.8,62.6,298.0,95.0,0,Normal,
2015-11-08 07:00:00,-6.5,968.9,61.3,298.0,95.0,0,Normal,
2015-11-08 08:00:00,-7.3,968.0,62.0,301.0,94.0,0,Normal,
2015-11-08 09:00:00,-7.5,966.9,61.9,298.0,94.0,0,Normal,
2015-11-08 10:00:00,-7.9,967.1,62.6,298.0,93.0,0,Normal,
2015-11-08 11:00:00,-7.8,966.7,63.3,298.0,94.0,0,Normal,
2015-11-08 12:00:00,-7.5,965.0,63.6,298.0,94.0,0,Normal,
2015-11-08 13:00:00,-7.2,964.7,50.1,307.0,94.0,0,Normal,
2015-11-08 14:00:00,-6.9,963.1,63.0,299.0,94.0,0,Normal,
2015-11-08 15:00:00,-6.7,961.8,61.9,298.0,95.0,0,Normal,
2015-11-08 16:00:00,-6.5,962.6,61.9,298.0,95.0,0,Normal,
2015-11-08 17:00:00,-6.6,964.3,61.3,298.0,95.0,0,Normal,
2015-11-08 18:00:00,-6.6,964.0,24.8,297.0,95.0,0,Normal,
2015-11-08 19:00:00,-6.7,964.1,62.6,298.0,95.0,0,Normal,
2015-11-08 20:00:00,-6.8,964.9,63.3,298.0,95.0,0,Normal,
2015-11-08 21:00:00,-6.6,964.1,63.9,298.0,95.0,0,Normal,
2015-11-08 22:00:00,-6.5,964.5,62.9,301.0,95.0,0,Normal,
2015-11-08 23:00:00,-6.3,963.9,63.3,298.0,95.0,0,Normal,
2015-11-09 00:00:00,-6.2,963.8,61.9,298.0,95.0,0,Normal,
2015-11-09 01:00:00,-5.9,962.4,61.3,298.0,96.0,0,Normal,
2015-11-09 02:00:00,-5.9,963.1,61.3,298.0,96.0,0,Normal,
2015-11-09 03:00:00,-6.0,963.6,62.3,301.0,96.0,0,Normal,
2015-11-09 04:00:00,-6.1,963.4,62.6,298.0,95.0,0,Normal,
2015-11-09 05:00:00,-6.1,964.2,63.3,298.0,96.0,0,Normal,
2015-11-09 06:00:00,-6.0,967.0,62.6,298.0,96.0,0,Normal,
2015-11-09 07:00:00,-5.8,968.6,59.2,298.0,96.0,0,Normal,
2015-11-09 08:00:00,-5.7,970.3,58.0,300.0,96.0,0,Normal,
2015-11-09 09:00:00,-5.7,971.8,63.3,298.0,96.0,0,Normal,
2015-11-09 10:00:00,-5.7,973.4,61.9,298.0,96.0,0,Normal,
2015-11-09 11:00:00,-5.8,974.6,61.3,298.0,96.0,0,Normal,
2015-11-09 12:00:00,-5.7,975.8,62.0,300.0,96.0,0,Normal,
2015-11-09 13:00:00,-5.4,977.0,61.9,301.0,96.0,0,Normal,
2015-11-09 14:00:00,-5.3,977.9,61.9,301.0,96.0,0,Normal,
2015-11-09 15:00:00,-5.2,978.7,30.4,314.0,96.0,0,Normal,
2015-11-09 16:00:00,-5.3,979.4,61.9,298.0,95.0,0,Normal,
2015-11-09 17:00:00,-5.7,979.9,63.8,298.0,95.0,0,Normal,
2015-11-09 18:00:00,-5.8,980.5,63.3,298.0,95.0,0,Normal,
2015-11-09 19:00:00,-5.9,980.9,63.9,298.0,94.0,0,Normal,
2015-11-09 20:00:00,-5.9,981.2,62.6,301.0,93.0,0,Normal,
2015-11-09 21:00:00,-5.8,981.0,63.3,298.0,93.0,0,Normal,
2015-11-09 22:00:00,-5.7,980.8,61.9,298.0,94.0,0,Normal,
2015-11-09 23:00:00,-5.4,980.5,62.6,298.0,93.0,0,Normal,
2015-11-10 00:00:00,-5.2,980.0,70.9,299.0,94.0,0,Normal,
2015-11-10 01:00:00,-4.9,979.2,46.9,294.0,95.0,0,Normal,
2015-11-10 02:00:00,-4.5,978.6,62.6,298.0,97.0,0,Normal,
2015-11-10 03:00:00,-4.4,978.0,63.8,298.0,97.0,0,Normal,
2015-11-10 04:00:00,-4.1,977.3,62.6,298.0,98.0,0,Normal,
2015-11-10 05:00:00,-4.0,975.9,63.9,298.0,98.0,0,Normal,
2015-11-10 06:00:00,-3.6,975.5,63.9,298.0,99.0,0,Normal,
2015-11-10 07:00:00,-3.6,975.3,63.3,298.0,99.0,0,Normal,
2015-11-10 08:00:00,-3.5,974.2,63.3,298.0,99.0,0,Normal,
2015-11-10 09:00:00,-3.7,974.2,63.3,298.0,98.0,0,Normal,
2015-11-10 10:00:00,-3.8,974.0,63.9,298.0,98.0,0,Normal,
2015-11-10 11:00:00,-3.8,973.7,63.9,298.0,97.0,0,Normal,
2015-11-10 12:00:00,-4.1,973.4,63.0,299.0,97.0,0,Normal,
2015-11-10 13:00:00,-4.1,973.0,62.8,299.0,97.0,0,Normal,
2015-11-10 14:00:00,-4.4,973.5,63.3,301.0,97.0,0,Normal,
2015-11-10 15:00:00,-4.8,973.5,59.2,297.0,96.0,0,Normal,
2015-11-10 16:00:00,-5.0,973.7,62.2,298.0,96.0,0,Normal,
2015-11-10 17:00:00,-5.1,974.1,61.9,298.0,96.0,0,Normal,
2015-11-10 18:00:00,-5.2,974.9,61.9,298.0,96.0,0,Normal,
2015-11-10 19:00:00,-60.0,975.6,61.3,298.0,95.0,0,Normal,
2015-11-10 20:00:00,-5.4,975.9,61.9,301.0,95.0,0,Normal,
2015-11-10 21:00:00,-5.3,976.5,61.9,298.0,95.0,0,Normal,
2015-11-10 22:00:00,-5.2,976.9,63.3,298.0,94.0,0,Normal,
2015-11-10 23:00:00,-5.5,976.9,63.3,298.0,93.0,0,Normal,
2015-11-11 00:00:00,-5.5,976.8,63.9,298.0,92.0,0,Normal,
2015-11-11 01:00:00,-4.9,976.0,62.6,301.0,92.0,0,Normal,
2015-11-11 02:00:00,-4.4,975.6,63.3,301.0,92.0,0,Normal,
2015-11-11 03:00:00,-3.9,974.7,54.7,298.0,91.0,0,Normal,
2015-11-11 04:00:00,-3.6,974.2,51.4,287.0,89.0,0,Normal,
2015-11-11 05:00:00,-3.6,973.5,63.2,298.0,90.0,0,Normal,
2015-11-11 06:00:00,-3.4,973.4,62.6,298.0,95.0,0,Normal,
2015-11-11 07:00:00,-3.6,973.1,63.3,298.0,96.0,0,Normal,
2015-11-11 08:00:00,-3.7,972.7,61.9,298.0,95.0,0,Normal,
2015-11-11 09:00:00,-3.8,972.2,61.9,298.0,97.0,0,Normal,
2015-11-11 10:00:00,-3.8,971.7,62.6,298.0,97.0,0,Normal,
2015-11-11 11:00:00,-3.7,971.3,60.7,298.0,97.0,0,Normal,
2015-11-11 12:00:00,-3.4,970.8,61.3,298.0,96.0,0,Normal,
2015-11-11 13:00:00,-3.6,970.7,62.6,298.0,96.0,0,Normal,
2015-11-11 14:00:00,-3.8,970.3,61.9,298.0,96.0,0,Normal,
2015-11-11 15:00:00,-3.7,969.1,61.3,298.0,94.0,0,Normal,
2015-11-11 16:00:00,-3.4,969.1,63.2,299.0,93.0,0,Normal,
2015-11-11 17:00:00,-3.9,969.2,62.7,301.0,92.0,0,Normal,
2015-11-11 18:00:00,-4.3,968.2,61.9,301.0,94.0,0,Normal,
2015-11-11 19:00:00,-4.1,968.4,42.1,301.0,89.0,0,Normal,
2015-11-11 20:00:00,-4.9,968.4,53.7,289.0,87.0,0,Normal,
2015-11-11 21:00:00,-5.3,968.3,61.9,298.0,86.0,0,Normal,
2015-11-11 22:00:00,-5.2,968.2,62.6,298.0,85.0,0,Normal,
2015-11-11 23:00:00,-5.7,967.9,63.9,298.0,87.0,0,Normal,
2015-11-12 00:00:00,-2.7,955.8,17.0,186.0,47.0,0,Normal,
2015-11-12 01:00:00,-3.6,955.9,21.8,180.0,45.0,0,Normal,
2015-11-12 02:00:00,-2.7,955.9,20.5,175.0,41.0,0,Normal,
2015-11-12 03:00:00,-2.7,955.9,21.5,178.0,43.0,0,Normal,
2015-11-12 04:00:00,-3.1,956.0,20.0,181.0,46.0,0,Normal,
2015-11-12 05:00:00,-2.7,956.1,18.9,178.0,43.0,0,Normal,
2015-11-12 06:00:00,-1.3,956.8,19.4,159.0,33.0,0,Normal,
2015-11-12 07:00:00,0.0,957.4,13.9,129.0,29.0,0,Normal,
2015-11-12 08:00:00,0.7,957.5,12.0,119.0,25.0,0,Normal,
2015-11-12 09:00:00,1.7,957.3,11.7,70.0,31.0,0,Normal,
2015-11-12 10:00:00,1.3,957.5,17.2,111.0,31.0,0,Normal,
2015-11-12 11:00:00,1.5,957.7,21.1,111.0,31.0,0,Normal,
2015-11-12 12:00:00,1.3,957.8,23.0,92.0,32.0,0,Normal,
2015-11-12 13:00:00,0.6,958.0,24.0,105.0,39.0,0,Normal,
2015-11-12 14:00:00,0.5,958.0,26.5,107.0,41.0,0,Normal,
2015-11-12 15:00:00,0.0,958.2,22.6,105.0,46.0,0,Normal,
2015-11-12 16:00:00,-0.2,958.7,22.1,105.0,46.0,0,Normal,
2015-11-12 17:00:00,-0.3,958.9,20.6,108.0,48.0,0,Normal,
2015-11-12 18:00:00,-0.7,959.4,21.8,119.0,51.0,0,Normal,
2015-11-12 19:00:00,-1.1,959.9,21.1,130.0,51.0,0,Normal,
2015-11-12 20:00:00,-1.3,960.5,20.9,129.0,52.0,0,Normal,
2015-11-12 21:00:00,-1.3,960.9,18.6,126.0,50.0,0,Normal,
2015-11-12 22:00:00,-1.1,961.3,19.4,129.0,48.0,0,Normal,
2015-11-12 23:00:00,-1.2,961.6,17.7,120.0,48.0,0,Normal,
2015-11-13 00:00:00,-5.2,970.9,63.3,301.0,93.0,0,Normal,
2015-11-13 01:00:00,-4.9,970.9,27.5,283.0,94.0,0,Normal,
2015-11-13 02:00:00,-4.8,971.3,61.9,298.0,93.0,0,Normal,
2015-11-13 03:00:00,-4.8,971.5,61.3,298.0,94.0,0,Normal,
2015-11-13 04:00:00,-4.7,971.9,61.9,298.0,95.0,0,Normal,
2015-11-13 05:00:00,-4.6,972.5,62.6,301.0,94.0,0,Normal,
2015-11-13 06:00:00,-4.4,972.7,61.9,301.0,94.0,0,Normal,
2015-11-13 07:00:00,-4.5,973.4,56.7,293.0,94.0,0,Normal,
2015-11-13 08:00:00,-4.4,974.1,61.9,297.0,93.0,0,Normal,
2015-11-13 09:00:00,-4.5,974.4,62.6,298.0,91.0,0,Normal,
2015-11-13 10:00:00,-4.4,974.9,61.3,298.0,90.0,0,Normal,
2015-11-13 11:00:00,-4.3,975.2,61.9,298.0,90.0,0,Normal,
2015-11-13 12:00:00,-4.2,975.6,62.6,298.0,90.0,0,Normal,
2015-11-13 13:00:00,-4.0,976.4,63.3,298.0,89.0,0,Normal,
2015-11-13 14:00:00,-3.9,977.2,63.9,298.0,89.0,0,Normal,
2015-11-13 15:00:00,-4.0,977.4,63.3,298.0,92.0,0,Normal,
2015-11-13 16:00:00,-4.1,977.8,63.9,298.0,93.0,0,Normal,
2015-11-13 17:00:00,-3.7,977.7,63.9,298.0,89.0,0,Normal,
2015-11-13 18:00:00,-3.8,978.0,62.6,298.0,87.0,0,Normal,
2015-11-13 19:00:00,-3.8,978.7,62.9,298.0,84.0,0,Normal,
2015-11-13 20:00:00,-4.1,979.1,66.7,300.0,82.0,0,Normal,
2015-11-13 21:00:00,-4.4,979.5,63.2,300.0,78.0,0,Normal,
2015-11-13 22:00:00,-4.4,979.8,47.3,301.0,83.0,0,Normal,
2015-11-13 23:00:00,-4.2,980.3,42.9,278.0,79.0,0,Normal,
2015-11-14 00:00:00,-4.0,980.2,62.6,298.0,79.0,0,Normal,
2015-11-14 01:00:00,-4.3,979.8,62.6,299.0,82.0,0,Normal,
2015-11-14 02:00:00,-4.4,980.1,62.6,299.0,85.0,0,Normal,
2015-11-14 03:00:00,-4.6,980.0,55.4,300.0,91.0,0,Normal,
2015-11-14 04:00:00,-4.7,980.7,61.3,298.0,90.0,0,Normal,
2015-11-14 05:00:00,-4.7,981.3,61.3,298.0,89.0,0,Normal,
2015-11-14 06:00:00,-4.6,982.0,61.3,298.0,87.0,0,Normal,
2015-11-14 07:00:00,-4.2,982.2,61.9,298.0,79.0,0,Normal,
2015-11-14 08:00:00,-4.0,982.0,62.6,298.0,76.0,0,Normal,
2015-11-14 09:00:00,-3.8,982.2,62.0,298.0,74.0,0,Normal,
2015-11-14 10:00:00,-3.5,982.3,74.8,299.0,72.0,0,Normal,
2015-11-14 11:00:00,-3.2,982.0,61.9,300.0,68.0,0,Normal,
2015-11-14 12:00:00,-3.1,981.4,61.8,300.0,67.0,0,Normal,
2015-11-14 13:00:00,-2.7,981.0,55.1,308.0,68.0,0,Normal,
2015-11-14 14:00:00,-2.6,980.9,59.5,298.0,67.0,0,Normal,
2015-11-14 15:00:00,-2.7,980.5,61.9,299.0,65.0,0,Normal,
2015-11-14 16:00:00,-2.8,979.9,61.9,299.0,62.0,0,Normal,
2015-11-14 17:00:00,-2.8,979.5,62.8,299.0,61.0,0,Normal,
2015-11-14 18:00:00,-2.8,979.1,62.6,298.0,60.0,0,Normal,
2015-11-14 19:00:00,-3.1,978.5,62.6,298.0,61.0,0,Normal,
2015-11-14 20:00:00,-3.4,978.1,63.3,298.0,64.0,0,Normal,
2015-11-14 21:00:00,-3.7,977.5,63.4,298.0,59.0,0,Normal,
2015-11-14 22:00:00,-4.2,977.1,63.3,298.0,61.0,0,Normal,
2015-11-14 23:00:00,-4.7,976.4,63.3,298.0,65.0,0,Normal,
2015-11-15 00:00:00,-4.8,975.9,63.2,300.0,63.0,0,Normal,
2015-11-15 01:00:00,-4.8,975.7,65.5,299.0,60.0,0,Normal,
2015-11-15 02:00:00,-4.7,975.4,63.2,299.0,60.0,0,Normal,
2015-11-15 03:00:00,-5.0,975.1,62.5,298.0,60.0,0,Normal,
2015-11-15 04:00:00,-5.1,974.9,61.3,298.0,61.0,0,Normal,
2015-11-15 05:00:00,-5.1,974.5,61.9,300.0,60.0,0,Normal,
2015-11-15 06:00:00,-5.0,973.9,61.2,299.0,62.0,0,Normal,
2015-11-15 07:00:00,-5.0,973.1,62.0,300.0,62.0,0,Normal,
2015-11-15 08:00:00,-4.9,972.9,61.0,296.0,63.0,0,Normal,
2015-11-15 09:00:00,-4.8,972.7,63.3,298.0,63.0,0,Normal,
2015-11-15 10:00:00,-4.4,972.5,62.6,298.0,68.0,0,Normal,
2015-11-15 11:00:00,-4.2,971.9,63.3,298.0,68.0,0,Normal,
2015-11-15 12:00:00,-3.8,971.1,63.3,298.0,64.0,0,Normal,
2015-11-15 13:00:00,-3.9,970.5,62.6,298.0,66.0,0,Normal,
2015-11-15 14:00:00,-3.7,970.3,62.9,299.0,66.0,0,Normal,
2015-11-15 15:00:00,-3.9,969.9,61.7,298.0,63.0,0,Normal,
2015-11-15 16:00:00,-4.0,969.6,63.1,299.0,64.0,0,Normal,
2015-11-15 17:00:00,-4.7,969.1,63.2,299.0,68.0,0,Normal,
2015-11-15 18:00:00,-5.2,968.7,62.6,300.0,66.0,0,Normal,
2015-11-15 19:00:00,-5.2,968.8,61.9,298.0,61.0,0,Normal,
2015-11-15 20:00:00,-5.4,968.6,62.6,298.0,68.0,0,Normal,
2015-11-15 21:00:00,-6.2,968.6,60.6,298.0,74.0,0,Normal,
2015-11-15 22:00:00,-6.5,969.3,60.1,298.0,76.0,0,Normal,
2015-11-15 23:00:00,-6.3,969.8,62.6,300.0,75.0,0,Normal,
2015-11-16 00:00:00,-6.6,970.0,62.6,298.0,76.0,0,Normal,
2015-11-16 01:00:00,-6.7,970.9,63.9,298.0,75.0,0,Normal,
2015-11-16 02:00:00,-6.8,971.1,62.7,299.0,82.0,0,Normal,
2015-11-16 03:00:00,-6.4,971.8,63.6,298.0,73.0,0,Normal,
2015-11-16 04:00:00,-6.8,971.6,57.6,299.0,79.0,0,Normal,
2015-11-16 05:00:00,-6.7,973.5,63.3,298.0,74.0,0,Normal,
2015-11-16 06:00:00,-6.2,973.8,61.3,298.0,73.0,0,Normal,
2015-11-16 07:00:00,-6.0,975.5,61.9,299.0,73.0,0,Normal,
2015-11-16 08:00:00,-5.9,975.8,62.8,300.0,68.0,0,Normal,
2015-11-16 09:00:00,-5.9,975.6,62.6,298.0,68.0,0,Normal,
2015-11-16 10:00:00,-5.6,976.2,63.1,298.0,67.0,0,Normal,
2015-11-16 11:00:00,-5.6,976.6,64.7,299.0,68.0,0,Normal,
2015-11-16 12:00:00,-5.4,977.1,62.3,299.0,70.0,0,Normal,
2015-11-16 13:00:00,-6.0,977.8,62.6,300.0,73.0,0,Normal,
2015-11-16 14:00:00,-6.0,977.8,62.6,298.0,74.0,0,Normal,
2015-11-16 15:00:00,-5.5,977.7,61.3,298.0,75.0,0,Normal,
2015-11-16 16:00:00,-3.8,977.4,61.3,298.0,63.0,0,Normal,
2015-11-16 17:00:00,-4.5,978.6,61.9,298.0,69.0,0,Normal,
2015-11-16 18:00:00,-4.1,978.3,61.9,298.0,54.0,0,Normal,
2015-11-16 19:00:00,-3.7,978.5,59.9,298.0,50.0,0,Normal,
2015-11-16 20:00:00,-4.7,979.2,61.9,298.0,63.0,0,Normal,
2015-11-16 21:00:00,-4.8,979.8,62.5,301.0,62.0,0,Normal,
2015-11-16 22:00:00,-4.0,979.7,62.6,298.0,54.0,0,Normal,
2015-11-16 23:00:00,-3.8,980.5,62.6,298.0,52.0,0,Normal,
2015-11-17 00:00:00,-4.1,980.5,61.9,298.0,54.0,0,Normal,
2015-11-17 01:00:00,-3.9,980.7,62.9,298.0,51.0,0,Normal,
2015-11-17 02:00:00,-4.0,980.9,63.3,298.0,54.0,0,Normal,
2015-11-17 03:00:00,-3.6,981.2,63.9,298.0,51.0,0,Normal,
2015-11-17 04:00:00,-3.1,981.3,63.9,298.0,47.0,0,Normal,
2015-11-17 05:00:00,-2.2,981.6,62.6,298.0,43.0,0,Normal,
2015-11-17 06:00:00,-1.6,982.1,63.9,298.0,41.0,0,Normal,
2015-11-17 07:00:00,-0.6,982.0,63.9,298.0,38.0,0,Normal,
2015-11-17 08:00:00,0.0,982.0,63.3,298.0,42.0,0,Normal,
2015-11-17 09:00:00,0.3,981.8,63.9,298.0,38.0,0,Normal,
2015-11-17 10:00:00,0.5,981.4,60.9,299.0,38.0,0,Normal,
2015-11-17 11:00:00,2.2,981.0,63.2,301.0,39.0,0,Normal,
2015-11-17 12:00:00,3.2,980.6,63.3,301.0,37.0,0,Normal,
2015-11-17 13:00:00,3.5,980.0,57.5,304.0,36.0,0,Normal,
2015-11-17 14:00:00,3.7,979.3,62.6,298.0,36.0,0,Normal,
2015-11-17 15:00:00,1.3,978.4,63.3,298.0,41.0,0,Normal,
2015-11-17 16:00:00,0.7,977.6,62.6,298.0,47.0,0,Normal,
2015-11-17 17:00:00,0.5,977.1,62.0,298.0,48.0,0,Normal,
2015-11-17 18:00:00,0.3,976.7,61.3,298.0,44.0,0,Normal,
2015-11-17 19:00:00,-0.8,976.6,61.3,298.0,44.0,0,Normal,
2015-11-17 20:00:00,-0.6,976.4,61.9,298.0,50.0,0,Normal,
2015-11-17 21:00:00,-0.3,975.8,61.9,298.0,42.0,0,Normal,
2015-11-17 22:00:00,-0.8,975.4,61.3,298.0,43.0,0,Normal,
2015-11-17 23:00:00,-0.7,975.2,61.3,298.0,42.0,0,Normal,
2015-11-18 00:00:00,-1.1,975.1,61.3,298.0,39.0,0,Normal,
2015-11-18 01:00:00,-0.9,975.0,62.3,298.0,35.0,0,Normal,
2015-11-18 02:00:00,-1.5,974.6,62.5,301.0,36.0,0,Normal,
2015-11-18 03:00:00,-1.8,974.7,62.6,301.0,38.0,0,Normal,
2015-11-18 04:00:00,-1.1,975.0,53.3,304.0,39.0,0,Normal,
2015-11-18 05:00:00,-0.8,974.9,60.3,296.0,35.0,0,Normal,
2015-11-18 06:00:00,0.9,974.9,62.6,298.0,30.0,0,Normal,
2015-11-18 07:00:00,1.5,975.1,62.6,298.0,33.0,0,Normal,
2015-11-18 08:00:00,1.8,974.8,62.8,298.0,34.0,0,Normal,
2015-11-18 09:00:00,2.7,974.4,63.3,298.0,33.0,0,Normal,
2015-11-18 10:00:00,2.9,974.1,62.6,298.0,32.0,0,Normal,
2015-11-18 11:00:00,3.1,973.6,61.9,298.0,41.0,0,Normal,
2015-11-18 12:00:00,5.2,973.3,62.6,298.0,38.0,0,Normal,
2015-11-18 13:00:00,4.1,972.8,63.3,298.0,31.0,0,Normal,
2015-11-18 14:00:00,3.8,972.5,63.9,298.0,37.0,0,Normal,
2015-11-18 15:00:00,3.0,971.9,63.3,298.0,43.0,0,Normal,
2015-11-18 16:00:00,2.3,971.5,69.3,299.0,49.0,0,Normal,
2015-11-18 17:00:00,2.3,971.4,62.4,301.0,46.0,0,Normal,
2015-11-18 18:00:00,2.2,971.5,62.6,301.0,44.0,0,Normal,
2015-11-18 19:00:00,1.0,971.3,63.2,301.0,49.0,0,Normal,
2015-11-18 20:00:00,-1.0,971.2,39.9,281.0,53.0,0,Normal,
2015-11-18 21:00:00,-0.1,971.2,62.6,298.0,41.0,0,Normal,
2015-11-18 22:00:00,-0.8,970.8,62.6,298.0,38.0,0,Normal,
2015-11-18 23:00:00,-0.9,970.5,63.3,298.0,38.0,0,Normal,
2015-11-19 00:00:00,-2.5,970.4,61.3,298.0,40.0,0,Normal,
2015-11-19 01:00:00,-2.0,970.4,61.9,298.0,36.0,0,Normal,
2015-11-19 02:00:00,-1.2,969.8,61.3,298.0,36.0,0,Normal,
2015-11-19 03:00:00,-2.6,969.4,61.9,298.0,37.0,0,Normal,
2015-11-19 04:00:00,-0.4,969.4,61.3,298.0,30.0,0,Normal,
2015-11-19 05:00:00,-1.0,969.3,61.3,298.0,31.0,0,Normal,
2015-11-19 06:00:00,-0.4,968.7,61.9,298.0,36.0,0,Normal,
2015-11-19 07:00:00,0.6,968.3,61.3,298.0,36.0,0,Normal,
2015-11-19 08:00:00,1.6,967.8,52.0,299.0,34.0,0,Normal,
2015-11-19 09:00:00,1.9,967.3,61.9,301.0,32.0,0,Normal,
2015-11-19 10:00:00,2.9,966.9,62.6,301.0,37.0,0,Normal,
2015-11-19 11:00:00,4.0,966.5,58.2,305.0,31.0,0,Normal,
2015-11-19 12:00:00,3.1,966.4,61.9,298.0,41.0,0,Normal,
2015-11-19 13:00:00,4.6,966.0,63.3,298.0,38.0,0,Normal,
2015-11-19 14:00:00,4.8,965.2,63.3,298.0,30.0,0,Normal,
2015-11-19 15:00:00,3.4,964.7,61.3,298.0,38.0,0,Normal,
2015-11-19 16:00:00,3.4,964.3,61.3,298.0,41.0,0,Normal,
2015-11-19 17:00:00,2.9,964.0,61.9,298.0,41.0,0,Normal,
2015-11-19 18:00:00,2.0,963.9,61.9,298.0,43.0,0,Normal,
2015-11-19 19:00:00,1.8,963.6,61.9,298.0,36.0,0,Normal,
2015-11-19 20:00:00,1.0,963.3,61.9,298.0,42.0,0,Normal,
2015-11-19 21:00:00,0.2,963.2,61.9,298.0,38.0,0,Normal,
2015-11-19 22:00:00,-0.3,963.1,61.9,298.0,37.0,0,Normal,
2015-11-19 23:00:00,-0.5,963.3,61.5,299.0,34.0,0,Normal,
2015-11-20 00:00:00,-1.2,962.8,62.0,301.0,33.0,0,Normal,
2015-11-20 01:00:00,-2.2,962.6,61.9,301.0,37.0,0,Normal,
2015-11-20 02:00:00,-2.1,962.6,47.7,302.0,32.0,0,Normal,
2015-11-20 03:00:00,-4.2,962.3,55.4,286.0,39.0,0,Normal,
2015-11-20 04:00:00,-2.7,962.2,61.9,298.0,35.0,0,Normal,
2015-11-20 05:00:00,-1.6,962.1,62.6,298.0,33.0,0,Normal,
2015-11-20 06:00:00,-1.4,962.4,62.6,298.0,33.0,0,Normal,
2015-11-20 07:00:00,-1.0,962.2,63.3,298.0,36.0,0,Normal,
2015-11-20 08:00:00,1.0,961.7,63.3,298.0,22.0,0,Normal,
2015-11-20 09:00:00,3.0,961.5,63.9,298.0,26.0,0,Normal,
2015-11-20 10:00:00,2.8,961.0,63.3,298.0,28.0,0,Normal,
2015-11-20 11:00:00,2.6,960.5,63.9,298.0,25.0,0,Normal,
2015-11-20 12:00:00,2.0,960.1,62.6,298.0,31.0,0,Normal,
2015-11-20 13:00:00,2.1,959.6,63.3,298.0,33.0,0,Normal,
2015-11-20 14:00:00,1.9,958.8,61.7,298.0,34.0,0,Normal,
2015-11-20 15:00:00,1.0,958.1,63.8,301.0,39.0,0,Normal,
2015-11-20 16:00:00,0.3,957.4,63.3,301.0,48.0,0,Normal,
2015-11-20 17:00:00,-0.2,956.8,52.9,303.0,57.0,0,Normal,
2015-11-20 18:00:00,-0.4,956.5,27.2,292.0,45.0,0,Normal,
2015-11-20 19:00:00,-1.5,956.1,62.6,298.0,49.0,0,Normal,
2015-11-20 20:00:00,-3.1,955.7,62.6,298.0,51.0,0,Normal,
2015-11-20 21:00:00,-5.0,955.4,63.2,298.0,53.0,0,Normal,
2015-11-20 22:00:00,-4.6,955.1,61.6,298.0,49.0,0,Normal,
2015-11-20 23:00:00,-3.4,955.1,61.9,298.0,45.0,0,Normal,
2015-11-21 00:00:00,-4.0,955.3,61.3,298.0,47.0,0,Normal,
2015-11-21 01:00:00,-3.5,955.0,62.4,301.0,34.0,0,Normal,
2015-11-21 02:00:00,-5.1,955.0,62.2,301.0,38.0,0,Normal,
2015-11-21 03:00:00,-3.5,955.4,40.9,280.0,33.0,0,Normal,
2015-11-21 04:00:00,-3.3,955.9,62.6,298.0,37.0,0,Normal,
2015-11-21 05:00:00,-3.6,956.5,62.6,298.0,41.0,0,Normal,
2015-11-21 06:00:00,-2.8,957.5,61.9,298.0,41.0,0,Normal,
2015-11-21 07:00:00,-2.5,958.0,63.3,298.0,34.0,0,Normal,
2015-11-21 08:00:00,-1.6,958.5,63.9,298.0,40.0,0,Normal,
2015-11-21 09:00:00,-2.3,958.5,63.3,298.0,55.0,0,Normal,
2015-11-21 10:00:00,-1.2,958.9,63.9,298.0,38.0,0,Normal,
2015-11-21 11:00:00,-0.3,958.9,62.7,298.0,42.0,0,Normal,
2015-11-21 12:00:00,0.1,959.1,63.3,298.0,44.0,0,Normal,
2015-11-21 13:00:00,0.6,959.3,63.9,298.0,44.0,0,Normal,
2015-11-21 14:00:00,0.8,959.6,62.3,298.0,46.0,0,Normal,
2015-11-21 15:00:00,0.6,959.7,63.6,300.0,41.0,0,Normal,
2015-11-21 16:00:00,0.1,959.5,63.3,301.0,44.0,0,Normal,
2015-11-21 17:00:00,-0.2,959.9,62.9,300.0,39.0,0,Normal,
2015-11-21 18:00:00,-0.9,959.9,63.3,301.0,46.0,0,Normal,
2015-11-21 19:00:00,-1.2,960.3,23.4,280.0,41.0,0,Normal,
2015-11-21 20:00:00,-2.1,960.4,63.0,299.0,45.0,0,Normal,
2015-11-21 21:00:00,-2.6,960.6,63.3,298.0,44.0,0,Normal,
2015-11-21 22:00:00,-4.0,960.8,62.6,298.0,44.0,0,Normal,
2015-11-21 23:00:00,-3.8,961.0,61.3,298.0,38.0,0,Normal,
2015-11-22 00:00:00,-4.0,961.1,61.9,298.0,35.0,0,Normal,
2015-11-22 01:00:00,-4.5,961.5,61.3,298.0,36.0,0,Normal,
2015-11-22 02:00:00,-4.6,961.7,61.3,298.0,37.0,0,Normal,
2015-11-22 03:00:00,-5.1,961.9,61.9,301.0,39.0,0,Normal,
2015-11-22 04:00:00,-4.5,962.3,29.8,279.0,39.0,0,Normal,
2015-11-22 05:00:00,-4.3,962.9,62.6,298.0,38.0,0,Normal,
2015-11-22 06:00:00,-3.8,963.5,61.9,298.0,40.0,0,Normal,
2015-11-22 07:00:00,-2.9,963.6,61.9,298.0,39.0,0,Normal,
2015-11-22 08:00:00,-1.3,964.4,62.6,298.0,29.0,0,Normal,
2015-11-22 09:00:00,-1.3,964.6,62.6,298.0,41.0,0,Normal,
2015-11-22 10:00:00,-0.3,965.0,63.9,298.0,36.0,0,Normal,
2015-11-22 11:00:00,-0.3,965.2,63.9,298.0,36.0,0,Normal,
2015-11-22 12:00:00,0.1,965.6,63.3,298.0,34.0,0,Normal,
2015-11-22 13:00:00,0.6,965.7,63.9,298.0,34.0,0,Normal,
2015-11-22 14:00:00,-0.1,965.8,63.9,298.0,37.0,0,Normal,
2015-11-22 15:00:00,0.8,966.1,63.9,298.0,35.0,0,Normal,
2015-11-22 16:00:00,-0.4,966.3,63.3,300.0,40.0,0,Normal,
2015-11-22 17:00:00,-1.4,966.4,62.6,301.0,47.0,0,Normal,
2015-11-22 18:00:00,-1.5,966.6,53.8,303.0,51.0,0,Normal,
2015-11-22 19:00:00,-2.7,967.6,58.2,289.0,52.0,0,Normal,
2015-11-22 20:00:00,-3.8,968.2,63.3,298.0,57.0,0,Normal,
2015-11-22 21:00:00,-4.3,968.5,62.6,298.0,56.0,0,Normal,
2015-11-22 22:00:00,-4.1,968.7,62.6,298.0,45.0,0,Normal,
2015-11-22 23:00:00,-6.0,968.9,61.9,298.0,46.0,0,Normal,
2015-11-23 00:00:00,-5.3,969.2,61.9,301.0,40.0,0,Normal,
2015-11-23 01:00:00,-4.5,969.3,60.2,296.0,38.0,0,Normal,
2015-11-23 02:00:00,-6.1,969.5,63.2,298.0,45.0,0,Normal,
2015-11-23 03:00:00,-7.1,969.7,63.3,298.0,44.0,0,Normal,
2015-11-23 04:00:00,-6.0,969.9,63.9,298.0,40.0,0,Normal,
2015-11-23 05:00:00,-5.1,970.2,63.2,301.0,39.0,0,Normal,
2015-11-23 06:00:00,-3.8,970.7,63.3,301.0,36.0,0,Normal,
2015-11-23 07:00:00,-4.3,971.2,50.1,295.0,46.0,0,Normal,
2015-11-23 08:00:00,-1.8,971.4,61.5,295.0,44.0,0,Normal,
2015-11-23 09:00:00,-2.0,971.3,62.6,298.0,36.0,0,Normal,
2015-11-23 10:00:00,0.4,971.3,63.3,298.0,38.0,0,Normal,
2015-11-23 11:00:00,0.8,971.4,62.6,298.0,35.0,0,Normal,
2015-11-23 12:00:00,0.7,971.4,61.3,298.0,32.0,0,Normal,
2015-11-23 13:00:00,0.9,971.3,61.9,298.0,30.0,0,Normal,
2015-11-23 14:00:00,0.7,971.3,61.3,298.0,31.0,0,Normal,
2015-11-23 15:00:00,0.3,971.1,61.3,298.0,33.0,0,Normal,
2015-11-23 16:00:00,-0.6,970.9,61.3,298.0,40.0,0,Normal,
2015-11-23 17:00:00,-1.4,970.8,61.9,298.0,39.0,0,Normal,
2015-11-23 18:00:00,-1.7,970.7,61.9,298.0,49.0,0,Normal,
2015-11-23 19:00:00,-2.1,970.5,65.1,299.0,51.0,0,Normal,
2015-11-23 20:00:00,-4.0,970.3,63.0,300.0,46.0,0,Normal,
2015-11-23 21:00:00,-4.9,970.0,61.9,301.0,48.0,0,Normal,
2015-11-23 22:00:00,-5.8,969.6,62.6,298.0,48.0,0,Normal,
2015-11-23 23:00:00,-5.7,969.3,63.3,298.0,42.0,0,Normal,
2015-11-24 00:00:00,-5.6,969.2,63.9,298.0,38.0,0,Normal,
2015-11-24 01:00:00,-5.3,968.7,63.1,298.0,37.0,0,Normal,
2015-11-24 02:00:00,-6.1,968.0,48.9,301.0,38.0,0,Normal,
2015-11-24 03:00:00,-5.7,967.6,62.6,298.0,37.0,0,Normal,
2015-11-24 04:00:00,-5.8,967.2,62.6,298.0,40.0,0,Normal,
2015-11-24 05:00:00,-3.4,967.1,62.6,298.0,37.0,0,Normal,
2015-11-24 06:00:00,-3.8,967.1,61.9,298.0,43.0,0,Normal,
2015-11-24 07:00:00,-2.7,967.0,61.3,298.0,41.0,0,Normal,
2015-11-24 08:00:00,-1.3,967.5,61.9,298.0,38.0,0,Normal,
2015-11-24 09:00:00,-1.1,967.2,61.9,298.0,38.0,0,Normal,
2015-11-24 10:00:00,0.9,966.8,61.3,298.0,32.0,0,Normal,
2015-11-24 11:00:00,0.7,966.6,61.0,298.0,37.0,0,Normal,
2015-11-24 12:00:00,0.5,966.1,62.7,300.0,42.0,0,Normal,
2015-11-24 13:00:00,0.7,965.9,62.6,301.0,39.0,0,Normal,
2015-11-24 14:00:00,1.1,965.9,42.9,309.0,32.0,0,Normal,
2015-11-24 15:00:00,1.5,965.9,62.0,302.0,31.0,0,Normal,
2015-11-24 16:00:00,-0.6,966.7,58.7,296.0,46.0,0,Normal,
2015-11-24 17:00:00,-1.7,966.9,61.9,298.0,44.0,0,Normal,
2015-11-24 18:00:00,-2.4,967.1,62.6,298.0,42.0,0,Normal,
2015-11-24 19:00:00,-3.2,966.9,62.7,298.0,51.0,0,Normal,
2015-11-24 20:00:00,-3.6,966.5,61.9,298.0,49.0,0,Normal,
2015-11-24 21:00:00,-3.0,966.2,61.9,298.0,41.0,0,Normal,
2015-11-24 22:00:00,-3.3,966.2,61.9,298.0,41.0,0,Normal,
2015-11-24 23:00:00,-3.8,966.4,61.3,299.0,42.0,0,Normal,
2015-11-25 00:00:00,-5.5,966.4,61.9,298.0,46.0,0,Normal,
2015-11-25 01:00:00,-4.9,966.2,61.4,298.0,38.0,0,Normal,
2015-11-25 02:00:00,-5.0,965.9,60.8,303.0,40.0,0,Normal,
2015-11-25 03:00:00,-4.9,965.5,62.6,298.0,39.0,0,Normal,
2015-11-25 04:00:00,-4.6,965.2,62.6,298.0,37.0,0,Normal,
2015-11-25 05:00:00,-4.7,965.3,63.9,298.0,39.0,0,Normal,
2015-11-25 06:00:00,-3.4,965.2,63.9,298.0,37.0,0,Normal,
2015-11-25 07:00:00,-3.1,964.7,63.9,298.0,41.0,0,Normal,
2015-11-25 08:00:00,-2.8,964.6,61.3,298.0,47.0,0,Normal,
2015-11-25 09:00:00,-1.9,964.5,63.3,298.0,47.0,0,Normal,
2015-11-25 10:00:00,-0.4,965.0,63.9,298.0,29.0,0,Normal,
2015-11-25 11:00:00,-1.4,964.3,63.3,298.0,32.0,0,Normal,
2015-11-25 12:00:00,-0.1,963.7,63.3,298.0,33.0,0,Normal,
2015-11-25 13:00:00,1.2,963.0,62.9,298.0,30.0,0,Normal,
2015-11-25 14:00:00,1.2,962.5,63.3,301.0,36.0,0,Normal,
2015-11-25 15:00:00,0.2,962.0,62.6,301.0,42.0,0,Normal,
2015-11-25 16:00:00,0.4,961.5,53.1,297.0,45.0,0,Normal,
2015-11-25 17:00:00,-0.9,960.6,61.4,295.0,47.0,0,Normal,
2015-11-25 18:00:00,-2.3,960.2,63.3,298.0,46.0,0,Normal,
2015-11-25 19:00:00,-3.5,960.0,63.3,298.0,52.0,0,Normal,
2015-11-25 20:00:00,-4.5,960.5,62.6,300.0,63.0,0,Normal,
2015-11-25 21:00:00,-4.7,960.4,61.9,298.0,59.0,0,Normal,
2015-11-25 22:00:00,-4.9,960.6,61.9,298.0,60.0,0,Normal,
2015-11-25 23:00:00,-4.3,960.3,61.3,300.0,46.0,0,Normal,
2015-11-26 00:00:00,-4.2,960.5,61.8,301.0,44.0,0,Normal,
2015-11-26 01:00:00,-5.4,960.6,62.7,299.0,44.0,0,Normal,
2015-11-26 02:00:00,-4.7,961.0,63.3,298.0,39.0,0,Normal,
2015-11-26 03:00:00,-4.1,961.4,63.3,298.0,36.0,0,Normal,
2015-11-26 04:00:00,-3.3,962.0,63.3,298.0,37.0,0,Normal,
2015-11-26 05:00:00,-3.1,962.5,63.3,298.0,40.0,0,Normal,
2015-11-26 06:00:00,-2.8,963.1,63.2,298.0,42.0,0,Normal,
2015-11-26 07:00:00,-0.5,963.8,79.5,299.0,31.0,0,Normal,
2015-11-26 08:00:00,-0.2,965.7,62.6,300.0,41.0,0,Normal,
2015-11-26 09:00:00,0.1,967.0,62.5,300.0,36.0,0,Normal,
2015-11-26 10:00:00,0.2,967.8,35.5,304.0,40.0,0,Normal,
2015-11-26 11:00:00,0.9,968.3,65.7,299.0,38.0,0,Normal,
2015-11-26 12:00:00,1.4,968.8,62.6,299.0,43.0,0,Normal,
2015-11-26 13:00:00,1.4,969.4,61.0,300.0,46.0,0,Normal,
2015-11-26 14:00:00,1.3,969.8,52.6,290.0,45.0,0,Normal,
2015-11-26 15:00:00,0.7,970.0,62.6,298.0,49.0,0,Normal,
2015-11-26 16:00:00,1.1,969.9,62.6,298.0,49.0,0,Normal,
2015-11-26 17:00:00,0.8,969.9,62.8,298.0,51.0,0,Normal,
2015-11-26 18:00:00,0.7,970.1,61.3,298.0,49.0,0,Normal,
2015-11-26 19:00:00,0.2,970.5,61.9,298.0,51.0,0,Normal,
2015-11-26 20:00:00,0.1,970.6,61.3,298.0,47.0,0,Normal,
2015-11-26 21:00:00,-0.8,970.7,62.1,298.0,51.0,0,Normal,
2015-11-26 22:00:00,-1.4,970.8,61.2,298.0,50.0,0,Normal,
2015-11-26 23:00:00,-1.9,970.7,61.3,300.0,50.0,0,Normal,
2015-11-27 00:00:00,-2.1,970.7,61.9,300.0,48.0,0,Normal,
2015-11-27 01:00:00,-2.1,970.4,58.6,294.0,47.0,0,Normal,
2015-11-27 02:00:00,-2.5,970.4,56.3,298.0,51.0,0,Normal,
2015-11-27 03:00:00,-2.5,970.5,60.3,298.0,52.0,0,Normal,
2015-11-27 04:00:00,-2.6,970.6,62.6,299.0,53.0,0,Normal,
2015-11-27 05:00:00,-2.1,970.6,54.9,305.0,50.0,0,Normal,
2015-11-27 06:00:00,-1.4,970.6,41.3,286.0,48.0,0,Normal,
2015-11-27 07:00:00,-1.1,970.3,48.1,289.0,48.0,0,Normal,
2015-11-27 08:00:00,-0.6,970.3,61.9,298.0,46.0,0,Normal,
2015-11-27 09:00:00,0.0,970.0,63.3,298.0,44.0,0,Normal,
2015-11-27 10:00:00,0.6,969.5,63.3,298.0,44.0,0,Normal,
2015-11-27 11:00:00,0.7,969.1,63.3,298.0,44.0,0,Normal,
2015-11-27 12:00:00,1.9,968.6,63.3,298.0,44.0,0,Normal,
2015-11-27 13:00:00,2.2,968.1,63.9,298.0,39.0,0,Normal,
2015-11-27 14:00:00,1.8,967.4,59.6,298.0,40.0,0,Normal,
2015-11-27 15:00:00,1.9,966.6,61.9,299.0,44.0,0,Normal,
2015-11-27 16:00:00,0.6,965.8,62.6,299.0,46.0,0,Normal,
2015-11-27 17:00:00,0.6,965.1,62.5,299.0,43.0,0,Normal,
2015-11-27 18:00:00,0.3,964.5,62.6,298.0,41.0,0,Normal,
2015-11-27 19:00:00,0.0,963.9,63.2,300.0,47.0,0,Normal,
2015-11-27 20:00:00,-0.5,963.3,63.2,300.0,46.0,0,Normal,
2015-11-27 21:00:00,-1.7,962.6,63.2,300.0,50.0,0,Normal,
2015-11-27 22:00:00,-2.0,962.1,62.2,297.0,50.0,0,Normal,
2015-11-27 23:00:00,-2.3,961.1,62.6,298.0,43.0,0,Normal,
2015-11-28 00:00:00,-2.9,960.3,63.3,298.0,44.0,0,Normal,
2015-11-28 01:00:00,-2.8,959.4,62.6,298.0,38.0,0,Normal,
2015-11-28 02:00:00,-2.9,958.6,61.3,298.0,37.0,0,Normal,
2015-11-28 03:00:00,-2.9,957.9,61.9,298.0,39.0,0,Normal,
2015-11-28 04:00:00,-2.9,957.4,61.3,298.0,40.0,0,Normal,
2015-11-28 05:00:00,-2.6,957.0,61.9,298.0,42.0,0,Normal,
2015-11-28 06:00:00,-1.9,956.8,58.0,298.0,41.0,0,Normal,
2015-11-28 07:00:00,-0.6,956.6,61.3,299.0,41.0,0,Normal,
2015-11-28 08:00:00,-0.3,956.1,61.9,299.0,41.0,0,Normal,
2015-11-28 09:00:00,0.6,955.5,60.6,299.0,44.0,0,Normal,
2015-11-28 10:00:00,0.7,955.3,65.9,299.0,41.0,0,Normal,
2015-11-28 11:00:00,1.5,955.2,62.7,300.0,33.0,0,Normal,
2015-11-28 12:00:00,-0.8,955.3,62.6,300.0,52.0,0,Normal,
2015-11-28 13:00:00,-1.4,955.2,53.7,297.0,49.0,0,Normal,
2015-11-28 14:00:00,-1.6,955.2,61.0,295.0,54.0,0,Normal,
2015-11-28 15:00:00,-1.1,955.3,62.6,298.0,52.0,0,Normal,
2015-11-28 16:00:00,-1.2,955.6,61.9,298.0,55.0,0,Normal,
2015-11-28 17:00:00,-2.1,956.1,62.0,298.0,61.0,0,Normal,
2015-11-28 18:00:00,-3.2,956.9,62.6,298.0,65.0,0,Normal,
2015-11-28 19:00:00,-3.8,957.4,63.9,298.0,59.0,0,Normal,
2015-11-28 20:00:00,-3.8,957.8,63.3,298.0,58.0,0,Normal,
2015-11-28 21:00:00,-4.2,958.5,61.9,298.0,61.0,0,Normal,
2015-11-28 22:00:00,-5.6,959.1,70.9,299.0,84.0,0,Normal,
2015-11-28 23:00:00,-5.7,959.6,50.3,295.0,80.0,0,Normal,
2015-11-29 00:00:00,-6.0,960.5,62.6,298.0,80.0,0,Normal,
2015-11-29 01:00:00,-6.2,961.0,61.3,298.0,81.0,0,Normal,
2015-11-29 02:00:00,-6.1,961.4,61.9,298.0,80.0,0,Normal,
2015-11-29 03:00:00,-6.1,961.5,61.3,300.0,79.0,0,Normal,
2015-11-29 04:00:00,-5.8,961.6,62.3,297.0,72.0,0,Normal,
2015-11-29 05:00:00,-5.9,961.8,62.6,298.0,72.0,0,Normal,
2015-11-29 06:00:00,-5.7,961.7,61.2,298.0,71.0,0,Normal,
2015-11-29 07:00:00,-5.6,962.3,62.6,298.0,74.0,0,Normal,
2015-11-29 08:00:00,-5.5,962.4,55.6,299.0,77.0,0,Normal,
2015-11-29 09:00:00,-5.6,962.4,62.9,301.0,79.0,0,Normal,
2015-11-29 10:00:00,-4.8,962.5,63.3,301.0,78.0,0,Normal,
2015-11-29 11:00:00,-4.3,962.4,46.1,298.0,75.0,0,Normal,
2015-11-29 12:00:00,-3.1,962.2,41.7,281.0,70.0,0,Normal,
2015-11-29 13:00:00,-1.8,962.2,62.6,298.0,65.0,0,Normal,
2015-11-29 14:00:00,-2.2,962.3,62.6,298.0,64.0,0,Normal,
2015-11-29 15:00:00,-3.4,962.3,63.3,298.0,70.0,0,Normal,
2015-11-29 16:00:00,-3.7,962.4,61.3,298.0,73.0,0,Normal,
2015-11-29 17:00:00,-4.2,962.3,62.6,298.0,74.0,0,Normal,
2015-11-29 18:00:00,-4.5,962.5,63.9,298.0,77.0,0,Normal,
2015-11-29 19:00:00,-4.7,962.9,63.9,298.0,76.0,0,Normal,
2015-11-29 20:00:00,-4.9,963.0,62.6,298.0,81.0,0,Normal,
2015-11-29 21:00:00,-5.1,963.0,62.6,301.0,78.0,0,Normal,
2015-11-29 22:00:00,-5.1,963.1,62.6,298.0,78.0,0,Normal,
2015-11-29 23:00:00,-5.3,963.3,62.6,298.0,79.0,0,Normal,
2015-11-30 00:00:00,-5.5,963.4,61.3,298.0,83.0,0,Normal,
2015-11-30 01:00:00,-5.8,963.6,64.2,299.0,79.0,0,Normal,
2015-11-30 02:00:00,-5.7,963.8,45.1,319.0,75.0,0,Normal,
2015-11-30 03:00:00,-5.4,963.9,62.6,298.0,72.0,0,Normal,
2015-11-30 04:00:00,-5.9,964.3,62.9,299.0,69.0,0,Normal,
2015-11-30 05:00:00,-5.0,964.7,63.9,298.0,70.0,0,Normal,
2015-11-30 06:00:00,-4.7,965.0,63.3,298.0,67.0,0,Normal,
2015-11-30 07:00:00,-4.7,965.3,63.3,298.0,66.0,0,Normal,
2015-11-30 08:00:00,-4.6,965.6,57.2,298.0,65.0,0,Normal,
2015-11-30 09:00:00,-3.5,965.8,63.8,301.0,60.0,0,Normal,
2015-11-30 10:00:00,-3.0,965.9,63.3,301.0,58.0,0,Normal,
2015-11-30 11:00:00,-2.6,965.8,55.0,306.0,57.0,0,Normal,
2015-11-30 12:00:00,-2.1,965.9,53.3,305.0,55.0,0,Normal,
2015-11-30 13:00:00,-2.6,966.0,62.6,298.0,57.0,0,Normal,
2015-11-30 14:00:00,-2.5,966.1,62.6,298.0,57.0,0,Normal,
2015-11-30 15:00:00,-2.3,966.1,63.3,298.0,58.0,0,Normal,
2015-11-30 16:00:00,-1.9,966.1,62.2,298.0,51.0,0,Normal,
2015-11-30 17:00:00,-1.9,966.3,61.3,298.0,52.0,0,Normal,
2015-11-30 18:00:00,-4.7,966.2,61.9,298.0,63.0,0,Normal,
2015-11-30 19:00:00,-5.6,966.2,61.9,298.0,64.0,0,Normal,
2015-11-30 20:00:00,-6.0,966.2,61.3,298.0,59.0,0,Normal,
2015-11-30 21:00:00,-5.8,966.2,61.3,298.0,55.0,0,Normal,
2015-11-30 22:00:00,-5.4,966.3,53.1,299.0,52.0,0,Normal,
2015-11-30 23:00:00,-5.5,966.6,58.6,298.0,50.0,0,Normal,
2015-12-01 00:00:00,-2.5,964.1,18.6,142.0,44.0,0,Normal,
2015-12-01 01:00:00,-2.9,963.6,19.7,174.0,47.0,0,Normal,
2015-12-01 02:00:00,-3.4,963.2,15.1,180.0,51.0,0,Normal,
2015-12-01 03:00:00,-3.1,962.6,19.1,176.0,40.0,0,Normal,
2015-12-01 04:00:00,-3.8,962.4,19.1,178.0,42.0,0,Normal,
2015-12-01 05:00:00,-3.0,962.3,17.4,179.0,43.0,0,Normal,
2015-12-01 06:00:00,-2.5,962.1,17.0,180.0,45.0,0,Normal,
2015-12-01 07:00:00,-1.0,961.4,15.5,178.0,48.0,0,Normal,
2015-12-01 08:00:00,0.1,961.5,13.6,176.0,46.0,0,Normal,
2015-12-01 09:00:00,1.1,960.7,7.7,178.0,43.0,0,Normal,
2015-12-01 10:00:00,3.0,960.3,11.3,357.0,34.0,0,Normal,
2015-12-01 11:00:00,4.1,959.5,9.9,6.0,32.0,0,Normal,
2015-12-01 12:00:00,4.0,959.2,9.5,9.0,31.0,0,Normal,
2015-12-01 13:00:00,4.1,958.7,10.9,48.0,37.0,0,Normal,
2015-12-01 14:00:00,3.3,958.7,8.5,350.0,36.0,0,Normal,
2015-12-01 15:00:00,2.1,958.3,8.4,137.0,41.0,0,Normal,
2015-12-01 16:00:00,2.3,958.3,9.1,148.0,43.0,0,Normal,
2015-12-01 17:00:00,2.1,958.1,11.0,99.0,45.0,0,Normal,
2015-12-01 18:00:00,1.6,958.2,11.1,120.0,49.0,0,Normal,
2015-12-01 19:00:00,0.7,958.5,12.2,129.0,58.0,0,Normal,
2015-12-01 20:00:00,0.4,958.4,11.3,174.0,55.0,0,Normal,
2015-12-01 21:00:00,-0.7,958.1,15.2,182.0,54.0,0,Normal,
2015-12-01 22:00:00,-1.3,957.9,19.4,152.0,52.0,0,Normal,
2015-12-01 23:00:00,-1.4,957.4,22.6,168.0,42.0,0,Normal,
2015-12-02 00:00:00,-2.5,957.4,24.9,155.0,47.0,0,Normal,
2015-12-02 01:00:00,-2.6,956.8,26.9,166.0,44.0,0,Normal,
2015-12-02 02:00:00,-2.3,956.5,29.7,150.0,42.0,0,Normal,
2015-12-02 03:00:00,-2.9,956.5,27.2,169.0,41.0,0,Normal,
2015-12-02 04:00:00,-2.7,956.6,27.5,156.0,44.0,0,Normal,
2015-12-02 05:00:00,-1.3,956.6,28.1,138.0,38.0,0,Normal,
2015-12-02 06:00:00,-0.6,956.6,27.9,131.0,36.0,0,Normal,
2015-12-02 07:00:00,-0.6,956.6,25.4,131.0,44.0,0,Normal,
2015-12-02 08:00:00,0.1,956.4,27.7,121.0,41.0,0,Normal,
2015-12-02 09:00:00,0.4,956.8,29.9,118.0,44.0,0,Normal,
2015-12-02 10:00:00,0.8,957.2,22.5,106.0,51.0,0,Normal,
2015-12-02 11:00:00,0.7,957.4,27.9,108.0,50.0,0,Normal,
2015-12-02 12:00:00,0.9,957.6,26.6,109.0,53.0,0,Normal,
2015-12-02 13:00:00,0.6,957.8,26.2,108.0,55.0,0,Normal,
2015-12-02 14:00:00,0.1,958.4,26.2,107.0,59.0,0,Normal,
2015-12-02 15:00:00,-0.1,958.5,27.1,116.0,59.0,0,Normal,
2015-12-02 16:00:00,-0.4,959.1,26.0,114.0,61.0,0,Normal,
2015-12-02 17:00:00,-0.6,959.7,20.6,111.0,61.0,0,Normal,
2015-12-02 18:00:00,-1.0,960.1,21.1,115.0,62.0,0,Normal,
2015-12-02 19:00:00,-1.4,960.5,23.8,139.0,61.0,0,Normal,
2015-12-02 20:00:00,-1.7,961.3,20.5,145.0,60.0,0,Normal,
2015-12-02 21:00:00,-1.8,961.9,19.3,128.0,57.0,0,Normal,
2015-12-02 22:00:00,-1.9,962.2,22.8,126.0,54.0,0,Normal,
2015-12-02 23:00:00,-2.2,962.6,21.6,125.0,56.0,0,Normal,
2015-12-03 00:00:00,-2.5,962.8,24.7,131.0,54.0,0,Normal,
2015-12-03 01:00:00,-2.6,963.1,26.2,139.0,55.0,0,Normal,
2015-12-03 02:00:00,-2.9,963.2,29.7,150.0,53.0,0,Normal,
2015-12-03 03:00:00,-3.1,963.8,27.0,144.0,54.0,0,Normal,
2015-12-03 04:00:00,-3.0,964.1,25.0,149.0,55.0,0,Normal,
2015-12-03 05:00:00,-3.0,964.5,23.3,147.0,52.0,0,Normal,
2015-12-03 06:00:00,-2.6,965.0,20.3,140.0,52.0,0,Normal,
2015-12-03 07:00:00,-2.4,964.8,25.5,136.0,55.0,0,Normal,
2015-12-03 08:00:00,-2.4,965.1,24.6,131.0,54.0,0,Normal,
2015-12-03 09:00:00,-2.4,964.6,30.2,137.0,56.0,0,Normal,
2015-12-03 10:00:00,-2.2,964.9,29.0,131.0,55.0,0,Normal,
2015-12-03 11:00:00,-2.4,964.4,28.8,136.0,57.0,0,Normal,
2015-12-03 12:00:00,-2.2,964.5,26.9,133.0,59.0,0,Normal,
2015-12-03 13:00:00,-1.8,963.9,26.9,133.0,57.0,0,Normal,
2015-12-03 14:00:00,-2.0,963.8,27.5,138.0,59.0,0,Normal,
2015-12-03 15:00:00,-2.0,963.0,28.1,136.0,58.0,0,Normal,
2015-12-03 16:00:00,-2.0,963.1,25.4,136.0,59.0,0,Normal,
2015-12-03 17:00:00,-2.4,963.3,24.0,133.0,59.0,0,Normal,
2015-12-03 18:00:00,-2.4,963.3,22.4,137.0,59.0,0,Normal,
2015-12-03 19:00:00,-2.9,963.2,26.8,136.0,60.0,0,Normal,
2015-12-03 20:00:00,-3.3,962.8,27.8,136.0,61.0,0,Normal,
2015-12-03 21:00:00,-3.4,962.9,27.9,138.0,58.0,0,Normal,
2015-12-03 22:00:00,-3.6,963.1,23.4,141.0,58.0,0,Normal,
2015-12-03 23:00:00,-3.7,962.6,26.1,139.0,57.0,0,Normal,
2015-12-04 00:00:00,-3.6,962.3,27.6,138.0,55.0,0,Normal,
2015-12-04 01:00:00,-3.5,962.0,26.8,143.0,55.0,0,Normal,
2015-12-04 02:00:00,-3.5,961.8,26.9,138.0,57.0,0,Normal,
2015-12-04 03:00:00,-3.4,961.3,31.9,143.0,52.0,0,Normal,
2015-12-04 04:00:00,-3.3,961.1,28.3,146.0,53.0,0,Normal,
2015-12-04 05:00:00,-3.1,961.0,31.5,144.0,49.0,0,Normal,
2015-12-04 06:00:00,-3.1,960.8,27.9,142.0,49.0,0,Normal,
2015-12-04 07:00:00,-3.4,961.3,30.2,134.0,49.0,0,Normal,
2015-12-04 08:00:00,-3.3,960.9,28.7,136.0,47.0,0,Normal,
2015-12-04 09:00:00,-3.1,960.6,28.8,139.0,46.0,0,Normal,
2015-12-04 10:00:00,-2.7,960.3,26.9,140.0,48.0,0,Normal,
2015-12-04 11:00:00,-2.5,960.1,27.7,139.0,50.0,0,Normal,
2015-12-04 12:00:00,-2.4,960.0,28.8,144.0,50.0,0,Normal,
2015-12-04 13:00:00,-2.5,959.9,27.9,141.0,50.0,0,Normal,
2015-12-04 14:00:00,-2.3,959.6,24.7,139.0,52.0,0,Normal,
2015-12-04 15:00:00,-2.0,959.1,23.3,136.0,53.0,0,Normal,
2015-12-04 16:00:00,-1.9,959.0,21.7,139.0,54.0,0,Normal,
2015-12-04 17:00:00,-2.2,958.6,22.4,141.0,55.0,0,Normal,
2015-12-04 18:00:00,-2.3,958.5,20.4,146.0,57.0,0,Normal,
2015-12-04 19:00:00,-2.4,958.1,23.2,141.0,55.0,0,Normal,
2015-12-04 20:00:00,-2.4,957.9,19.7,146.0,55.0,0,Normal,
2015-12-04 21:00:00,-2.5,957.5,18.8,145.0,54.0,0,Normal,
2015-12-04 22:00:00,-2.6,957.3,20.5,146.0,54.0,0,Normal,
2015-12-04 23:00:00,-2.6,957.3,16.8,150.0,55.0,0,Normal,
2015-12-05 00:00:00,-2.7,956.8,18.5,150.0,57.0,0,Normal,
2015-12-05 01:00:00,-2.1,956.4,17.4,113.0,52.0,0,Normal,
2015-12-05 02:00:00,-1.6,955.8,21.7,124.0,44.0,0,Normal,
2015-12-05 03:00:00,-1.5,955.1,27.1,146.0,39.0,0,Normal,
2015-12-05 04:00:00,-1.5,955.2,25.6,149.0,36.0,0,Normal,
2015-12-05 05:00:00,-1.7,955.0,25.5,140.0,37.0,0,Normal,
2015-12-05 06:00:00,-1.6,954.0,26.1,136.0,36.0,0,Normal,
2015-12-05 07:00:00,-1.5,953.4,25.5,136.0,35.0,0,Normal,
2015-12-05 08:00:00,-1.0,952.9,26.3,124.0,37.0,0,Normal,
2015-12-05 09:00:00,-0.2,952.3,19.0,139.0,41.0,0,Normal,
2015-12-05 10:00:00,0.0,951.6,22.8,125.0,41.0,0,Normal,
2015-12-05 11:00:00,1.1,951.0,22.5,99.0,37.0,0,Normal,
2015-12-05 12:00:00,0.2,950.3,24.4,96.0,40.0,0,Normal,
2015-12-05 13:00:00,0.4,949.7,21.3,100.0,44.0,0,Normal,
2015-12-05 14:00:00,0.5,949.1,21.5,96.0,43.0,0,Normal,
2015-12-05 15:00:00,0.6,948.5,21.0,96.0,45.0,0,Normal,
2015-12-05 16:00:00,0.5,947.9,21.9,99.0,43.0,0,Normal,
2015-12-05 17:00:00,0.2,947.5,20.5,102.0,46.0,0,Normal,
2015-12-05 18:00:00,-0.2,947.1,23.1,112.0,46.0,0,Normal,
2015-12-05 19:00:00,-0.7,946.8,16.7,115.0,50.0,0,Normal,
2015-12-05 20:00:00,-1.1,946.6,18.8,127.0,46.0,0,Normal,
2015-12-05 21:00:00,-1.5,946.3,20.0,127.0,45.0,0,Normal,
2015-12-05 22:00:00,-2.0,946.1,23.5,134.0,45.0,0,Normal,
2015-12-05 23:00:00,-2.4,946.0,26.9,136.0,42.0,0,Normal,
2015-12-06 00:00:00,-2.3,945.9,29.2,150.0,38.0,0,Normal,
2015-12-06 01:00:00,-2.1,945.8,26.1,149.0,35.0,0,Normal,
2015-12-06 02:00:00,-2.9,945.5,24.5,167.0,40.0,0,Normal,
2015-12-06 03:00:00,-2.9,945.4,24.2,162.0,38.0,0,Normal,
2015-12-06 04:00:00,-2.4,945.3,27.1,164.0,36.0,0,Normal,
2015-12-06 05:00:00,-0.8,945.4,27.8,150.0,34.0,0,Normal,
2015-12-06 06:00:00,0.1,946.0,30.3,147.0,36.0,0,Normal,
2015-12-06 07:00:00,-0.3,946.1,26.6,148.0,44.0,0,Normal,
2015-12-06 08:00:00,-0.1,946.1,28.9,145.0,43.0,0,Normal,
2015-12-06 09:00:00,0.1,946.4,29.3,146.0,48.0,0,Normal,
2015-12-06 10:00:00,0.3,946.7,30.6,145.0,46.0,0,Normal,
2015-12-06 11:00:00,0.8,947.8,25.0,143.0,48.0,0,Normal,
2015-12-06 12:00:00,1.0,948.4,26.5,137.0,50.0,0,Normal,
2015-12-06 13:00:00,1.9,948.9,18.9,134.0,50.0,0,Normal,
2015-12-06 14:00:00,1.6,949.5,22.9,100.0,48.0,0,Normal,
2015-12-06 15:00:00,1.4,950.1,19.1,108.0,50.0,0,Normal,
2015-12-06 16:00:00,1.6,950.6,20.3,108.0,50.0,0,Normal,
2015-12-06 17:00:00,1.8,951.3,19.6,107.0,46.0,0,Normal,
2015-12-06 18:00:00,1.6,951.9,20.7,116.0,44.0,0,Normal,
2015-12-06 19:00:00,0.8,952.9,22.9,117.0,45.0,0,Normal,
2015-12-06 20:00:00,0.4,953.5,22.9,133.0,46.0,0,Normal,
2015-12-06 21:00:00,0.2,953.9,18.9,125.0,42.0,0,Normal,
2015-12-06 22:00:00,0.1,954.4,23.6,130.0,41.0,0,Normal,
2015-12-06 23:00:00,0.1,954.9,23.3,131.0,42.0,0,Normal,
2015-12-07 00:00:00,0.0,955.2,24.2,136.0,41.0,0,Normal,
2015-12-07 01:00:00,-0.1,955.7,26.4,151.0,42.0,0,Normal,
2015-12-07 02:00:00,-0.9,955.9,22.2,162.0,43.0,0,Normal,
2015-12-07 03:00:00,-0.6,956.3,22.3,159.0,39.0,0,Normal,
2015-12-07 04:00:00,-0.6,956.5,22.1,164.0,36.0,0,Normal,
2015-12-07 05:00:00,-1.2,956.9,22.6,168.0,38.0,0,Normal,
2015-12-07 06:00:00,-0.1,957.3,20.1,158.0,37.0,0,Normal,
2015-12-07 07:00:00,0.3,957.4,17.3,163.0,41.0,0,Normal,
2015-12-07 08:00:00,1.8,957.7,15.1,116.0,33.0,0,Normal,
2015-12-07 09:00:00,2.0,957.9,14.3,145.0,42.0,0,Normal,
2015-12-07 10:00:00,2.8,958.4,15.5,77.0,33.0,0,Normal,
2015-12-07 11:00:00,3.7,958.7,9.0,59.0,30.0,0,Normal,
2015-12-07 12:00:00,4.3,958.8,7.8,340.0,31.0,0,Normal,
2015-12-07 13:00:00,2.7,958.8,8.5,248.0,32.0,0,Normal,
2015-12-07 14:00:00,2.6,958.9,10.7,260.0,41.0,0,Normal,
2015-12-07 15:00:00,2.5,958.8,6.1,248.0,37.0,0,Normal,
2015-12-07 16:00:00,3.2,958.9,13.2,317.0,39.0,0,Normal,
2015-12-07 17:00:00,1.5,959.2,10.7,321.0,48.0,0,Normal,
2015-12-07 18:00:00,1.0,959.4,10.4,308.0,46.0,0,Normal,
2015-12-07 19:00:00,0.4,959.9,12.2,357.0,54.0,0,Normal,
2015-12-07 20:00:00,-0.8,960.2,6.6,2.0,47.0,0,Normal,
2015-12-07 21:00:00,-0.5,960.4,6.4,238.0,48.0,0,Normal,
2015-12-07 22:00:00,-0.9,960.5,4.9,217.0,48.0,0,Normal,
2015-12-07 23:00:00,-2.8,960.6,14.3,190.0,60.0,0,Normal,
2015-12-08 00:00:00,-3.0,960.9,15.4,178.0,46.0,0,Normal,
2015-12-08 01:00:00,-2.6,961.3,14.2,164.0,48.0,0,Normal,
2015-12-08 02:00:00,-2.9,961.4,12.9,174.0,48.0,0,Normal,
2015-12-08 03:00:00,-2.9,961.4,18.4,173.0,42.0,0,Normal,
2015-12-08 04:00:00,-2.5,961.5,19.7,166.0,36.0,0,Normal,
2015-12-08 05:00:00,-2.4,961.8,17.1,171.0,39.0,0,Normal,
2015-12-08 06:00:00,-2.1,962.0,16.1,163.0,45.0,0,Normal,
2015-12-08 07:00:00,-0.6,962.2,19.3,137.0,35.0,0,Normal,
2015-12-08 08:00:00,0.0,962.6,19.2,133.0,37.0,0,Normal,
2015-12-08 09:00:00,0.5,962.8,16.0,128.0,40.0,0,Normal,
2015-12-08 10:00:00,1.0,963.1,15.5,99.0,41.0,0,Normal,
2015-12-08 11:00:00,1.6,963.2,12.5,82.0,41.0,0,Normal,
2015-12-08 12:00:00,3.0,963.4,13.5,65.0,42.0,0,Normal,
2015-12-08 13:00:00,2.8,963.5,13.7,74.0,44.0,0,Normal,
2015-12-08 14:00:00,2.4,963.5,10.5,93.0,43.0,0,Normal,
2015-12-08 15:00:00,0.6,963.4,10.2,155.0,48.0,0,Normal,
2015-12-08 16:00:00,1.2,963.4,8.1,48.0,49.0,0,Normal,
2015-12-08 17:00:00,0.4,963.3,9.7,46.0,52.0,0,Normal,
2015-12-08 18:00:00,-0.9,963.6,8.4,344.0,61.0,0,Normal,
2015-12-08 19:00:00,-0.8,963.8,8.9,6.0,57.0,0,Normal,
2015-12-08 20:00:00,-1.7,964.1,6.2,84.0,60.0,0,Normal,
2015-12-08 21:00:00,-1.0,964.2,7.1,114.0,58.0,0,Normal,
2015-12-08 22:00:00,-1.6,964.4,6.4,136.0,64.0,0,Normal,
2015-12-08 23:00:00,-2.5,964.6,11.1,163.0,67.0,0,Normal,
2015-12-09 00:00:00,-3.2,964.9,11.2,147.0,63.0,0,Normal,
2015-12-09 01:00:00,-3.5,965.0,11.3,154.0,60.0,0,Normal,
2015-12-09 02:00:00,-3.5,965.1,12.7,151.0,57.0,0,Normal,
2015-12-09 03:00:00,-3.2,965.4,10.5,145.0,56.0,0,Normal,
2015-12-09 04:00:00,-5.0,965.6,9.1,354.0,65.0,0,Normal,
2015-12-09 05:00:00,-6.4,965.7,7.6,358.0,67.0,0,Normal,
2015-12-09 06:00:00,-5.8,965.8,8.1,13.0,64.0,0,Normal,
2015-12-09 07:00:00,-4.0,965.8,7.1,76.0,58.0,0,Normal,
2015-12-09 08:00:00,-2.6,965.9,12.2,71.0,56.0,0,Normal,
2015-12-09 09:00:00,-1.5,965.9,10.6,67.0,55.0,0,Normal,
2015-12-09 10:00:00,-1.6,965.8,8.7,91.0,58.0,0,Normal,
2015-12-09 11:00:00,0.2,965.8,7.2,140.0,51.0,0,Normal,
2015-12-09 12:00:00,-1.3,965.5,10.3,149.0,57.0,0,Normal,
2015-12-09 13:00:00,1.6,965.4,13.7,78.0,44.0,0,Normal,
2015-12-09 14:00:00,1.2,965.2,13.2,79.0,53.0,0,Normal,
2015-12-09 15:00:00,0.5,965.0,13.2,65.0,56.0,0,Normal,
2015-12-09 16:00:00,-0.2,964.8,16.5,68.0,60.0,0,Normal,
2015-12-09 17:00:00,-0.9,964.6,14.9,71.0,62.0,0,Normal,
2015-12-09 18:00:00,-1.5,964.6,12.1,66.0,65.0,0,Normal,
2015-12-09 19:00:00,-1.7,964.6,7.9,78.0,68.0,0,Normal,
2015-12-09 20:00:00,-1.6,964.5,13.7,116.0,58.0,0,Normal,
2015-12-09 21:00:00,-2.3,964.5,10.9,117.0,57.0,0,Normal,
2015-12-09 22:00:00,-2.7,964.2,13.1,114.0,54.0,0,Normal,
2015-12-09 23:00:00,-2.8,963.9,14.5,132.0,46.0,0,Normal,
2015-12-10 00:00:00,-3.0,963.4,16.8,135.0,45.0,0,Normal,
2015-12-10 01:00:00,-2.5,962.8,13.5,128.0,38.0,0,Normal,
2015-12-10 02:00:00,-3.1,962.3,15.7,173.0,41.0,0,Normal,
2015-12-10 03:00:00,-3.4,961.9,19.7,175.0,40.0,0,Normal,
2015-12-10 04:00:00,-2.8,961.8,19.3,161.0,41.0,0,Normal,
2015-12-10 05:00:00,-2.5,961.4,21.4,160.0,42.0,0,Normal,
2015-12-10 06:00:00,-1.7,961.2,20.1,154.0,42.0,0,Normal,
2015-12-10 07:00:00,-1.1,960.6,20.6,161.0,39.0,0,Normal,
2015-12-10 08:00:00,-0.5,960.5,20.8,150.0,39.0,0,Normal,
2015-12-10 09:00:00,0.9,960.2,15.7,137.0,38.0,0,Normal,
2015-12-10 10:00:00,1.4,959.8,17.1,147.0,33.0,0,Normal,
2015-12-10 11:00:00,2.1,959.1,15.5,134.0,26.0,0,Normal,
2015-12-10 12:00:00,2.3,958.6,10.4,127.0,21.0,0,Normal,
2015-12-10 13:00:00,2.0,958.0,8.0,165.0,24.0,0,Normal,
2015-12-10 14:00:00,2.1,957.6,8.7,198.0,25.0,0,Normal,
2015-12-10 15:00:00,1.7,957.3,12.5,327.0,39.0,0,Normal,
2015-12-10 16:00:00,1.8,956.6,13.2,328.0,46.0,0,Normal,
2015-12-10 17:00:00,0.8,956.6,13.0,355.0,58.0,0,Normal,
2015-12-10 18:00:00,0.1,957.0,7.3,95.0,58.0,0,Normal,
2015-12-10 19:00:00,-0.2,956.8,1.6,125.0,46.0,0,Normal,
2015-12-10 20:00:00,-0.4,956.6,11.6,184.0,55.0,0,Normal,
2015-12-10 21:00:00,-1.2,956.3,14.0,189.0,54.0,0,Normal,
2015-12-10 22:00:00,-2.7,956.2,19.2,184.0,56.0,0,Normal,
2015-12-10 23:00:00,-2.1,956.1,15.7,181.0,48.0,0,Normal,
2015-12-11 00:00:00,-2.7,955.8,17.0,186.0,47.0,0,Normal,
2015-12-11 01:00:00,-3.6,955.9,21.8,180.0,45.0,0,Normal,
2015-12-11 02:00:00,-2.7,955.9,20.5,175.0,41.0,0,Normal,
2015-12-11 03:00:00,-2.7,955.9,21.5,178.0,43.0,0,Normal,
2015-12-11 04:00:00,-3.1,956.0,20.0,181.0,46.0,0,Normal,
2015-12-11 05:00:00,-2.7,956.1,18.9,178.0,43.0,0,Normal,
2015-12-11 06:00:00,-1.3,956.8,19.4,159.0,33.0,0,Normal,
2015-12-11 07:00:00,0.0,957.4,13.9,129.0,29.0,0,Normal,
2015-12-11 08:00:00,0.7,957.5,12.0,119.0,25.0,0,Normal,
2015-12-11 09:00:00,1.7,957.3,11.7,70.0,31.0,0,Normal,
2015-12-11 10:00:00,1.3,957.5,17.2,111.0,31.0,0,Normal,
2015-12-11 11:00:00,1.5,957.7,21.1,111.0,31.0,0,Normal,
2015-12-11 12:00:00,1.3,957.8,23.0,92.0,32.0,0,Normal,
2015-12-11 13:00:00,0.6,958.0,24.0,105.0,39.0,0,Normal,
2015-12-11 14:00:00,0.5,958.0,26.5,107.0,41.0,0,Normal,
2015-12-11 15:00:00,0.0,958.2,22.6,105.0,46.0,0,Normal,
2015-12-11 16:00:00,-0.2,958.7,22.1,105.0,46.0,0,Normal,
2015-12-11 17:00:00,-0.3,958.9,20.6,108.0,48.0,0,Normal,
2015-12-11 18:00:00,-0.7,959.4,21.8,119.0,51.0,0,Normal,
2015-12-11 19:00:00,-1.1,959.9,21.1,130.0,51.0,0,Normal,
2015-12-11 20:00:00,-1.3,960.5,20.9,129.0,52.0,0,Normal,
2015-12-11 21:00:00,-1.3,960.9,18.6,126.0,50.0,0,Normal,
2015-12-11 22:00:00,-1.1,961.3,19.4,129.0,48.0,0,Normal,
2015-12-11 23:00:00,-1.2,961.6,17.7,120.0,48.0,0,Normal,
2015-12-12 00:00:00,-1.5,961.8,18.8,119.0,48.0,0,Normal,
2015-12-12 01:00:00,-1.4,962.1,21.9,135.0,45.0,0,Normal,
2015-12-12 02:00:00,-1.3,962.6,22.7,127.0,42.0,0,Normal,
2015-12-12 03:00:00,-1.0,963.1,19.4,128.0,42.0,0,Normal,
2015-12-12 04:00:00,-0.8,963.8,17.8,123.0,42.0,0,Normal,
2015-12-12 05:00:00,-0.9,964.3,19.1,117.0,43.0,0,Normal,
2015-12-12 06:00:00,-0.2,964.6,17.4,116.0,38.0,0,Normal,
2015-12-12 07:00:00,0.9,964.9,14.6,112.0,39.0,0,Normal,
2015-12-12 08:00:00,1.8,965.4,13.4,100.0,34.0,0,Normal,
2015-12-12 09:00:00,1.9,965.8,17.7,116.0,32.0,0,Normal,
2015-12-12 10:00:00,2.1,965.9,14.3,110.0,36.0,0,Normal,
2015-12-12 11:00:00,4.0,966.2,16.7,76.0,28.0,0,Normal,
2015-12-12 12:00:00,4.6,966.4,15.3,79.0,32.0,0,Normal,
2015-12-12 13:00:00,4.4,966.6,15.9,68.0,31.0,0,Normal,
2015-12-12 14:00:00,4.0,966.6,13.4,77.0,36.0,0,Normal,
2015-12-12 15:00:00,3.6,966.8,13.1,55.0,33.0,0,Normal,
2015-12-12 16:00:00,2.2,966.9,7.5,165.0,41.0,0,Normal,
2015-12-12 17:00:00,2.0,967.0,8.5,184.0,41.0,0,Normal,
2015-12-12 18:00:00,2.4,967.1,8.6,172.0,45.0,0,Normal,
2015-12-12 19:00:00,1.9,967.3,12.1,179.0,47.0,0,Normal,
2015-12-12 20:00:00,0.5,967.5,16.7,184.0,57.0,0,Normal,
2015-12-12 21:00:00,-0.8,967.8,19.7,184.0,56.0,0,Normal,
2015-12-12 22:00:00,-1.6,968.1,19.4,184.0,57.0,0,Normal,
2015-12-12 23:00:00,-2.5,968.3,21.0,185.0,56.0,0,Normal,
2015-12-13 00:00:00,-2.9,968.1,23.6,184.0,54.0,0,Normal,
2015-12-13 01:00:00,-3.3,968.2,26.1,185.0,52.0,0,Normal,
2015-12-13 02:00:00,-2.4,968.1,25.3,183.0,47.0,0,Normal,
2015-12-13 03:00:00,-2.0,968.3,25.8,176.0,42.0,0,Normal,
2015-12-13 04:00:00,-1.5,968.6,24.5,176.0,41.0,0,Normal,
2015-12-13 05:00:00,-0.8,968.9,23.7,173.0,37.0,0,Normal,
2015-12-13 06:00:00,0.1,969.6,20.4,163.0,43.0,0,Normal,
2015-12-13 07:00:00,0.8,969.8,15.5,177.0,46.0,0,Normal,
2015-12-13 08:00:00,0.2,970.0,18.6,183.0,49.0,0,Normal,
2015-12-13 09:00:00,1.3,970.1,18.6,166.0,41.0,0,Normal,
2015-12-13 10:00:00,2.3,970.6,10.2,138.0,47.0,0,Normal,
2015-12-13 11:00:00,3.3,970.5,15.4,143.0,39.0,0,Normal,
2015-12-13 12:00:00,3.8,970.5,10.1,120.0,40.0,0,Normal,
2015-12-13 13:00:00,3.7,970.5,9.7,133.0,42.0,0,Normal,
2015-12-13 14:00:00,3.7,971.0,11.6,355.0,50.0,0,Normal,
2015-12-13 15:00:00,3.4,970.9,10.8,235.0,52.0,0,Normal,
2015-12-13 16:00:00,2.7,970.9,12.4,248.0,56.0,0,Normal,
2015-12-13 17:00:00,1.9,970.9,16.8,319.0,56.0,0,Normal,
2015-12-13 18:00:00,1.6,970.8,15.0,287.0,61.0,0,Normal,
2015-12-13 19:00:00,0.9,971.1,15.2,318.0,56.0,0,Normal,
2015-12-13 20:00:00,0.0,971.8,8.8,16.0,65.0,0,Normal,
2015-12-13 21:00:00,0.0,971.8,7.3,202.0,59.0,0,Normal,
2015-12-13 22:00:00,0.1,971.6,6.3,174.0,64.0,0,Normal,
2015-12-13 23:00:00,0.3,971.6,13.2,165.0,49.0,0,Normal,
2015-12-14 00:00:00,0.4,971.5,13.7,161.0,45.0,0,Normal,
2015-12-14 01:00:00,-0.6,971.3,15.2,172.0,54.0,0,Normal,
2015-12-14 02:00:00,0.0,971.2,14.6,171.0,48.0,0,Normal,
2015-12-14 03:00:00,-1.0,971.0,18.9,175.0,55.0,0,Normal,
2015-12-14 04:00:00,-0.4,970.8,16.1,173.0,48.0,0,Normal,
2015-12-14 05:00:00,-0.7,970.3,17.9,174.0,45.0,0,Normal,
2015-12-14 06:00:00,0.0,970.0,19.2,176.0,44.0,0,Normal,
2015-12-14 07:00:00,0.2,969.5,18.9,175.0,43.0,0,Normal,
2015-12-14 08:00:00,1.1,968.9,16.9,175.0,42.0,0,Normal,
2015-12-14 09:00:00,2.0,968.3,13.8,172.0,43.0,0,Normal,
2015-12-14 10:00:00,2.7,967.8,15.2,149.0,43.0,0,Normal,
2015-12-14 11:00:00,3.1,967.4,10.6,118.0,40.0,0,Normal,
2015-12-14 12:00:00,3.8,966.8,12.5,26.0,33.0,0,Normal,
2015-12-14 13:00:00,3.1,966.4,11.4,357.0,33.0,0,Normal,
2015-12-14 14:00:00,2.7,966.1,9.8,325.0,32.0,0,Normal,
2015-12-14 15:00:00,2.1,965.7,12.0,352.0,44.0,0,Normal,
2015-12-14 16:00:00,2.3,965.2,10.4,249.0,40.0,0,Normal,
2015-12-14 17:00:00,2.0,964.9,9.1,255.0,46.0,0,Normal,
2015-12-14 18:00:00,1.5,964.6,7.2,236.0,52.0,0,Normal,
2015-12-14 19:00:00,1.7,964.2,7.3,274.0,47.0,0,Normal,
2015-12-14 20:00:00,1.7,964.0,9.8,204.0,53.0,0,Normal,
2015-12-14 21:00:00,1.4,963.2,15.1,184.0,49.0,0,Normal,
2015-12-14 22:00:00,0.9,962.6,19.1,190.0,53.0,0,Normal,
2015-12-14 23:00:00,0.3,962.2,18.5,187.0,55.0,0,Normal,
2015-12-15 00:00:00,0.4,961.8,19.1,182.0,52.0,0,Normal,
2015-12-15 01:00:00,0.1,961.6,21.2,180.0,49.0,0,Normal,
2015-12-15 02:00:00,0.7,962.0,13.0,123.0,43.0,0,Normal,
2015-12-15 03:00:00,0.6,962.1,17.6,132.0,47.0,0,Normal,
2015-12-15 04:00:00,-0.1,962.2,19.0,131.0,53.0,0,Normal,
2015-12-15 05:00:00,-0.9,963.1,19.3,116.0,57.0,0,Normal,
2015-12-15 06:00:00,-1.0,963.4,21.7,110.0,59.0,0,Normal,
2015-12-15 07:00:00,-0.7,963.8,19.7,115.0,62.0,0,Normal,
2015-12-15 08:00:00,-0.6,964.2,22.4,101.0,60.0,0,Normal,
2015-12-15 09:00:00,-1.2,965.1,20.4,91.0,64.0,0,Normal,
2015-12-15 10:00:00,-1.3,965.6,16.9,94.0,65.0,0,Normal,
2015-12-15 11:00:00,-0.5,965.8,15.9,83.0,65.0,0,Normal,
2015-12-15 12:00:00,-0.6,965.9,15.9,70.0,63.0,0,Normal,
2015-12-15 13:00:00,0.0,965.8,17.1,76.0,57.0,0,Normal,
2015-12-15 14:00:00,0.0,965.6,18.1,80.0,61.0,0,Normal,
2015-12-15 15:00:00,-1.0,965.5,14.8,82.0,68.0,0,Normal,
2015-12-15 16:00:00,-0.6,965.2,16.2,95.0,67.0,0,Normal,
2015-12-15 17:00:00,-0.8,965.0,17.4,111.0,63.0,0,Normal,
2015-12-15 18:00:00,-0.9,965.0,14.6,112.0,64.0,0,Normal,
2015-12-15 19:00:00,-1.1,965.1,18.0,106.0,65.0,0,Normal,
2015-12-15 20:00:00,-1.3,965.1,18.7,95.0,67.0,0,Normal,
2015-12-15 21:00:00,-1.6,965.0,14.1,93.0,74.0,0,Normal,
2015-12-15 22:00:00,-2.2,964.9,18.5,106.0,68.0,0,Normal,
2015-12-15 23:00:00,-2.5,964.9,17.1,117.0,72.0,0,Normal,
2015-12-16 00:00:00,-2.4,964.8,14.9,114.0,71.0,0,Normal,
2015-12-16 01:00:00,-2.1,964.6,15.1,113.0,71.0,0,Normal,
2015-12-16 02:00:00,-2.1,964.5,19.7,107.0,71.0,0,Normal,
2015-12-16 03:00:00,-2.0,964.6,21.0,112.0,68.0,0,Normal,
2015-12-16 04:00:00,-1.7,964.2,22.8,147.0,66.0,0,Normal,
2015-12-16 05:00:00,-1.5,964.4,23.2,141.0,67.0,0,Normal,
2015-12-16 06:00:00,-1.2,964.5,22.9,139.0,66.0,0,Normal,
2015-12-16 07:00:00,-1.0,964.4,25.2,135.0,62.0,0,Normal,
2015-12-16 08:00:00,-0.8,964.3,26.0,138.0,62.0,0,Normal,
2015-12-16 09:00:00,-0.3,964.0,27.9,134.0,61.0,0,Normal,
2015-12-16 10:00:00,-0.2,964.2,27.3,134.0,58.0,0,Normal,
2015-12-16 11:00:00,0.1,963.5,28.0,135.0,59.0,0,Normal,
2015-12-16 12:00:00,0.4,963.2,29.7,136.0,59.0,0,Normal,
2015-12-16 13:00:00,0.6,963.1,29.5,129.0,59.0,0,Normal,
2015-12-16 14:00:00,0.4,963.1,27.9,138.0,59.0,0,Normal,
2015-12-16 15:00:00,0.6,962.9,32.2,133.0,58.0,0,Normal,
2015-12-16 16:00:00,0.3,963.0,26.8,140.0,58.0,0,Normal,
2015-12-16 17:00:00,0.0,963.1,29.7,136.0,59.0,0,Normal,
2015-12-16 18:00:00,-0.1,963.0,30.3,137.0,56.0,0,Normal,
2015-12-16 19:00:00,-0.4,963.1,28.7,139.0,57.0,0,Normal,
2015-12-16 20:00:00,-0.6,963.5,30.1,134.0,56.0,0,Normal,
2015-12-16 21:00:00,-0.8,964.0,26.2,138.0,58.0,0,Normal,
2015-12-16 22:00:00,-1.0,964.3,29.2,135.0,55.0,0,Normal,
2015-12-16 23:00:00,-0.9,964.4,28.3,136.0,52.0,0,Normal,
2015-12-17 00:00:00,-0.9,964.3,30.9,143.0,48.0,0,Normal,
2015-12-17 01:00:00,-1.0,964.5,31.6,144.0,49.0,0,Normal,
2015-12-17 02:00:00,-1.2,965.0,32.5,148.0,52.0,0,Normal,
2015-12-17 03:00:00,-1.1,965.0,34.1,147.0,50.0,0,Normal,
2015-12-17 04:00:00,-1.0,965.4,34.6,143.0,46.0,0,Normal,
2015-12-17 05:00:00,-1.0,966.2,29.4,140.0,46.0,0,Normal,
2015-12-17 06:00:00,-0.7,966.8,27.9,139.0,44.0,0,Normal,
2015-12-17 07:00:00,-0.5,967.5,25.7,135.0,44.0,0,Normal,
2015-12-17 08:00:00,0.0,967.7,22.9,128.0,44.0,0,Normal,
2015-12-17 09:00:00,-0.1,968.3,25.6,133.0,45.0,0,Normal,
2015-12-17 10:00:00,0.5,968.7,23.9,129.0,42.0,0,Normal,
2015-12-17 11:00:00,0.4,968.6,22.4,132.0,44.0,0,Normal,
2015-12-17 12:00:00,0.4,968.9,20.9,125.0,43.0,0,Normal,
2015-12-17 13:00:00,0.8,968.9,24.6,94.0,42.0,0,Normal,
2015-12-17 14:00:00,0.8,968.9,24.9,103.0,40.0,0,Normal,
2015-12-17 15:00:00,0.4,968.9,21.4,120.0,48.0,0,Normal,
2015-12-17 16:00:00,0.5,968.9,20.5,119.0,49.0,0,Normal,
2015-12-17 17:00:00,0.8,969.1,17.8,115.0,49.0,0,Normal,
2015-12-17 18:00:00,0.6,969.0,18.5,128.0,47.0,0,Normal,
2015-12-17 19:00:00,0.0,968.9,17.9,132.0,47.0,0,Normal,
2015-12-17 20:00:00,0.0,968.8,14.2,116.0,47.0,0,Normal,
2015-12-17 21:00:00,-0.6,968.7,14.9,142.0,47.0,0,Normal,
2015-12-17 22:00:00,-1.0,968.4,16.2,139.0,45.0,0,Normal,
2015-12-17 23:00:00,-1.2,968.0,16.7,144.0,45.0,0,Normal,
2015-12-18 00:00:00,-1.6,967.9,17.8,154.0,46.0,0,Normal,
2015-12-18 01:00:00,-2.2,967.3,18.7,174.0,47.0,0,Normal,
2015-12-18 02:00:00,-1.6,967.1,19.1,173.0,38.0,0,Normal,
2015-12-18 03:00:00,-1.9,966.8,22.8,172.0,34.0,0,Normal,
2015-12-18 04:00:00,-1.8,966.9,22.5,172.0,37.0,0,Normal,
2015-12-18 05:00:00,-1.8,967.0,21.1,169.0,41.0,0,Normal,
2015-12-18 06:00:00,-0.9,967.1,20.0,171.0,38.0,0,Normal,
2015-12-18 07:00:00,-0.4,967.4,16.7,166.0,42.0,0,Normal,
2015-12-18 08:00:00,0.4,967.5,18.5,152.0,40.0,0,Normal,
2015-12-18 09:00:00,1.5,967.7,19.0,138.0,38.0,0,Normal,
2015-12-18 10:00:00,2.3,967.7,12.4,132.0,32.0,0,Normal,
2015-12-18 11:00:00,2.8,967.4,14.4,127.0,34.0,0,Normal,
2015-12-18 12:00:00,4.1,967.2,11.3,62.0,31.0,0,Normal,
2015-12-18 13:00:00,3.6,967.3,9.8,29.0,38.0,0,Normal,
2015-12-18 14:00:00,3.5,967.4,11.6,90.0,40.0,0,Normal,
2015-12-18 15:00:00,2.4,967.4,15.1,87.0,40.0,0,Normal,
2015-12-18 16:00:00,2.1,967.2,13.0,129.0,38.0,0,Normal,
2015-12-18 17:00:00,1.9,967.2,11.0,151.0,44.0,0,Normal,
2015-12-18 18:00:00,1.5,967.4,12.4,141.0,39.0,0,Normal,
2015-12-18 19:00:00,0.9,967.2,15.9,150.0,41.0,0,Normal,
2015-12-18 20:00:00,0.5,967.0,18.6,146.0,38.0,0,Normal,
2015-12-18 21:00:00,0.1,967.1,17.8,155.0,38.0,0,Normal,
2015-12-18 22:00:00,-0.5,967.0,13.7,176.0,48.0,0,Normal,
2015-12-18 23:00:00,-0.8,966.9,15.3,172.0,47.0,0,Normal,
2015-12-19 00:00:00,-1.9,966.9,23.4,167.0,42.0,0,Normal,
2015-12-19 01:00:00,-2.2,967.0,20.0,174.0,43.0,0,Normal,
2015-12-19 02:00:00,-2.4,966.8,23.5,173.0,37.0,0,Normal,
2015-12-19 03:00:00,-2.2,966.8,29.1,177.0,34.0,0,Normal,
2015-12-19 04:00:00,-2.0,967.2,25.4,166.0,32.0,0,Normal,
2015-12-19 05:00:00,-2.2,967.7,22.3,172.0,40.0,0,Normal,
2015-12-19 06:00:00,-1.4,967.8,22.7,172.0,38.0,0,Normal,
2015-12-19 07:00:00,-0.8,967.9,22.7,170.0,38.0,0,Normal,
2015-12-19 08:00:00,0.1,968.2,20.8,173.0,37.0,0,Normal,
2015-12-19 09:00:00,1.0,969.1,16.4,137.0,40.0,0,Normal,
2015-12-19 10:00:00,2.1,969.1,15.2,122.0,36.0,0,Normal,
2015-12-19 11:00:00,2.7,969.2,18.0,83.0,32.0,0,Normal,
2015-12-19 12:00:00,4.3,969.4,12.4,65.0,30.0,0,Normal,
2015-12-19 13:00:00,2.9,969.6,10.6,40.0,37.0,0,Normal,
2015-12-19 14:00:00,2.8,969.7,10.6,3.0,39.0,0,Normal,
2015-12-19 15:00:00,2.3,969.5,8.8,331.0,43.0,0,Normal,
2015-12-19 16:00:00,2.3,969.4,8.8,248.0,47.0,0,Normal,
2015-12-19 17:00:00,2.2,969.3,8.4,253.0,45.0,0,Normal,
2015-12-19 18:00:00,2.9,969.2,8.3,168.0,44.0,0,Normal,
2015-12-19 19:00:00,2.0,969.4,12.3,179.0,55.0,0,Normal,
2015-12-19 20:00:00,0.6,969.4,15.6,185.0,55.0,0,Normal,
2015-12-19 21:00:00,-0.5,969.4,17.4,189.0,55.0,0,Normal,
2015-12-19 22:00:00,-1.7,969.8,11.3,183.0,54.0,0,Normal,
2015-12-19 23:00:00,-2.6,969.7,17.9,185.0,56.0,0,Normal,
2015-12-20 00:00:00,-2.1,970.2,17.2,178.0,51.0,0,Normal,
2015-12-20 01:00:00,-1.2,970.0,17.6,175.0,42.0,0,Normal,
2015-12-20 02:00:00,-1.1,969.7,23.4,176.0,41.0,0,Normal,
2015-12-20 03:00:00,-1.3,969.9,23.6,178.0,42.0,0,Normal,
2015-12-20 04:00:00,-1.7,970.2,24.7,178.0,42.0,0,Normal,
2015-12-20 05:00:00,-1.0,970.5,25.8,177.0,41.0,0,Normal,
2015-12-20 06:00:00,0.0,970.8,26.7,172.0,33.0,0,Normal,
2015-12-20 07:00:00,0.3,971.4,24.3,169.0,41.0,0,Normal,
2015-12-20 08:00:00,1.0,971.8,20.0,169.0,41.0,0,Normal,
2015-12-20 09:00:00,2.8,972.7,15.2,132.0,35.0,0,Normal,
2015-12-20 10:00:00,3.4,973.1,11.0,127.0,34.0,0,Normal,
2015-12-20 11:00:00,5.3,973.4,11.9,71.0,35.0,0,Normal,
2015-12-20 12:00:00,4.2,973.7,10.6,355.0,43.0,0,Normal,
2015-12-20 13:00:00,4.1,973.9,9.6,21.0,39.0,0,Normal,
2015-12-20 14:00:00,3.4,974.2,11.2,14.0,45.0,0,Normal,
2015-12-20 15:00:00,2.8,974.4,8.6,17.0,47.0,0,Normal,
2015-12-20 16:00:00,2.5,974.3,6.8,72.0,53.0,0,Normal,
2015-12-20 17:00:00,1.6,974.1,9.5,42.0,57.0,0,Normal,
2015-12-20 18:00:00,0.4,974.2,8.3,351.0,66.0,0,Normal,
2015-12-20 19:00:00,0.5,974.0,6.1,258.0,64.0,0,Normal,
2015-12-20 20:00:00,0.8,973.7,7.7,265.0,65.0,0,Normal,
2015-12-20 21:00:00,0.8,973.5,6.5,42.0,65.0,0,Normal,
2015-12-20 22:00:00,-0.1,972.9,6.2,108.0,72.0,0,Normal,
2015-12-20 23:00:00,-0.6,972.2,15.6,182.0,61.0,0,Normal,
2015-12-21 00:00:00,-1.2,972.3,8.0,88.0,73.0,0,Normal,
2015-12-21 01:00:00,-1.7,972.1,6.4,120.0,77.0,0,Normal,
2015-12-21 02:00:00,-0.3,971.6,12.3,170.0,48.0,0,Normal,
2015-12-21 03:00:00,0.0,971.1,17.0,174.0,47.0,0,Normal,
2015-12-21 04:00:00,0.4,970.6,20.2,168.0,38.0,0,Normal,
2015-12-21 05:00:00,0.5,970.4,22.0,165.0,43.0,0,Normal,
2015-12-21 06:00:00,0.7,970.1,24.1,168.0,40.0,0,Normal,
2015-12-21 07:00:00,1.7,970.3,20.1,159.0,46.0,0,Normal,
2015-12-21 08:00:00,2.2,969.9,17.7,164.0,47.0,0,Normal,
2015-12-21 09:00:00,3.6,969.5,16.2,140.0,42.0,0,Normal,
2015-12-21 10:00:00,4.9,969.1,15.7,87.0,40.0,0,Normal,
2015-12-21 11:00:00,5.1,968.8,14.2,50.0,43.0,0,Normal,
2015-12-21 12:00:00,4.2,968.7,11.6,57.0,51.0,0,Normal,
2015-12-21 13:00:00,4.0,968.4,10.4,51.0,48.0,0,Normal,
2015-12-21 14:00:00,4.3,967.9,9.2,56.0,48.0,0,Normal,
2015-12-21 15:00:00,4.0,967.3,10.2,61.0,48.0,0,Normal,
2015-12-21 16:00:00,3.8,966.7,10.3,52.0,50.0,0,Normal,
2015-12-21 17:00:00,2.8,966.5,7.6,128.0,58.0,0,Normal,
2015-12-21 18:00:00,2.8,966.4,10.1,83.0,57.0,0,Normal,
2015-12-21 19:00:00,1.9,966.6,10.5,36.0,65.0,0,Normal,
2015-12-21 20:00:00,1.1,966.9,8.8,83.0,60.0,0,Normal,
2015-12-21 21:00:00,0.6,966.9,9.5,91.0,64.0,0,Normal,
2015-12-21 22:00:00,0.0,966.9,7.3,112.0,66.0,0,Normal,
2015-12-21 23:00:00,-0.6,966.8,6.6,327.0,71.0,0,Normal,
2015-12-22 00:00:00,-1.5,966.8,5.3,350.0,71.0,0,Normal,
2015-12-22 01:00:00,-1.8,966.7,5.4,347.0,75.0,0,Normal,
2015-12-22 02:00:00,-1.5,966.5,4.4,334.0,72.0,0,Normal,
2015-12-22 03:00:00,-1.5,966.3,4.6,309.0,70.0,0,Normal,
2015-12-22 04:00:00,-0.8,966.2,7.0,81.0,67.0,0,Normal,
2015-12-22 05:00:00,-0.8,966.1,6.7,100.0,68.0,0,Normal,
2015-12-22 06:00:00,1.7,965.9,21.5,100.0,49.0,0,Normal,
2015-12-22 07:00:00,1.8,966.5,18.2,102.0,54.0,0,Normal,
2015-12-22 08:00:00,2.6,966.8,18.7,90.0,55.0,0,Normal,
2015-12-22 09:00:00,2.5,966.9,18.0,89.0,55.0,0,Normal,
2015-12-22 10:00:00,3.6,966.9,16.4,86.0,50.0,0,Normal,
2015-12-22 11:00:00,3.5,966.7,18.3,87.0,49.0,0,Normal,
2015-12-22 12:00:00,4.2,966.6,16.0,74.0,48.0,0,Normal,
2015-12-22 13:00:00,5.0,966.5,13.2,75.0,48.0,0,Normal,
2015-12-22 14:00:00,5.3,966.5,14.5,76.0,44.0,0,Normal,
2015-12-22 15:00:00,4.4,966.0,11.8,53.0,46.0,0,Normal,
2015-12-22 16:00:00,4.2,965.7,7.7,86.0,49.0,0,Normal,
2015-12-22 17:00:00,3.2,965.4,10.8,156.0,56.0,0,Normal,
2015-12-22 18:00:00,3.4,965.6,10.1,89.0,50.0,0,Normal,
2015-12-22 19:00:00,2.6,965.7,9.3,154.0,56.0,0,Normal,
2015-12-22 20:00:00,2.4,965.8,8.2,152.0,55.0,0,Normal,
2015-12-22 21:00:00,2.4,965.8,10.7,156.0,56.0,0,Normal,
2015-12-22 22:00:00,1.3,965.7,11.8,139.0,60.0,0,Normal,
2015-12-22 23:00:00,1.2,965.8,9.2,126.0,56.0,0,Normal,
2015-12-23 00:00:00,0.8,965.9,8.3,105.0,56.0,0,Normal,
2015-12-23 01:00:00,1.3,965.7,19.6,150.0,52.0,0,Normal,
2015-12-23 02:00:00,1.6,965.8,19.0,162.0,49.0,0,Normal,
2015-12-23 03:00:00,1.3,965.8,19.7,160.0,47.0,0,Normal,
2015-12-23 04:00:00,1.3,966.0,21.1,163.0,47.0,0,Normal,
2015-12-23 05:00:00,1.9,966.2,20.8,160.0,43.0,0,Normal,
2015-12-23 06:00:00,3.3,966.7,19.7,139.0,42.0,0,Normal,
2015-12-23 07:00:00,3.7,967.0,15.7,122.0,43.0,0,Normal,
2015-12-23 08:00:00,3.8,967.6,16.2,105.0,48.0,0,Normal,
2015-12-23 09:00:00,4.1,968.0,17.4,100.0,45.0,0,Normal,
2015-12-23 10:00:00,5.4,968.4,14.5,81.0,45.0,0,Normal,
2015-12-23 11:00:00,5.4,968.5,14.3,72.0,44.0,0,Normal,
2015-12-23 12:00:00,5.8,968.4,15.0,75.0,44.0,0,Normal,
2015-12-23 13:00:00,5.3,968.6,11.5,73.0,46.0,0,Normal,
2015-12-23 14:00:00,4.9,968.6,9.8,69.0,49.0,0,Normal,
2015-12-23 15:00:00,4.4,968.4,6.8,152.0,50.0,0,Normal,
2015-12-23 16:00:00,3.0,967.9,7.0,173.0,59.0,0,Normal,
2015-12-23 17:00:00,3.8,967.6,11.0,151.0,59.0,0,Normal,
2015-12-23 18:00:00,3.9,967.3,11.3,147.0,62.0,0,Normal,
2015-12-23 19:00:00,3.6,967.2,10.7,139.0,59.0,0,Normal,
2015-12-23 20:00:00,3.1,966.9,15.3,143.0,54.0,0,Normal,
2015-12-23 21:00:00,3.0,966.6,14.2,136.0,51.0,0,Normal,
2015-12-23 22:00:00,2.3,966.3,14.2,139.0,52.0,0,Normal,
2015-12-23 23:00:00,2.0,965.9,14.0,134.0,50.0,0,Normal,
2015-12-24 00:00:00,1.6,965.7,18.0,141.0,51.0,0,Normal,
2015-12-24 01:00:00,1.7,965.2,19.7,144.0,47.0,0,Normal,
2015-12-24 02:00:00,1.9,965.3,17.6,136.0,47.0,0,Normal,
2015-12-24 03:00:00,2.3,965.0,18.6,139.0,47.0,0,Normal,
2015-12-24 04:00:00,2.4,964.9,19.1,146.0,49.0,0,Normal,
2015-12-24 05:00:00,3.0,965.0,17.9,131.0,45.0,0,Normal,
2015-12-24 06:00:00,3.4,965.2,18.2,133.0,46.0,0,Normal,
2015-12-24 07:00:00,3.9,965.4,14.4,122.0,48.0,0,Normal,
2015-12-24 08:00:00,4.4,965.6,17.9,129.0,43.0,0,Normal,
2015-12-24 09:00:00,4.7,965.6,16.2,131.0,42.0,0,Normal,
2015-12-24 10:00:00,5.1,965.7,16.3,122.0,41.0,0,Normal,
2015-12-24 11:00:00,5.3,965.8,18.8,115.0,37.0,0,Normal,
2015-12-24 12:00:00,5.3,966.0,13.5,132.0,42.0,0,Normal,
2015-12-24 13:00:00,5.1,966.0,13.2,141.0,44.0,0,Normal,
2015-12-24 14:00:00,5.4,966.0,12.9,134.0,44.0,0,Normal,
2015-12-24 15:00:00,4.9,965.8,11.7,140.0,45.0,0,Normal,
2015-12-24 16:00:00,4.5,965.9,11.4,152.0,51.0,0,Normal,
2015-12-24 17:00:00,4.8,966.1,8.9,142.0,48.0,0,Normal,
2015-12-24 18:00:00,4.6,966.2,11.0,129.0,48.0,0,Normal,
2015-12-24 19:00:00,4.4,966.6,12.8,115.0,47.0,0,Normal,
2015-12-24 20:00:00,3.4,966.8,14.4,136.0,51.0,0,Normal,
2015-12-24 21:00:00,3.1,967.0,15.2,137.0,50.0,0,Normal,
2015-12-24 22:00:00,2.4,967.1,17.0,137.0,50.0,0,Normal,
2015-12-24 23:00:00,2.1,967.5,13.2,112.0,49.0,0,Normal,
2015-12-25 00:00:00,1.9,967.7,18.2,139.0,48.0,0,Normal,
2015-12-25 01:00:00,1.8,967.6,20.0,150.0,47.0,0,Normal,
2015-12-25 02:00:00,1.9,967.9,20.1,149.0,45.0,0,Normal,
2015-12-25 03:00:00,1.7,968.3,19.3,160.0,45.0,0,Normal,
2015-12-25 04:00:00,1.9,968.7,19.6,157.0,43.0,0,Normal,
2015-12-25 05:00:00,3.1,969.3,12.0,125.0,45.0,0,Normal,
2015-12-25 06:00:00,3.2,969.8,10.9,114.0,47.0,0,Normal,
2015-12-25 07:00:00,3.6,970.2,11.6,126.0,43.0,0,Normal,
2015-12-25 08:00:00,4.3,970.2,16.1,111.0,34.0,0,Normal,
2015-12-25 09:00:00,4.3,970.4,14.0,97.0,38.0,0,Normal,
2015-12-25 10:00:00,4.4,970.3,11.3,146.0,48.0,0,Normal,
2015-12-25 11:00:00,6.3,970.4,10.8,77.0,31.0,0,Normal,
2015-12-25 12:00:00,6.1,970.1,12.5,55.0,29.0,0,Normal,
2015-12-25 13:00:00,6.6,970.0,8.3,74.0,35.0,0,Normal,
2015-12-25 14:00:00,4.6,969.9,6.7,141.0,40.0,0,Normal,
2015-12-25 15:00:00,5.2,969.9,2.0,240.0,42.0,0,Normal,
2015-12-25 16:00:00,5.1,969.9,10.1,356.0,39.0,0,Normal,
2015-12-25 17:00:00,4.4,969.6,8.3,7.0,44.0,0,Normal,
2015-12-25 18:00:00,4.2,969.4,8.1,5.0,44.0,0,Normal,
2015-12-25 19:00:00,3.9,969.3,6.6,232.0,46.0,0,Normal,
2015-12-25 20:00:00,2.9,969.6,6.7,121.0,57.0,0,Normal,
2015-12-25 21:00:00,1.7,969.6,4.4,205.0,56.0,0,Normal,
2015-12-25 22:00:00,1.3,969.5,4.0,59.0,57.0,0,Normal,
2015-12-25 23:00:00,0.4,969.4,5.8,157.0,61.0,0,Normal,
2015-12-26 00:00:00,0.3,969.3,4.0,165.0,57.0,0,Normal,
2015-12-26 01:00:00,-0.2,969.5,7.0,153.0,64.0,0,Normal,
2015-12-26 02:00:00,0.4,969.5,11.0,168.0,48.0,0,Normal,
2015-12-26 03:00:00,-0.8,969.9,6.7,347.0,65.0,0,Normal,
2015-12-26 04:00:00,-1.2,970.1,7.2,357.0,63.0,0,Normal,
2015-12-26 05:00:00,0.7,970.0,6.8,127.0,49.0,0,Normal,
2015-12-26 06:00:00,2.0,970.3,5.2,73.0,51.0,0,Normal,
2015-12-26 07:00:00,2.3,970.3,11.7,123.0,50.0,0,Normal,
2015-12-26 08:00:00,2.6,970.5,11.6,78.0,43.0,0,Normal,
2015-12-26 09:00:00,0.9,970.8,10.4,42.0,60.0,0,Normal,
2015-12-26 10:00:00,1.1,970.9,7.5,64.0,63.0,0,Normal,
2015-12-26 11:00:00,1.8,970.9,9.5,56.0,61.0,0,Normal,
2015-12-26 12:00:00,1.9,970.7,10.6,32.0,61.0,0,Normal,
2015-12-26 13:00:00,1.2,970.8,10.0,7.0,67.0,0,Normal,
2015-12-26 14:00:00,0.6,970.6,10.4,7.0,71.0,0,Normal,
2015-12-26 15:00:00,0.0,970.3,10.0,349.0,74.0,0,Normal,
2015-12-26 16:00:00,-0.8,970.2,9.0,356.0,77.0,0,Normal,
2015-12-26 17:00:00,-1.3,970.0,9.5,355.0,80.0,0,Normal,
2015-12-26 18:00:00,-1.8,969.7,9.5,351.0,81.0,0,Normal,
2015-12-26 19:00:00,-2.1,969.6,8.8,359.0,84.0,0,Normal,
2015-12-26 20:00:00,-2.0,969.7,8.2,355.0,85.0,0,Normal,
2015-12-26 21:00:00,-2.4,969.6,7.6,348.0,87.0,0,Normal,
2015-12-26 22:00:00,-2.5,969.6,7.1,80.0,84.0,0,Normal,
2015-12-26 23:00:00,-2.5,969.3,5.1,35.0,84.0,0,Normal,
2015-12-27 00:00:00,-2.9,969.0,6.1,108.0,86.0,0,Normal,
2015-12-27 01:00:00,-3.1,969.0,3.6,199.0,86.0,0,Normal,
2015-12-27 02:00:00,-3.4,968.9,4.7,353.0,87.0,0,Normal,
2015-12-27 03:00:00,-3.3,968.8,7.1,204.0,87.0,0,Normal,
2015-12-27 04:00:00,-3.3,968.8,6.8,3.0,87.0,0,Normal,
2015-12-27 05:00:00,-3.2,968.5,6.5,8.0,87.0,0,Normal,
2015-12-27 06:00:00,-2.0,968.1,8.6,9.0,81.0,0,Normal,
2015-12-27 07:00:00,-1.2,968.3,8.7,360.0,75.0,0,Normal,
2015-12-27 08:00:00,0.2,968.4,7.7,15.0,67.0,0,Normal,
2015-12-27 09:00:00,3.1,968.3,13.0,58.0,50.0,0,Normal,
2015-12-27 10:00:00,2.3,968.4,8.9,14.0,60.0,0,Normal,
2015-12-27 11:00:00,2.0,968.5,8.7,4.0,62.0,0,Normal,
2015-12-27 12:00:00,2.5,968.5,5.5,331.0,63.0,0,Normal,
2015-12-27 13:00:00,2.9,968.4,3.2,300.0,55.0,0,Normal,
2015-12-27 14:00:00,3.1,968.4,8.0,2.0,55.0,0,Normal,
2015-12-27 15:00:00,2.9,968.2,6.3,170.0,38.0,0,Normal,
2015-12-27 16:00:00,2.9,967.8,6.6,163.0,38.0,0,Normal,
2015-12-27 17:00:00,2.7,967.5,10.6,6.0,56.0,0,Normal,
2015-12-27 18:00:00,2.4,967.3,10.7,237.0,49.0,0,Normal,
2015-12-27 19:00:00,2.3,967.1,6.1,183.0,50.0,0,Normal,
2015-12-27 20:00:00,0.9,967.2,5.2,166.0,58.0,0,Normal,
2015-12-27 21:00:00,-0.5,966.5,18.2,188.0,61.0,0,Normal,
2015-12-27 22:00:00,0.0,966.7,6.7,110.0,70.0,0,Normal,
2015-12-27 23:00:00,-2.1,966.5,6.4,153.0,82.0,0,Normal,
2015-12-28 00:00:00,-2.0,966.4,7.2,120.0,79.0,0,Normal,
2015-12-28 01:00:00,-0.6,966.2,11.3,173.0,52.0,0,Normal,
2015-12-28 02:00:00,-0.9,966.4,7.1,95.0,64.0,0,Normal,
2015-12-28 03:00:00,-2.2,966.5,4.6,178.0,67.0,0,Normal,
2015-12-28 04:00:00,-1.5,966.0,19.1,183.0,49.0,0,Normal,
2015-12-28 05:00:00,-1.1,966.8,6.6,4.0,52.0,0,Normal,
2015-12-28 06:00:00,0.1,967.1,10.9,115.0,49.0,0,Normal,
2015-12-28 07:00:00,0.0,967.4,14.7,83.0,51.0,0,Normal,
2015-12-28 08:00:00,0.0,967.9,12.9,84.0,56.0,0,Normal,
2015-12-28 09:00:00,0.2,968.3,12.1,49.0,57.0,0,Normal,
2015-12-28 10:00:00,0.7,968.5,10.3,69.0,58.0,0,Normal,
2015-12-28 11:00:00,0.4,968.8,8.2,336.0,65.0,0,Normal,
2015-12-28 12:00:00,0.8,968.9,10.0,354.0,65.0,0,Normal,
2015-12-28 13:00:00,0.5,969.1,12.9,353.0,67.0,0,Normal,
2015-12-28 14:00:00,-0.6,969.6,12.4,359.0,72.0,0,Normal,
2015-12-28 15:00:00,-1.6,969.5,11.6,11.0,78.0,0,Normal,
2015-12-28 16:00:00,-2.0,969.7,10.7,348.0,79.0,0,Normal,
2015-12-28 17:00:00,-2.4,969.7,8.4,343.0,80.0,0,Normal,
2015-12-28 18:00:00,-2.4,969.8,10.6,354.0,80.0,0,Normal,
2015-12-28 19:00:00,-2.7,969.7,9.7,350.0,78.0,0,Normal,
2015-12-28 20:00:00,-2.5,969.7,0.9,117.0,80.0,0,Normal,
2015-12-28 21:00:00,-2.9,970.0,10.8,4.0,81.0,0,Normal,
2015-12-28 22:00:00,-3.2,969.9,8.3,8.0,82.0,0,Normal,
2015-12-28 23:00:00,-3.1,969.8,8.3,306.0,81.0,0,Normal,
2015-12-29 00:00:00,-3.6,969.8,10.8,311.0,83.0,0,Normal,
2015-12-29 01:00:00,-3.6,969.7,8.5,249.0,81.0,0,Normal,
2015-12-29 02:00:00,-3.6,970.0,7.6,255.0,80.0,0,Normal,
2015-12-29 03:00:00,-3.8,970.0,6.8,188.0,79.0,0,Normal,
2015-12-29 04:00:00,-3.8,970.0,10.3,354.0,79.0,0,Normal,
2015-12-29 05:00:00,-3.8,970.0,7.5,1.0,80.0,0,Normal,
2015-12-29 06:00:00,-3.2,969.9,9.8,3.0,77.0,0,Normal,
2015-12-29 07:00:00,-1.9,970.2,12.4,85.0,64.0,0,Normal,
2015-12-29 08:00:00,-3.6,970.4,15.6,125.0,69.0,0,Normal,
2015-12-29 09:00:00,-3.1,970.6,15.0,137.0,71.0,0,Normal,
2015-12-29 10:00:00,-3.8,970.6,13.1,138.0,71.0,0,Normal,
2015-12-29 11:00:00,-2.5,970.7,12.1,94.0,64.0,0,Normal,
2015-12-29 12:00:00,-2.6,970.4,11.6,141.0,67.0,0,Normal,
2015-12-29 13:00:00,-1.7,970.2,11.9,130.0,63.0,0,Normal,
2015-12-29 14:00:00,-1.1,969.9,12.1,75.0,62.0,0,Normal,
2015-12-29 15:00:00,-1.1,969.5,11.8,64.0,60.0,0,Normal,
2015-12-29 16:00:00,-1.2,969.1,10.5,76.0,63.0,0,Normal,
2015-12-29 17:00:00,-1.5,969.0,11.9,55.0,64.0,0,Normal,
2015-12-29 18:00:00,-2.0,968.9,10.5,40.0,65.0,0,Normal,
2015-12-29 19:00:00,-2.0,968.8,10.5,70.0,64.0,0,Normal,
2015-12-29 20:00:00,-2.6,968.6,7.6,63.0,65.0,0,Normal,
2015-12-29 21:00:00,-3.0,968.5,7.3,342.0,68.0,0,Normal,
2015-12-29 22:00:00,-3.9,968.5,6.5,184.0,71.0,0,Normal,
2015-12-29 23:00:00,-4.1,968.5,5.3,219.0,73.0,0,Normal,
2015-12-30 00:00:00,-4.2,968.4,6.8,348.0,74.0,0,Normal,
2015-12-30 01:00:00,-4.8,968.6,6.7,201.0,74.0,0,Normal,
2015-12-30 02:00:00,-4.3,968.7,6.8,198.0,72.0,0,Normal,
2015-12-30 03:00:00,-3.9,968.6,1.7,282.0,71.0,0,Normal,
2015-12-30 04:00:00,-3.5,968.5,4.6,153.0,68.0,0,Normal,
2015-12-30 05:00:00,-3.2,968.4,8.8,118.0,68.0,0,Normal,
2015-12-30 06:00:00,-2.8,968.6,10.9,114.0,62.0,0,Normal,
2015-12-30 07:00:00,-2.5,968.7,11.4,123.0,61.0,0,Normal,
2015-12-30 08:00:00,-1.0,969.1,12.5,65.0,57.0,0,Normal,
2015-12-30 09:00:00,-0.1,969.5,14.6,73.0,56.0,0,Normal,
2015-12-30 10:00:00,0.2,969.7,11.4,64.0,52.0,0,Normal,
2015-12-30 11:00:00,1.2,969.5,12.9,75.0,48.0,0,Normal,
2015-12-30 12:00:00,1.5,969.6,14.0,57.0,47.0,0,Normal,
2015-12-30 13:00:00,0.7,969.6,11.6,58.0,52.0,0,Normal,
2015-12-30 14:00:00,1.5,969.4,13.5,52.0,51.0,0,Normal,
2015-12-30 15:00:00,0.2,969.4,11.3,55.0,56.0,0,Normal,
2015-12-30 16:00:00,0.0,969.4,9.1,26.0,54.0,0,Normal,
2015-12-30 17:00:00,-0.5,969.2,10.9,1.0,59.0,0,Normal,
2015-12-30 18:00:00,-1.2,969.3,6.5,346.0,63.0,0,Normal,
2015-12-30 19:00:00,-0.6,969.3,7.9,85.0,59.0,0,Normal,
2015-12-30 20:00:00,-0.7,969.5,10.9,122.0,59.0,0,Normal,
2015-12-30 21:00:00,-1.4,969.9,10.9,91.0,60.0,0,Normal,
2015-12-30 22:00:00,-2.5,970.1,7.1,137.0,64.0,0,Normal,
2015-12-30 23:00:00,-3.0,970.2,6.6,155.0,64.0,0,Normal,
2015-12-31 00:00:00,-3.8,970.1,7.0,181.0,67.0,0,Normal,
2015-12-31 01:00:00,-3.8,970.0,6.7,189.0,68.0,0,Normal,
2015-12-31 02:00:00,-3.6,969.8,5.7,181.0,64.0,0,Normal,
2015-12-31 03:00:00,-2.8,969.6,3.9,206.0,59.0,0,Normal,
2015-12-31 04:00:00,-2.4,969.7,4.9,6.0,52.0,0,Normal,
2015-12-31 05:00:00,-0.9,969.5,20.3,159.0,46.0,0,Normal,
2015-12-31 06:00:00,-0.1,969.9,20.1,146.0,46.0,0,Normal,
2015-12-31 07:00:00,1.2,970.4,17.4,135.0,42.0,0,Normal,
2015-12-31 08:00:00,1.9,971.1,15.9,122.0,40.0,0,Normal,
2015-12-31 09:00:00,2.1,971.7,20.8,114.0,39.0,0,Normal,
2015-12-31 10:00:00,1.7,972.5,17.8,76.0,49.0,0,Normal,
2015-12-31 11:00:00,1.9,972.7,17.3,79.0,47.0,0,Normal,
2015-12-31 12:00:00,2.0,972.6,11.6,54.0,47.0,0,Normal,
2015-12-31 13:00:00,2.3,972.6,10.2,95.0,47.0,0,Normal,
2015-12-31 14:00:00,0.6,972.6,10.7,158.0,56.0,0,Normal,
2015-12-31 15:00:00,0.8,972.4,8.1,170.0,56.0,0,Normal,
2015-12-31 16:00:00,1.7,972.1,5.8,18.0,53.0,0,Normal,
2015-12-31 17:00:00,1.2,972.0,9.7,344.0,54.0,0,Normal,
2015-12-31 18:00:00,1.3,972.1,6.7,181.0,57.0,0,Normal,
2015-12-31 19:00:00,1.1,972.1,10.6,153.0,51.0,0,Normal,
2015-12-31 20:00:00,0.8,972.1,8.2,168.0,53.0,0,Normal,
2015-12-31 21:00:00,-0.3,972.0,12.6,167.0,57.0,0,Normal,
2015-12-31 22:00:00,-1.3,972.0,14.1,168.0,56.0,0,Normal,
2015-12-31 23:00:00,-1.3,972.1,13.1,159.0,50.0,0,Normal,
2016-01-01 00:00:00,-0.8,966.9,62.6,298.0,57.0,0,Normal,
2016-01-01 01:00:00,-0.6,967.6,61.8,298.0,50.0,0,Normal,
2016-01-01 02:00:00,-0.9,968.4,61.3,298.0,57.0,0,Normal,
2016-01-01 03:00:00,-0.4,968.9,61.9,298.0,51.0,0,Normal,
2016-01-01 04:00:00,-1.2,969.5,61.4,298.0,54.0,0,Normal,
2016-01-01 05:00:00,-0.2,970.0,62.6,298.0,50.0,0,Normal,
2016-01-01 06:00:00,-0.7,970.8,61.9,298.0,56.0,0,Normal,
2016-01-01 07:00:00,0.1,971.5,54.3,299.0,55.0,0,Normal,
2016-01-01 08:00:00,0.6,972.1,61.3,300.0,53.0,0,Normal,
2016-01-01 09:00:00,1.4,972.6,61.9,300.0,54.0,0,Normal,
2016-01-01 10:00:00,2.3,973.2,60.8,300.0,53.0,0,Normal,
2016-01-01 11:00:00,3.5,973.6,65.9,298.0,47.0,0,Normal,
2016-01-01 12:00:00,2.6,974.1,62.6,299.0,52.0,0,Normal,
2016-01-01 13:00:00,2.6,974.4,61.9,299.0,53.0,0,Normal,
2016-01-01 14:00:00,3.0,974.6,56.5,297.0,52.0,0,Normal,
2016-01-01 15:00:00,2.7,974.6,63.2,298.0,51.0,0,Normal,
2016-01-01 16:00:00,2.1,974.8,62.6,298.0,55.0,0,Normal,
2016-01-01 17:00:00,1.6,974.8,62.6,298.0,55.0,0,Normal,
2016-01-01 18:00:00,1.0,974.8,62.6,298.0,57.0,0,Normal,
2016-01-01 19:00:00,1.0,975.1,62.6,298.0,58.0,0,Normal,
2016-01-01 20:00:00,0.5,975.7,63.3,298.0,62.0,0,Normal,
2016-01-01 21:00:00,-0.3,975.9,62.5,298.0,62.0,0,Normal,
2016-01-01 22:00:00,-1.1,976.0,63.0,298.0,64.0,0,Normal,
2016-01-01 23:00:00,-1.5,976.1,60.8,299.0,63.0,0,Normal,
2016-01-02 00:00:00,-1.8,976.2,65.5,299.0,62.0,0,Normal,
2016-01-02 01:00:00,-2.1,976.5,62.6,300.0,57.0,0,Normal,
2016-01-02 02:00:00,-2.0,976.8,60.4,297.0,55.0,0,Normal,
2016-01-02 03:00:00,-2.2,976.5,63.9,296.0,58.0,0,Normal,
2016-01-02 04:00:00,-1.9,976.5,62.5,299.0,55.0,0,Normal,
2016-01-02 05:00:00,-1.6,976.6,62.6,299.0,54.0,0,Normal,
2016-01-02 06:00:00,-0.8,976.4,63.2,299.0,53.0,0,Normal,
2016-01-02 07:00:00,0.0,976.3,42.7,310.0,51.0,0,Normal,
2016-01-02 08:00:00,1.2,976.2,62.6,298.0,46.0,0,Normal,
2016-01-02 09:00:00,2.1,976.1,61.9,298.0,47.0,0,Normal,
2016-01-02 10:00:00,2.8,975.9,61.9,298.0,45.0,0,Normal,
2016-01-02 11:00:00,3.0,975.8,62.5,298.0,46.0,0,Normal,
2016-01-02 12:00:00,3.3,975.6,61.9,298.0,45.0,0,Normal,
2016-01-02 13:00:00,3.2,974.9,61.3,298.0,48.0,0,Normal,
2016-01-02 14:00:00,3.5,974.5,61.9,298.0,45.0,0,Normal,
2016-01-02 15:00:00,2.8,974.0,61.0,298.0,49.0,0,Normal,
2016-01-02 16:00:00,2.9,973.4,61.4,299.0,48.0,0,Normal,
2016-01-02 17:00:00,2.1,972.9,61.3,299.0,55.0,0,Normal,
2016-01-02 18:00:00,1.5,972.4,60.2,300.0,55.0,0,Normal,
2016-01-02 19:00:00,0.8,971.9,54.3,303.0,60.0,0,Normal,
2016-01-02 20:00:00,0.3,971.5,63.0,300.0,60.0,0,Normal,
2016-01-02 21:00:00,0.2,970.9,62.6,300.0,63.0,0,Normal,
2016-01-02 22:00:00,-0.5,970.4,61.9,300.0,67.0,0,Normal,
2016-01-02 23:00:00,-0.9,969.9,52.7,300.0,65.0,0,Normal,
2016-01-03 00:00:00,-1.4,969.3,61.9,298.0,62.0,0,Normal,
2016-01-03 01:00:00,-2.1,968.5,62.6,298.0,61.0,0,Normal,
2016-01-03 02:00:00,-2.1,967.8,62.6,298.0,60.0,0,Normal,
2016-01-03 03:00:00,-1.9,967.0,61.9,298.0,50.0,0,Normal,
2016-01-03 04:00:00,-1.7,966.1,62.2,298.0,54.0,0,Normal,
2016-01-03 05:00:00,-1.9,965.4,63.7,298.0,59.0,0,Normal,
2016-01-03 06:00:00,-2.2,965.1,63.3,298.0,56.0,0,Normal,
2016-01-03 07:00:00,-1.4,964.7,63.9,298.0,54.0,0,Normal,
2016-01-03 08:00:00,-0.6,964.1,63.1,298.0,47.0,0,Normal,
2016-01-03 09:00:00,0.7,963.5,67.1,298.0,42.0,0,Normal,
2016-01-03 10:00:00,0.7,963.1,62.6,299.0,52.0,0,Normal,
2016-01-03 11:00:00,-0.3,962.6,63.3,298.0,58.0,0,Normal,
2016-01-03 12:00:00,-0.6,962.2,61.9,298.0,59.0,0,Normal,
2016-01-03 13:00:00,0.1,961.5,63.1,299.0,61.0,0,Normal,
2016-01-03 14:00:00,-0.2,961.1,62.4,298.0,65.0,0,Normal,
2016-01-03 15:00:00,-0.8,960.6,63.2,300.0,69.0,0,Normal,
2016-01-03 16:00:00,-1.8,960.3,63.3,300.0,73.0,0,Normal,
2016-01-03 17:00:00,-1.9,960.1,63.2,301.0,74.0,0,Normal,
2016-01-03 18:00:00,-2.1,960.0,60.4,303.0,79.0,0,Normal,
2016-01-03 19:00:00,-2.4,959.9,63.2,298.0,79.0,0,Normal,
2016-01-03 20:00:00,-2.8,959.8,62.6,298.0,82.0,0,Normal,
2016-01-03 21:00:00,-3.5,959.5,63.3,298.0,86.0,0,Normal,
2016-01-03 22:00:00,-3.7,959.4,63.3,298.0,87.0,0,Normal,
2016-01-03 23:00:00,-3.8,959.4,63.3,298.0,86.0,0,Normal,
2016-01-04 00:00:00,-3.9,959.4,61.3,298.0,87.0,0,Normal,
2016-01-04 01:00:00,-4.0,959.5,61.9,298.0,87.0,0,Normal,
2016-01-04 02:00:00,-4.3,959.5,67.7,299.0,89.0,0,Normal,
2016-01-04 03:00:00,-4.5,959.5,55.6,309.0,90.0,0,Normal,
2016-01-04 04:00:00,-4.4,959.7,29.3,312.0,89.0,0,Normal,
2016-01-04 05:00:00,-4.6,960.0,61.9,298.0,88.0,0,Normal,
2016-01-04 06:00:00,-4.1,960.6,61.9,298.0,86.0,0,Normal,
2016-01-04 07:00:00,-2.9,960.9,61.9,298.0,78.0,0,Normal,
2016-01-04 08:00:00,-2.5,961.3,62.6,298.0,76.0,0,Normal,
2016-01-04 09:00:00,-1.5,961.8,63.9,298.0,67.0,0,Normal,
2016-01-04 10:00:00,-2.0,962.2,63.9,298.0,58.0,0,Normal,
2016-01-04 11:00:00,-0.1,962.7,63.9,298.0,53.0,0,Normal,
2016-01-04 12:00:00,-0.2,963.2,62.6,298.0,50.0,0,Normal,
2016-01-04 13:00:00,0.6,963.6,63.9,298.0,53.0,0,Normal,
2016-01-04 14:00:00,-0.6,964.3,63.9,298.0,61.0,0,Normal,
2016-01-04 15:00:00,-1.4,964.9,63.9,298.0,64.0,0,Normal,
2016-01-04 16:00:00,-1.9,965.5,63.3,298.0,68.0,0,Normal,
2016-01-04 17:00:00,-1.7,966.0,63.4,298.0,67.0,0,Normal,
2016-01-04 18:00:00,-1.8,966.8,62.3,299.0,72.0,0,Normal,
2016-01-04 19:00:00,-1.6,967.2,62.4,298.0,72.0,0,Normal,
2016-01-04 20:00:00,-1.9,967.4,63.3,301.0,71.0,0,Normal,
2016-01-04 21:00:00,-1.6,967.6,62.1,302.0,71.0,0,Normal,
2016-01-04 22:00:00,-1.3,968.2,61.2,295.0,70.0,0,Normal,
2016-01-04 23:00:00,-1.7,968.8,63.3,298.0,71.0,0,Normal,
2016-01-05 00:00:00,-2.6,969.3,62.6,298.0,74.0,0,Normal,
2016-01-05 01:00:00,-3.8,970.0,63.3,298.0,73.0,0,Normal,
2016-01-05 02:00:00,-4.4,970.6,62.6,298.0,71.0,0,Normal,
2016-01-05 03:00:00,-4.5,970.9,61.9,298.0,70.0,0,Normal,
2016-01-05 04:00:00,-4.3,970.6,61.9,300.0,69.0,0,Normal,
2016-01-05 05:00:00,-3.8,970.7,61.9,301.0,68.0,0,Normal,
2016-01-05 06:00:00,-3.3,970.9,62.6,301.0,65.0,0,Normal,
2016-01-05 07:00:00,-3.2,971.2,55.3,310.0,66.0,0,Normal,
2016-01-05 08:00:00,-2.9,971.0,50.6,292.0,65.0,0,Normal,
2016-01-05 09:00:00,-2.6,970.7,62.6,298.0,62.0,0,Normal,
2016-01-05 10:00:00,-1.5,970.6,61.9,298.0,59.0,0,Normal,
2016-01-05 11:00:00,-1.6,970.4,62.1,298.0,59.0,0,Normal,
2016-01-05 12:00:00,-1.3,970.0,62.6,298.0,61.0,0,Normal,
2016-01-05 13:00:00,-1.0,969.9,63.3,298.0,58.0,0,Normal,
2016-01-05 14:00:00,-0.8,969.6,63.3,298.0,57.0,0,Normal,
2016-01-05 15:00:00,-1.8,969.6,63.9,298.0,63.0,0,Normal,
2016-01-05 16:00:00,-1.4,969.1,62.6,298.0,66.0,0,Normal,
2016-01-05 17:00:00,-1.0,968.6,63.3,298.0,64.0,0,Normal,
2016-01-05 18:00:00,-1.0,968.4,63.3,298.0,64.0,0,Normal,
2016-01-05 19:00:00,-1.4,968.3,63.3,298.0,61.0,0,Normal,
2016-01-05 20:00:00,-2.1,967.9,57.8,299.0,66.0,0,Normal,
2016-01-05 21:00:00,-2.5,967.2,61.9,301.0,66.0,0,Normal,
2016-01-05 22:00:00,-2.4,966.9,63.3,301.0,62.0,0,Normal,
2016-01-05 23:00:00,-2.5,966.4,62.6,301.0,63.0,0,Normal,
2016-01-06 00:00:00,-2.4,966.0,25.3,306.0,63.0,0,Normal,
2016-01-06 01:00:00,-2.4,965.5,63.3,298.0,63.0,0,Normal,
2016-01-06 02:00:00,-2.3,965.2,63.3,298.0,65.0,0,Normal,
2016-01-06 03:00:00,-2.1,964.5,63.3,298.0,60.0,0,Normal,
2016-01-06 04:00:00,-2.1,964.2,62.0,298.0,60.0,0,Normal,
2016-01-06 05:00:00,-1.7,963.8,61.9,298.0,59.0,0,Normal,
2016-01-06 06:00:00,-1.4,963.3,62.6,298.0,60.0,0,Normal,
2016-01-06 07:00:00,-0.7,962.8,61.3,298.0,53.0,0,Normal,
2016-01-06 08:00:00,-0.3,962.2,61.9,298.0,50.0,0,Normal,
2016-01-06 09:00:00,1.0,961.6,61.3,298.0,55.0,0,Normal,
2016-01-06 10:00:00,1.4,961.0,61.9,298.0,50.0,0,Normal,
2016-01-06 11:00:00,1.3,960.4,61.9,298.0,59.0,0,Normal,
2016-01-06 12:00:00,1.7,960.0,62.7,300.0,57.0,0,Normal,
2016-01-06 13:00:00,1.7,959.6,62.6,301.0,50.0,0,Normal,
2016-01-06 14:00:00,1.8,959.4,62.9,300.0,53.0,0,Normal,
2016-01-06 15:00:00,1.2,959.3,61.9,301.0,53.0,0,Normal,
2016-01-06 16:00:00,1.2,959.2,51.3,288.0,57.0,0,Normal,
2016-01-06 17:00:00,0.6,959.0,61.3,298.0,59.0,0,Normal,
2016-01-06 18:00:00,0.3,959.1,61.2,298.0,56.0,0,Normal,
2016-01-06 19:00:00,0.1,959.2,61.9,298.0,64.0,0,Normal,
2016-01-06 20:00:00,-0.4,959.4,63.3,298.0,68.0,0,Normal,
2016-01-06 21:00:00,-1.0,959.6,63.3,298.0,66.0,0,Normal,
2016-01-06 22:00:00,-2.4,959.8,63.3,298.0,61.0,0,Normal,
2016-01-06 23:00:00,-3.5,960.2,63.2,298.0,68.0,0,Normal,
2016-01-07 00:00:00,-4.7,960.6,63.9,298.0,75.0,0,Normal,
2016-01-07 01:00:00,-4.7,961.0,62.6,301.0,74.0,0,Normal,
2016-01-07 02:00:00,-4.9,961.3,63.3,298.0,73.0,0,Normal,
2016-01-07 03:00:00,-4.9,961.3,62.6,298.0,76.0,0,Normal,
2016-01-07 04:00:00,-4.7,961.0,60.8,298.0,71.0,0,Normal,
2016-01-07 05:00:00,-4.4,961.0,61.3,298.0,64.0,0,Normal,
2016-01-07 06:00:00,-3.6,961.0,61.3,298.0,55.0,0,Normal,
2016-01-07 07:00:00,-2.7,961.1,62.6,298.0,59.0,0,Normal,
2016-01-07 08:00:00,-1.8,960.9,61.3,298.0,60.0,0,Normal,
2016-01-07 09:00:00,-0.3,960.7,61.3,298.0,52.0,0,Normal,
2016-01-07 10:00:00,0.7,960.7,62.8,298.0,50.0,0,Normal,
2016-01-07 11:00:00,1.2,961.1,62.5,301.0,51.0,0,Normal,
2016-01-07 12:00:00,1.9,961.3,61.9,301.0,46.0,0,Normal,
2016-01-07 13:00:00,2.8,961.4,62.6,301.0,43.0,0,Normal,
2016-01-07 14:00:00,2.2,961.7,44.1,288.0,47.0,0,Normal,
2016-01-07 15:00:00,1.4,961.9,62.6,298.0,55.0,0,Normal,
2016-01-07 16:00:00,1.0,962.2,61.9,298.0,56.0,0,Normal,
2016-01-07 17:00:00,0.0,962.6,61.9,298.0,61.0,0,Normal,
2016-01-07 18:00:00,-0.4,962.9,63.6,298.0,62.0,0,Normal,
2016-01-07 19:00:00,-0.8,963.5,63.3,298.0,60.0,0,Normal,
2016-01-07 20:00:00,-1.5,963.6,63.3,298.0,65.0,0,Normal,
2016-01-07 21:00:00,-1.4,963.9,63.3,298.0,62.0,0,Normal,
2016-01-07 22:00:00,-1.7,964.0,63.3,298.0,56.0,0,Normal,
2016-01-07 23:00:00,-2.6,964.5,63.9,298.0,61.0,0,Normal,
2016-01-08 00:00:00,-3.5,964.5,62.6,298.0,63.0,0,Normal,
2016-01-08 01:00:00,-3.8,964.5,64.5,299.0,60.0,0,Normal,
2016-01-08 02:00:00,-3.1,964.2,63.3,301.0,56.0,0,Normal,
2016-01-08 03:00:00,-2.1,963.8,63.3,301.0,56.0,0,Normal,
2016-01-08 04:00:00,-1.8,963.4,55.5,312.0,58.0,0,Normal,
2016-01-08 05:00:00,-0.3,963.1,62.6,298.0,56.0,0,Normal,
2016-01-08 06:00:00,0.6,962.6,63.3,298.0,45.0,0,Normal,
2016-01-08 07:00:00,1.3,962.7,62.6,298.0,45.0,0,Normal,
2016-01-08 08:00:00,1.6,963.0,62.7,298.0,44.0,0,Normal,
2016-01-08 09:00:00,2.3,963.0,61.9,298.0,44.0,0,Normal,
2016-01-08 10:00:00,1.8,963.0,60.6,298.0,45.0,0,Normal,
2016-01-08 11:00:00,1.7,963.1,60.8,298.0,46.0,0,Normal,
2016-01-08 12:00:00,1.5,963.4,61.3,298.0,50.0,0,Normal,
2016-01-08 13:00:00,1.4,963.6,61.3,298.0,51.0,0,Normal,
2016-01-08 14:00:00,1.8,963.6,61.3,298.0,51.0,0,Normal,
2016-01-08 15:00:00,2.2,963.1,61.3,298.0,45.0,0,Normal,
2016-01-08 16:00:00,2.2,962.8,61.2,298.0,48.0,0,Normal,
2016-01-08 17:00:00,2.4,962.4,62.6,299.0,49.0,0,Normal,
2016-01-08 18:00:00,1.8,962.2,63.2,301.0,60.0,0,Normal,
2016-01-08 19:00:00,1.9,962.2,63.3,301.0,58.0,0,Normal,
2016-01-08 20:00:00,1.7,962.2,62.6,301.0,54.0,0,Normal,
2016-01-08 21:00:00,1.5,962.5,25.9,306.0,52.0,0,Normal,
2016-01-08 22:00:00,1.4,962.4,62.6,298.0,51.0,0,Normal,
2016-01-08 23:00:00,1.1,962.6,63.3,298.0,49.0,0,Normal,
2016-01-09 00:00:00,1.3,962.1,62.6,298.0,43.0,0,Normal,
2016-01-09 01:00:00,1.0,962.2,63.3,298.0,40.0,0,Normal,
2016-01-09 02:00:00,0.4,962.3,61.9,298.0,45.0,0,Normal,
2016-01-09 03:00:00,1.0,962.3,62.6,298.0,39.0,0,Normal,
2016-01-09 04:00:00,0.0,961.9,61.2,298.0,40.0,0,Normal,
2016-01-09 05:00:00,-0.2,961.3,61.9,298.0,39.0,0,Normal,
2016-01-09 06:00:00,-0.5,961.9,61.3,298.0,48.0,0,Normal,
2016-01-09 07:00:00,-0.3,962.2,61.3,298.0,39.0,0,Normal,
2016-01-09 08:00:00,0.3,962.2,61.9,298.0,41.0,0,Normal,
2016-01-09 09:00:00,1.2,962.3,61.9,298.0,43.0,0,Normal,
2016-01-09 10:00:00,2.8,962.0,75.4,299.0,38.0,0,Normal,
2016-01-09 11:00:00,4.1,962.3,62.6,301.0,40.0,0,Normal,
2016-01-09 12:00:00,3.8,962.6,61.9,301.0,45.0,0,Normal,
2016-01-09 13:00:00,4.0,962.7,53.3,294.0,44.0,0,Normal,
2016-01-09 14:00:00,4.0,963.4,61.9,298.0,50.0,0,Normal,
2016-01-09 15:00:00,3.7,963.4,61.9,298.0,51.0,0,Normal,
2016-01-09 16:00:00,3.3,963.4,62.6,298.0,52.0,0,Normal,
2016-01-09 17:00:00,3.1,963.5,61.9,298.0,58.0,0,Normal,
2016-01-09 18:00:00,2.9,964.1,63.3,298.0,56.0,0,Normal,
2016-01-09 19:00:00,2.5,964.6,62.6,298.0,60.0,0,Normal,
2016-01-09 20:00:00,1.6,965.1,63.9,298.0,64.0,0,Normal,
2016-01-09 21:00:00,1.3,965.4,62.9,299.0,62.0,0,Normal,
2016-01-09 22:00:00,0.7,965.6,63.3,298.0,67.0,0,Normal,
2016-01-09 23:00:00,0.5,965.5,62.6,298.0,64.0,0,Normal,
2016-01-10 00:00:00,0.5,965.7,62.6,298.0,64.0,0,Normal,
2016-01-10 01:00:00,0.4,965.9,57.5,298.0,65.0,0,Normal,
2016-01-10 02:00:00,0.5,966.0,61.7,300.0,66.0,0,Normal,
2016-01-10 03:00:00,0.3,966.3,63.3,301.0,68.0,0,Normal,
2016-01-10 04:00:00,0.6,966.3,57.9,304.0,68.0,0,Normal,
2016-01-10 05:00:00,0.9,966.3,34.3,284.0,68.0,0,Normal,
2016-01-10 06:00:00,1.4,966.6,63.3,298.0,69.0,0,Normal,
2016-01-10 07:00:00,1.3,966.6,63.3,298.0,71.0,0,Normal,
2016-01-10 08:00:00,1.5,966.8,63.3,298.0,72.0,0,Normal,
2016-01-10 09:00:00,1.4,967.0,62.4,298.0,73.0,0,Normal,
2016-01-10 10:00:00,1.2,967.2,61.3,298.0,70.0,0,Normal,
2016-01-10 11:00:00,1.6,967.5,61.3,298.0,67.0,0,Normal,
2016-01-10 12:00:00,1.7,967.7,61.2,298.0,69.0,0,Normal,
2016-01-10 13:00:00,0.9,968.1,61.9,298.0,71.0,0,Normal,
2016-01-10 14:00:00,0.7,968.3,61.9,298.0,72.0,0,Normal,
2016-01-10 15:00:00,0.4,968.4,61.9,298.0,75.0,0,Normal,
2016-01-10 16:00:00,0.4,968.6,62.5,298.0,74.0,0,Normal,
2016-01-10 17:00:00,0.1,968.9,54.8,299.0,74.0,0,Normal,
2016-01-10 18:00:00,0.0,969.4,62.6,301.0,75.0,0,Normal,
2016-01-10 19:00:00,-0.1,969.6,62.6,301.0,76.0,0,Normal,
2016-01-10 20:00:00,-0.2,970.3,56.6,298.0,77.0,0,Normal,
2016-01-10 21:00:00,-0.3,970.7,61.4,297.0,76.0,0,Normal,
2016-01-10 22:00:00,-0.5,971.2,62.6,298.0,77.0,0,Normal,
2016-01-10 23:00:00,-0.7,971.3,62.6,298.0,78.0,0,Normal,
2016-01-11 00:00:00,-0.9,971.4,63.1,298.0,76.0,0,Normal,
2016-01-11 01:00:00,-0.9,971.2,63.3,298.0,77.0,0,Normal,
2016-01-11 02:00:00,-0.6,971.1,62.6,298.0,76.0,0,Normal,
2016-01-11 03:00:00,-0.9,970.9,63.9,298.0,80.0,0,Normal,
2016-01-11 04:00:00,-1.2,970.5,63.3,298.0,88.0,0,Normal,
2016-01-11 05:00:00,-0.7,970.3,63.9,298.0,82.0,0,Normal,
2016-01-11 06:00:00,-0.6,970.1,63.6,298.0,81.0,0,Normal,
2016-01-11 07:00:00,-0.2,970.1,63.3,298.0,76.0,0,Normal,
2016-01-11 08:00:00,-0.1,970.1,62.4,298.0,75.0,0,Normal,
2016-01-11 09:00:00,-0.2,969.8,63.1,299.0,73.0,0,Normal,
2016-01-11 10:00:00,-0.6,969.2,63.3,301.0,73.0,0,Normal,
2016-01-11 11:00:00,-0.4,968.9,63.3,301.0,71.0,0,Normal,
2016-01-11 12:00:00,-0.5,968.1,47.3,306.0,72.0,0,Normal,
2016-01-11 13:00:00,-0.6,967.4,26.4,307.0,73.0,0,Normal,
2016-01-11 14:00:00,-0.5,967.0,62.6,298.0,71.0,0,Normal,
2016-01-11 15:00:00,0.1,966.2,62.6,298.0,68.0,0,Normal,
2016-01-11 16:00:00,0.3,965.2,62.2,298.0,66.0,0,Normal,
2016-01-11 17:00:00,0.3,965.1,61.3,298.0,69.0,0,Normal,
2016-01-11 18:00:00,-0.1,964.6,61.9,298.0,69.0,0,Normal,
2016-01-11 19:00:00,0.0,964.3,61.0,298.0,66.0,0,Normal,
2016-01-11 20:00:00,0.0,964.1,62.6,298.0,66.0,0,Normal,
2016-01-11 21:00:00,0.1,963.8,62.6,298.0,65.0,0,Normal,
2016-01-11 22:00:00,0.1,963.0,61.3,298.0,62.0,0,Normal,
2016-01-11 23:00:00,0.0,962.6,61.3,298.0,59.0,0,Normal,
2016-01-12 00:00:00,-0.3,962.3,61.7,298.0,59.0,0,Normal,
2016-01-12 01:00:00,-0.5,961.8,61.9,301.0,59.0,0,Normal,
2016-01-12 02:00:00,-0.8,961.9,61.9,301.0,55.0,0,Normal,
2016-01-12 03:00:00,-1.0,961.7,59.2,301.0,50.0,0,Normal,
2016-01-12 04:00:00,-0.7,962.2,61.9,298.0,47.0,0,Normal,
2016-01-12 05:00:00,-0.3,961.9,62.6,298.0,45.0,0,Normal,
2016-01-12 06:00:00,-0.1,961.4,61.9,298.0,47.0,0,Normal,
2016-01-12 07:00:00,0.4,961.7,61.9,298.0,48.0,0,Normal,
2016-01-12 08:00:00,0.5,962.1,63.3,298.0,48.0,0,Normal,
2016-01-12 09:00:00,0.5,961.7,62.6,298.0,50.0,0,Normal,
2016-01-12 10:00:00,1.1,962.3,62.3,298.0,47.0,0,Normal,
2016-01-12 11:00:00,1.8,962.4,63.9,298.0,49.0,0,Normal,
2016-01-12 12:00:00,2.3,962.5,63.3,298.0,52.0,0,Normal,
2016-01-12 13:00:00,2.4,962.6,63.9,298.0,52.0,0,Normal,
2016-01-12 14:00:00,2.2,962.8,62.6,298.0,51.0,0,Normal,
2016-01-12 15:00:00,2.1,963.5,64.0,298.0,53.0,0,Normal,
2016-01-12 16:00:00,2.1,963.4,63.2,301.0,46.0,0,Normal,
2016-01-12 17:00:00,1.8,964.1,63.3,301.0,49.0,0,Normal,
2016-01-12 18:00:00,1.5,964.8,58.5,297.0,52.0,0,Normal,
2016-01-12 19:00:00,1.1,965.0,60.9,298.0,51.0,0,Normal,
2016-01-12 20:00:00,0.8,965.4,62.6,298.0,51.0,0,Normal,
2016-01-12 21:00:00,0.4,966.0,62.6,298.0,51.0,0,Normal,
2016-01-12 22:00:00,0.4,965.9,62.8,298.0,47.0,0,Normal,
2016-01-12 23:00:00,0.7,966.1,61.3,298.0,44.0,0,Normal,
2016-01-13 00:00:00,0.4,966.1,61.9,298.0,39.0,0,Normal,
2016-01-13 01:00:00,0.0,966.9,61.2,298.0,41.0,0,Normal,
2016-01-13 02:00:00,0.3,966.9,61.9,298.0,38.0,0,Normal,
2016-01-13 03:00:00,0.0,967.6,61.3,298.0,37.0,0,Normal,
2016-01-13 04:00:00,0.8,967.9,61.9,298.0,35.0,0,Normal,
2016-01-13 05:00:00,0.6,968.3,61.3,298.0,40.0,0,Normal,
2016-01-13 06:00:00,1.5,969.1,61.2,299.0,38.0,0,Normal,
2016-01-13 07:00:00,1.7,969.5,61.9,300.0,40.0,0,Normal,
2016-01-13 08:00:00,2.7,969.9,61.9,300.0,35.0,0,Normal,
2016-01-13 09:00:00,3.6,970.2,58.2,303.0,38.0,0,Normal,
2016-01-13 10:00:00,3.9,970.7,62.1,298.0,37.0,0,Normal,
2016-01-13 11:00:00,4.6,971.2,62.2,299.0,36.0,0,Normal,
2016-01-13 12:00:00,4.2,971.6,61.9,299.0,39.0,0,Normal,
2016-01-13 13:00:00,4.1,972.0,57.5,299.0,41.0,0,Normal,
2016-01-13 14:00:00,4.2,972.5,43.6,299.0,43.0,0,Normal,
2016-01-13 15:00:00,4.2,973.0,63.9,298.0,42.0,0,Normal,
2016-01-13 16:00:00,4.0,973.5,63.2,298.0,47.0,0,Normal,
2016-01-13 17:00:00,3.8,974.0,63.3,298.0,49.0,0,Normal,
2016-01-13 18:00:00,3.1,974.4,63.3,298.0,49.0,0,Normal,
2016-01-13 19:00:00,2.7,975.0,63.3,298.0,49.0,0,Normal,
2016-01-13 20:00:00,2.0,975.6,63.9,298.0,48.0,0,Normal,
2016-01-13 21:00:00,1.1,976.0,63.3,298.0,49.0,0,Normal,
2016-01-13 22:00:00,0.5,976.4,63.2,300.0,47.0,0,Normal,
2016-01-13 23:00:00,-0.2,976.6,62.6,300.0,44.0,0,Normal,
2016-01-14 00:00:00,-0.9,976.7,62.6,300.0,44.0,0,Normal,
2016-01-14 01:00:00,-1.8,976.7,63.4,295.0,45.0,0,Normal,
2016-01-14 02:00:00,-2.0,977.0,62.5,300.0,39.0,0,Normal,
2016-01-14 03:00:00,-2.2,977.4,62.6,299.0,38.0,0,Normal,
2016-01-14 04:00:00,-2.1,977.7,62.6,299.0,38.0,0,Normal,
2016-01-14 05:00:00,-1.9,978.0,44.1,313.0,39.0,0,Normal,
2016-01-14 06:00:00,-1.1,977.9,61.9,297.0,41.0,0,Normal,
2016-01-14 07:00:00,0.1,978.0,62.6,298.0,38.0,0,Normal,
2016-01-14 08:00:00,0.7,978.1,62.6,298.0,40.0,0,Normal,
2016-01-14 09:00:00,1.9,978.2,63.2,298.0,33.0,0,Normal,
2016-01-14 10:00:00,2.5,978.2,63.9,298.0,34.0,0,Normal,
2016-01-14 11:00:00,2.5,978.2,63.3,298.0,34.0,0,Normal,
2016-01-14 12:00:00,2.1,978.0,62.6,298.0,40.0,0,Normal,
2016-01-14 13:00:00,3.1,978.0,66.0,298.0,38.0,0,Normal,
2016-01-14 14:00:00,2.4,977.8,63.2,299.0,39.0,0,Normal,
2016-01-14 15:00:00,2.0,977.5,62.7,299.0,45.0,0,Normal,
2016-01-14 16:00:00,1.4,977.5,61.2,297.0,44.0,0,Normal,
2016-01-14 17:00:00,0.5,977.3,66.1,299.0,43.0,0,Normal,
2016-01-14 18:00:00,0.0,977.0,63.2,300.0,42.0,0,Normal,
2016-01-14 19:00:00,-0.3,976.5,62.6,300.0,44.0,0,Normal,
2016-01-14 20:00:00,-0.8,976.4,58.7,299.0,48.0,0,Normal,
2016-01-14 21:00:00,-0.8,976.3,61.3,294.0,47.0,0,Normal,
2016-01-14 22:00:00,-1.3,976.0,63.3,298.0,57.0,0,Normal,
2016-01-14 23:00:00,-1.6,975.9,63.3,298.0,54.0,0,Normal,
2016-01-15 00:00:00,-2.8,975.5,63.3,298.0,60.0,0,Normal,
2016-01-15 01:00:00,-2.1,975.0,62.3,298.0,46.0,0,Normal,
2016-01-15 02:00:00,-2.1,974.8,61.9,298.0,46.0,0,Normal,
2016-01-15 03:00:00,-2.1,974.4,61.3,298.0,47.0,0,Normal,
2016-01-15 04:00:00,-1.6,973.4,61.9,298.0,45.0,0,Normal,
2016-01-15 05:00:00,-1.2,972.8,61.3,298.0,45.0,0,Normal,
2016-01-15 06:00:00,-1.0,972.3,63.1,299.0,43.0,0,Normal,
2016-01-15 07:00:00,-0.8,972.4,61.3,299.0,47.0,0,Normal,
2016-01-15 08:00:00,-0.4,971.7,61.9,299.0,48.0,0,Normal,
2016-01-15 09:00:00,0.4,971.3,61.1,300.0,47.0,0,Normal,
2016-01-15 10:00:00,1.3,971.4,67.0,299.0,39.0,0,Normal,
2016-01-15 11:00:00,1.8,971.2,62.6,300.0,35.0,0,Normal,
2016-01-15 12:00:00,2.2,970.3,62.6,300.0,30.0,0,Normal,
2016-01-15 13:00:00,3.0,969.4,40.6,306.0,38.0,0,Normal,
2016-01-15 14:00:00,2.6,968.8,62.6,300.0,43.0,0,Normal,
2016-01-15 15:00:00,1.4,968.1,62.6,298.0,38.0,0,Normal,
2016-01-15 16:00:00,1.3,967.7,61.9,298.0,44.0,0,Normal,
2016-01-15 17:00:00,0.6,967.2,61.9,298.0,51.0,0,Normal,
2016-01-15 18:00:00,0.2,967.2,63.9,298.0,50.0,0,Normal,
2016-01-15 19:00:00,-0.2,967.0,63.3,298.0,53.0,0,Normal,
2016-01-15 20:00:00,-0.5,966.9,63.3,298.0,52.0,0,Normal,
2016-01-15 21:00:00,-0.3,966.8,63.9,298.0,48.0,0,Normal,
2016-01-15 22:00:00,-1.0,966.8,63.2,298.0,55.0,0,Normal,
2016-01-15 23:00:00,-1.0,967.0,61.9,298.0,53.0,0,Normal,
2016-01-16 00:00:00,-0.9,966.9,63.3,298.0,50.0,0,Normal,
2016-01-16 01:00:00,-1.1,967.2,63.3,298.0,52.0,0,Normal,
2016-01-16 02:00:00,-1.2,967.6,67.7,299.0,51.0,0,Normal,
2016-01-16 03:00:00,-1.5,967.6,63.1,301.0,54.0,0,Normal,
2016-01-16 04:00:00,-1.3,967.4,62.6,301.0,51.0,0,Normal,
2016-01-16 05:00:00,-1.0,967.5,62.6,301.0,50.0,0,Normal,
2016-01-16 06:00:00,-0.6,967.9,24.4,312.0,49.0,0,Normal,
2016-01-16 07:00:00,-0.6,968.2,63.3,298.0,45.0,0,Normal,
2016-01-16 08:00:00,0.4,968.4,62.6,298.0,40.0,0,Normal,
2016-01-16 09:00:00,0.6,968.7,63.3,298.0,37.0,0,Normal,
2016-01-16 10:00:00,1.0,969.0,63.3,298.0,36.0,0,Normal,
2016-01-16 11:00:00,1.5,969.3,61.3,298.0,37.0,0,Normal,
2016-01-16 12:00:00,0.5,969.5,61.3,298.0,36.0,0,Normal,
2016-01-16 13:00:00,0.9,969.5,61.3,298.0,38.0,0,Normal,
2016-01-16 14:00:00,1.4,969.6,61.3,298.0,36.0,0,Normal,
2016-01-16 15:00:00,0.8,969.4,61.3,298.0,42.0,0,Normal,
2016-01-16 16:00:00,1.0,969.4,62.6,298.0,37.0,0,Normal,
2016-01-16 17:00:00,0.5,969.3,61.9,298.0,42.0,0,Normal,
2016-01-16 18:00:00,0.1,969.2,61.3,298.0,45.0,0,Normal,
2016-01-16 19:00:00,-0.2,969.3,58.5,299.0,43.0,0,Normal,
2016-01-16 20:00:00,-0.2,969.5,65.1,299.0,41.0,0,Normal,
2016-01-16 21:00:00,-0.7,970.0,61.6,301.0,41.0,0,Normal,
2016-01-16 22:00:00,-1.0,970.3,57.6,299.0,44.0,0,Normal,
2016-01-16 23:00:00,-1.7,970.4,60.8,297.0,47.0,0,Normal,
2016-01-17 00:00:00,-1.9,970.2,61.9,298.0,47.0,0,Normal,
2016-01-17 01:00:00,-2.1,970.1,61.9,298.0,45.0,0,Normal,
2016-01-17 02:00:00,-2.3,969.9,61.9,298.0,45.0,0,Normal,
2016-01-17 03:00:00,-2.1,969.5,63.9,298.0,44.0,0,Normal,
2016-01-17 04:00:00,-2.1,969.4,63.9,298.0,48.0,0,Normal,
2016-01-17 05:00:00,-1.4,969.1,63.3,298.0,41.0,0,Normal,
2016-01-17 06:00:00,-1.0,968.7,63.2,299.0,36.0,0,Normal,
2016-01-17 07:00:00,-0.6,968.3,62.6,298.0,33.0,0,Normal,
2016-01-17 08:00:00,-0.7,968.0,63.9,298.0,40.0,0,Normal,
2016-01-17 09:00:00,-0.2,967.4,63.9,298.0,40.0,0,Normal,
2016-01-17 10:00:00,-0.4,967.0,63.3,298.0,40.0,0,Normal,
2016-01-17 11:00:00,-1.1,966.6,63.3,298.0,45.0,0,Normal,
2016-01-17 12:00:00,-1.0,965.3,57.5,299.0,48.0,0,Normal,
2016-01-17 13:00:00,-0.9,964.5,62.6,301.0,50.0,0,Normal,
2016-01-17 14:00:00,-0.9,963.7,62.6,301.0,52.0,0,Normal,
2016-01-17 15:00:00,-1.2,962.9,47.3,295.0,56.0,0,Normal,
2016-01-17 16:00:00,-1.8,962.1,41.0,284.0,53.0,0,Normal,
2016-01-17 17:00:00,-2.2,961.9,63.3,298.0,57.0,0,Normal,
2016-01-17 18:00:00,-2.4,961.2,63.3,298.0,59.0,0,Normal,
2016-01-17 19:00:00,-3.0,960.2,62.6,298.0,60.0,0,Normal,
2016-01-17 20:00:00,-3.3,960.2,62.6,298.0,62.0,0,Normal,
2016-01-17 21:00:00,-3.6,960.1,61.3,298.0,64.0,0,Normal,
2016-01-17 22:00:00,-3.7,959.7,61.9,298.0,67.0,0,Normal,
2016-01-17 23:00:00,-3.4,958.7,61.9,298.0,63.0,0,Normal,
2016-01-18 00:00:00,-3.5,958.6,61.9,298.0,63.0,0,Normal,
2016-01-18 01:00:00,-3.7,958.1,62.6,298.0,66.0,0,Normal,
2016-01-18 02:00:00,-3.3,956.5,62.6,298.0,60.0,0,Normal,
2016-01-18 03:00:00,-2.9,956.3,61.2,299.0,58.0,0,Normal,
2016-01-18 04:00:00,-2.8,956.7,57.1,300.0,56.0,0,Normal,
2016-01-18 05:00:00,-2.3,956.4,62.6,301.0,52.0,0,Normal,
2016-01-18 06:00:00,-2.3,957.1,62.4,302.0,56.0,0,Normal,
2016-01-18 07:00:00,-1.6,956.7,39.9,307.0,51.0,0,Normal,
2016-01-18 08:00:00,-1.4,956.8,61.9,298.0,52.0,0,Normal,
2016-01-18 09:00:00,-1.1,956.9,62.6,298.0,52.0,0,Normal,
2016-01-18 10:00:00,-0.3,956.9,61.9,298.0,48.0,0,Normal,
2016-01-18 11:00:00,-0.3,956.8,63.3,298.0,54.0,0,Normal,
2016-01-18 12:00:00,-0.7,956.8,62.6,298.0,59.0,0,Normal,
2016-01-18 13:00:00,-0.3,957.6,63.3,298.0,56.0,0,Normal,
2016-01-18 14:00:00,-0.1,958.2,62.6,298.0,55.0,0,Normal,
2016-01-18 15:00:00,0.1,958.3,63.9,298.0,55.0,0,Normal,
2016-01-18 16:00:00,0.0,958.7,63.9,298.0,55.0,0,Normal,
2016-01-18 17:00:00,-0.3,959.5,63.8,298.0,57.0,0,Normal,
2016-01-18 18:00:00,-0.2,960.0,66.5,298.0,55.0,0,Normal,
2016-01-18 19:00:00,-0.5,960.5,63.7,300.0,58.0,0,Normal,
2016-01-18 20:00:00,0.2,960.9,62.6,301.0,48.0,0,Normal,
2016-01-18 21:00:00,0.2,961.3,45.8,305.0,48.0,0,Normal,
2016-01-18 22:00:00,0.2,961.1,42.0,281.0,43.0,0,Normal,
2016-01-18 23:00:00,0.2,961.5,63.3,298.0,43.0,0,Normal,
2016-01-19 00:00:00,0.2,962.1,63.3,298.0,41.0,0,Normal,
2016-01-19 01:00:00,0.0,962.8,63.3,298.0,42.0,0,Normal,
2016-01-19 02:00:00,-0.3,963.3,60.9,298.0,43.0,0,Normal,
2016-01-19 03:00:00,-0.6,963.8,61.3,298.0,40.0,0,Normal,
2016-01-19 04:00:00,-0.6,964.1,61.3,298.0,37.0,0,Normal,
2016-01-19 05:00:00,-0.3,964.6,61.9,298.0,36.0,0,Normal,
2016-01-19 06:00:00,0.0,965.1,61.3,298.0,32.0,0,Normal,
2016-01-19 07:00:00,0.6,965.1,61.9,298.0,34.0,0,Normal,
2016-01-19 08:00:00,1.6,965.0,61.3,298.0,35.0,0,Normal,
2016-01-19 09:00:00,1.9,965.2,57.4,299.0,33.0,0,Normal,
2016-01-19 10:00:00,2.0,965.3,62.6,301.0,29.0,0,Normal,
2016-01-19 11:00:00,2.4,965.2,61.9,301.0,30.0,0,Normal,
2016-01-19 12:00:00,2.8,965.4,56.1,297.0,33.0,0,Normal,
2016-01-19 13:00:00,2.3,965.3,61.6,299.0,34.0,0,Normal,
2016-01-19 14:00:00,2.0,965.1,62.6,298.0,38.0,0,Normal,
2016-01-19 15:00:00,1.8,964.5,62.6,298.0,39.0,0,Normal,
2016-01-19 16:00:00,1.8,964.3,62.8,298.0,36.0,0,Normal,
2016-01-19 17:00:00,1.6,964.3,63.9,298.0,38.0,0,Normal,
2016-01-19 18:00:00,1.0,964.5,63.2,298.0,50.0,0,Normal,
2016-01-19 19:00:00,0.6,964.9,63.2,298.0,46.0,0,Normal,
2016-01-19 20:00:00,-0.3,964.7,63.9,298.0,48.0,0,Normal,
2016-01-19 21:00:00,-0.3,964.8,63.3,298.0,43.0,0,Normal,
2016-01-19 22:00:00,-0.7,964.8,63.3,298.0,43.0,0,Normal,
2016-01-19 23:00:00,-0.9,965.1,63.3,298.0,43.0,0,Normal,
2016-01-20 00:00:00,-1.0,965.1,59.5,298.0,42.0,0,Normal,
2016-01-20 01:00:00,-0.7,965.3,63.1,300.0,39.0,0,Normal,
2016-01-20 02:00:00,-0.8,965.4,63.3,301.0,42.0,0,Normal,
2016-01-20 03:00:00,-1.4,964.9,63.3,301.0,38.0,0,Normal,
2016-01-20 04:00:00,-1.8,965.1,16.7,273.0,40.0,0,Normal,
2016-01-20 05:00:00,-1.5,965.1,62.6,298.0,43.0,0,Normal,
2016-01-20 06:00:00,-0.2,965.7,62.7,299.0,38.0,0,Normal,
2016-01-20 07:00:00,0.5,966.4,62.6,298.0,38.0,0,Normal,
2016-01-20 08:00:00,0.7,966.8,61.3,298.0,35.0,0,Normal,
2016-01-20 09:00:00,1.0,967.3,61.9,298.0,37.0,0,Normal,
2016-01-20 10:00:00,1.5,967.8,61.9,298.0,40.0,0,Normal,
2016-01-20 11:00:00,2.2,968.1,61.2,298.0,41.0,0,Normal,
2016-01-20 12:00:00,1.5,968.5,61.9,298.0,43.0,0,Normal,
2016-01-20 13:00:00,1.4,968.9,61.9,298.0,47.0,0,Normal,
2016-01-20 14:00:00,1.2,969.1,61.9,298.0,47.0,0,Normal,
2016-01-20 15:00:00,1.1,969.1,62.0,298.0,49.0,0,Normal,
2016-01-20 16:00:00,1.2,969.0,61.0,299.0,49.0,0,Normal,
2016-01-20 17:00:00,1.0,969.3,62.3,301.0,53.0,0,Normal,
2016-01-20 18:00:00,1.2,969.4,62.6,301.0,52.0,0,Normal,
2016-01-20 19:00:00,0.8,969.6,44.5,295.0,57.0,0,Normal,
2016-01-20 20:00:00,0.6,969.8,60.8,294.0,57.0,0,Normal,
2016-01-20 21:00:00,0.1,970.2,62.6,298.0,58.0,0,Normal,
2016-01-20 22:00:00,-0.4,970.3,61.9,298.0,61.0,0,Normal,
2016-01-20 23:00:00,-0.6,970.3,62.7,298.0,65.0,0,Normal,
2016-01-21 00:00:00,-0.6,970.0,63.1,298.0,59.0,0,Normal,
2016-01-21 01:00:00,-0.3,969.6,62.6,298.0,55.0,0,Normal,
2016-01-21 02:00:00,-0.4,969.6,63.3,298.0,54.0,0,Normal,
2016-01-21 03:00:00,-0.6,969.4,63.1,298.0,56.0,0,Normal,
2016-01-21 04:00:00,-0.6,969.1,63.3,298.0,45.0,0,Normal,
2016-01-21 05:00:00,-0.8,968.8,63.9,298.0,43.0,0,Normal,
2016-01-21 06:00:00,-1.0,968.7,63.9,298.0,42.0,0,Normal,
2016-01-21 07:00:00,-1.0,968.7,63.3,298.0,42.0,0,Normal,
2016-01-21 08:00:00,-0.4,968.7,64.5,298.0,47.0,0,Normal,
2016-01-21 09:00:00,0.2,968.3,62.9,301.0,39.0,0,Normal,
2016-01-21 10:00:00,0.9,968.3,62.6,301.0,40.0,0,Normal,
2016-01-21 11:00:00,1.5,968.2,47.9,305.0,40.0,0,Normal,
2016-01-21 12:00:00,2.0,967.9,30.9,325.0,39.0,0,Normal,
2016-01-21 13:00:00,1.8,967.7,62.6,298.0,38.0,0,Normal,
2016-01-21 14:00:00,2.2,967.5,62.6,298.0,37.0,0,Normal,
2016-01-21 15:00:00,3.0,967.0,63.3,298.0,35.0,0,Normal,
2016-01-21 16:00:00,1.9,966.5,63.3,298.0,45.0,0,Normal,
2016-01-21 17:00:00,2.7,966.1,62.6,298.0,34.0,0,Normal,
2016-01-21 18:00:00,1.9,965.9,61.9,298.0,40.0,0,Normal,
2016-01-21 19:00:00,1.0,965.7,61.9,298.0,51.0,0,Normal,
2016-01-21 20:00:00,0.7,965.4,61.3,298.0,52.0,0,Normal,
2016-01-21 21:00:00,-0.7,965.1,61.9,298.0,55.0,0,Normal,
2016-01-21 22:00:00,-0.9,964.7,62.6,298.0,51.0,0,Normal,
2016-01-21 23:00:00,-2.1,964.2,61.3,298.0,51.0,0,Normal,
2016-01-22 00:00:00,-3.2,963.9,61.9,298.0,49.0,0,Normal,
2016-01-22 01:00:00,-3.7,963.3,75.6,299.0,47.0,0,Normal,
2016-01-22 02:00:00,-4.1,962.9,61.9,301.0,46.0,0,Normal,
2016-01-22 03:00:00,-3.9,962.4,62.4,297.0,42.0,0,Normal,
2016-01-22 04:00:00,-4.4,961.9,61.9,298.0,42.0,0,Normal,
2016-01-22 05:00:00,-3.6,961.7,61.9,298.0,36.0,0,Normal,
2016-01-22 06:00:00,-3.1,962.0,62.6,298.0,37.0,0,Normal,
2016-01-22 07:00:00,-2.3,962.2,62.5,298.0,43.0,0,Normal,
2016-01-22 08:00:00,-1.3,962.1,63.3,298.0,38.0,0,Normal,
2016-01-22 09:00:00,-0.9,962.1,63.3,298.0,38.0,0,Normal,
2016-01-22 10:00:00,-0.1,962.4,63.3,299.0,35.0,0,Normal,
2016-01-22 11:00:00,0.0,962.5,62.6,298.0,38.0,0,Normal,
2016-01-22 12:00:00,-0.2,962.6,62.6,298.0,38.0,0,Normal,
2016-01-22 13:00:00,0.6,962.6,63.3,298.0,39.0,0,Normal,
2016-01-22 14:00:00,1.0,962.6,63.9,298.0,37.0,0,Normal,
2016-01-22 15:00:00,-0.3,962.5,63.3,298.0,38.0,0,Normal,
2016-01-22 16:00:00,-0.7,962.5,46.7,299.0,40.0,0,Normal,
2016-01-22 17:00:00,-0.5,962.7,62.6,300.0,43.0,0,Normal,
2016-01-22 18:00:00,-1.3,963.1,63.3,301.0,42.0,0,Normal,
2016-01-22 19:00:00,-1.5,963.2,62.3,302.0,50.0,0,Normal,
2016-01-22 20:00:00,-2.2,963.1,56.2,300.0,52.0,0,Normal,
2016-01-22 21:00:00,-3.1,963.3,61.7,293.0,50.0,0,Normal,
2016-01-22 22:00:00,-3.5,963.3,63.3,298.0,50.0,0,Normal,
2016-01-22 23:00:00,-4.2,963.3,61.9,298.0,51.0,0,Normal,
2016-01-23 00:00:00,-3.3,963.1,61.2,298.0,45.0,0,Normal,
2016-01-23 01:00:00,-3.7,963.3,61.9,298.0,43.0,0,Normal,
2016-01-23 02:00:00,-3.6,963.4,61.3,298.0,45.0,0,Normal,
2016-01-23 03:00:00,-3.0,963.5,61.9,298.0,49.0,0,Normal,
2016-01-23 04:00:00,-2.7,964.0,61.3,298.0,51.0,0,Normal,
2016-01-23 05:00:00,-2.7,964.2,61.9,298.0,51.0,0,Normal,
2016-01-23 06:00:00,-2.9,964.6,60.7,298.0,54.0,0,Normal,
2016-01-23 07:00:00,-1.6,964.7,61.9,301.0,52.0,0,Normal,
2016-01-23 08:00:00,-0.8,965.0,61.9,301.0,51.0,0,Normal,
2016-01-23 09:00:00,0.4,965.2,43.8,297.0,42.0,0,Normal,
2016-01-23 10:00:00,1.5,965.2,35.0,282.0,35.0,0,Normal,
2016-01-23 11:00:00,2.8,965.3,62.6,298.0,37.0,0,Normal,
2016-01-23 12:00:00,1.3,965.5,61.9,298.0,47.0,0,Normal,
2016-01-23 13:00:00,1.3,965.6,61.9,298.0,47.0,0,Normal,
2016-01-23 14:00:00,0.8,965.9,62.0,298.0,48.0,0,Normal,
2016-01-23 15:00:00,0.6,966.2,62.6,298.0,53.0,0,Normal,
2016-01-23 16:00:00,-0.7,966.3,63.9,298.0,63.0,0,Normal,
2016-01-23 17:00:00,-0.6,966.2,63.9,298.0,54.0,0,Normal,
2016-01-23 18:00:00,-0.6,966.3,63.8,298.0,60.0,0,Normal,
2016-01-23 19:00:00,-1.0,966.6,63.9,298.0,62.0,0,Normal,
2016-01-23 20:00:00,-0.7,966.8,63.3,298.0,58.0,0,Normal,
2016-01-23 21:00:00,-1.2,966.7,63.9,298.0,61.0,0,Normal,
2016-01-23 22:00:00,-1.8,966.7,62.6,298.0,53.0,0,Normal,
2016-01-23 23:00:00,-2.2,966.9,63.2,298.0,50.0,0,Normal,
2016-01-24 00:00:00,-2.9,967.0,60.2,300.0,51.0,0,Normal,
2016-01-24 01:00:00,-4.0,966.9,63.1,301.0,51.0,0,Normal,
2016-01-24 02:00:00,-4.3,967.0,63.3,298.0,46.0,0,Normal,
2016-01-24 03:00:00,-4.5,967.0,61.9,298.0,44.0,0,Normal,
2016-01-24 04:00:00,-3.9,967.1,61.3,298.0,39.0,0,Normal,
2016-01-24 05:00:00,-3.5,967.0,62.6,298.0,43.0,0,Normal,
2016-01-24 06:00:00,-3.0,967.0,61.3,298.0,45.0,0,Normal,
2016-01-24 07:00:00,-2.0,967.4,61.3,298.0,43.0,0,Normal,
2016-01-24 08:00:00,-0.7,967.5,61.3,298.0,40.0,0,Normal,
2016-01-24 09:00:00,0.1,967.6,61.3,298.0,39.0,0,Normal,
2016-01-24 10:00:00,1.2,967.6,61.3,298.0,44.0,0,Normal,
2016-01-24 11:00:00,2.4,967.7,64.4,300.0,38.0,0,Normal,
2016-01-24 12:00:00,3.0,967.8,61.9,301.0,39.0,0,Normal,
2016-01-24 13:00:00,3.7,967.9,61.1,302.0,38.0,0,Normal,
2016-01-24 14:00:00,2.9,968.0,55.4,303.0,43.0,0,Normal,
2016-01-24 15:00:00,2.5,968.0,56.5,291.0,47.0,0,Normal,
2016-01-24 16:00:00,2.6,967.9,61.9,298.0,40.0,0,Normal,
2016-01-24 17:00:00,2.1,967.8,61.9,298.0,34.0,0,Normal,
2016-01-24 18:00:00,2.2,967.7,61.9,298.0,45.0,0,Normal,
2016-01-24 19:00:00,1.1,968.0,62.5,298.0,50.0,0,Normal,
2016-01-24 20:00:00,0.1,968.1,63.9,298.0,45.0,0,Normal,
2016-01-24 21:00:00,-1.2,968.2,63.3,298.0,50.0,0,Normal,
2016-01-24 22:00:00,-2.9,968.2,63.9,298.0,52.0,0,Normal,
2016-01-24 23:00:00,-3.3,968.1,63.9,298.0,50.0,0,Normal,
2016-01-25 00:00:00,-3.5,968.0,63.3,298.0,46.0,0,Normal,
2016-01-25 01:00:00,-4.1,967.9,58.9,299.0,45.0,0,Normal,
2016-01-25 02:00:00,-3.9,967.8,58.8,296.0,40.0,0,Normal,
2016-01-25 03:00:00,-3.5,967.7,49.2,289.0,38.0,0,Normal,
2016-01-25 04:00:00,-3.8,967.6,63.2,299.0,41.0,0,Normal,
2016-01-25 05:00:00,-3.7,967.6,63.2,299.0,40.0,0,Normal,
2016-01-25 06:00:00,-3.1,967.5,63.2,299.0,43.0,0,Normal,
2016-01-25 07:00:00,-1.9,967.6,62.5,297.0,44.0,0,Normal,
2016-01-25 08:00:00,-0.4,967.8,61.2,297.0,50.0,0,Normal,
2016-01-25 09:00:00,0.3,967.7,61.9,298.0,42.0,0,Normal,
2016-01-25 10:00:00,1.0,967.6,61.3,298.0,40.0,0,Normal,
2016-01-25 11:00:00,1.8,967.5,61.2,298.0,39.0,0,Normal,
2016-01-25 12:00:00,2.6,967.6,62.6,298.0,40.0,0,Normal,
2016-01-25 13:00:00,2.6,967.5,61.9,298.0,39.0,0,Normal,
2016-01-25 14:00:00,0.3,967.6,61.3,298.0,51.0,0,Normal,
2016-01-25 15:00:00,-0.6,967.6,61.9,298.0,71.0,0,Normal,
2016-01-25 16:00:00,0.0,967.6,61.3,298.0,62.0,0,Normal,
2016-01-25 17:00:00,0.5,967.7,58.1,299.0,60.0,0,Normal,
2016-01-25 18:00:00,-1.1,967.8,61.3,300.0,66.0,0,Normal,
2016-01-25 19:00:00,-2.0,968.0,61.3,300.0,70.0,0,Normal,
2016-01-25 20:00:00,-2.4,968.1,58.4,294.0,75.0,0,Normal,
2016-01-25 21:00:00,-3.4,968.3,39.7,291.0,76.0,0,Normal,
2016-01-25 22:00:00,-3.6,968.3,62.4,299.0,76.0,0,Normal,
2016-01-25 23:00:00,-4.3,968.5,61.9,299.0,79.0,0,Normal,
2016-01-26 00:00:00,-4.5,968.4,63.9,298.0,77.0,0,Normal,
2016-01-26 01:00:00,-5.0,968.5,63.2,300.0,81.0,0,Normal,
2016-01-26 02:00:00,-5.2,968.6,61.0,298.0,81.0,0,Normal,
2016-01-26 03:00:00,-4.9,968.6,60.3,301.0,79.0,0,Normal,
2016-01-26 04:00:00,-4.6,968.4,62.6,298.0,77.0,0,Normal,
2016-01-26 05:00:00,-4.6,968.4,62.6,298.0,75.0,0,Normal,
2016-01-26 06:00:00,-3.7,968.6,62.6,298.0,64.0,0,Normal,
2016-01-26 07:00:00,-3.6,968.6,63.2,298.0,66.0,0,Normal,
2016-01-26 08:00:00,-2.9,968.8,61.9,298.0,66.0,0,Normal,
2016-01-26 09:00:00,-1.7,968.8,61.9,298.0,61.0,0,Normal,
2016-01-26 10:00:00,-1.1,968.8,61.3,298.0,57.0,0,Normal,
2016-01-26 11:00:00,-0.9,968.9,61.8,298.0,51.0,0,Normal,
2016-01-26 12:00:00,-0.3,969.0,64.8,299.0,49.0,0,Normal,
2016-01-26 13:00:00,-2.0,969.0,61.3,299.0,57.0,0,Normal,
2016-01-26 14:00:00,-0.6,969.0,61.9,299.0,57.0,0,Normal,
2016-01-26 15:00:00,-1.5,969.1,59.3,298.0,62.0,0,Normal,
2016-01-26 16:00:00,-1.4,969.2,59.4,298.0,62.0,0,Normal,
2016-01-26 17:00:00,-3.1,969.6,62.8,300.0,74.0,0,Normal,
2016-01-26 18:00:00,-4.0,969.8,61.9,300.0,76.0,0,Normal,
2016-01-26 19:00:00,-4.0,970.0,61.9,300.0,76.0,0,Normal,
2016-01-26 20:00:00,-4.2,970.3,60.5,301.0,75.0,0,Normal,
2016-01-26 21:00:00,-4.3,970.8,62.4,299.0,79.0,0,Normal,
2016-01-26 22:00:00,-4.2,971.0,63.9,298.0,80.0,0,Normal,
2016-01-26 23:00:00,-4.5,971.2,63.2,299.0,79.0,0,Normal,
2016-01-27 00:00:00,-4.5,971.4,56.8,298.0,78.0,0,Normal,
2016-01-27 01:00:00,-5.1,971.7,60.1,297.0,78.0,0,Normal,
2016-01-27 02:00:00,-5.2,972.0,63.3,298.0,79.0,0,Normal,
2016-01-27 03:00:00,-5.7,972.4,61.3,298.0,83.0,0,Normal,
2016-01-27 04:00:00,-5.8,972.6,61.8,298.0,77.0,0,Normal,
2016-01-27 05:00:00,-7.3,973.2,61.9,298.0,78.0,0,Normal,
2016-01-27 06:00:00,-7.5,973.5,61.3,298.0,80.0,0,Normal,
2016-01-27 07:00:00,-7.5,974.1,61.3,299.0,82.0,0,Normal,
2016-01-27 08:00:00,-6.2,974.4,61.3,299.0,67.0,0,Normal,
2016-01-27 09:00:00,-5.8,975.0,61.7,299.0,71.0,0,Normal,
2016-01-27 10:00:00,-4.2,975.2,59.6,303.0,62.0,0,Normal,
2016-01-27 11:00:00,-3.5,975.5,59.2,303.0,61.0,0,Normal,
2016-01-27 12:00:00,-3.0,975.6,62.6,300.0,60.0,0,Normal,
2016-01-27 13:00:00,-1.7,975.7,61.9,300.0,56.0,0,Normal,
2016-01-27 14:00:00,-1.0,975.5,22.7,290.0,55.0,0,Normal,
2016-01-27 15:00:00,-0.5,975.5,37.9,311.0,54.0,0,Normal,
2016-01-27 16:00:00,-0.9,975.5,61.9,298.0,54.0,0,Normal,
2016-01-27 17:00:00,-1.9,975.8,62.6,298.0,61.0,0,Normal,
2016-01-27 18:00:00,-2.4,975.8,61.9,298.0,64.0,0,Normal,
2016-01-27 19:00:00,-2.7,976.0,62.6,298.0,66.0,0,Normal,
2016-01-27 20:00:00,-2.9,976.2,63.9,298.0,66.0,0,Normal,
2016-01-27 21:00:00,-3.2,976.6,63.3,298.0,67.0,0,Normal,
2016-01-27 22:00:00,-3.5,976.9,63.0,298.0,67.0,0,Normal,
2016-01-27 23:00:00,-4.0,976.7,61.8,298.0,67.0,0,Normal,
2016-01-28 00:00:00,-4.9,976.8,63.3,301.0,59.0,0,Normal,
2016-01-28 01:00:00,-4.5,976.6,63.3,298.0,53.0,0,Normal,
2016-01-28 02:00:00,-4.6,976.4,62.0,298.0,49.0,0,Normal,
2016-01-28 03:00:00,-4.3,976.4,61.9,298.0,48.0,0,Normal,
2016-01-28 04:00:00,-3.9,976.4,61.0,299.0,44.0,0,Normal,
2016-01-28 05:00:00,-2.6,976.2,61.3,298.0,38.0,0,Normal,
2016-01-28 06:00:00,-3.8,976.1,61.3,298.0,51.0,0,Normal,
2016-01-28 07:00:00,-2.0,976.2,61.9,298.0,48.0,0,Normal,
2016-01-28 08:00:00,-1.0,976.1,63.3,298.0,37.0,0,Normal,
2016-01-28 09:00:00,-0.5,975.9,63.9,298.0,40.0,0,Normal,
2016-01-28 10:00:00,1.3,975.6,63.1,299.0,39.0,0,Normal,
2016-01-28 11:00:00,1.7,975.2,62.6,301.0,37.0,0,Normal,
2016-01-28 12:00:00,1.1,974.8,63.3,301.0,41.0,0,Normal,
2016-01-28 13:00:00,1.3,974.1,53.4,295.0,44.0,0,Normal,
2016-01-28 14:00:00,1.1,973.2,55.7,289.0,45.0,0,Normal,
2016-01-28 15:00:00,1.4,972.5,63.1,298.0,45.0,0,Normal,
2016-01-28 16:00:00,1.0,971.8,63.3,298.0,45.0,0,Normal,
2016-01-28 17:00:00,0.7,971.1,63.3,298.0,38.0,0,Normal,
2016-01-28 18:00:00,0.5,970.5,63.2,298.0,34.0,0,Normal,
2016-01-28 19:00:00,0.2,970.1,61.3,298.0,37.0,0,Normal,
2016-01-28 20:00:00,-1.4,969.3,61.9,298.0,56.0,0,Normal,
2016-01-28 21:00:00,-3.2,968.8,61.3,298.0,58.0,0,Normal,
2016-01-28 22:00:00,-3.4,968.2,61.9,298.0,55.0,0,Normal,
2016-01-28 23:00:00,-3.7,967.9,61.3,298.0,48.0,0,Normal,
2016-01-29 00:00:00,-3.6,967.2,61.9,301.0,47.0,0,Normal,
2016-01-29 01:00:00,-5.7,966.2,62.6,298.0,50.0,0,Normal,
2016-01-29 02:00:00,-5.3,965.1,63.3,298.0,42.0,0,Normal,
2016-01-29 03:00:00,-3.5,964.4,63.7,298.0,40.0,0,Normal,
2016-01-29 04:00:00,-3.2,963.5,63.9,298.0,43.0,0,Normal,
2016-01-29 05:00:00,-2.3,962.7,63.9,298.0,41.0,0,Normal,
2016-01-29 06:00:00,-1.8,962.1,63.9,298.0,42.0,0,Normal,
2016-01-29 07:00:00,-1.7,961.2,63.9,298.0,46.0,0,Normal,
2016-01-29 08:00:00,-2.3,960.5,62.6,298.0,57.0,0,Normal,
2016-01-29 09:00:00,0.4,959.5,65.8,299.0,46.0,0,Normal,
2016-01-29 10:00:00,1.5,958.3,63.0,298.0,45.0,0,Normal,
2016-01-29 11:00:00,1.1,957.0,62.2,300.0,52.0,0,Normal,
2016-01-29 12:00:00,0.9,956.1,63.3,301.0,52.0,0,Normal,
2016-01-29 13:00:00,0.8,955.0,58.1,305.0,53.0,0,Normal,
2016-01-29 14:00:00,0.9,953.8,62.7,296.0,54.0,0,Normal,
2016-01-29 15:00:00,0.5,952.6,63.3,298.0,57.0,0,Normal,
2016-01-29 16:00:00,-0.3,951.6,62.6,298.0,63.0,0,Normal,
2016-01-29 17:00:00,-0.4,950.7,63.3,298.0,64.0,0,Normal,
2016-01-29 18:00:00,0.2,949.8,62.3,298.0,61.0,0,Normal,
2016-01-29 19:00:00,-0.6,949.1,61.9,298.0,65.0,0,Normal,
2016-01-29 20:00:00,-1.4,948.4,61.9,298.0,55.0,0,Normal,
2016-01-29 21:00:00,-2.8,947.9,62.4,298.0,60.0,0,Normal,
2016-01-29 22:00:00,-3.0,947.6,62.3,298.0,61.0,0,Normal,
2016-01-29 23:00:00,-4.0,947.6,61.3,298.0,72.0,0,Normal,
2016-01-30 00:00:00,-5.3,947.5,61.3,298.0,73.0,0,Normal,
2016-01-30 01:00:00,-7.0,947.3,40.1,314.0,76.0,0,Normal,
2016-01-30 02:00:00,-8.8,947.4,62.6,298.0,77.0,0,Normal,
2016-01-30 03:00:00,-10.0,947.6,62.6,298.0,79.0,0,Normal,
2016-01-30 04:00:00,-10.4,947.8,63.3,298.0,79.0,0,Normal,
2016-01-30 05:00:00,-10.0,948.2,62.5,300.0,79.0,0,Normal,
2016-01-30 06:00:00,-9.6,948.7,63.3,301.0,78.0,0,Normal,
2016-01-30 07:00:00,-7.3,949.3,44.8,315.0,67.0,0,Normal,
2016-01-30 08:00:00,-6.9,949.7,55.5,291.0,70.0,0,Normal,
2016-01-30 09:00:00,-5.8,950.3,63.3,298.0,67.0,0,Normal,
2016-01-30 10:00:00,-5.4,950.9,62.6,298.0,68.0,0,Normal,
2016-01-30 11:00:00,-3.7,951.5,62.6,298.0,65.0,0,Normal,
2016-01-30 12:00:00,-3.3,952.0,61.9,298.0,64.0,0,Normal,
2016-01-30 13:00:00,-3.7,952.4,61.3,298.0,65.0,0,Normal,
2016-01-30 14:00:00,-2.6,952.5,61.9,298.0,62.0,0,Normal,
2016-01-30 15:00:00,-1.5,952.8,61.3,298.0,63.0,0,Normal,
2016-01-30 16:00:00,-2.8,953.1,62.6,298.0,58.0,0,Normal,
2016-01-30 17:00:00,-4.5,953.9,62.6,298.0,65.0,0,Normal,
2016-01-30 18:00:00,-4.3,954.4,61.9,298.0,63.0,0,Normal,
2016-01-30 19:00:00,-4.5,954.9,61.9,298.0,67.0,0,Normal,
2016-01-30 20:00:00,-4.6,955.4,61.9,298.0,68.0,0,Normal,
2016-01-30 21:00:00,-4.8,955.8,59.4,300.0,71.0,0,Normal,
2016-01-30 22:00:00,-5.4,956.1,19.3,287.0,72.0,0,Normal,
2016-01-30 23:00:00,-5.8,956.5,62.6,298.0,66.0,0,Normal,
2016-01-31 00:00:00,-5.6,956.7,63.9,298.0,66.0,0,Normal,
2016-01-31 01:00:00,-5.8,957.3,63.9,298.0,66.0,0,Normal,
2016-01-31 02:00:00,-6.5,957.6,66.7,299.0,68.0,0,Normal,
2016-01-31 03:00:00,-6.3,958.1,42.7,308.0,71.0,0,Normal,
2016-01-31 04:00:00,-6.4,958.8,62.6,298.0,73.0,0,Normal,
2016-01-31 05:00:00,-6.0,959.4,61.9,298.0,72.0,0,Normal,
2016-01-31 06:00:00,-5.0,959.8,61.9,298.0,70.0,0,Normal,
2016-01-31 07:00:00,-4.3,960.4,61.9,298.0,68.0,0,Normal,
2016-01-31 08:00:00,-4.0,960.7,61.9,298.0,67.0,0,Normal,
2016-01-31 09:00:00,-2.6,961.2,61.9,298.0,62.0,0,Normal,
2016-01-31 10:00:00,-3.1,961.7,61.3,298.0,67.0,0,Normal,
2016-01-31 11:00:00,-2.6,962.2,61.9,298.0,65.0,0,Normal,
2016-01-31 12:00:00,-2.1,962.7,61.9,298.0,62.0,0,Normal,
2016-01-31 13:00:00,-1.5,963.2,62.6,298.0,61.0,0,Normal,
2016-01-31 14:00:00,-1.1,963.9,60.3,299.0,60.0,0,Normal,
2016-01-31 15:00:00,-1.2,964.4,62.6,301.0,61.0,0,Normal,
2016-01-31 16:00:00,-2.1,964.8,62.6,301.0,63.0,0,Normal,
2016-01-31 17:00:00,-2.2,965.4,52.0,292.0,64.0,0,Normal,
2016-01-31 18:00:00,-2.7,965.9,21.9,290.0,65.0,0,Normal,
2016-01-31 19:00:00,-3.4,966.3,61.9,298.0,69.0,0,Normal,
2016-01-31 20:00:00,-3.5,966.6,61.9,298.0,72.0,0,Normal,
2016-01-31 21:00:00,-3.5,966.7,62.8,298.0,71.0,0,Normal,
2016-01-31 22:00:00,-3.1,967.0,63.9,298.0,69.0,0,Normal,
2016-01-31 23:00:00,-3.1,967.5,63.3,298.0,69.0,0,Normal,
2016-02-01 00:00:00,-3.3,967.6,63.3,298.0,72.0,0,Normal,
2016-02-01 01:00:00,-3.4,967.9,62.4,299.0,70.0,0,Normal,
2016-02-01 02:00:00,-3.9,967.9,63.9,298.0,73.0,0,Normal,
2016-02-01 03:00:00,-3.7,967.8,64.7,298.0,67.0,0,Normal,
2016-02-01 04:00:00,-2.8,968.0,60.0,299.0,61.0,0,Normal,
2016-02-01 05:00:00,-3.0,968.5,62.6,301.0,63.0,0,Normal,
2016-02-01 06:00:00,-3.0,968.8,63.3,301.0,64.0,0,Normal,
2016-02-01 07:00:00,-2.7,969.0,58.6,301.0,64.0,0,Normal,
2016-02-01 08:00:00,-2.1,969.2,13.8,307.0,65.0,0,Normal,
2016-02-01 09:00:00,-1.6,969.6,63.3,298.0,64.0,0,Normal,
2016-02-01 10:00:00,-1.2,969.7,63.2,298.0,65.0,0,Normal,
2016-02-01 11:00:00,-0.8,970.0,62.6,298.0,64.0,0,Normal,
2016-02-01 12:00:00,-0.8,970.2,63.3,298.0,69.0,0,Normal,
2016-02-01 13:00:00,-0.9,970.3,61.9,298.0,68.0,0,Normal,
2016-02-01 14:00:00,-0.9,970.2,62.6,298.0,68.0,0,Normal,
2016-02-01 15:00:00,-1.0,970.1,62.6,298.0,72.0,0,Normal,
2016-02-01 16:00:00,-1.1,970.0,61.9,298.0,72.0,0,Normal,
2016-02-01 17:00:00,-1.2,969.9,61.3,298.0,74.0,0,Normal,
2016-02-01 18:00:00,-1.5,970.0,61.9,298.0,71.0,0,Normal,
2016-02-01 19:00:00,-1.8,970.1,61.3,298.0,69.0,0,Normal,
2016-02-01 20:00:00,-2.2,970.1,61.9,298.0,71.0,0,Normal,
2016-02-01 21:00:00,-2.6,970.1,61.9,298.0,72.0,0,Normal,
2016-02-01 22:00:00,-2.8,970.1,61.6,299.0,71.0,0,Normal,
2016-02-01 23:00:00,-3.0,969.8,59.8,298.0,71.0,0,Normal,
2016-02-02 00:00:00,-3.1,969.6,61.9,301.0,70.0,0,Normal,
2016-02-02 01:00:00,-3.0,969.4,39.3,298.0,69.0,0,Normal,
2016-02-02 02:00:00,-3.0,969.1,26.5,283.0,72.0,0,Normal,
2016-02-02 03:00:00,-2.9,968.5,61.9,298.0,69.0,0,Normal,
2016-02-02 04:00:00,-2.9,968.5,62.6,298.0,71.0,0,Normal,
2016-02-02 05:00:00,-2.9,968.2,62.6,298.0,68.0,0,Normal,
2016-02-02 06:00:00,-2.9,968.4,62.1,298.0,65.0,0,Normal,
2016-02-02 07:00:00,-2.9,968.6,63.3,298.0,71.0,0,Normal,
2016-02-02 08:00:00,-2.9,968.8,63.9,298.0,74.0,0,Normal,
2016-02-02 09:00:00,-2.9,968.8,62.6,298.0,72.0,0,Normal,
2016-02-02 10:00:00,-2.9,968.7,63.9,298.0,74.0,0,Normal,
2016-02-02 11:00:00,-2.9,968.6,63.9,298.0,68.0,0,Normal,
2016-02-02 12:00:00,-2.9,968.7,63.9,298.0,66.0,0,Normal,
2016-02-02 13:00:00,-0.4,968.6,61.9,298.0,65.0,0,Normal,
2016-02-02 14:00:00,-0.4,968.5,63.3,298.0,67.0,0,Normal,
2016-02-02 15:00:00,-0.1,968.5,60.7,299.0,64.0,0,Normal,
2016-02-02 16:00:00,0.0,968.5,63.4,301.0,62.0,0,Normal,
2016-02-02 17:00:00,-0.5,968.6,63.3,301.0,61.0,0,Normal,
2016-02-02 18:00:00,-0.7,968.6,42.2,303.0,61.0,0,Normal,
2016-02-02 19:00:00,-1.2,969.0,45.4,284.0,59.0,0,Normal,
2016-02-02 20:00:00,-1.5,969.2,62.6,298.0,57.0,0,Normal,
2016-02-02 21:00:00,-2.3,969.3,63.3,298.0,54.0,0,Normal,
2016-02-02 22:00:00,-2.6,969.3,62.6,298.0,52.0,0,Normal,
2016-02-02 23:00:00,-2.7,969.2,61.8,298.0,51.0,0,Normal,
2016-02-03 00:00:00,-3.0,969.3,62.6,298.0,53.0,0,Normal,
2016-02-03 01:00:00,-2.8,969.6,61.9,298.0,51.0,0,Normal,
2016-02-03 02:00:00,-3.0,969.4,61.3,298.0,52.0,0,Normal,
2016-02-03 03:00:00,-2.7,969.2,61.9,298.0,53.0,0,Normal,
2016-02-03 04:00:00,-2.2,969.2,61.9,298.0,51.0,0,Normal,
2016-02-03 05:00:00,-1.9,969.4,61.3,298.0,48.0,0,Normal,
2016-02-03 06:00:00,-1.4,969.6,62.6,298.0,47.0,0,Normal,
2016-02-03 07:00:00,-0.9,969.9,61.3,298.0,48.0,0,Normal,
2016-02-03 08:00:00,-0.5,969.9,62.3,301.0,44.0,0,Normal,
2016-02-03 09:00:00,0.4,970.2,62.1,301.0,47.0,0,Normal,
2016-02-03 10:00:00,1.1,970.3,48.2,304.0,46.0,0,Normal,
2016-02-03 11:00:00,1.7,970.5,37.8,285.0,46.0,0,Normal,
2016-02-03 12:00:00,2.1,970.8,61.9,298.0,44.0,0,Normal,
2016-02-03 13:00:00,2.4,970.8,61.9,298.0,42.0,0,Normal,
2016-02-03 14:00:00,2.1,971.0,62.6,298.0,47.0,0,Normal,
2016-02-03 15:00:00,2.5,971.2,63.2,298.0,50.0,0,Normal,
2016-02-03 16:00:00,1.5,971.2,63.3,298.0,56.0,0,Normal,
2016-02-03 17:00:00,1.1,971.4,63.3,298.0,55.0,0,Normal,
2016-02-03 18:00:00,0.5,971.7,62.6,298.0,56.0,0,Normal,
2016-02-03 19:00:00,0.2,972.1,62.6,298.0,56.0,0,Normal,
2016-02-03 20:00:00,-0.8,972.1,63.3,298.0,56.0,0,Normal,
2016-02-03 21:00:00,-1.0,972.2,63.9,298.0,48.0,0,Normal,
2016-02-03 22:00:00,-1.1,972.4,63.3,298.0,48.0,0,Normal,
2016-02-03 23:00:00,-1.9,972.6,63.9,298.0,43.0,0,Normal,
2016-02-04 00:00:00,-2.0,972.7,56.6,299.0,43.0,0,Normal,
2016-02-04 01:00:00,-2.1,972.9,63.2,301.0,40.0,0,Normal,
2016-02-04 02:00:00,-2.3,972.8,62.6,301.0,39.0,0,Normal,
2016-02-04 03:00:00,-2.4,972.7,63.3,301.0,38.0,0,Normal,
2016-02-04 04:00:00,-2.3,972.8,57.5,297.0,38.0,0,Normal,
2016-02-04 05:00:00,-2.0,973.0,61.5,303.0,39.0,0,Normal,
2016-02-04 06:00:00,-1.7,973.1,63.3,298.0,38.0,0,Normal,
2016-02-04 07:00:00,-0.8,973.1,63.1,298.0,38.0,0,Normal,
2016-02-04 08:00:00,-0.5,973.3,62.6,298.0,38.0,0,Normal,
2016-02-04 09:00:00,-0.3,973.6,62.1,298.0,41.0,0,Normal,
2016-02-04 10:00:00,0.2,973.7,61.3,298.0,44.0,0,Normal,
2016-02-04 11:00:00,0.6,973.6,61.9,298.0,37.0,0,Normal,
2016-02-04 12:00:00,0.7,973.6,61.3,298.0,40.0,0,Normal,
2016-02-04 13:00:00,0.6,973.5,63.3,298.0,44.0,0,Normal,
2016-02-04 14:00:00,0.4,973.4,61.9,298.0,43.0,0,Normal,
2016-02-04 15:00:00,0.2,973.0,61.9,298.0,45.0,0,Normal,
2016-02-04 16:00:00,-1.0,972.9,63.3,298.0,49.0,0,Normal,
2016-02-04 17:00:00,-1.5,972.6,63.9,298.0,49.0,0,Normal,
2016-02-04 18:00:00,-2.3,972.5,60.2,298.0,65.0,0,Normal,
2016-02-04 19:00:00,-3.8,972.4,66.3,300.0,84.0,0,Normal,
2016-02-04 20:00:00,-4.7,972.5,48.2,289.0,89.0,0,Normal,
2016-02-04 21:00:00,-5.0,972.3,62.6,298.0,93.0,0,Normal,
2016-02-04 22:00:00,-4.8,972.2,61.2,298.0,94.0,0,Normal,
2016-02-04 23:00:00,-5.0,971.9,61.3,298.0,93.0,0,Normal,
2016-02-05 00:00:00,-5.1,971.8,62.6,301.0,94.0,0,Normal,
2016-02-05 01:00:00,-5.0,971.5,53.3,286.0,95.0,0,Normal,
2016-02-05 02:00:00,-4.9,971.0,63.1,298.0,95.0,0,Normal,
2016-02-05 03:00:00,-5.1,970.8,62.5,298.0,95.0,0,Normal,
2016-02-05 04:00:00,-5.2,970.8,63.3,298.0,95.0,0,Normal,
2016-02-05 05:00:00,-5.1,970.4,63.3,301.0,95.0,0,Normal,
2016-02-05 06:00:00,-5.0,970.4,62.6,298.0,95.0,0,Normal,
2016-02-05 07:00:00,-4.9,970.5,61.3,298.0,95.0,0,Normal,
2016-02-05 08:00:00,-5.5,970.4,62.6,298.0,95.0,0,Normal,
2016-02-05 09:00:00,-4.7,969.6,61.3,298.0,95.0,0,Normal,
2016-02-05 10:00:00,-4.8,969.7,57.5,298.0,95.0,0,Normal,
2016-02-05 11:00:00,-4.3,969.5,61.7,301.0,96.0,0,Normal,
2016-02-05 12:00:00,-4.3,969.5,61.3,301.0,96.0,0,Normal,
2016-02-05 13:00:00,-4.1,968.9,59.0,301.0,96.0,0,Normal,
2016-02-05 14:00:00,-4.0,968.6,37.3,322.0,96.0,0,Normal,
2016-02-05 15:00:00,-4.2,968.3,62.5,298.0,96.0,0,Normal,
2016-02-05 16:00:00,-4.2,968.0,62.5,299.0,96.0,0,Normal,
2016-02-05 17:00:00,-4.5,967.7,61.2,299.0,96.0,0,Normal,
2016-02-05 18:00:00,-4.6,967.7,62.0,297.0,96.0,0,Normal,
2016-02-05 19:00:00,-4.5,967.7,63.5,298.0,96.0,0,Normal,
2016-02-05 20:00:00,-4.6,967.6,63.9,298.0,96.0,0,Normal,
2016-02-05 21:00:00,-4.7,968.1,63.2,300.0,96.0,0,Normal,
2016-02-05 22:00:00,-4.7,968.0,63.0,298.0,96.0,0,Normal,
2016-02-05 23:00:00,-4.7,968.0,59.9,298.0,96.0,0,Normal,
2016-02-06 00:00:00,-4.7,968.1,61.9,298.0,96.0,0,Normal,
2016-02-06 01:00:00,-4.8,968.1,61.9,298.0,96.0,0,Normal,
2016-02-06 02:00:00,-4.9,967.9,55.6,301.0,96.0,0,Normal,
2016-02-06 03:00:00,-4.9,967.6,62.6,299.0,96.0,0,Normal,
2016-02-06 04:00:00,-4.8,967.3,63.3,298.0,96.0,0,Normal,
2016-02-06 05:00:00,-4.6,967.5,63.3,298.0,96.0,0,Normal,
2016-02-06 06:00:00,-4.5,967.4,63.0,298.0,96.0,0,Normal,
2016-02-06 07:00:00,-4.1,967.1,59.4,299.0,96.0,0,Normal,
2016-02-06 08:00:00,-3.9,966.4,63.3,300.0,97.0,0,Normal,
2016-02-06 09:00:00,-3.6,966.1,60.5,305.0,97.0,0,Normal,
2016-02-06 10:00:00,-3.4,965.5,28.5,296.0,97.0,0,Normal,
2016-02-06 11:00:00,-3.3,965.2,63.1,299.0,97.0,0,Normal,
2016-02-06 12:00:00,-3.1,965.4,62.6,299.0,97.0,0,Normal,
2016-02-06 13:00:00,-3.0,965.1,61.8,300.0,97.0,0,Normal,
2016-02-06 14:00:00,-3.2,964.1,43.3,302.0,97.0,0,Normal,
2016-02-06 15:00:00,-3.2,963.0,62.6,298.0,97.0,0,Normal,
2016-02-06 16:00:00,-3.1,962.3,61.9,298.0,97.0,0,Normal,
2016-02-06 17:00:00,-2.9,962.0,63.2,298.0,97.0,0,Normal,
2016-02-06 18:00:00,-2.7,961.8,61.9,298.0,98.0,0,Normal,
2016-02-06 19:00:00,-2.5,961.6,61.3,298.0,98.0,0,Normal,
2016-02-06 20:00:00,-2.6,961.1,61.3,298.0,98.0,0,Normal,
2016-02-06 21:00:00,-2.4,960.7,61.3,298.0,97.0,0,Normal,
2016-02-06 22:00:00,-2.1,960.6,61.3,299.0,97.0,0,Normal,
2016-02-06 23:00:00,-2.3,960.8,61.9,300.0,97.0,0,Normal,
2016-02-07 00:00:00,-2.1,960.4,57.5,302.0,96.0,0,Normal,
2016-02-07 01:00:00,-1.5,960.2,37.4,308.0,96.0,0,Normal,
2016-02-07 02:00:00,-1.4,960.1,61.7,299.0,96.0,0,Normal,
2016-02-07 03:00:00,-1.2,959.4,62.6,299.0,96.0,0,Normal,
2016-02-07 04:00:00,-1.6,960.1,61.9,299.0,96.0,0,Normal,
2016-02-07 05:00:00,-1.6,960.4,56.4,288.0,95.0,0,Normal,
2016-02-07 06:00:00,-2.0,960.7,62.8,296.0,96.0,0,Normal,
2016-02-07 07:00:00,-1.9,960.6,63.3,298.0,93.0,0,Normal,
2016-02-07 08:00:00,-0.9,960.9,63.3,298.0,92.0,0,Normal,
2016-02-07 09:00:00,0.8,961.3,63.9,298.0,96.0,0,Normal,
2016-02-07 10:00:00,0.5,961.5,63.3,298.0,98.0,0,Normal,
2016-02-07 11:00:00,0.7,961.8,61.2,298.0,97.0,0,Normal,
2016-02-07 12:00:00,0.9,961.7,63.3,298.0,96.0,0,Normal,
2016-02-07 13:00:00,0.0,962.1,61.9,299.0,97.0,0,Normal,
2016-02-07 14:00:00,0.7,962.4,63.2,299.0,96.0,0,Normal,
2016-02-07 15:00:00,0.6,962.3,62.6,299.0,96.0,0,Normal,
2016-02-07 16:00:00,0.2,962.6,51.3,312.0,97.0,0,Normal,
2016-02-07 17:00:00,-0.5,962.6,64.7,299.0,94.0,0,Normal,
2016-02-07 18:00:00,-0.7,962.9,62.6,300.0,91.0,0,Normal,
2016-02-07 19:00:00,-1.9,963.3,62.6,300.0,88.0,0,Normal,
2016-02-07 20:00:00,-2.9,963.6,51.4,305.0,87.0,0,Normal,
2016-02-07 21:00:00,-2.8,964.0,29.5,313.0,89.0,0,Normal,
2016-02-07 22:00:00,-2.7,964.0,62.3,298.0,85.0,0,Normal,
2016-02-07 23:00:00,-2.0,964.3,61.9,298.0,81.0,0,Normal,
2016-02-08 00:00:00,-1.5,964.5,62.6,298.0,75.0,0,Normal,
2016-02-08 01:00:00,-2.8,964.8,62.6,298.0,78.0,0,Normal,
2016-02-08 02:00:00,-2.0,965.0,63.6,298.0,75.0,0,Normal,
2016-02-08 03:00:00,-1.7,965.3,63.3,298.0,76.0,0,Normal,
2016-02-08 04:00:00,-2.0,965.7,63.9,298.0,71.0,0,Normal,
2016-02-08 05:00:00,-1.4,965.9,62.8,299.0,77.0,0,Normal,
2016-02-08 06:00:00,-1.2,966.2,64.6,298.0,78.0,0,Normal,
2016-02-08 07:00:00,-1.3,966.8,63.2,299.0,82.0,0,Normal,
2016-02-08 08:00:00,-1.0,966.9,61.3,299.0,80.0,0,Normal,
2016-02-08 09:00:00,-0.8,967.4,63.3,299.0,84.0,0,Normal,
2016-02-08 10:00:00,-0.8,967.3,63.2,298.0,85.0,0,Normal,
2016-02-08 11:00:00,-1.0,967.4,59.9,299.0,86.0,0,Normal,
2016-02-08 12:00:00,-1.0,967.6,62.9,300.0,78.0,0,Normal,
2016-02-08 13:00:00,-0.9,967.6,62.6,300.0,79.0,0,Normal,
2016-02-08 14:00:00,-0.9,967.6,59.3,301.0,81.0,0,Normal,
2016-02-08 15:00:00,-1.1,967.4,63.2,301.0,84.0,0,Normal,
2016-02-08 16:00:00,-1.2,967.2,54.5,307.0,85.0,0,Normal,
2016-02-08 17:00:00,-1.3,967.4,62.6,298.0,85.0,0,Normal,
2016-02-08 18:00:00,-1.5,967.5,62.6,298.0,87.0,0,Normal,
2016-02-08 19:00:00,-1.7,967.5,63.3,298.0,88.0,0,Normal,
2016-02-08 20:00:00,-1.7,967.6,61.3,298.0,90.0,0,Normal,
2016-02-08 21:00:00,-1.5,967.7,61.9,298.0,88.0,0,Normal,
2016-02-08 22:00:00,-1.8,968.1,61.5,298.0,91.0,0,Normal,
2016-02-08 23:00:00,-2.1,968.4,61.9,298.0,91.0,0,Normal,
2016-02-09 00:00:00,-2.3,968.4,61.3,298.0,86.0,0,Normal,
2016-02-09 01:00:00,-2.5,968.4,61.3,298.0,82.0,0,Normal,
2016-02-09 02:00:00,-2.7,968.6,61.3,298.0,83.0,0,Normal,
2016-02-09 03:00:00,-2.5,968.4,61.3,298.0,79.0,0,Normal,
2016-02-09 04:00:00,-2.3,968.4,60.7,299.0,77.0,0,Normal,
2016-02-09 05:00:00,-2.3,968.4,63.7,300.0,78.0,0,Normal,
2016-02-09 06:00:00,-2.4,968.6,62.6,301.0,74.0,0,Normal,
2016-02-09 07:00:00,-2.2,968.9,62.6,301.0,76.0,0,Normal,
2016-02-09 08:00:00,-2.1,968.9,41.2,313.0,77.0,0,Normal,
2016-02-09 09:00:00,-1.7,969.2,61.9,298.0,75.0,0,Normal,
2016-02-09 10:00:00,-1.5,968.9,61.9,298.0,76.0,0,Normal,
2016-02-09 11:00:00,-1.1,968.6,61.9,298.0,73.0,0,Normal,
2016-02-09 12:00:00,-0.9,968.5,62.6,298.0,75.0,0,Normal,
2016-02-09 13:00:00,-0.9,968.7,63.9,298.0,75.0,0,Normal,
2016-02-09 14:00:00,-0.8,968.4,63.9,298.0,74.0,0,Normal,
2016-02-09 15:00:00,-0.9,967.8,63.3,298.0,74.0,0,Normal,
2016-02-09 16:00:00,-0.7,967.3,63.3,298.0,72.0,0,Normal,
2016-02-09 17:00:00,-1.0,967.4,63.7,298.0,73.0,0,Normal,
2016-02-09 18:00:00,-1.4,967.2,63.3,298.0,74.0,0,Normal,
2016-02-09 19:00:00,-1.7,967.4,63.9,298.0,77.0,0,Normal,
2016-02-09 20:00:00,-1.7,967.5,62.7,298.0,74.0,0,Normal,
2016-02-09 21:00:00,-1.8,967.4,65.8,299.0,72.0,0,Normal,
2016-02-09 22:00:00,-1.8,967.3,63.3,301.0,68.0,0,Normal,
2016-02-09 23:00:00,-1.4,966.8,63.3,301.0,65.0,0,Normal,
2016-02-10 00:00:00,-1.3,966.3,60.5,300.0,64.0,0,Normal,
2016-02-10 01:00:00,-1.3,965.6,47.8,311.0,61.0,0,Normal,
2016-02-10 02:00:00,-0.8,965.3,61.2,295.0,54.0,0,Normal,
2016-02-10 03:00:00,-0.8,964.9,63.3,298.0,50.0,0,Normal,
2016-02-10 04:00:00,-1.0,964.6,62.6,298.0,49.0,0,Normal,
2016-02-10 05:00:00,-2.1,963.7,62.6,298.0,58.0,0,Normal,
2016-02-10 06:00:00,-1.4,962.8,62.6,298.0,50.0,0,Normal,
2016-02-10 07:00:00,-1.5,962.2,62.6,298.0,45.0,0,Normal,
2016-02-10 08:00:00,-1.9,961.7,61.9,298.0,49.0,0,Normal,
2016-02-10 09:00:00,-1.4,961.4,62.6,298.0,52.0,0,Normal,
2016-02-10 10:00:00,-0.6,960.4,63.9,298.0,41.0,0,Normal,
2016-02-10 11:00:00,0.0,959.6,63.9,298.0,50.0,0,Normal,
2016-02-10 12:00:00,1.5,958.8,63.3,298.0,43.0,0,Normal,
2016-02-10 13:00:00,3.0,958.0,70.3,299.0,36.0,0,Normal,
2016-02-10 14:00:00,2.1,957.1,63.3,301.0,34.0,0,Normal,
2016-02-10 15:00:00,2.1,956.5,63.1,301.0,53.0,0,Normal,
2016-02-10 16:00:00,0.5,955.4,49.8,303.0,55.0,0,Normal,
2016-02-10 17:00:00,-1.1,954.8,36.9,280.0,55.0,0,Normal,
2016-02-10 18:00:00,-1.5,954.4,62.6,298.0,45.0,0,Normal,
2016-02-10 19:00:00,-1.1,954.1,62.6,298.0,39.0,0,Normal,
2016-02-10 20:00:00,-2.8,953.9,62.6,298.0,46.0,0,Normal,
2016-02-10 21:00:00,-4.9,953.9,62.6,298.0,49.0,0,Normal,
2016-02-10 22:00:00,-3.5,954.3,61.3,298.0,42.0,0,Normal,
2016-02-10 23:00:00,-3.7,955.0,61.3,298.0,40.0,0,Normal,
2016-02-11 00:00:00,-4.9,955.9,61.9,301.0,43.0,0,Normal,
2016-02-11 01:00:00,-4.8,957.1,40.6,288.0,46.0,0,Normal,
2016-02-11 02:00:00,-4.6,958.0,63.3,298.0,40.0,0,Normal,
2016-02-11 03:00:00,-4.1,958.4,63.3,298.0,38.0,0,Normal,
2016-02-11 04:00:00,-4.9,959.2,62.6,298.0,45.0,0,Normal,
2016-02-11 05:00:00,-5.0,960.1,62.6,301.0,47.0,0,Normal,
2016-02-11 06:00:00,-4.8,960.9,54.3,289.0,45.0,0,Normal,
2016-02-11 07:00:00,-4.5,961.9,62.6,298.0,47.0,0,Normal,
2016-02-11 08:00:00,-3.5,962.8,62.6,298.0,44.0,0,Normal,
2016-02-11 09:00:00,-2.6,963.8,62.6,298.0,45.0,0,Normal,
2016-02-11 10:00:00,-1.7,964.7,62.4,298.0,43.0,0,Normal,
2016-02-11 11:00:00,-1.1,965.6,61.9,298.0,48.0,0,Normal,
2016-02-11 12:00:00,-0.4,966.6,61.3,298.0,45.0,0,Normal,
2016-02-11 13:00:00,0.2,967.3,62.6,298.0,48.0,0,Normal,
2016-02-11 14:00:00,0.6,967.8,62.1,299.0,46.0,0,Normal,
2016-02-11 15:00:00,0.1,968.5,61.3,298.0,50.0,0,Normal,
2016-02-11 16:00:00,0.0,969.2,61.3,298.0,45.0,0,Normal,
2016-02-11 17:00:00,-0.8,970.1,61.3,298.0,47.0,0,Normal,
2016-02-11 18:00:00,-1.9,970.8,61.3,298.0,45.0,0,Normal,
2016-02-11 19:00:00,-4.3,971.3,63.5,298.0,51.0,0,Normal,
2016-02-11 20:00:00,-5.6,972.0,61.9,301.0,53.0,0,Normal,
2016-02-11 21:00:00,-6.4,972.7,61.7,295.0,57.0,0,Normal,
2016-02-11 22:00:00,-6.3,973.6,62.6,298.0,53.0,0,Normal,
2016-02-11 23:00:00,-6.5,974.2,63.4,299.0,54.0,0,Normal,
2016-02-12 00:00:00,-6.1,974.7,63.3,298.0,51.0,0,Normal,
2016-02-12 01:00:00,-6.9,974.7,62.5,300.0,51.0,0,Normal,
2016-02-12 02:00:00,-7.2,975.1,62.6,298.0,55.0,0,Normal,
2016-02-12 03:00:00,-7.6,975.4,62.0,298.0,56.0,0,Normal,
2016-02-12 04:00:00,-6.7,976.1,61.9,298.0,52.0,0,Normal,
2016-02-12 05:00:00,-6.1,976.4,61.9,298.0,47.0,0,Normal,
2016-02-12 06:00:00,-5.9,976.6,62.6,298.0,60.0,0,Normal,
2016-02-12 07:00:00,-5.5,976.7,61.9,298.0,59.0,0,Normal,
2016-02-12 08:00:00,-4.7,977.1,61.3,298.0,56.0,0,Normal,
2016-02-12 09:00:00,-3.5,977.4,61.3,301.0,50.0,0,Normal,
2016-02-12 10:00:00,-3.2,977.5,62.1,301.0,51.0,0,Normal,
2016-02-12 11:00:00,-1.4,977.5,62.6,301.0,53.0,0,Normal,
2016-02-12 12:00:00,-0.9,977.6,61.9,302.0,51.0,0,Normal,
2016-02-12 13:00:00,-0.4,977.8,59.1,290.0,54.0,0,Normal,
2016-02-12 14:00:00,-1.5,977.3,62.6,298.0,54.0,0,Normal,
2016-02-12 15:00:00,-1.3,977.6,62.6,298.0,57.0,0,Normal,
2016-02-12 16:00:00,-2.5,977.4,61.9,298.0,64.0,0,Normal,
2016-02-12 17:00:00,-3.2,977.7,61.9,298.0,68.0,0,Normal,
2016-02-12 18:00:00,-3.1,977.8,62.6,298.0,66.0,0,Normal,
2016-02-12 19:00:00,-3.4,977.4,63.9,298.0,68.0,0,Normal,
2016-02-12 20:00:00,-2.6,978.0,63.3,298.0,71.0,0,Normal,
2016-02-12 21:00:00,-2.6,978.1,63.9,298.0,73.0,0,Normal,
2016-02-12 22:00:00,-2.6,977.7,63.3,298.0,68.0,0,Normal,
2016-02-12 23:00:00,-2.1,977.9,62.8,298.0,71.0,0,Normal,
2016-02-13 00:00:00,-1.4,977.3,61.9,298.0,52.0,0,Normal,
2016-02-13 01:00:00,-1.7,976.9,61.3,298.0,55.0,0,Normal,
2016-02-13 02:00:00,-1.8,977.2,61.3,298.0,59.0,0,Normal,
2016-02-13 03:00:00,-3.8,977.1,62.3,298.0,56.0,0,Normal,
2016-02-13 04:00:00,-4.1,977.2,62.6,301.0,55.0,0,Normal,
2016-02-13 05:00:00,-3.7,976.8,61.9,301.0,53.0,0,Normal,
2016-02-13 06:00:00,-3.3,976.6,55.1,299.0,53.0,0,Normal,
2016-02-13 07:00:00,-1.7,976.1,61.6,296.0,55.0,0,Normal,
2016-02-13 08:00:00,-1.4,975.6,62.6,298.0,57.0,0,Normal,
2016-02-13 09:00:00,-2.0,975.2,62.6,298.0,54.0,0,Normal,
2016-02-13 10:00:00,0.3,974.3,62.6,298.0,53.0,0,Normal,
2016-02-13 11:00:00,0.3,973.5,62.9,298.0,46.0,0,Normal,
2016-02-13 12:00:00,1.6,972.6,63.3,298.0,46.0,0,Normal,
2016-02-13 13:00:00,1.5,971.3,63.0,298.0,40.0,0,Normal,
2016-02-13 14:00:00,3.1,970.1,63.3,298.0,39.0,0,Normal,
2016-02-13 15:00:00,2.1,969.2,63.6,298.0,42.0,0,Normal,
2016-02-13 16:00:00,0.2,968.6,62.6,298.0,53.0,0,Normal,
2016-02-13 17:00:00,-2.8,969.4,63.3,298.0,55.0,0,Normal,
2016-02-13 18:00:00,-4.1,969.3,62.7,298.0,58.0,0,Normal,
2016-02-13 19:00:00,-4.6,969.1,63.9,298.0,59.0,0,Normal,
2016-02-13 20:00:00,-5.0,969.2,63.5,298.0,59.0,0,Normal,
2016-02-13 21:00:00,-5.2,969.2,63.3,301.0,53.0,0,Normal,
2016-02-13 22:00:00,-5.5,969.2,63.3,298.0,48.0,0,Normal,
2016-02-13 23:00:00,-6.0,969.0,61.9,298.0,56.0,0,Normal,
2016-02-14 00:00:00,-6.2,969.3,62.6,298.0,53.0,0,Normal,
2016-02-14 01:00:00,-6.1,969.6,61.9,298.0,52.0,0,Normal,
2016-02-14 02:00:00,-6.5,969.3,61.9,301.0,47.0,0,Normal,
2016-02-14 03:00:00,-5.9,969.0,62.6,298.0,42.0,0,Normal,
2016-02-14 04:00:00,-5.7,969.0,63.3,298.0,44.0,0,Normal,
2016-02-14 05:00:00,-6.3,969.7,61.9,298.0,46.0,0,Normal,
2016-02-14 06:00:00,-6.2,969.8,61.3,298.0,48.0,0,Normal,
2016-02-14 07:00:00,-6.2,969.4,62.2,299.0,51.0,0,Normal,
2016-02-14 08:00:00,-5.0,968.9,61.9,301.0,44.0,0,Normal,
2016-02-14 09:00:00,-4.5,969.6,62.6,301.0,43.0,0,Normal,
2016-02-14 10:00:00,-5.2,969.4,50.6,308.0,42.0,0,Normal,
2016-02-14 11:00:00,-5.3,969.8,35.4,318.0,38.0,0,Normal,
2016-02-14 12:00:00,-6.1,969.1,61.9,298.0,40.0,0,Normal,
2016-02-14 13:00:00,-5.0,968.2,61.7,299.0,34.0,0,Normal,
2016-02-14 14:00:00,-4.4,967.7,62.5,298.0,33.0,0,Normal,
2016-02-14 15:00:00,-5.1,967.3,62.6,298.0,35.0,0,Normal,
2016-02-14 16:00:00,-5.0,967.0,62.5,298.0,39.0,0,Normal,
2016-02-14 17:00:00,-4.9,967.3,63.9,298.0,42.0,0,Normal,
2016-02-14 18:00:00,-5.6,967.4,63.9,298.0,48.0,0,Normal,
2016-02-14 19:00:00,-6.7,967.5,63.3,298.0,45.0,0,Normal,
2016-02-14 20:00:00,-7.8,967.5,63.3,298.0,46.0,0,Normal,
2016-02-14 21:00:00,-6.7,967.4,63.3,301.0,47.0,0,Normal,
2016-02-14 22:00:00,-7.6,967.3,63.3,298.0,50.0,0,Normal,
2016-02-14 23:00:00,-7.3,966.8,61.9,298.0,45.0,0,Normal,
2016-02-15 00:00:00,-7.3,966.8,62.4,298.0,45.0,0,Normal,
2016-02-15 01:00:00,-7.7,966.9,61.3,298.0,47.0,0,Normal,
2016-02-15 02:00:00,-8.6,966.7,62.6,301.0,43.0,0,Normal,
2016-02-15 03:00:00,-8.6,966.4,62.6,298.0,38.0,0,Normal,
2016-02-15 04:00:00,-8.6,966.5,62.6,298.0,40.0,0,Normal,
2016-02-15 05:00:00,-8.3,966.4,63.3,298.0,40.0,0,Normal,
2016-02-15 06:00:00,-7.6,966.6,63.3,298.0,41.0,0,Normal,
2016-02-15 07:00:00,-7.1,966.5,62.6,301.0,42.0,0,Normal,
2016-02-15 08:00:00,-5.6,966.6,56.7,291.0,41.0,0,Normal,
2016-02-15 09:00:00,-4.5,966.2,63.3,298.0,39.0,0,Normal,
2016-02-15 10:00:00,-3.8,965.9,62.6,298.0,41.0,0,Normal,
2016-02-15 11:00:00,-3.3,965.4,63.3,298.0,38.0,0,Normal,
2016-02-15 12:00:00,-2.6,965.2,62.6,298.0,37.0,0,Normal,
2016-02-15 13:00:00,-1.6,964.6,60.6,298.0,37.0,0,Normal,
2016-02-15 14:00:00,-2.6,964.5,62.6,298.0,38.0,0,Normal,
2016-02-15 15:00:00,-3.5,964.2,61.3,298.0,40.0,0,Normal,
2016-02-15 16:00:00,-3.8,963.6,62.6,298.0,43.0,0,Normal,
2016-02-15 17:00:00,-4.6,963.0,61.3,298.0,46.0,0,Normal,
2016-02-15 18:00:00,-4.8,962.5,61.3,298.0,45.0,0,Normal,
2016-02-15 19:00:00,-4.9,962.3,61.3,298.0,40.0,0,Normal,
2016-02-15 20:00:00,-5.8,961.9,62.1,298.0,37.0,0,Normal,
2016-02-15 21:00:00,-6.8,961.6,61.7,302.0,39.0,0,Normal,
2016-02-15 22:00:00,-7.7,961.3,62.6,298.0,40.0,0,Normal,
2016-02-15 23:00:00,-7.6,961.0,63.2,298.0,41.0,0,Normal,
2016-02-16 00:00:00,-7.2,961.1,61.3,298.0,36.0,0,Normal,
2016-02-16 01:00:00,-7.9,960.8,61.3,298.0,41.0,0,Normal,
2016-02-16 02:00:00,-8.4,960.4,61.9,301.0,44.0,0,Normal,
2016-02-16 03:00:00,-8.7,960.1,61.9,298.0,44.0,0,Normal,
2016-02-16 04:00:00,-7.8,960.1,62.6,298.0,40.0,0,Normal,
2016-02-16 05:00:00,-8.3,960.2,63.9,298.0,41.0,0,Normal,
2016-02-16 06:00:00,-7.0,960.1,63.9,298.0,37.0,0,Normal,
2016-02-16 07:00:00,-6.0,960.1,63.0,301.0,41.0,0,Normal,
2016-02-16 08:00:00,-5.0,960.3,62.6,301.0,41.0,0,Normal,
2016-02-16 09:00:00,-3.7,960.4,43.6,289.0,38.0,0,Normal,
2016-02-16 10:00:00,-2.9,960.0,62.2,298.0,35.0,0,Normal,
2016-02-16 11:00:00,-2.0,959.7,62.6,298.0,32.0,0,Normal,
2016-02-16 12:00:00,-1.6,959.4,62.6,298.0,31.0,0,Normal,
2016-02-16 13:00:00,-1.5,959.4,63.2,298.0,34.0,0,Normal,
2016-02-16 14:00:00,-1.4,959.6,61.3,298.0,38.0,0,Normal,
2016-02-16 15:00:00,-3.0,959.6,61.9,298.0,37.0,0,Normal,
2016-02-16 16:00:00,-2.8,959.5,61.9,298.0,40.0,0,Normal,
2016-02-16 17:00:00,-4.2,960.1,61.5,299.0,46.0,0,Normal,
2016-02-16 18:00:00,-5.0,960.5,61.3,298.0,51.0,0,Normal,
2016-02-16 19:00:00,-5.4,960.6,61.3,298.0,54.0,0,Normal,
2016-02-16 20:00:00,-6.1,960.8,67.5,299.0,50.0,0,Normal,
2016-02-16 21:00:00,-6.5,960.9,42.0,307.0,43.0,0,Normal,
2016-02-16 22:00:00,-6.9,960.7,61.9,298.0,42.0,0,Normal,
2016-02-16 23:00:00,-7.3,960.9,63.9,298.0,41.0,0,Normal,
2016-02-17 00:00:00,-7.8,962.2,63.3,298.0,44.0,0,Normal,
2016-02-17 01:00:00,-8.1,962.5,55.9,299.0,43.0,0,Normal,
2016-02-17 02:00:00,-8.5,962.3,29.4,271.0,42.0,0,Normal,
2016-02-17 03:00:00,-8.5,962.1,62.6,298.0,45.0,0,Normal,
2016-02-17 04:00:00,-8.1,961.9,61.1,299.0,39.0,0,Normal,
2016-02-17 05:00:00,-7.1,961.4,62.6,298.0,37.0,0,Normal,
2016-02-17 06:00:00,-6.3,961.3,61.9,301.0,33.0,0,Normal,
2016-02-17 07:00:00,-6.1,961.3,62.6,298.0,40.0,0,Normal,
2016-02-17 08:00:00,-6.1,961.4,61.9,298.0,48.0,0,Normal,
2016-02-17 09:00:00,-5.5,960.8,62.2,298.0,40.0,0,Normal,
2016-02-17 10:00:00,-5.0,960.1,62.1,298.0,46.0,0,Normal,
2016-02-17 11:00:00,-4.5,959.1,63.3,298.0,49.0,0,Normal,
2016-02-17 12:00:00,-4.1,958.3,63.3,298.0,46.0,0,Normal,
2016-02-17 13:00:00,-4.6,956.7,63.0,299.0,51.0,0,Normal,
2016-02-17 14:00:00,-4.6,954.9,63.9,298.0,54.0,0,Normal,
2016-02-17 15:00:00,-3.6,952.5,62.6,298.0,50.0,0,Normal,
2016-02-17 16:00:00,-3.9,950.7,63.3,298.0,49.0,0,Normal,
2016-02-17 17:00:00,-4.0,949.7,63.9,298.0,51.0,0,Normal,
2016-02-17 18:00:00,-4.4,949.0,62.7,300.0,56.0,0,Normal,
2016-02-17 19:00:00,-4.7,948.8,62.2,296.0,57.0,0,Normal,
2016-02-17 20:00:00,-5.0,947.9,57.5,298.0,59.0,0,Normal,
2016-02-17 21:00:00,-4.9,946.8,61.9,298.0,56.0,0,Normal,
2016-02-17 22:00:00,-5.3,945.4,61.3,298.0,59.0,0,Normal,
2016-02-17 23:00:00,-5.8,945.0,61.3,300.0,68.0,0,Normal,
2016-02-18 00:00:00,-5.1,944.8,61.9,299.0,61.0,0,Normal,
2016-02-18 01:00:00,-4.6,944.0,59.9,295.0,56.0,0,Normal,
2016-02-18 02:00:00,-4.1,943.5,63.3,298.0,55.0,0,Normal,
2016-02-18 03:00:00,-4.3,943.0,63.9,298.0,65.0,0,Normal,
2016-02-18 04:00:00,-4.2,942.7,62.6,300.0,61.0,0,Normal,
2016-02-18 05:00:00,-3.8,942.4,63.2,299.0,50.0,0,Normal,
2016-02-18 06:00:00,-3.6,942.4,62.6,299.0,50.0,0,Normal,
2016-02-18 07:00:00,-3.3,942.0,62.8,299.0,50.0,0,Normal,
2016-02-18 08:00:00,-2.6,941.8,56.3,304.0,47.0,0,Normal,
2016-02-18 09:00:00,-2.1,942.1,61.9,298.0,50.0,0,Normal,
2016-02-18 10:00:00,-1.7,942.4,62.6,298.0,51.0,0,Normal,
2016-02-18 11:00:00,-1.5,942.4,61.4,298.0,51.0,0,Normal,
2016-02-18 12:00:00,-1.3,942.2,61.3,298.0,51.0,0,Normal,
2016-02-18 13:00:00,-0.8,942.0,61.9,298.0,49.0,0,Normal,
2016-02-18 14:00:00,-0.1,941.8,61.3,298.0,42.0,0,Normal,
2016-02-18 15:00:00,-0.3,941.8,61.8,299.0,46.0,0,Normal,
2016-02-18 16:00:00,-0.3,941.7,61.3,300.0,45.0,0,Normal,
2016-02-18 17:00:00,-0.3,941.9,61.9,300.0,43.0,0,Normal,
2016-02-18 18:00:00,-1.4,942.2,60.6,297.0,55.0,0,Normal,
2016-02-18 19:00:00,-1.1,942.4,74.9,299.0,46.0,0,Normal,
2016-02-18 20:00:00,-1.7,942.5,62.4,298.0,46.0,0,Normal,
2016-02-18 21:00:00,-1.7,943.0,61.9,299.0,48.0,0,Normal,
2016-02-18 22:00:00,-1.7,943.3,59.8,295.0,45.0,0,Normal,
2016-02-18 23:00:00,-1.8,943.3,62.6,298.0,46.0,0,Normal,
2016-02-19 00:00:00,-1.5,943.4,62.6,298.0,44.0,0,Normal,
2016-02-19 01:00:00,-2.0,943.6,62.3,298.0,45.0,0,Normal,
2016-02-19 02:00:00,-1.7,943.9,63.3,298.0,44.0,0,Normal,
2016-02-19 03:00:00,-1.5,944.5,63.3,298.0,44.0,0,Normal,
2016-02-19 04:00:00,-1.4,944.6,63.9,298.0,46.0,0,Normal,
2016-02-19 05:00:00,-1.3,945.0,63.3,298.0,47.0,0,Normal,
2016-02-19 06:00:00,-0.7,945.7,63.3,298.0,48.0,0,Normal,
2016-02-19 07:00:00,0.5,946.3,63.2,299.0,44.0,0,Normal,
2016-02-19 08:00:00,0.6,946.8,63.2,299.0,47.0,0,Normal,
2016-02-19 09:00:00,1.3,947.5,61.5,296.0,46.0,0,Normal,
2016-02-19 10:00:00,1.6,947.8,66.9,299.0,47.0,0,Normal,
2016-02-19 11:00:00,1.6,948.3,63.2,300.0,49.0,0,Normal,
2016-02-19 12:00:00,1.2,949.3,62.6,300.0,55.0,0,Normal,
2016-02-19 13:00:00,1.5,950.2,61.6,301.0,53.0,0,Normal,
2016-02-19 14:00:00,1.4,951.3,63.3,298.0,53.0,0,Normal,
2016-02-19 15:00:00,1.4,951.9,62.6,298.0,53.0,0,Normal,
2016-02-19 16:00:00,1.1,953.1,63.3,298.0,55.0,0,Normal,
2016-02-19 17:00:00,1.2,953.8,62.6,298.0,51.0,0,Normal,
2016-02-19 18:00:00,1.1,954.3,61.9,298.0,48.0,0,Normal,
2016-02-19 19:00:00,1.0,954.6,61.3,298.0,45.0,0,Normal,
2016-02-19 20:00:00,1.1,954.8,61.9,298.0,44.0,0,Normal,
2016-02-19 21:00:00,0.9,955.6,61.9,298.0,47.0,0,Normal,
2016-02-19 22:00:00,0.9,955.7,62.8,299.0,47.0,0,Normal,
2016-02-19 23:00:00,1.1,956.4,61.3,299.0,47.0,0,Normal,
2016-02-20 00:00:00,0.7,957.1,61.7,300.0,51.0,0,Normal,
2016-02-20 01:00:00,0.2,958.2,57.7,306.0,54.0,0,Normal,
2016-02-20 02:00:00,0.1,959.6,60.2,299.0,52.0,0,Normal,
2016-02-20 03:00:00,0.1,960.4,61.9,300.0,52.0,0,Normal,
2016-02-20 04:00:00,0.0,961.5,62.6,300.0,53.0,0,Normal,
2016-02-20 05:00:00,-0.1,962.6,56.1,302.0,52.0,0,Normal,
2016-02-20 06:00:00,-0.1,963.6,62.4,298.0,52.0,0,Normal,
2016-02-20 07:00:00,0.0,964.5,62.6,298.0,50.0,0,Normal,
2016-02-20 08:00:00,0.2,965.2,62.6,298.0,51.0,0,Normal,
2016-02-20 09:00:00,0.3,965.8,63.4,298.0,53.0,0,Normal,
2016-02-20 10:00:00,0.6,966.4,63.1,298.0,50.0,0,Normal,
2016-02-20 11:00:00,1.2,967.0,63.9,298.0,51.0,0,Normal,
2016-02-20 12:00:00,1.1,967.5,63.3,298.0,54.0,0,Normal,
2016-02-20 13:00:00,1.5,967.6,63.9,298.0,54.0,0,Normal,
2016-02-20 14:00:00,2.0,967.8,63.1,298.0,51.0,0,Normal,
2016-02-20 15:00:00,1.9,968.1,63.3,298.0,53.0,0,Normal,
2016-02-20 16:00:00,1.5,968.2,63.3,298.0,57.0,0,Normal,
2016-02-20 17:00:00,1.4,968.5,61.9,298.0,53.0,0,Normal,
2016-02-20 18:00:00,1.1,968.5,60.4,299.0,44.0,0,Normal,
2016-02-20 19:00:00,0.0,968.6,62.5,301.0,45.0,0,Normal,
2016-02-20 20:00:00,-0.6,968.6,62.6,301.0,37.0,0,Normal,
2016-02-20 21:00:00,-0.8,968.8,45.4,293.0,36.0,0,Normal,
2016-02-20 22:00:00,-1.8,968.9,57.9,292.0,37.0,0,Normal,
2016-02-20 23:00:00,-2.1,968.9,63.3,298.0,37.0,0,Normal,
2016-02-21 00:00:00,-2.8,968.6,63.3,298.0,36.0,0,Normal,
2016-02-21 01:00:00,-2.9,968.3,63.3,298.0,37.0,0,Normal,
2016-02-21 02:00:00,-4.0,968.0,61.3,298.0,37.0,0,Normal,
2016-02-21 03:00:00,-4.1,967.7,61.9,298.0,38.0,0,Normal,
2016-02-21 04:00:00,-3.6,967.5,61.3,298.0,36.0,0,Normal,
2016-02-21 05:00:00,-3.6,967.4,61.9,298.0,35.0,0,Normal,
2016-02-21 06:00:00,-3.5,967.2,61.9,299.0,37.0,0,Normal,
2016-02-21 07:00:00,-3.1,967.3,62.6,301.0,39.0,0,Normal,
2016-02-21 08:00:00,-2.0,967.4,62.6,301.0,36.0,0,Normal,
2016-02-21 09:00:00,-1.7,967.1,43.4,287.0,41.0,0,Normal,
2016-02-21 10:00:00,-1.0,966.7,51.2,288.0,38.0,0,Normal,
2016-02-21 11:00:00,-1.0,966.5,61.9,298.0,36.0,0,Normal,
2016-02-21 12:00:00,-0.9,966.1,62.6,298.0,36.0,0,Normal,
2016-02-21 13:00:00,-0.1,966.3,61.9,298.0,38.0,0,Normal,
2016-02-21 14:00:00,-1.4,966.0,63.9,298.0,37.0,0,Normal,
2016-02-21 15:00:00,-1.9,966.0,63.3,298.0,40.0,0,Normal,
2016-02-21 16:00:00,-1.7,965.5,63.3,298.0,38.0,0,Normal,
2016-02-21 17:00:00,-2.6,965.2,63.3,299.0,45.0,0,Normal,
2016-02-21 18:00:00,-2.6,965.0,63.9,298.0,46.0,0,Normal,
2016-02-21 19:00:00,-3.5,964.5,63.6,298.0,50.0,0,Normal,
2016-02-21 20:00:00,-4.6,963.7,63.9,298.0,47.0,0,Normal,
2016-02-21 21:00:00,-4.7,962.7,63.3,301.0,38.0,0,Normal,
2016-02-21 22:00:00,-5.8,961.9,63.3,298.0,37.0,0,Normal,
2016-02-21 23:00:00,-5.9,961.1,61.9,298.0,36.0,0,Normal,
2016-02-22 00:00:00,-6.1,960.2,61.3,298.0,34.0,0,Normal,
2016-02-22 01:00:00,-7.1,959.5,63.2,298.0,37.0,0,Normal,
2016-02-22 02:00:00,-7.2,958.6,53.3,305.0,33.0,0,Normal,
2016-02-22 03:00:00,-6.8,958.2,62.6,298.0,31.0,0,Normal,
2016-02-22 04:00:00,-7.6,957.6,63.9,298.0,37.0,0,Normal,
2016-02-22 05:00:00,-7.5,957.5,63.3,298.0,37.0,0,Normal,
2016-02-22 06:00:00,-7.2,957.6,63.9,298.0,40.0,0,Normal,
2016-02-22 07:00:00,-6.7,957.4,17.2,310.0,43.0,0,Normal,
2016-02-22 08:00:00,-6.4,957.9,63.3,298.0,45.0,0,Normal,
2016-02-22 09:00:00,-5.7,958.7,61.9,298.0,44.0,0,Normal,
2016-02-22 10:00:00,-5.1,959.4,61.9,298.0,38.0,0,Normal,
2016-02-22 11:00:00,-5.0,960.3,61.9,298.0,41.0,0,Normal,
2016-02-22 12:00:00,-4.5,960.6,62.6,298.0,45.0,0,Normal,
2016-02-22 13:00:00,-3.5,961.3,61.3,298.0,46.0,0,Normal,
2016-02-22 14:00:00,-3.6,961.9,61.3,298.0,47.0,0,Normal,
2016-02-22 15:00:00,-3.3,962.7,61.3,298.0,44.0,0,Normal,
2016-02-22 16:00:00,-3.8,963.2,62.2,298.0,48.0,0,Normal,
2016-02-22 17:00:00,-3.8,963.9,61.3,298.0,48.0,0,Normal,
2016-02-22 18:00:00,-3.8,964.7,62.7,301.0,43.0,0,Normal,
2016-02-22 19:00:00,-3.7,967.0,61.9,301.0,46.0,0,Normal,
2016-02-22 20:00:00,-6.1,968.6,61.9,298.0,49.0,0,Normal,
2016-02-22 21:00:00,-6.4,969.3,63.3,298.0,58.0,0,Normal,
2016-02-22 22:00:00,-6.3,970.5,62.6,298.0,60.0,0,Normal,
2016-02-22 23:00:00,-6.0,972.0,65.0,298.0,64.0,0,Normal,
2016-02-23 00:00:00,-4.8,972.2,45.8,301.0,68.0,0,Normal,
2016-02-23 01:00:00,-4.1,973.3,62.6,298.0,67.0,0,Normal,
2016-02-23 02:00:00,-4.0,974.0,61.9,298.0,68.0,0,Normal,
2016-02-23 03:00:00,-3.9,975.3,61.3,298.0,69.0,0,Normal,
2016-02-23 04:00:00,-3.4,975.9,61.3,298.0,61.0,0,Normal,
2016-02-23 05:00:00,-3.0,976.5,60.9,298.0,56.0,0,Normal,
2016-02-23 06:00:00,-2.7,977.0,62.6,301.0,52.0,0,Normal,
2016-02-23 07:00:00,-2.2,977.5,62.6,301.0,51.0,0,Normal,
2016-02-23 08:00:00,-1.6,977.3,60.9,303.0,49.0,0,Normal,
2016-02-23 09:00:00,-1.6,977.5,61.9,298.0,53.0,0,Normal,
2016-02-23 10:00:00,-1.0,977.3,62.6,298.0,52.0,0,Normal,
2016-02-23 11:00:00,-0.5,977.4,61.5,299.0,47.0,0,Normal,
2016-02-23 12:00:00,-0.4,976.8,62.6,298.0,46.0,0,Normal,
2016-02-23 13:00:00,0.1,976.2,63.9,298.0,44.0,0,Normal,
2016-02-23 14:00:00,0.6,975.6,63.9,298.0,38.0,0,Normal,
2016-02-23 15:00:00,0.7,975.1,63.9,298.0,39.0,0,Normal,
2016-02-23 16:00:00,0.8,973.8,63.9,298.0,38.0,0,Normal,
2016-02-23 17:00:00,-0.1,973.3,63.9,298.0,42.0,0,Normal,
2016-02-23 18:00:00,0.7,972.8,63.9,298.0,39.0,0,Normal,
2016-02-23 19:00:00,1.0,972.4,63.3,298.0,42.0,0,Normal,
2016-02-23 20:00:00,0.3,972.0,63.7,298.0,47.0,0,Normal,
2016-02-23 21:00:00,0.1,971.1,58.3,300.0,46.0,0,Normal,
2016-02-23 22:00:00,0.2,970.5,62.6,301.0,43.0,0,Normal,
2016-02-23 23:00:00,0.1,969.7,63.3,301.0,41.0,0,Normal,
2016-02-24 00:00:00,0.3,968.4,48.7,309.0,38.0,0,Normal,
2016-02-24 01:00:00,0.4,967.4,63.3,298.0,36.0,0,Normal,
2016-02-24 02:00:00,0.2,966.7,63.3,298.0,37.0,0,Normal,
2016-02-24 03:00:00,0.0,965.9,62.6,298.0,38.0,0,Normal,
2016-02-24 04:00:00,0.0,965.0,63.3,298.0,39.0,0,Normal,
2016-02-24 05:00:00,-1.0,964.8,62.6,298.0,49.0,0,Normal,
2016-02-24 06:00:00,-0.7,964.3,62.0,298.0,45.0,0,Normal,
2016-02-24 07:00:00,-0.8,963.7,61.3,298.0,47.0,0,Normal,
2016-02-24 08:00:00,-0.2,963.0,61.9,298.0,43.0,0,Normal,
2016-02-24 09:00:00,-0.1,962.6,61.3,298.0,45.0,0,Normal,
2016-02-24 10:00:00,0.1,962.0,61.9,298.0,45.0,0,Normal,
2016-02-24 11:00:00,0.2,961.6,61.9,298.0,46.0,0,Normal,
2016-02-24 12:00:00,0.1,961.7,62.6,298.0,46.0,0,Normal,
2016-02-24 13:00:00,0.0,961.9,61.9,298.0,51.0,0,Normal,
2016-02-24 14:00:00,-0.4,962.0,61.6,301.0,57.0,0,Normal,
2016-02-24 15:00:00,-0.1,961.5,61.9,301.0,57.0,0,Normal,
2016-02-24 16:00:00,-0.2,961.3,52.3,307.0,57.0,0,Normal,
2016-02-24 17:00:00,-0.9,962.0,44.3,321.0,66.0,0,Normal,
2016-02-24 18:00:00,-2.0,962.8,12.9,273.0,81.0,0,Normal,
2016-02-24 19:00:00,-1.4,963.2,62.6,298.0,71.0,0,Normal,
2016-02-24 20:00:00,-1.0,963.4,62.6,298.0,63.0,0,Normal,
2016-02-24 21:00:00,-1.3,963.5,62.6,298.0,61.0,0,Normal,
2016-02-24 22:00:00,-1.2,963.6,63.7,298.0,56.0,0,Normal,
2016-02-24 23:00:00,-1.5,963.6,62.6,298.0,57.0,0,Normal,
2016-02-25 00:00:00,-1.5,963.8,63.8,298.0,53.0,0,Normal,
2016-02-25 01:00:00,-1.4,963.9,63.3,298.0,51.0,0,Normal,
2016-02-25 02:00:00,-1.5,963.4,62.6,298.0,51.0,0,Normal,
2016-02-25 03:00:00,-1.4,962.9,63.3,298.0,50.0,0,Normal,
2016-02-25 04:00:00,-1.3,962.8,63.3,298.0,49.0,0,Normal,
2016-02-25 05:00:00,-1.4,963.2,63.3,298.0,51.0,0,Normal,
2016-02-25 06:00:00,-1.5,964.0,57.4,299.0,53.0,0,Normal,
2016-02-25 07:00:00,-1.2,964.8,63.4,301.0,52.0,0,Normal,
2016-02-25 08:00:00,-0.7,965.6,63.3,301.0,53.0,0,Normal,
2016-02-25 09:00:00,-0.7,966.2,63.2,301.0,54.0,0,Normal,
2016-02-25 10:00:00,-0.8,966.9,40.9,289.0,61.0,0,Normal,
2016-02-25 11:00:00,-2.0,968.6,62.6,298.0,79.0,0,Normal,
2016-02-25 12:00:00,-1.8,969.1,62.6,298.0,79.0,0,Normal,
2016-02-25 13:00:00,-2.0,970.4,63.3,298.0,82.0,0,Normal,
2016-02-25 14:00:00,-2.4,971.5,61.9,298.0,86.0,0,Normal,
2016-02-25 15:00:00,-2.5,972.5,61.9,298.0,79.0,0,Normal,
2016-02-25 16:00:00,-2.5,973.8,61.3,298.0,76.0,0,Normal,
2016-02-25 17:00:00,-2.4,974.8,61.3,298.0,74.0,0,Normal,
2016-02-25 18:00:00,-2.6,975.9,61.3,298.0,73.0,0,Normal,
2016-02-25 19:00:00,-2.6,976.7,61.3,298.0,70.0,0,Normal,
2016-02-25 20:00:00,-2.8,977.7,61.3,298.0,71.0,0,Normal,
2016-02-25 21:00:00,-3.1,978.4,60.1,298.0,71.0,0,Normal,
2016-02-25 22:00:00,-3.1,979.0,61.4,300.0,67.0,0,Normal,
2016-02-25 23:00:00,-2.6,979.6,61.9,301.0,59.0,0,Normal,
2016-02-26 00:00:00,-3.1,980.1,40.9,306.0,64.0,0,Normal,
2016-02-26 01:00:00,-3.0,980.5,39.4,286.0,61.0,0,Normal,
2016-02-26 02:00:00,-3.9,980.5,62.6,298.0,75.0,0,Normal,
2016-02-26 03:00:00,-3.1,980.6,62.4,298.0,60.0,0,Normal,
2016-02-26 04:00:00,-3.1,980.8,63.2,298.0,59.0,0,Normal,
2016-02-26 05:00:00,-2.7,980.9,63.9,298.0,58.0,0,Normal,
2016-02-26 06:00:00,-3.2,980.8,63.9,298.0,57.0,0,Normal,
2016-02-26 07:00:00,-3.1,980.3,63.9,298.0,43.0,0,Normal,
2016-02-26 08:00:00,-3.8,980.1,63.9,298.0,53.0,0,Normal,
2016-02-26 09:00:00,-3.7,980.1,63.9,298.0,49.0,0,Normal,
2016-02-26 10:00:00,-3.8,980.0,63.9,298.0,47.0,0,Normal,
2016-02-26 11:00:00,-3.6,979.8,63.9,298.0,53.0,0,Normal,
2016-02-26 12:00:00,-2.4,979.5,61.9,299.0,40.0,0,Normal,
2016-02-26 13:00:00,-2.5,979.3,61.9,301.0,48.0,0,Normal,
2016-02-26 14:00:00,-2.1,978.9,61.9,301.0,42.0,0,Normal,
2016-02-26 15:00:00,-2.0,978.6,58.0,308.0,45.0,0,Normal,
2016-02-26 16:00:00,-2.0,978.2,61.9,298.0,46.0,0,Normal,
2016-02-26 17:00:00,-2.4,977.8,62.6,298.0,47.0,0,Normal,
2016-02-26 18:00:00,-2.6,977.4,61.9,298.0,44.0,0,Normal,
2016-02-26 19:00:00,-2.9,977.1,63.0,298.0,51.0,0,Normal,
2016-02-26 20:00:00,-3.2,976.9,63.3,298.0,53.0,0,Normal,
2016-02-26 21:00:00,-4.1,976.6,63.9,298.0,47.0,0,Normal,
2016-02-26 22:00:00,-4.0,976.4,63.9,298.0,43.0,0,Normal,
2016-02-26 23:00:00,-4.3,976.2,62.6,301.0,42.0,0,Normal,
2016-02-27 00:00:00,-4.9,976.0,62.6,298.0,41.0,0,Normal,
2016-02-27 01:00:00,-5.2,975.9,61.3,298.0,40.0,0,Normal,
2016-02-27 02:00:00,-5.2,975.5,61.3,298.0,39.0,0,Normal,
2016-02-27 03:00:00,-5.2,975.2,61.3,298.0,41.0,0,Normal,
2016-02-27 04:00:00,-5.4,975.2,62.6,301.0,41.0,0,Normal,
2016-02-27 05:00:00,-5.2,974.8,61.9,298.0,44.0,0,Normal,
2016-02-27 06:00:00,-4.9,974.7,63.3,298.0,48.0,0,Normal,
2016-02-27 07:00:00,-4.4,974.4,63.9,298.0,46.0,0,Normal,
2016-02-27 08:00:00,-3.8,974.0,63.9,298.0,45.0,0,Normal,
2016-02-27 09:00:00,-3.6,973.9,63.3,298.0,45.0,0,Normal,
2016-02-27 10:00:00,-3.3,973.2,62.2,300.0,43.0,0,Normal,
2016-02-27 11:00:00,-2.1,972.5,63.3,301.0,42.0,0,Normal,
2016-02-27 12:00:00,-1.1,971.6,56.2,302.0,32.0,0,Normal,
2016-02-27 13:00:00,-0.8,970.8,40.7,284.0,41.0,0,Normal,
2016-02-27 14:00:00,-1.0,970.1,63.0,298.0,40.0,0,Normal,
2016-02-27 15:00:00,-1.2,968.8,62.6,298.0,41.0,0,Normal,
2016-02-27 16:00:00,-1.7,968.2,62.6,298.0,42.0,0,Normal,
2016-02-27 17:00:00,-1.1,967.8,62.5,298.0,41.0,0,Normal,
2016-02-27 18:00:00,-1.4,967.0,61.4,298.0,41.0,0,Normal,
2016-02-27 19:00:00,-1.7,966.6,61.3,298.0,39.0,0,Normal,
2016-02-27 20:00:00,-2.1,966.1,60.9,298.0,39.0,0,Normal,
2016-02-27 21:00:00,-2.2,965.7,61.3,298.0,48.0,0,Normal,
2016-02-27 22:00:00,-2.5,964.5,61.9,298.0,54.0,0,Normal,
2016-02-27 23:00:00,-2.8,964.1,61.9,298.0,63.0,0,Normal,
2016-02-28 00:00:00,-2.1,963.0,61.9,298.0,53.0,0,Normal,
2016-02-28 01:00:00,-1.9,962.5,62.0,298.0,54.0,0,Normal,
2016-02-28 02:00:00,-2.1,962.1,62.5,299.0,52.0,0,Normal,
2016-02-28 03:00:00,-2.2,961.8,61.9,301.0,50.0,0,Normal,
2016-02-28 04:00:00,-2.4,961.6,62.6,301.0,54.0,0,Normal,
2016-02-28 05:00:00,-2.5,961.5,59.5,300.0,56.0,0,Normal,
2016-02-28 06:00:00,-2.6,961.5,61.9,298.0,57.0,0,Normal,
2016-02-28 07:00:00,-2.6,961.9,62.6,298.0,60.0,0,Normal,
2016-02-28 08:00:00,-2.3,962.1,62.2,298.0,54.0,0,Normal,
2016-02-28 09:00:00,-2.1,962.2,62.6,298.0,52.0,0,Normal,
2016-02-28 10:00:00,-2.0,962.1,63.3,299.0,53.0,0,Normal,
2016-02-28 11:00:00,-2.1,962.0,63.3,298.0,55.0,0,Normal,
2016-02-28 12:00:00,-1.8,962.2,63.3,298.0,52.0,0,Normal,
2016-02-28 13:00:00,-1.5,962.8,63.9,298.0,50.0,0,Normal,
2016-02-28 14:00:00,-1.5,963.4,63.9,298.0,51.0,0,Normal,
2016-02-28 15:00:00,-2.0,963.5,63.9,298.0,56.0,0,Normal,
2016-02-28 16:00:00,-1.8,963.6,63.3,298.0,54.0,0,Normal,
2016-02-28 17:00:00,-1.6,963.3,69.5,299.0,53.0,0,Normal,
2016-02-28 18:00:00,-1.5,963.4,65.1,300.0,50.0,0,Normal,
2016-02-28 19:00:00,-1.8,963.8,63.3,301.0,52.0,0,Normal,
2016-02-28 20:00:00,-1.8,963.6,63.3,301.0,52.0,0,Normal,
2016-02-28 21:00:00,-1.6,963.9,29.2,298.0,52.0,0,Normal,
2016-02-28 22:00:00,-1.5,963.7,63.3,298.0,50.0,0,Normal,
2016-02-28 23:00:00,-1.4,963.4,63.3,298.0,50.0,0,Normal,
2016-02-29 00:00:00,-1.5,963.2,62.6,298.0,51.0,0,Normal,
2016-02-29 01:00:00,-1.4,963.5,62.6,298.0,50.0,0,Normal,
2016-02-29 02:00:00,-1.6,963.6,61.3,298.0,52.0,0,Normal,
2016-02-29 03:00:00,-1.8,964.0,61.9,298.0,55.0,0,Normal,
2016-02-29 04:00:00,-1.4,963.4,61.9,298.0,50.0,0,Normal,
2016-02-29 05:00:00,-1.5,963.3,61.9,298.0,52.0,0,Normal,
2016-02-29 06:00:00,-1.3,963.4,61.3,298.0,49.0,0,Normal,
2016-02-29 07:00:00,-1.1,964.0,61.3,298.0,50.0,0,Normal,
2016-02-29 08:00:00,-1.1,964.6,61.3,298.0,53.0,0,Normal,
2016-02-29 09:00:00,-0.8,964.6,58.9,298.0,50.0,0,Normal,
2016-02-29 10:00:00,-0.3,964.1,63.2,300.0,47.0,0,Normal,
2016-02-29 11:00:00,0.4,963.8,61.9,301.0,43.0,0,Normal,
2016-02-29 12:00:00,0.4,964.0,60.8,300.0,43.0,0,Normal,
2016-02-29 13:00:00,0.7,963.8,24.7,290.0,46.0,0,Normal,
2016-02-29 14:00:00,1.0,963.8,63.1,298.0,48.0,0,Normal,
2016-02-29 15:00:00,0.3,963.5,62.6,298.0,51.0,0,Normal,
2016-02-29 16:00:00,0.0,963.7,62.6,299.0,50.0,0,Normal,
2016-02-29 17:00:00,-0.4,963.9,54.0,303.0,53.0,0,Normal,
2016-02-29 18:00:00,-0.1,963.8,63.3,298.0,44.0,0,Normal,
2016-02-29 19:00:00,-0.4,964.4,63.9,298.0,49.0,0,Normal,
2016-02-29 20:00:00,-0.5,964.0,63.9,298.0,46.0,0,Normal,
2016-02-29 21:00:00,-0.8,964.0,63.9,298.0,51.0,0,Normal,
2016-02-29 22:00:00,-0.7,963.9,63.9,298.0,49.0,0,Normal,
2016-02-29 23:00:00,-0.5,963.9,63.9,298.0,47.0,0,Normal,
2016-03-01 00:00:00,-0.5,963.7,63.9,298.0,47.0,0,Normal,
2016-03-01 01:00:00,-0.6,963.7,60.4,299.0,51.0,0,Normal,
2016-03-01 02:00:00,-0.4,963.9,63.0,300.0,49.0,0,Normal,
2016-03-01 03:00:00,-0.4,963.9,63.2,300.0,46.0,0,Normal,
2016-03-01 04:00:00,-0.8,964.4,62.3,299.0,50.0,0,Normal,
2016-03-01 05:00:00,-0.7,964.6,62.5,293.0,47.0,0,Normal,
2016-03-01 06:00:00,-0.4,964.9,62.4,299.0,44.0,0,Normal,
2016-03-01 07:00:00,-0.3,965.0,63.2,299.0,44.0,0,Normal,
2016-03-01 08:00:00,0.0,965.3,54.9,304.0,44.0,0,Normal,
2016-03-01 09:00:00,0.0,965.3,61.6,295.0,45.0,0,Normal,
2016-03-01 10:00:00,0.6,965.4,61.9,298.0,45.0,0,Normal,
2016-03-01 11:00:00,0.8,965.0,62.6,298.0,45.0,0,Normal,
2016-03-01 12:00:00,1.2,965.2,62.6,298.0,46.0,0,Normal,
2016-03-01 13:00:00,1.3,965.5,61.9,298.0,46.0,0,Normal,
2016-03-01 14:00:00,1.5,965.5,61.3,298.0,48.0,0,Normal,
2016-03-01 15:00:00,0.9,965.7,63.3,298.0,50.0,0,Normal,
2016-03-01 16:00:00,0.4,965.9,63.3,298.0,47.0,0,Normal,
2016-03-01 17:00:00,-0.3,965.7,61.8,299.0,52.0,0,Normal,
2016-03-01 18:00:00,-0.8,966.1,63.2,300.0,55.0,0,Normal,
2016-03-01 19:00:00,-0.8,965.8,61.8,300.0,45.0,0,Normal,
2016-03-01 20:00:00,-1.3,965.7,57.7,302.0,48.0,0,Normal,
2016-03-01 21:00:00,-2.4,965.2,63.7,299.0,59.0,0,Normal,
2016-03-01 22:00:00,-2.2,964.6,63.2,299.0,52.0,0,Normal,
2016-03-01 23:00:00,-2.6,964.1,63.2,299.0,53.0,0,Normal,
2016-03-02 00:00:00,-3.1,963.5,59.5,301.0,54.0,0,Normal,
2016-03-02 01:00:00,-2.4,963.3,61.9,298.0,46.0,0,Normal,
2016-03-02 02:00:00,-2.4,963.1,61.9,298.0,47.0,0,Normal,
2016-03-02 03:00:00,-1.8,962.8,61.9,298.0,50.0,0,Normal,
2016-03-02 04:00:00,-2.1,962.6,62.5,298.0,53.0,0,Normal,
2016-03-02 05:00:00,-2.3,962.2,61.9,298.0,52.0,0,Normal,
2016-03-02 06:00:00,-2.4,961.7,62.6,298.0,51.0,0,Normal,
2016-03-02 07:00:00,-2.5,961.5,61.9,298.0,48.0,0,Normal,
2016-03-02 08:00:00,-2.4,960.8,61.6,298.0,46.0,0,Normal,
2016-03-02 09:00:00,-3.0,960.3,62.4,299.0,50.0,0,Normal,
2016-03-02 10:00:00,-1.9,959.8,61.9,299.0,49.0,0,Normal,
2016-03-02 11:00:00,-1.7,959.0,61.9,299.0,36.0,0,Normal,
2016-03-02 12:00:00,-1.4,958.6,61.7,300.0,45.0,0,Normal,
2016-03-02 13:00:00,-1.2,958.1,51.9,297.0,46.0,0,Normal,
2016-03-02 14:00:00,-1.4,957.5,62.1,297.0,44.0,0,Normal,
2016-03-02 15:00:00,-1.5,956.8,61.9,300.0,46.0,0,Normal,
2016-03-02 16:00:00,-1.6,956.1,59.1,303.0,50.0,0,Normal,
2016-03-02 17:00:00,-2.4,955.7,36.7,294.0,55.0,0,Normal,
2016-03-02 18:00:00,-5.3,955.2,62.6,298.0,55.0,0,Normal,
2016-03-02 19:00:00,-5.5,955.0,63.5,298.0,55.0,0,Normal,
2016-03-02 20:00:00,-5.8,954.7,63.9,298.0,54.0,0,Normal,
2016-03-02 21:00:00,-6.1,954.7,50.2,297.0,53.0,0,Normal,
2016-03-02 22:00:00,-6.2,954.4,62.6,300.0,49.0,0,Normal,
2016-03-02 23:00:00,-7.0,954.2,62.6,298.0,47.0,0,Normal,
2016-03-03 00:00:00,-6.4,954.5,62.9,298.0,52.0,0,Normal,
2016-03-03 01:00:00,-8.1,954.6,58.5,298.0,52.0,0,Normal,
2016-03-03 02:00:00,-8.3,954.9,61.9,298.0,62.0,0,Normal,
2016-03-03 03:00:00,-8.6,954.8,62.6,300.0,66.0,0,Normal,
2016-03-03 04:00:00,-8.0,954.5,62.6,298.0,55.0,0,Normal,
2016-03-03 05:00:00,-8.0,954.3,62.6,298.0,47.0,0,Normal,
2016-03-03 06:00:00,-7.5,954.9,62.6,298.0,53.0,0,Normal,
2016-03-03 07:00:00,-8.0,955.3,57.9,292.0,52.0,0,Normal,
2016-03-03 08:00:00,-7.6,955.7,62.6,300.0,51.0,0,Normal,
2016-03-03 09:00:00,-5.4,956.0,56.9,293.0,47.0,0,Normal,
2016-03-03 10:00:00,-3.4,956.3,29.7,276.0,44.0,0,Normal,
2016-03-03 11:00:00,-3.2,956.7,62.6,298.0,47.0,0,Normal,
2016-03-03 12:00:00,-4.2,957.3,62.6,298.0,54.0,0,Normal,
2016-03-03 13:00:00,-2.6,957.6,62.6,298.0,34.0,0,Normal,
2016-03-03 14:00:00,-2.3,958.1,62.7,298.0,30.0,0,Normal,
2016-03-03 15:00:00,-3.0,958.4,61.3,298.0,35.0,0,Normal,
2016-03-03 16:00:00,-3.6,958.6,61.9,298.0,38.0,0,Normal,
2016-03-03 17:00:00,-4.0,959.0,61.7,298.0,34.0,0,Normal,
2016-03-03 18:00:00,-5.7,959.6,62.6,298.0,46.0,0,Normal,
2016-03-03 19:00:00,-6.7,960.1,61.3,298.0,49.0,0,Normal,
2016-03-03 20:00:00,-7.6,960.3,62.6,301.0,49.0,0,Normal,
2016-03-03 21:00:00,-8.1,960.3,61.9,298.0,47.0,0,Normal,
2016-03-03 22:00:00,-8.7,960.4,63.2,298.0,47.0,0,Normal,
2016-03-03 23:00:00,-9.1,960.5,63.2,298.0,47.0,0,Normal,
2016-03-04 00:00:00,-9.2,960.8,63.2,298.0,47.0,0,Normal,
2016-03-04 01:00:00,-9.3,961.3,63.2,301.0,47.0,0,Normal,
2016-03-04 02:00:00,-9.7,961.6,63.2,298.0,50.0,0,Normal,
2016-03-04 03:00:00,-8.7,961.8,61.8,298.0,43.0,0,Normal,
2016-03-04 04:00:00,-8.8,961.9,61.9,298.0,43.0,0,Normal,
2016-03-04 05:00:00,-8.3,962.8,61.8,298.0,48.0,0,Normal,
2016-03-04 06:00:00,-10.0,963.6,50.8,299.0,56.0,0,Normal,
2016-03-04 07:00:00,-7.4,963.9,61.9,298.0,36.0,0,Normal,
2016-03-04 08:00:00,-6.6,964.5,63.9,298.0,35.0,0,Normal,
2016-03-04 09:00:00,-5.8,964.7,63.9,298.0,27.0,0,Normal,
2016-03-04 10:00:00,-5.4,964.7,63.3,298.0,31.0,0,Normal,
2016-03-04 11:00:00,-4.7,965.0,62.6,298.0,32.0,0,Normal,
2016-03-04 12:00:00,-4.1,965.3,63.3,298.0,32.0,0,Normal,
2016-03-04 13:00:00,-4.3,965.4,63.9,298.0,32.0,0,Normal,
2016-03-04 14:00:00,-3.2,964.9,64.7,298.0,31.0,0,Normal,
2016-03-04 15:00:00,-3.9,965.0,62.1,300.0,41.0,0,Normal,
2016-03-04 16:00:00,-5.4,965.4,62.7,300.0,48.0,0,Normal,
2016-03-04 17:00:00,-5.3,965.4,63.3,301.0,37.0,0,Normal,
2016-03-04 18:00:00,-6.9,965.7,27.7,282.0,50.0,0,Normal,
2016-03-04 19:00:00,-7.1,965.9,63.3,298.0,38.0,0,Normal,
2016-03-04 20:00:00,-6.8,966.5,62.3,298.0,38.0,0,Normal,
2016-03-04 21:00:00,-6.7,966.4,62.6,298.0,35.0,0,Normal,
2016-03-04 22:00:00,-7.0,967.0,61.9,301.0,35.0,0,Normal,
2016-03-04 23:00:00,-6.9,967.2,61.9,298.0,31.0,0,Normal,
2016-03-05 00:00:00,-7.1,967.4,62.6,298.0,32.0,0,Normal,
2016-03-05 01:00:00,-7.5,967.3,63.9,298.0,32.0,0,Normal,
2016-03-05 02:00:00,-7.7,967.3,63.3,298.0,33.0,0,Normal,
2016-03-05 03:00:00,-7.8,967.5,62.6,301.0,30.0,0,Normal,
2016-03-05 04:00:00,-8.2,967.5,62.8,298.0,31.0,0,Normal,
2016-03-05 05:00:00,-8.2,967.6,61.9,298.0,29.0,0,Normal,
2016-03-05 06:00:00,-7.8,967.7,61.3,298.0,28.0,0,Normal,
2016-03-05 07:00:00,-8.5,967.6,63.4,298.0,41.0,0,Normal,
2016-03-05 08:00:00,-5.8,967.8,62.6,301.0,27.0,0,Normal,
2016-03-05 09:00:00,-6.6,967.9,29.9,283.0,35.0,0,Normal,
2016-03-05 10:00:00,-5.4,968.0,62.6,298.0,32.0,0,Normal,
2016-03-05 11:00:00,-5.7,967.7,61.9,298.0,36.0,0,Normal,
2016-03-05 12:00:00,-4.4,968.1,62.6,298.0,31.0,0,Normal,
2016-03-05 13:00:00,-4.7,967.7,63.2,298.0,31.0,0,Normal,
2016-03-05 14:00:00,-4.6,967.3,62.6,298.0,25.0,0,Normal,
2016-03-05 15:00:00,-6.0,967.0,62.6,298.0,41.0,0,Normal,
2016-03-05 16:00:00,-6.2,966.8,63.3,298.0,36.0,0,Normal,
2016-03-05 17:00:00,-6.7,966.8,63.3,298.0,41.0,0,Normal,
2016-03-05 18:00:00,-7.5,967.0,63.3,298.0,43.0,0,Normal,
2016-03-05 19:00:00,-9.7,966.8,73.1,299.0,47.0,0,Normal,
2016-03-05 20:00:00,-10.8,966.6,33.0,298.0,44.0,0,Normal,
2016-03-05 21:00:00,-8.6,966.7,63.2,298.0,38.0,0,Normal,
2016-03-05 22:00:00,-9.4,966.5,61.9,298.0,38.0,0,Normal,
2016-03-05 23:00:00,-8.6,966.2,61.9,298.0,33.0,0,Normal,
2016-03-06 00:00:00,-10.0,965.9,58.7,300.0,39.0,0,Normal,
2016-03-06 01:00:00,-11.0,965.5,13.9,304.0,39.0,0,Normal,
2016-03-06 02:00:00,-9.3,965.4,62.6,298.0,36.0,0,Normal,
2016-03-06 03:00:00,-11.8,964.8,63.2,298.0,44.0,0,Normal,
2016-03-06 04:00:00,-12.2,965.0,63.2,298.0,53.0,0,Normal,
2016-03-06 05:00:00,-11.7,964.6,62.6,301.0,46.0,0,Normal,
2016-03-06 06:00:00,-11.1,964.3,62.6,298.0,50.0,0,Normal,
2016-03-06 07:00:00,-9.6,963.9,62.5,298.0,39.0,0,Normal,
2016-03-06 08:00:00,-9.0,963.1,61.9,298.0,42.0,0,Normal,
2016-03-06 09:00:00,-9.6,963.0,62.6,298.0,50.0,0,Normal,
2016-03-06 10:00:00,-8.9,962.8,60.4,299.0,40.0,0,Normal,
2016-03-06 11:00:00,-8.7,962.5,62.6,301.0,41.0,0,Normal,
2016-03-06 12:00:00,-6.1,962.0,62.2,301.0,32.0,0,Normal,
2016-03-06 13:00:00,-6.4,961.3,49.4,295.0,32.0,0,Normal,
2016-03-06 14:00:00,-6.2,960.9,61.1,295.0,34.0,0,Normal,
2016-03-06 15:00:00,-6.7,960.2,62.6,298.0,41.0,0,Normal,
2016-03-06 16:00:00,-6.3,960.0,61.9,298.0,27.0,0,Normal,
2016-03-06 17:00:00,-6.6,959.8,62.6,298.0,24.0,0,Normal,
2016-03-06 18:00:00,-7.7,959.7,62.6,298.0,44.0,0,Normal,
2016-03-06 19:00:00,-9.7,959.7,63.2,298.0,46.0,0,Normal,
2016-03-06 20:00:00,-11.0,959.5,62.6,298.0,46.0,0,Normal,
2016-03-06 21:00:00,-12.0,959.6,63.2,301.0,46.0,0,Normal,
2016-03-06 22:00:00,-11.6,959.9,62.6,298.0,55.0,0,Normal,
2016-03-06 23:00:00,-10.4,959.8,62.6,298.0,39.0,0,Normal,
2016-03-07 00:00:00,-10.8,959.7,61.3,298.0,42.0,0,Normal,
2016-03-07 01:00:00,-10.0,959.8,61.9,298.0,38.0,0,Normal,
2016-03-07 02:00:00,-11.5,959.8,62.6,301.0,48.0,0,Normal,
2016-03-07 03:00:00,-9.9,959.5,62.6,298.0,34.0,0,Normal,
2016-03-07 04:00:00,-9.7,959.3,63.9,298.0,30.0,0,Normal,
2016-03-07 05:00:00,-9.8,959.3,63.2,298.0,34.0,0,Normal,
2016-03-07 06:00:00,-9.4,959.5,65.8,298.0,33.0,0,Normal,
2016-03-07 07:00:00,-9.0,960.2,49.9,308.0,33.0,0,Normal,
2016-03-07 08:00:00,-9.1,960.7,62.6,298.0,37.0,0,Normal,
2016-03-07 09:00:00,-8.4,961.2,62.6,298.0,34.0,0,Normal,
2016-03-07 10:00:00,-8.2,961.0,61.9,298.0,38.0,0,Normal,
2016-03-07 11:00:00,-7.5,960.7,56.2,299.0,40.0,0,Normal,
2016-03-07 12:00:00,-7.2,960.9,40.7,307.0,42.0,0,Normal,
2016-03-07 13:00:00,-8.2,961.6,62.6,298.0,40.0,0,Normal,
2016-03-07 14:00:00,-7.8,961.9,63.2,298.0,40.0,0,Normal,
2016-03-07 15:00:00,-7.4,961.5,63.3,298.0,38.0,0,Normal,
2016-03-07 16:00:00,-7.2,961.1,63.2,301.0,37.0,0,Normal,
2016-03-07 17:00:00,-7.5,961.0,62.6,298.0,40.0,0,Normal,
2016-03-07 18:00:00,-7.7,961.2,62.6,298.0,36.0,0,Normal,
2016-03-07 19:00:00,-8.0,961.9,61.9,298.0,44.0,0,Normal,
2016-03-07 20:00:00,-8.0,962.2,61.9,298.0,41.0,0,Normal,
2016-03-07 21:00:00,-8.6,962.0,61.9,301.0,41.0,0,Normal,
2016-03-07 22:00:00,-7.7,961.7,51.3,287.0,32.0,0,Normal,
2016-03-07 23:00:00,-7.8,962.6,62.6,298.0,32.0,0,Normal,
2016-03-08 00:00:00,-8.9,963.0,63.2,298.0,35.0,0,Normal,
2016-03-08 01:00:00,-8.8,963.8,63.9,298.0,34.0,0,Normal,
2016-03-08 02:00:00,-9.4,964.1,63.2,301.0,36.0,0,Normal,
2016-03-08 03:00:00,-9.3,964.4,63.2,298.0,32.0,0,Normal,
2016-03-08 04:00:00,-9.8,964.4,61.9,298.0,34.0,0,Normal,
2016-03-08 05:00:00,-9.3,965.3,61.9,298.0,31.0,0,Normal,
2016-03-08 06:00:00,-8.6,965.9,61.3,298.0,30.0,0,Normal,
2016-03-08 07:00:00,-8.6,966.6,39.2,295.0,34.0,0,Normal,
2016-03-08 08:00:00,-7.1,967.1,62.0,299.0,37.0,0,Normal,
2016-03-08 09:00:00,-6.3,967.8,63.3,298.0,33.0,0,Normal,
2016-03-08 10:00:00,-5.9,967.9,63.3,298.0,37.0,0,Normal,
2016-03-08 11:00:00,-5.2,968.4,62.8,299.0,33.0,0,Normal,
2016-03-08 12:00:00,-4.0,968.8,62.6,298.0,33.0,0,Normal,
2016-03-08 13:00:00,-4.4,969.0,63.3,298.0,32.0,0,Normal,
2016-03-08 14:00:00,-5.0,969.2,63.3,298.0,35.0,0,Normal,
2016-03-08 15:00:00,-5.4,969.7,63.9,298.0,40.0,0,Normal,
2016-03-08 16:00:00,-5.8,969.8,63.3,298.0,43.0,0,Normal,
2016-03-08 17:00:00,-6.4,969.7,62.6,301.0,44.0,0,Normal,
2016-03-08 18:00:00,-6.9,970.1,63.2,298.0,44.0,0,Normal,
2016-03-08 19:00:00,-7.2,970.2,61.9,298.0,40.0,0,Normal,
2016-03-08 20:00:00,-8.2,970.2,61.3,298.0,45.0,0,Normal,
2016-03-08 21:00:00,-8.5,970.0,62.0,298.0,42.0,0,Normal,
2016-03-08 22:00:00,-8.0,969.8,61.0,303.0,36.0,0,Normal,
2016-03-08 23:00:00,-8.3,969.8,62.6,298.0,37.0,0,Normal,
2016-03-09 00:00:00,-8.3,969.1,63.2,298.0,34.0,0,Normal,
2016-03-09 01:00:00,-8.0,968.7,63.9,298.0,33.0,0,Normal,
2016-03-09 02:00:00,-7.9,968.2,58.2,299.0,34.0,0,Normal,
2016-03-09 03:00:00,-7.2,967.7,26.4,327.0,30.0,0,Normal,
2016-03-09 04:00:00,-7.5,967.4,63.3,298.0,35.0,0,Normal,
2016-03-09 05:00:00,-7.3,967.2,61.3,298.0,34.0,0,Normal,
2016-03-09 06:00:00,-6.8,966.8,61.3,298.0,33.0,0,Normal,
2016-03-09 07:00:00,-6.3,966.6,61.9,301.0,32.0,0,Normal,
2016-03-09 08:00:00,-5.4,965.8,35.9,307.0,31.0,0,Normal,
2016-03-09 09:00:00,-5.3,965.2,63.2,298.0,34.0,0,Normal,
2016-03-09 10:00:00,-5.1,964.6,63.9,298.0,33.0,0,Normal,
2016-03-09 11:00:00,-5.0,963.9,63.9,298.0,36.0,0,Normal,
2016-03-09 12:00:00,-4.6,963.1,63.3,301.0,34.0,0,Normal,
2016-03-09 13:00:00,-4.5,962.3,61.9,298.0,37.0,0,Normal,
2016-03-09 14:00:00,-4.4,962.0,63.9,298.0,40.0,0,Normal,
2016-03-09 15:00:00,-6.6,962.3,63.3,298.0,85.0,0,Normal,
2016-03-09 16:00:00,-6.9,961.2,73.3,299.0,93.0,0,Normal,
2016-03-09 17:00:00,-6.9,960.5,33.3,317.0,93.0,0,Normal,
2016-03-09 18:00:00,-6.9,960.4,63.2,298.0,93.0,0,Normal,
2016-03-09 19:00:00,-6.8,960.1,61.2,298.0,93.0,0,Normal,
2016-03-09 20:00:00,-6.7,959.3,61.3,298.0,94.0,0,Normal,
2016-03-09 21:00:00,-6.6,958.8,61.9,301.0,94.0,0,Normal,
2016-03-09 22:00:00,-6.5,958.8,61.9,298.0,94.0,0,Normal,
2016-03-09 23:00:00,-6.2,959.1,63.3,298.0,94.0,0,Normal,
2016-03-10 00:00:00,-6.0,958.7,63.3,298.0,94.0,0,Normal,
2016-03-10 01:00:00,-5.9,958.9,63.4,299.0,94.0,0,Normal,
2016-03-10 02:00:00,-5.7,958.9,58.7,295.0,94.0,0,Normal,
2016-03-10 03:00:00,-5.7,958.8,63.3,298.0,94.0,0,Normal,
2016-03-10 04:00:00,-5.7,958.9,62.6,298.0,94.0,0,Normal,
2016-03-10 05:00:00,-5.8,959.2,61.3,298.0,95.0,0,Normal,
2016-03-10 06:00:00,-5.8,959.5,61.9,301.0,94.0,0,Normal,
2016-03-10 07:00:00,-5.7,959.4,62.6,298.0,95.0,0,Normal,
2016-03-10 08:00:00,-5.6,959.6,63.3,298.0,95.0,0,Normal,
2016-03-10 09:00:00,-5.4,959.4,63.3,298.0,95.0,0,Normal,
2016-03-10 10:00:00,-5.4,959.5,60.2,298.0,95.0,0,Normal,
2016-03-10 11:00:00,-5.4,959.9,62.6,301.0,95.0,0,Normal,
2016-03-10 12:00:00,-5.4,959.9,62.6,298.0,95.0,0,Normal,
2016-03-10 13:00:00,-5.2,960.0,61.9,298.0,95.0,0,Normal,
2016-03-10 14:00:00,-5.1,959.9,61.3,298.0,95.0,0,Normal,
2016-03-10 15:00:00,-4.9,959.8,63.3,299.0,95.0,0,Normal,
2016-03-10 16:00:00,-4.8,959.7,62.0,298.0,95.0,0,Normal,
2016-03-10 17:00:00,-4.7,959.8,63.3,298.0,96.0,0,Normal,
2016-03-10 18:00:00,-4.7,959.9,63.9,298.0,96.0,0,Normal,
2016-03-10 19:00:00,-4.6,959.8,63.9,298.0,96.0,0,Normal,
2016-03-10 20:00:00,-4.5,960.1,55.2,305.0,96.0,0,Normal,
2016-03-10 21:00:00,-4.4,960.4,62.6,298.0,96.0,0,Normal,
2016-03-10 22:00:00,-4.4,960.7,62.6,298.0,96.0,0,Normal,
2016-03-10 23:00:00,-4.4,961.0,62.6,298.0,96.0,0,Normal,
2016-03-11 00:00:00,-4.5,961.7,61.7,300.0,96.0,0,Normal,
2016-03-11 01:00:00,-4.5,961.9,61.4,296.0,96.0,0,Normal,
2016-03-11 02:00:00,-4.5,962.5,62.6,298.0,96.0,0,Normal,
2016-03-11 03:00:00,-4.4,962.8,62.9,298.0,96.0,0,Normal,
2016-03-11 04:00:00,-4.5,963.3,62.6,298.0,96.0,0,Normal,
2016-03-11 05:00:00,-4.3,964.5,63.9,298.0,96.0,0,Normal,
2016-03-11 06:00:00,-4.1,964.0,63.2,298.0,96.0,0,Normal,
2016-03-11 07:00:00,-4.1,964.3,63.3,298.0,96.0,0,Normal,
2016-03-11 08:00:00,-4.1,965.3,63.9,298.0,96.0,0,Normal,
2016-03-11 09:00:00,-3.9,966.0,63.3,298.0,96.0,0,Normal,
2016-03-11 10:00:00,-3.6,966.4,63.9,298.0,96.0,0,Normal,
2016-03-11 11:00:00,-3.2,966.9,54.7,299.0,97.0,0,Normal,
2016-03-11 12:00:00,-2.9,967.1,62.7,301.0,97.0,0,Normal,
2016-03-11 13:00:00,-2.7,967.0,62.6,301.0,97.0,0,Normal,
2016-03-11 14:00:00,-2.6,966.8,63.3,301.0,97.0,0,Normal,
2016-03-11 15:00:00,-2.6,966.3,40.4,279.0,97.0,0,Normal,
2016-03-11 16:00:00,-2.8,966.2,63.3,298.0,97.0,0,Normal,
2016-03-11 17:00:00,-3.3,965.7,63.3,298.0,96.0,0,Normal,
2016-03-11 18:00:00,-3.3,965.4,62.6,298.0,96.0,0,Normal,
2016-03-11 19:00:00,-3.6,964.6,61.9,298.0,96.0,0,Normal,
2016-03-11 20:00:00,-3.6,964.4,61.3,298.0,96.0,0,Normal,
2016-03-11 21:00:00,-3.5,964.0,61.9,298.0,95.0,0,Normal,
2016-03-11 22:00:00,-3.5,963.9,61.9,298.0,95.0,0,Normal,
2016-03-11 23:00:00,-3.7,963.9,61.3,298.0,95.0,0,Normal,
2016-03-12 00:00:00,-3.6,963.3,61.9,298.0,95.0,0,Normal,
2016-03-12 01:00:00,-3.3,962.5,61.3,298.0,95.0,0,Normal,
2016-03-12 02:00:00,-3.2,962.2,61.9,298.0,95.0,0,Normal,
2016-03-12 03:00:00,-3.3,961.8,66.8,299.0,95.0,0,Normal,
2016-03-12 04:00:00,-3.9,961.5,61.9,300.0,94.0,0,Normal,
2016-03-12 05:00:00,-3.5,960.9,61.3,300.0,94.0,0,Normal,
2016-03-12 06:00:00,-3.8,961.2,52.1,300.0,94.0,0,Normal,
2016-03-12 07:00:00,-3.9,961.3,60.9,302.0,93.0,0,Normal,
2016-03-12 08:00:00,-3.7,960.6,62.4,299.0,93.0,0,Normal,
2016-03-12 09:00:00,-3.5,961.5,62.6,299.0,92.0,0,Normal,
2016-03-12 10:00:00,-3.3,962.2,59.3,301.0,91.0,0,Normal,
2016-03-12 11:00:00,-3.6,962.4,62.8,295.0,92.0,0,Normal,
2016-03-12 12:00:00,-3.5,962.0,62.6,298.0,92.0,0,Normal,
2016-03-12 13:00:00,-3.3,962.5,63.3,298.0,91.0,0,Normal,
2016-03-12 14:00:00,-3.6,962.3,63.9,298.0,89.0,0,Normal,
2016-03-12 15:00:00,-3.9,962.6,63.3,298.0,89.0,0,Normal,
2016-03-12 16:00:00,-4.1,962.7,63.9,298.0,88.0,0,Normal,
2016-03-12 17:00:00,-4.1,962.6,62.6,298.0,87.0,0,Normal,
2016-03-12 18:00:00,-4.3,962.8,64.4,298.0,87.0,0,Normal,
2016-03-12 19:00:00,-4.4,962.7,64.2,299.0,83.0,0,Normal,
2016-03-12 20:00:00,-4.5,962.8,62.6,300.0,82.0,0,Normal,
2016-03-12 21:00:00,-4.1,962.5,51.4,305.0,77.0,0,Normal,
2016-03-12 22:00:00,-4.1,962.7,30.4,296.0,76.0,0,Normal,
2016-03-12 23:00:00,-4.0,962.4,61.2,299.0,72.0,0,Normal,
2016-03-13 00:00:00,-3.6,962.4,62.6,299.0,67.0,0,Normal,
2016-03-13 01:00:00,-3.8,961.9,62.6,299.0,64.0,0,Normal,
2016-03-13 02:00:00,-3.9,961.3,43.2,303.0,61.0,0,Normal,
2016-03-13 03:00:00,-3.2,961.5,61.9,298.0,56.0,0,Normal,
2016-03-13 04:00:00,-3.4,961.6,62.6,298.0,54.0,0,Normal,
2016-03-13 05:00:00,-3.7,961.7,62.6,298.0,52.0,0,Normal,
2016-03-13 06:00:00,-3.6,962.0,61.3,298.0,49.0,0,Normal,
2016-03-13 07:00:00,-3.6,962.1,61.9,298.0,47.0,0,Normal,
2016-03-13 08:00:00,-3.4,962.0,61.3,298.0,47.0,0,Normal,
2016-03-13 09:00:00,-3.0,962.0,61.3,298.0,49.0,0,Normal,
2016-03-13 10:00:00,-3.0,962.0,60.7,299.0,47.0,0,Normal,
2016-03-13 11:00:00,-2.8,961.8,61.7,300.0,42.0,0,Normal,
2016-03-13 12:00:00,-3.0,961.7,61.9,300.0,44.0,0,Normal,
2016-03-13 13:00:00,-2.4,961.5,52.8,304.0,39.0,0,Normal,
2016-03-13 14:00:00,-2.3,961.5,62.4,299.0,41.0,0,Normal,
2016-03-13 15:00:00,-2.8,961.3,61.9,299.0,43.0,0,Normal,
2016-03-13 16:00:00,-3.6,961.2,61.9,300.0,50.0,0,Normal,
2016-03-13 17:00:00,-4.3,961.1,41.6,309.0,54.0,0,Normal,
2016-03-13 18:00:00,-4.8,960.8,63.3,298.0,58.0,0,Normal,
2016-03-13 19:00:00,-5.6,961.2,63.9,298.0,58.0,0,Normal,
2016-03-13 20:00:00,-6.1,960.8,62.6,299.0,58.0,0,Normal,
2016-03-13 21:00:00,-6.2,960.7,65.6,299.0,59.0,0,Normal,
2016-03-13 22:00:00,-3.6,960.6,63.2,300.0,40.0,0,Normal,
2016-03-13 23:00:00,-4.0,960.5,56.3,289.0,40.0,0,Normal,
2016-03-14 00:00:00,-4.1,960.7,61.9,298.0,36.0,0,Normal,
2016-03-14 01:00:00,-4.6,960.3,61.2,298.0,39.0,0,Normal,
2016-03-14 02:00:00,-5.4,960.6,54.0,292.0,38.0,0,Normal,
2016-03-14 03:00:00,-5.4,959.9,62.6,300.0,38.0,0,Normal,
2016-03-14 04:00:00,-5.5,959.7,62.6,298.0,37.0,0,Normal,
2016-03-14 05:00:00,-5.2,960.1,63.3,298.0,37.0,0,Normal,
2016-03-14 06:00:00,-4.8,959.8,63.1,299.0,34.0,0,Normal,
2016-03-14 07:00:00,-4.1,959.6,63.2,299.0,37.0,0,Normal,
2016-03-14 08:00:00,-4.0,960.4,62.6,299.0,38.0,0,Normal,
2016-03-14 09:00:00,-3.2,960.1,63.1,297.0,35.0,0,Normal,
2016-03-14 10:00:00,-3.1,960.8,61.5,300.0,37.0,0,Normal,
2016-03-14 11:00:00,-2.9,960.7,62.6,300.0,34.0,0,Normal,
2016-03-14 12:00:00,-1.8,960.8,45.5,306.0,33.0,0,Normal,
2016-03-14 13:00:00,-1.8,960.7,42.0,285.0,36.0,0,Normal,
2016-03-14 14:00:00,-1.5,960.6,62.6,298.0,35.0,0,Normal,
2016-03-14 15:00:00,-2.8,960.4,62.6,298.0,40.0,0,Normal,
2016-03-14 16:00:00,-4.0,960.3,62.6,298.0,48.0,0,Normal,
2016-03-14 17:00:00,-4.4,960.4,61.9,298.0,52.0,0,Normal,
2016-03-14 18:00:00,-4.6,960.4,61.3,298.0,49.0,0,Normal,
2016-03-14 19:00:00,-5.0,960.3,61.2,298.0,41.0,0,Normal,
2016-03-14 20:00:00,-5.4,960.3,57.8,299.0,44.0,0,Normal,
2016-03-14 21:00:00,-6.8,960.6,21.1,305.0,51.0,0,Normal,
2016-03-14 22:00:00,-6.6,960.8,62.6,298.0,49.0,0,Normal,
2016-03-14 23:00:00,-6.2,960.8,63.1,298.0,41.0,0,Normal,
2016-03-15 00:00:00,-7.7,961.2,62.6,298.0,49.0,0,Normal,
2016-03-15 01:00:00,-7.5,961.0,63.2,300.0,45.0,0,Normal,
2016-03-15 02:00:00,-6.8,961.0,63.3,298.0,42.0,0,Normal,
2016-03-15 03:00:00,-7.8,961.0,61.9,298.0,46.0,0,Normal,
2016-03-15 04:00:00,-6.4,960.8,61.2,298.0,40.0,0,Normal,
2016-03-15 05:00:00,-6.5,960.6,62.5,298.0,40.0,0,Normal,
2016-03-15 06:00:00,-6.1,960.6,62.5,301.0,39.0,0,Normal,
2016-03-15 07:00:00,-5.8,960.7,61.9,298.0,44.0,0,Normal,
2016-03-15 08:00:00,-4.7,960.4,62.6,298.0,41.0,0,Normal,
2016-03-15 09:00:00,-4.2,960.2,61.9,298.0,42.0,0,Normal,
2016-03-15 10:00:00,-3.5,959.7,61.3,298.0,43.0,0,Normal,
2016-03-15 11:00:00,-2.1,959.8,61.8,298.0,38.0,0,Normal,
2016-03-15 12:00:00,-2.5,958.9,61.9,298.0,39.0,0,Normal,
2016-03-15 13:00:00,-2.4,958.8,61.3,298.0,44.0,0,Normal,
2016-03-15 14:00:00,-1.9,958.7,62.6,298.0,37.0,0,Normal,
2016-03-15 15:00:00,-1.9,958.7,61.9,298.0,38.0,0,Normal,
2016-03-15 16:00:00,-4.0,958.6,61.9,298.0,46.0,0,Normal,
2016-03-15 17:00:00,-5.4,958.7,60.7,298.0,48.0,0,Normal,
2016-03-15 18:00:00,-6.0,958.3,62.6,301.0,48.0,0,Normal,
2016-03-15 19:00:00,-5.3,958.2,62.6,298.0,36.0,0,Normal,
2016-03-15 20:00:00,-5.9,957.8,63.3,298.0,39.0,0,Normal,
2016-03-15 21:00:00,-5.8,958.0,63.3,298.0,37.0,0,Normal,
2016-03-15 22:00:00,-5.6,957.9,63.9,298.0,36.0,0,Normal,
2016-03-15 23:00:00,-5.9,957.7,63.3,301.0,38.0,0,Normal,
2016-03-16 00:00:00,-6.1,957.6,62.6,298.0,39.0,0,Normal,
2016-03-16 01:00:00,-6.4,957.8,62.6,298.0,37.0,0,Normal,
2016-03-16 02:00:00,-6.1,958.3,61.9,298.0,33.0,0,Normal,
2016-03-16 03:00:00,-6.4,958.4,61.3,298.0,34.0,0,Normal,
2016-03-16 04:00:00,-6.9,958.8,58.8,298.0,35.0,0,Normal,
2016-03-16 05:00:00,-7.6,959.1,61.9,298.0,39.0,0,Normal,
2016-03-16 06:00:00,-6.8,959.5,63.9,298.0,37.0,0,Normal,
2016-03-16 07:00:00,-6.2,959.9,63.9,298.0,36.0,0,Normal,
2016-03-16 08:00:00,-4.6,960.5,55.0,298.0,37.0,0,Normal,
2016-03-16 09:00:00,-3.8,961.1,63.9,300.0,25.0,0,Normal,
2016-03-16 10:00:00,-3.9,961.5,62.6,301.0,26.0,0,Normal,
2016-03-16 11:00:00,-3.0,962.1,33.6,323.0,28.0,0,Normal,
2016-03-16 12:00:00,-3.0,962.4,63.2,301.0,29.0,0,Normal,
2016-03-16 13:00:00,-3.0,962.7,62.6,298.0,32.0,0,Normal,
2016-03-16 14:00:00,-4.0,963.2,63.3,298.0,35.0,0,Normal,
2016-03-16 15:00:00,-5.5,963.4,62.6,298.0,37.0,0,Normal,
2016-03-16 16:00:00,-6.0,963.9,62.4,298.0,39.0,0,Normal,
2016-03-16 17:00:00,-6.4,965.0,61.3,298.0,37.0,0,Normal,
2016-03-16 18:00:00,-7.6,965.6,61.3,298.0,46.0,0,Normal,
2016-03-16 19:00:00,-7.0,966.0,62.6,301.0,36.0,0,Normal,
2016-03-16 20:00:00,-7.3,966.3,62.6,298.0,33.0,0,Normal,
2016-03-16 21:00:00,-7.7,966.7,63.9,298.0,37.0,0,Normal,
2016-03-16 22:00:00,-7.5,967.6,63.9,298.0,33.0,0,Normal,
2016-03-16 23:00:00,-7.7,967.7,64.2,298.0,30.0,0,Normal,
2016-03-17 00:00:00,-7.8,967.7,53.9,308.0,32.0,0,Normal,
2016-03-17 01:00:00,-7.9,968.0,63.3,298.0,31.0,0,Normal,
2016-03-17 02:00:00,-8.6,968.1,61.9,298.0,34.0,0,Normal,
2016-03-17 03:00:00,-9.3,968.0,61.3,298.0,37.0,0,Normal,
2016-03-17 04:00:00,-9.6,968.3,60.3,300.0,37.0,0,Normal,
2016-03-17 05:00:00,-9.9,968.6,46.6,285.0,38.0,0,Normal,
2016-03-17 06:00:00,-10.0,968.5,62.6,298.0,40.0,0,Normal,
2016-03-17 07:00:00,-9.7,968.6,62.6,298.0,43.0,0,Normal,
2016-03-17 08:00:00,-8.6,968.2,63.9,298.0,38.0,0,Normal,
2016-03-17 09:00:00,-7.8,968.9,63.3,301.0,32.0,0,Normal,
2016-03-17 10:00:00,-4.9,968.8,58.3,304.0,26.0,0,Normal,
2016-03-17 11:00:00,-5.8,968.7,31.6,279.0,31.0,0,Normal,
2016-03-17 12:00:00,-5.1,968.7,62.6,298.0,27.0,0,Normal,
2016-03-17 13:00:00,-4.1,968.5,62.6,298.0,26.0,0,Normal,
2016-03-17 14:00:00,-5.3,968.4,63.3,298.0,31.0,0,Normal,
2016-03-17 15:00:00,-5.6,968.2,61.3,298.0,26.0,0,Normal,
2016-03-17 16:00:00,-6.0,968.2,61.9,298.0,26.0,0,Normal,
2016-03-17 17:00:00,-8.9,968.0,61.3,298.0,44.0,0,Normal,
2016-03-17 18:00:00,-9.1,967.7,61.3,298.0,41.0,0,Normal,
2016-03-17 19:00:00,-8.9,967.8,61.9,301.0,40.0,0,Normal,
2016-03-17 20:00:00,-10.5,967.9,61.9,298.0,47.0,0,Normal,
2016-03-17 21:00:00,-10.3,968.0,62.6,298.0,42.0,0,Normal,
2016-03-17 22:00:00,-11.2,967.9,62.6,298.0,46.0,0,Normal,
2016-03-17 23:00:00,-10.7,967.7,63.0,298.0,41.0,0,Normal,
2016-03-18 00:00:00,-9.8,967.6,61.6,305.0,37.0,0,Normal,
2016-03-18 01:00:00,-10.0,967.4,63.2,298.0,37.0,0,Normal,
2016-03-18 02:00:00,-10.2,967.3,61.9,298.0,37.0,0,Normal,
2016-03-18 03:00:00,-10.3,967.2,61.3,298.0,37.0,0,Normal,
2016-03-18 04:00:00,-10.1,967.3,66.8,299.0,38.0,0,Normal,
2016-03-18 05:00:00,-11.9,967.4,21.9,312.0,41.0,0,Normal,
2016-03-18 06:00:00,-12.8,968.0,61.9,298.0,44.0,0,Normal,
2016-03-18 07:00:00,-8.9,968.2,63.2,298.0,33.0,0,Normal,
2016-03-18 08:00:00,-8.4,968.4,63.3,298.0,31.0,0,Normal,
2016-03-18 09:00:00,-7.2,968.6,62.6,301.0,30.0,0,Normal,
2016-03-18 10:00:00,-7.6,969.1,35.5,313.0,29.0,0,Normal,
2016-03-18 11:00:00,-5.6,969.6,63.3,298.0,28.0,0,Normal,
2016-03-18 12:00:00,-6.1,969.8,63.3,298.0,32.0,0,Normal,
2016-03-18 13:00:00,-7.0,970.6,61.3,298.0,35.0,0,Normal,
2016-03-18 14:00:00,-8.1,970.3,61.3,298.0,47.0,0,Normal,
2016-03-18 15:00:00,-7.8,970.3,61.9,298.0,43.0,0,Normal,
2016-03-18 16:00:00,-7.4,970.4,62.0,298.0,43.0,0,Normal,
2016-03-18 17:00:00,-8.0,970.7,61.8,303.0,48.0,0,Normal,
2016-03-18 18:00:00,-8.8,971.1,62.6,298.0,51.0,0,Normal,
2016-03-18 19:00:00,-9.2,971.3,61.9,298.0,53.0,0,Normal,
2016-03-18 20:00:00,-10.0,971.4,61.9,298.0,52.0,0,Normal,
2016-03-18 21:00:00,-10.3,971.6,67.4,299.0,49.0,0,Normal,
2016-03-18 22:00:00,-9.9,971.9,58.8,298.0,45.0,0,Normal,
2016-03-18 23:00:00,-9.8,972.1,61.9,298.0,43.0,0,Normal,
2016-03-19 00:00:00,-10.3,972.4,63.9,298.0,42.0,0,Normal,
2016-03-19 01:00:00,-10.4,972.5,62.6,298.0,41.0,0,Normal,
2016-03-19 02:00:00,-10.5,972.6,58.8,300.0,41.0,0,Normal,
2016-03-19 03:00:00,-10.6,972.8,35.6,284.0,41.0,0,Normal,
2016-03-19 04:00:00,-10.5,973.1,63.2,298.0,39.0,0,Normal,
2016-03-19 05:00:00,-10.7,973.5,61.2,298.0,40.0,0,Normal,
2016-03-19 06:00:00,-10.8,973.8,61.3,298.0,41.0,0,Normal,
2016-03-19 07:00:00,-10.4,973.9,61.9,301.0,40.0,0,Normal,
2016-03-19 08:00:00,-9.8,974.1,62.6,298.0,40.0,0,Normal,
2016-03-19 09:00:00,-9.2,974.7,62.8,298.0,39.0,0,Normal,
2016-03-19 10:00:00,-9.7,975.3,63.0,299.0,42.0,0,Normal,
2016-03-19 11:00:00,-9.0,975.6,63.3,298.0,37.0,0,Normal,
2016-03-19 12:00:00,-9.1,976.1,62.6,301.0,42.0,0,Normal,
2016-03-19 13:00:00,-9.1,975.8,63.3,298.0,41.0,0,Normal,
2016-03-19 14:00:00,-9.0,975.7,61.3,298.0,42.0,0,Normal,
2016-03-19 15:00:00,-9.2,975.7,61.3,298.0,44.0,0,Normal,
2016-03-19 16:00:00,-9.4,975.6,61.9,298.0,44.0,0,Normal,
2016-03-19 17:00:00,-9.7,975.8,62.6,301.0,47.0,0,Normal,
2016-03-19 18:00:00,-9.7,975.8,61.9,298.0,43.0,0,Normal,
2016-03-19 19:00:00,-9.9,975.5,62.6,298.0,47.0,0,Normal,
2016-03-19 20:00:00,-10.1,974.7,63.9,298.0,47.0,0,Normal,
2016-03-19 21:00:00,-10.1,974.5,60.5,298.0,46.0,0,Normal,
2016-03-19 22:00:00,-10.3,974.0,47.5,299.0,46.0,0,Normal,
2016-03-19 23:00:00,-10.2,972.9,62.5,298.0,47.0,0,Normal,
2016-03-20 00:00:00,-10.3,971.6,61.3,298.0,55.0,0,Normal,
2016-03-20 01:00:00,-11.3,970.8,61.3,298.0,87.0,0,Normal,
2016-03-20 02:00:00,-11.3,969.1,62.9,300.0,89.0,0,Normal,
2016-03-20 03:00:00,-10.8,967.9,46.9,283.0,90.0,0,Normal,
2016-03-20 04:00:00,-10.6,966.4,62.4,298.0,90.0,0,Normal,
2016-03-20 05:00:00,-10.6,965.5,62.0,298.0,90.0,0,Normal,
2016-03-20 06:00:00,-10.3,964.7,63.9,298.0,90.0,0,Normal,
2016-03-20 07:00:00,-10.0,963.6,63.2,301.0,91.0,0,Normal,
2016-03-20 08:00:00,-10.0,962.5,63.2,298.0,91.0,0,Normal,
2016-03-20 09:00:00,-9.7,960.8,61.3,298.0,91.0,0,Normal,
2016-03-20 10:00:00,-9.4,960.6,61.9,298.0,91.0,0,Normal,
2016-03-20 11:00:00,-8.9,960.1,75.3,299.0,92.0,0,Normal,
2016-03-20 12:00:00,-8.4,959.5,28.9,284.0,92.0,0,Normal,
2016-03-20 13:00:00,-8.1,958.9,62.6,298.0,92.0,0,Normal,
2016-03-20 14:00:00,-7.9,957.9,63.4,298.0,93.0,0,Normal,
2016-03-20 15:00:00,-7.6,957.7,63.3,298.0,93.0,0,Normal,
2016-03-20 16:00:00,-7.4,957.8,62.6,301.0,93.0,0,Normal,
2016-03-20 17:00:00,-7.5,958.1,62.6,298.0,93.0,0,Normal,
2016-03-20 18:00:00,-7.4,958.0,62.0,298.0,93.0,0,Normal,
2016-03-20 19:00:00,-7.6,958.0,61.9,298.0,93.0,0,Normal,
2016-03-20 20:00:00,-7.6,958.1,61.9,298.0,93.0,0,Normal,
2016-03-20 21:00:00,-7.5,958.2,52.6,314.0,93.0,0,Normal,
2016-03-20 22:00:00,-7.4,958.1,62.6,298.0,93.0,0,Normal,
2016-03-20 23:00:00,-7.3,958.7,62.8,298.0,93.0,0,Normal,
2016-03-21 00:00:00,-7.2,958.6,62.6,298.0,93.0,0,Normal,
2016-03-21 01:00:00,-7.4,958.2,62.5,300.0,93.0,0,Normal,
2016-03-21 02:00:00,-7.5,957.3,62.6,298.0,93.0,0,Normal,
2016-03-21 03:00:00,-7.5,956.9,61.9,298.0,93.0,0,Normal,
2016-03-21 04:00:00,-7.3,956.3,61.3,298.0,93.0,0,Normal,
2016-03-21 05:00:00,-7.2,956.1,62.2,298.0,93.0,0,Normal,
2016-03-21 06:00:00,-7.2,955.9,43.3,293.0,93.0,0,Normal,
2016-03-21 07:00:00,-7.1,955.3,61.9,298.0,93.0,0,Normal,
2016-03-21 08:00:00,-6.9,954.7,63.9,298.0,94.0,0,Normal,
2016-03-21 09:00:00,-6.8,954.2,63.3,298.0,94.0,0,Normal,
2016-03-21 10:00:00,-6.8,953.8,63.3,301.0,94.0,0,Normal,
2016-03-21 11:00:00,-6.6,953.7,63.3,298.0,94.0,0,Normal,
2016-03-21 12:00:00,-6.6,953.9,61.3,298.0,94.0,0,Normal,
2016-03-21 13:00:00,-6.6,953.5,61.9,298.0,94.0,0,Normal,
2016-03-21 14:00:00,-6.6,953.4,62.8,298.0,94.0,0,Normal,
2016-03-21 15:00:00,-6.5,953.5,60.7,304.0,94.0,0,Normal,
2016-03-21 16:00:00,-6.6,953.2,61.9,298.0,94.0,0,Normal,
2016-03-21 17:00:00,-6.6,953.0,63.3,298.0,94.0,0,Normal,
2016-03-21 18:00:00,-6.4,952.9,63.9,298.0,94.0,0,Normal,
2016-03-21 19:00:00,-6.4,952.5,61.1,299.0,94.0,0,Normal,
2016-03-21 20:00:00,-6.3,952.3,34.6,283.0,94.0,0,Normal,
2016-03-21 21:00:00,-6.8,952.1,62.6,298.0,92.0,0,Normal,
2016-03-21 22:00:00,-7.9,952.0,61.3,298.0,91.0,0,Normal,
2016-03-21 23:00:00,-8.9,951.5,61.3,298.0,91.0,0,Normal,
2016-03-22 00:00:00,-9.1,951.0,61.9,301.0,90.0,0,Normal,
2016-03-22 01:00:00,-8.7,950.5,62.6,298.0,90.0,0,Normal,
2016-03-22 02:00:00,-9.0,949.9,63.9,298.0,90.0,0,Normal,
2016-03-22 03:00:00,-9.3,949.2,63.3,298.0,89.0,0,Normal,
2016-03-22 04:00:00,-11.0,948.9,63.2,298.0,88.0,0,Normal,
2016-03-22 05:00:00,-12.1,949.1,63.2,301.0,87.0,0,Normal,
2016-03-22 06:00:00,-13.1,949.2,62.6,298.0,86.0,0,Normal,
2016-03-22 07:00:00,-12.8,949.5,61.9,298.0,86.0,0,Normal,
2016-03-22 08:00:00,-12.3,949.5,61.9,298.0,86.0,0,Normal,
2016-03-22 09:00:00,-11.8,949.4,62.1,301.0,86.0,0,Normal,
2016-03-22 10:00:00,-11.5,949.7,61.9,298.0,88.0,0,Normal,
2016-03-22 11:00:00,-11.5,949.6,61.9,298.0,87.0,0,Normal,
2016-03-22 12:00:00,-11.5,949.9,63.9,298.0,87.0,0,Normal,
2016-03-22 13:00:00,-9.8,950.1,63.3,298.0,88.0,0,Normal,
2016-03-22 14:00:00,-8.1,950.4,63.3,298.0,93.0,0,Normal,
2016-03-22 15:00:00,-7.5,950.7,64.4,298.0,93.0,0,Normal,
2016-03-22 16:00:00,-9.7,951.1,42.2,295.0,91.0,0,Normal,
2016-03-22 17:00:00,-10.5,951.6,63.2,298.0,90.0,0,Normal,
2016-03-22 18:00:00,-11.0,952.3,61.3,298.0,89.0,0,Normal,
2016-03-22 19:00:00,-11.3,953.0,61.9,298.0,89.0,0,Normal,
2016-03-22 20:00:00,-10.5,953.5,61.1,300.0,84.0,0,Normal,
2016-03-22 21:00:00,-10.6,953.8,61.6,297.0,85.0,0,Normal,
2016-03-22 22:00:00,-10.6,954.0,62.8,298.0,86.0,0,Normal,
2016-03-22 23:00:00,-10.5,954.6,62.4,297.0,88.0,0,Normal,
2016-03-23 00:00:00,-9.8,955.0,62.6,298.0,85.0,0,Normal,
2016-03-23 01:00:00,-10.1,955.2,63.2,301.0,88.0,0,Normal,
2016-03-23 02:00:00,-9.6,955.8,63.3,298.0,87.0,0,Normal,
2016-03-23 03:00:00,-9.1,956.2,61.9,298.0,88.0,0,Normal,
2016-03-23 04:00:00,-8.7,956.5,61.9,298.0,88.0,0,Normal,
2016-03-23 05:00:00,-9.3,957.2,61.5,298.0,89.0,0,Normal,
2016-03-23 06:00:00,-9.1,957.4,57.1,302.0,90.0,0,Normal,
2016-03-23 07:00:00,-8.7,957.8,61.9,298.0,91.0,0,Normal,
2016-03-23 08:00:00,-8.8,958.3,63.3,298.0,91.0,0,Normal,
2016-03-23 09:00:00,-8.8,958.7,63.3,298.0,91.0,0,Normal,
2016-03-23 10:00:00,-8.4,959.0,63.0,298.0,92.0,0,Normal,
2016-03-23 11:00:00,-7.5,959.5,62.8,300.0,93.0,0,Normal,
2016-03-23 12:00:00,-7.3,960.2,38.4,283.0,93.0,0,Normal,
2016-03-23 13:00:00,-7.5,961.2,63.2,298.0,92.0,0,Normal,
2016-03-23 14:00:00,-8.0,962.3,61.2,298.0,91.0,0,Normal,
2016-03-23 15:00:00,-8.3,962.4,61.3,298.0,90.0,0,Normal,
2016-03-23 16:00:00,-8.0,962.7,61.9,300.0,89.0,0,Normal,
2016-03-23 17:00:00,-7.6,963.0,62.5,298.0,89.0,0,Normal,
2016-03-23 18:00:00,-7.4,963.5,61.3,298.0,91.0,0,Normal,
2016-03-23 19:00:00,-7.6,964.0,62.6,298.0,90.0,0,Normal,
2016-03-23 20:00:00,-7.8,963.6,61.9,298.0,90.0,0,Normal,
2016-03-23 21:00:00,-7.9,963.5,50.9,298.0,91.0,0,Normal,
2016-03-23 22:00:00,-7.9,963.5,62.6,299.0,91.0,0,Normal,
2016-03-23 23:00:00,-8.0,963.5,63.3,298.0,91.0,0,Normal,
2016-03-24 00:00:00,-7.9,963.4,62.6,298.0,91.0,0,Normal,
2016-03-24 01:00:00,-7.9,963.7,63.2,300.0,90.0,0,Normal,
2016-03-24 02:00:00,-7.7,963.6,62.1,298.0,89.0,0,Normal,
2016-03-24 03:00:00,-7.5,963.6,57.0,302.0,87.0,0,Normal,
2016-03-24 04:00:00,-8.1,963.3,61.9,298.0,87.0,0,Normal,
2016-03-24 05:00:00,-8.3,963.3,61.9,298.0,85.0,0,Normal,
2016-03-24 06:00:00,-8.6,963.1,61.2,301.0,84.0,0,Normal,
2016-03-24 07:00:00,-9.0,963.1,62.6,299.0,80.0,0,Normal,
2016-03-24 08:00:00,-9.3,963.2,63.2,298.0,79.0,0,Normal,
2016-03-24 09:00:00,-8.8,963.0,62.6,298.0,78.0,0,Normal,
2016-03-24 10:00:00,-8.4,962.5,64.2,299.0,76.0,0,Normal,
2016-03-24 11:00:00,-8.6,961.9,63.3,298.0,75.0,0,Normal,
2016-03-24 12:00:00,-8.4,961.5,61.0,295.0,75.0,0,Normal,
2016-03-24 13:00:00,-8.5,961.0,61.9,298.0,69.0,0,Normal,
2016-03-24 14:00:00,-9.0,960.6,61.3,298.0,66.0,0,Normal,
2016-03-24 15:00:00,-10.2,960.4,61.9,300.0,66.0,0,Normal,
2016-03-24 16:00:00,-11.2,960.0,62.6,299.0,65.0,0,Normal,
2016-03-24 17:00:00,-12.1,960.3,63.2,298.0,66.0,0,Normal,
2016-03-24 18:00:00,-12.8,959.5,63.9,298.0,61.0,0,Normal,
2016-03-24 19:00:00,-13.0,959.2,61.5,299.0,60.0,0,Normal,
2016-03-24 20:00:00,-12.3,958.8,54.9,293.0,52.0,0,Normal,
2016-03-24 21:00:00,-13.3,958.8,55.4,298.0,55.0,0,Normal,
2016-03-24 22:00:00,-12.1,959.1,62.6,298.0,52.0,0,Normal,
2016-03-24 23:00:00,-14.8,958.9,62.6,298.0,64.0,0,Normal,
2016-03-25 00:00:00,-13.9,958.8,61.3,299.0,53.0,0,Normal,
2016-03-25 01:00:00,-14.3,958.6,62.6,300.0,50.0,0,Normal,
2016-03-25 02:00:00,-13.0,958.1,41.4,303.0,44.0,0,Normal,
2016-03-25 03:00:00,-12.2,957.9,62.6,298.0,39.0,0,Normal,
2016-03-25 04:00:00,-13.2,957.4,66.1,299.0,47.0,0,Normal,
2016-03-25 05:00:00,-13.1,957.7,39.7,304.0,47.0,0,Normal,
2016-03-25 06:00:00,-13.2,957.9,62.6,300.0,42.0,0,Normal,
2016-03-25 07:00:00,-14.0,958.2,62.5,298.0,48.0,0,Normal,
2016-03-25 08:00:00,-13.7,958.7,61.3,298.0,53.0,0,Normal,
2016-03-25 09:00:00,-11.5,959.4,61.3,299.0,49.0,0,Normal,
2016-03-25 10:00:00,-11.9,959.8,61.9,300.0,46.0,0,Normal,
2016-03-25 11:00:00,-12.8,959.6,57.4,293.0,50.0,0,Normal,
2016-03-25 12:00:00,-11.5,959.9,63.9,298.0,45.0,0,Normal,
2016-03-25 13:00:00,-10.9,960.0,56.6,298.0,42.0,0,Normal,
2016-03-25 14:00:00,-11.9,960.4,62.6,299.0,44.0,0,Normal,
2016-03-25 15:00:00,-11.4,960.7,63.2,300.0,42.0,0,Normal,
2016-03-25 16:00:00,-13.6,961.1,63.2,298.0,50.0,0,Normal,
2016-03-25 17:00:00,-16.1,961.2,61.9,298.0,51.0,0,Normal,
2016-03-25 18:00:00,-15.8,961.7,61.3,299.0,52.0,0,Normal,
2016-03-25 19:00:00,-16.3,962.4,57.8,299.0,56.0,0,Normal,
2016-03-25 20:00:00,-16.9,962.8,55.3,293.0,58.0,0,Normal,
2016-03-25 21:00:00,-16.0,963.3,62.3,298.0,53.0,0,Normal,
2016-03-25 22:00:00,-16.7,963.7,62.9,298.0,55.0,0,Normal,
2016-03-25 23:00:00,-17.6,964.3,62.1,300.0,58.0,0,Normal,
2016-03-26 00:00:00,-17.6,964.4,63.2,300.0,52.0,0,Normal,
2016-03-26 01:00:00,-17.1,964.3,63.2,298.0,51.0,0,Normal,
2016-03-26 02:00:00,-17.8,964.5,62.6,298.0,53.0,0,Normal,
2016-03-26 03:00:00,-16.2,964.7,54.1,294.0,47.0,0,Normal,
2016-03-26 04:00:00,-16.2,964.3,53.6,296.0,46.0,0,Normal,
2016-03-26 05:00:00,-15.7,964.5,62.6,298.0,42.0,0,Normal,
2016-03-26 06:00:00,-15.6,964.5,62.6,298.0,44.0,0,Normal,
2016-03-26 07:00:00,-15.9,964.4,62.6,298.0,48.0,0,Normal,
2016-03-26 08:00:00,-13.9,964.5,62.4,300.0,38.0,0,Normal,
2016-03-26 09:00:00,-14.4,965.0,62.4,297.0,52.0,0,Normal,
2016-03-26 10:00:00,-14.7,964.9,61.9,298.0,55.0,0,Normal,
2016-03-26 11:00:00,-14.6,964.8,64.3,298.0,55.0,0,Normal,
2016-03-26 12:00:00,-14.3,964.9,59.9,298.0,54.0,0,Normal,
2016-03-26 13:00:00,-13.6,964.5,62.6,301.0,47.0,0,Normal,
2016-03-26 14:00:00,-13.9,964.9,62.6,298.0,55.0,0,Normal,
2016-03-26 15:00:00,-14.1,964.6,63.9,298.0,56.0,0,Normal,
2016-03-26 16:00:00,-14.1,964.5,62.6,298.0,55.0,0,Normal,
2016-03-26 17:00:00,-14.4,964.1,58.1,300.0,52.0,0,Normal,
2016-03-26 18:00:00,-14.5,964.3,35.9,276.0,53.0,0,Normal,
2016-03-26 19:00:00,-14.4,964.5,61.3,298.0,48.0,0,Normal,
2016-03-26 20:00:00,-14.1,964.1,61.3,298.0,50.0,0,Normal,
2016-03-26 21:00:00,-13.7,964.4,61.3,298.0,51.0,0,Normal,
2016-03-26 22:00:00,-13.6,964.4,61.9,301.0,55.0,0,Normal,
2016-03-26 23:00:00,-13.9,964.4,61.9,298.0,58.0,0,Normal,
2016-03-27 00:00:00,-13.8,964.6,62.6,298.0,59.0,0,Normal,
2016-03-27 01:00:00,-13.5,964.5,63.9,298.0,58.0,0,Normal,
2016-03-27 02:00:00,-12.8,965.0,63.9,298.0,57.0,0,Normal,
2016-03-27 03:00:00,-12.8,965.3,28.3,292.0,51.0,0,Normal,
2016-03-27 04:00:00,-13.0,965.2,62.5,298.0,57.0,0,Normal,
2016-03-27 05:00:00,-12.3,965.4,62.5,298.0,53.0,0,Normal,
2016-03-27 06:00:00,-12.1,965.9,61.3,298.0,55.0,0,Normal,
2016-03-27 07:00:00,-11.5,966.5,61.9,301.0,53.0,0,Normal,
2016-03-27 08:00:00,-12.0,967.1,61.9,298.0,56.0,0,Normal,
2016-03-27 09:00:00,-11.3,967.4,63.9,298.0,55.0,0,Normal,
2016-03-27 10:00:00,-10.8,967.4,63.9,298.0,52.0,0,Normal,
2016-03-27 11:00:00,-10.9,967.6,65.2,299.0,49.0,0,Normal,
2016-03-27 12:00:00,-10.3,968.2,23.1,319.0,42.0,0,Normal,
2016-03-27 13:00:00,-10.2,968.3,63.2,298.0,43.0,0,Normal,
2016-03-27 14:00:00,-10.8,967.8,61.3,298.0,54.0,0,Normal,
2016-03-27 15:00:00,-10.3,968.0,61.9,298.0,54.0,0,Normal,
2016-03-27 16:00:00,-9.8,967.6,61.9,301.0,51.0,0,Normal,
2016-03-27 17:00:00,-9.5,967.7,61.9,298.0,44.0,0,Normal,
2016-03-27 18:00:00,-9.2,967.5,63.2,298.0,48.0,0,Normal,
2016-03-27 19:00:00,-9.3,967.3,62.6,298.0,48.0,0,Normal,
2016-03-27 20:00:00,-8.8,967.4,63.9,298.0,44.0,0,Normal,
2016-03-27 21:00:00,-8.8,967.1,23.5,308.0,43.0,0,Normal,
2016-03-27 22:00:00,-9.0,966.3,62.5,298.0,50.0,0,Normal,
2016-03-27 23:00:00,-9.3,965.6,61.9,298.0,58.0,0,Normal,
2016-03-28 00:00:00,-9.5,965.4,61.3,298.0,65.0,0,Normal,
2016-03-28 01:00:00,-9.9,964.8,62.6,301.0,85.0,0,Normal,
2016-03-28 02:00:00,-10.1,964.0,61.9,298.0,90.0,0,Normal,
2016-03-28 03:00:00,-10.0,963.2,62.6,298.0,90.0,0,Normal,
2016-03-28 04:00:00,-10.0,962.5,63.2,298.0,91.0,0,Normal,
2016-03-28 05:00:00,-9.6,962.7,72.6,299.0,91.0,0,Normal,
2016-03-28 06:00:00,-9.5,962.6,25.7,297.0,91.0,0,Normal,
2016-03-28 07:00:00,-9.3,962.5,62.6,298.0,91.0,0,Normal,
2016-03-28 08:00:00,-9.2,962.6,61.2,298.0,91.0,0,Normal,
2016-03-28 09:00:00,-9.2,962.9,61.9,298.0,91.0,0,Normal,
2016-03-28 10:00:00,-9.1,963.3,61.9,301.0,91.0,0,Normal,
2016-03-28 11:00:00,-9.3,963.3,61.9,298.0,91.0,0,Normal,
2016-03-28 12:00:00,-9.2,963.9,63.9,298.0,91.0,0,Normal,
2016-03-28 13:00:00,-9.2,963.9,63.3,298.0,91.0,0,Normal,
2016-03-28 14:00:00,-9.2,963.6,56.1,299.0,91.0,0,Normal,
2016-03-28 15:00:00,-9.1,963.9,32.1,282.0,91.0,0,Normal,
2016-03-28 16:00:00,-9.0,964.6,63.0,298.0,92.0,0,Normal,
2016-03-28 17:00:00,-8.9,964.9,61.2,298.0,92.0,0,Normal,
2016-03-28 18:00:00,-8.9,965.4,61.9,298.0,92.0,0,Normal,
2016-03-28 19:00:00,-9.0,965.5,61.9,301.0,92.0,0,Normal,
2016-03-28 20:00:00,-9.0,965.6,61.9,298.0,92.0,0,Normal,
2016-03-28 21:00:00,-9.0,965.6,63.2,298.0,92.0,0,Normal,
2016-03-28 22:00:00,-8.8,965.3,63.3,298.0,92.0,0,Normal,
2016-03-28 23:00:00,-8.7,964.8,65.6,299.0,92.0,0,Normal,
2016-03-29 00:00:00,-8.8,964.3,25.9,275.0,92.0,0,Normal,
2016-03-29 01:00:00,-8.6,963.1,62.6,298.0,92.0,0,Normal,
2016-03-29 02:00:00,-8.5,961.7,61.2,298.0,92.0,0,Normal,
2016-03-29 03:00:00,-8.2,960.0,61.9,298.0,92.0,0,Normal,
2016-03-29 04:00:00,-8.0,958.6,62.6,301.0,92.0,0,Normal,
2016-03-29 05:00:00,-7.6,956.4,62.6,298.0,93.0,0,Normal,
2016-03-29 06:00:00,-7.3,954.5,63.9,298.0,93.0,0,Normal,
2016-03-29 07:00:00,-7.0,953.0,63.3,298.0,93.0,0,Normal,
2016-03-29 08:00:00,-6.7,950.6,64.8,299.0,94.0,0,Normal,
2016-03-29 09:00:00,-6.4,947.4,26.7,309.0,94.0,0,Normal,
2016-03-29 10:00:00,-6.0,944.5,62.5,298.0,94.0,0,Normal,
2016-03-29 11:00:00,-6.4,943.2,61.9,299.0,94.0,0,Normal,
2016-03-29 12:00:00,-6.5,942.5,61.3,298.0,94.0,0,Normal,
2016-03-29 13:00:00,-6.6,941.4,61.9,301.0,94.0,0,Normal,
2016-03-29 14:00:00,-6.6,941.0,61.9,298.0,94.0,0,Normal,
2016-03-29 15:00:00,-6.6,939.9,63.3,298.0,94.0,0,Normal,
2016-03-29 16:00:00,-6.4,940.0,63.3,298.0,94.0,0,Normal,
2016-03-29 17:00:00,-6.3,939.3,64.5,299.0,94.0,0,Normal,
2016-03-29 18:00:00,-6.3,938.8,28.9,308.0,94.0,0,Normal,
2016-03-29 19:00:00,-6.1,938.4,63.3,298.0,94.0,0,Normal,
2016-03-29 20:00:00,-6.0,937.4,62.6,298.0,94.0,0,Normal,
2016-03-29 21:00:00,-5.8,937.3,61.9,298.0,94.0,0,Normal,
2016-03-29 22:00:00,-5.6,936.9,61.9,301.0,95.0,0,Normal,
2016-03-29 23:00:00,-5.6,937.2,61.9,298.0,95.0,0,Normal,
2016-03-30 00:00:00,-5.2,937.5,63.3,298.0,95.0,0,Normal,
2016-03-30 01:00:00,-5.0,937.9,63.9,298.0,95.0,0,Normal,
2016-03-30 02:00:00,-4.7,938.0,63.3,298.0,95.0,0,Normal,
2016-03-30 03:00:00,-4.5,937.9,63.9,298.0,95.0,0,Normal,
2016-03-30 04:00:00,-4.2,938.1,63.8,298.0,95.0,0,Normal,
2016-03-30 05:00:00,-3.8,937.6,62.6,301.0,95.0,0,Normal,
2016-03-30 06:00:00,-3.8,937.8,61.6,303.0,96.0,0,Normal,
2016-03-30 07:00:00,-3.0,938.1,28.1,316.0,96.0,0,Normal,
2016-03-30 08:00:00,-2.4,937.7,62.6,298.0,97.0,0,Normal,
2016-03-30 09:00:00,-2.2,939.2,63.3,298.0,97.0,0,Normal,
2016-03-30 10:00:00,-2.1,941.3,63.3,298.0,98.0,0,Normal,
2016-03-30 11:00:00,-2.2,943.6,61.3,298.0,99.0,0,Normal,
2016-03-30 12:00:00,-2.1,946.0,61.3,298.0,99.0,0,Normal,
2016-03-30 13:00:00,-2.1,948.3,61.3,298.0,99.0,0,Normal,
2016-03-30 14:00:00,-2.6,950.6,61.9,298.0,99.0,0,Normal,
2016-03-30 15:00:00,-3.2,952.8,61.3,298.0,98.0,0,Normal,
2016-03-30 16:00:00,-3.4,953.9,61.9,298.0,97.0,0,Normal,
2016-03-30 17:00:00,-3.3,955.0,61.3,298.0,97.0,0,Normal,
2016-03-30 18:00:00,-2.9,956.0,66.3,300.0,98.0,0,Normal,
2016-03-30 19:00:00,-2.6,957.1,61.9,301.0,98.0,0,Normal,
2016-03-30 20:00:00,-2.5,958.4,62.6,301.0,98.0,0,Normal,
2016-03-30 21:00:00,-2.7,959.7,55.0,297.0,98.0,0,Normal,
2016-03-30 22:00:00,-2.7,960.7,61.9,298.0,98.0,0,Normal,
2016-03-30 23:00:00,-2.5,961.7,61.9,298.0,98.0,0,Normal,
2016-03-31 00:00:00,-2.5,962.6,62.6,298.0,99.0,0,Normal,
2016-03-31 01:00:00,-2.3,963.6,62.6,298.0,99.0,0,Normal,
2016-03-31 02:00:00,-2.3,964.7,63.3,298.0,99.0,0,Normal,
2016-03-31 03:00:00,-2.5,965.5,63.9,298.0,99.0,0,Normal,
2016-03-31 04:00:00,-2.6,966.1,63.6,299.0,99.0,0,Normal,
2016-03-31 05:00:00,-2.6,966.5,62.6,298.0,98.0,0,Normal,
2016-03-31 06:00:00,-2.7,967.8,63.3,298.0,98.0,0,Normal,
2016-03-31 07:00:00,-2.9,968.7,63.3,298.0,98.0,0,Normal,
2016-03-31 08:00:00,-3.0,969.5,64.3,298.0,98.0,0,Normal,
2016-03-31 09:00:00,-3.0,970.2,61.0,300.0,98.0,0,Normal,
2016-03-31 10:00:00,-3.2,971.4,62.6,301.0,98.0,0,Normal,
2016-03-31 11:00:00,-3.3,972.6,53.2,310.0,98.0,0,Normal,
2016-03-31 12:00:00,-3.7,972.7,35.5,280.0,97.0,0,Normal,
2016-03-31 13:00:00,-4.0,972.7,62.6,298.0,97.0,0,Normal,
2016-03-31 14:00:00,-4.2,972.9,63.3,298.0,97.0,0,Normal,
2016-03-31 15:00:00,-4.4,973.7,61.9,298.0,97.0,0,Normal,
2016-03-31 16:00:00,-4.5,973.8,61.3,298.0,96.0,0,Normal,
2016-03-31 17:00:00,-4.7,974.4,61.3,298.0,96.0,0,Normal,
2016-03-31 18:00:00,-4.9,974.4,61.9,301.0,96.0,0,Normal,
2016-03-31 19:00:00,-5.0,974.3,62.6,298.0,96.0,0,Normal,
2016-03-31 20:00:00,-5.1,974.1,63.3,298.0,96.0,0,Normal,
2016-03-31 21:00:00,-5.1,973.9,63.9,298.0,96.0,0,Normal,
2016-03-31 22:00:00,-5.1,973.7,62.9,300.0,96.0,0,Normal,
2016-03-31 23:00:00,-5.2,973.6,59.6,293.0,96.0,0,Normal,
2016-04-01 21:00:00,-6.4,960.8,61.9,298.0,94.0,0,Normal,
2016-04-01 22:00:00,-6.4,960.2,62.6,301.0,94.0,0,Normal,
2016-04-01 23:00:00,-6.3,959.8,62.6,298.0,94.0,0,Normal,
2016-04-02 00:00:00,-6.5,959.7,63.3,298.0,94.0,0,Normal,
2016-04-02 01:00:00,-6.6,959.4,63.3,298.0,94.0,0,Normal,
2016-04-02 02:00:00,-6.8,959.0,60.3,298.0,93.0,0,Normal,
2016-04-02 03:00:00,-6.9,958.7,60.4,301.0,94.0,0,Normal,
2016-04-02 04:00:00,-6.9,958.6,63.2,298.0,93.0,0,Normal,
2016-04-02 05:00:00,-7.0,958.7,61.2,298.0,93.0,0,Normal,
2016-04-02 06:00:00,-7.1,958.6,61.9,298.0,93.0,0,Normal,
2016-04-02 07:00:00,-7.2,958.6,62.6,301.0,93.0,0,Normal,
2016-04-02 08:00:00,-7.1,958.9,62.6,298.0,93.0,0,Normal,
2016-04-02 09:00:00,-7.0,959.0,63.3,298.0,93.0,0,Normal,
2016-04-02 10:00:00,-6.8,959.1,63.3,298.0,93.0,0,Normal,
2016-04-02 11:00:00,-6.6,959.2,63.0,298.0,93.0,0,Normal,
2016-04-02 12:00:00,-6.6,959.1,62.6,301.0,93.0,0,Normal,
2016-04-02 13:00:00,-6.5,959.5,62.6,298.0,93.0,0,Normal,
2016-04-02 14:00:00,-6.6,959.8,61.9,298.0,93.0,0,Normal,
2016-04-02 15:00:00,-6.7,960.0,62.6,298.0,93.0,0,Normal,
2016-04-02 16:00:00,-6.7,960.2,62.1,301.0,93.0,0,Normal,
2016-04-02 17:00:00,-6.9,960.8,62.6,298.0,93.0,0,Normal,
2016-04-02 18:00:00,-6.8,961.1,63.2,298.0,93.0,0,Normal,
2016-04-02 19:00:00,-6.9,961.7,63.3,298.0,93.0,0,Normal,
2016-04-02 20:00:00,-7.1,962.3,63.9,298.0,93.0,0,Normal,
2016-04-02 21:00:00,-7.3,962.4,63.2,301.0,93.0,0,Normal,
2016-04-02 22:00:00,-7.3,962.7,62.6,298.0,93.0,0,Normal,
2016-04-02 23:00:00,-7.5,963.4,61.9,298.0,93.0,0,Normal,
2016-04-03 00:00:00,-7.5,963.4,61.9,298.0,93.0,0,Normal,
2016-04-03 01:00:00,-7.3,963.5,64.7,300.0,93.0,0,Normal,
2016-04-03 02:00:00,-7.0,963.5,23.7,272.0,93.0,0,Normal,
2016-04-03 03:00:00,-6.9,963.3,62.8,298.0,93.0,0,Normal,
2016-04-03 04:00:00,-6.7,962.8,62.7,298.0,94.0,0,Normal,
2016-04-03 05:00:00,-6.2,962.5,63.3,298.0,94.0,0,Normal,
2016-04-03 06:00:00,-5.8,962.3,63.3,301.0,94.0,0,Normal,
2016-04-03 07:00:00,-5.7,962.5,62.6,298.0,95.0,0,Normal,
2016-04-03 08:00:00,-5.4,962.3,61.3,298.0,95.0,0,Normal,
2016-04-03 09:00:00,-5.2,963.1,61.9,298.0,95.0,0,Normal,
2016-04-03 10:00:00,-5.0,963.7,60.0,299.0,95.0,0,Normal,
2016-04-03 11:00:00,-5.0,963.9,36.4,303.0,96.0,0,Normal,
2016-04-03 12:00:00,-4.7,964.3,62.6,298.0,96.0,0,Normal,
2016-04-03 13:00:00,-4.8,964.6,63.9,298.0,96.0,0,Normal,
2016-04-03 14:00:00,-5.0,964.4,61.9,298.0,95.0,0,Normal,
2016-04-03 15:00:00,-5.2,965.0,62.6,301.0,95.0,0,Normal,
2016-04-03 16:00:00,-5.4,964.9,62.6,298.0,95.0,0,Normal,
2016-04-03 17:00:00,-5.6,965.1,61.9,298.0,95.0,0,Normal,
2016-04-03 18:00:00,-5.9,965.4,61.9,298.0,94.0,0,Normal,
2016-04-03 19:00:00,-5.5,964.7,63.9,298.0,94.0,0,Normal,
2016-04-03 20:00:00,-5.7,964.6,50.3,300.0,94.0,0,Normal,
2016-04-03 21:00:00,-6.0,964.4,61.9,298.0,93.0,0,Normal,
2016-04-03 22:00:00,-6.3,964.7,63.9,298.0,93.0,0,Normal,
2016-04-03 23:00:00,-6.6,965.0,63.3,298.0,92.0,0,Normal,
2016-04-04 00:00:00,-6.7,965.0,63.2,300.0,92.0,0,Normal,
2016-04-04 01:00:00,-5.9,964.9,66.1,298.0,92.0,0,Normal,
2016-04-04 02:00:00,-7.2,965.5,62.5,299.0,92.0,0,Normal,
2016-04-04 03:00:00,-7.6,965.2,61.9,298.0,91.0,0,Normal,
2016-04-04 04:00:00,-7.8,965.4,61.9,298.0,91.0,0,Normal,
2016-04-04 05:00:00,-7.4,965.5,61.5,300.0,91.0,0,Normal,
2016-04-04 06:00:00,-7.6,966.2,61.3,298.0,91.0,0,Normal,
2016-04-04 07:00:00,-7.7,966.8,63.9,298.0,91.0,0,Normal,
2016-04-04 08:00:00,-7.8,967.2,63.3,298.0,90.0,0,Normal,
2016-04-04 09:00:00,-7.9,967.5,63.3,298.0,90.0,0,Normal,
2016-04-04 10:00:00,-7.5,967.7,63.0,298.0,90.0,0,Normal,
2016-04-04 11:00:00,-7.6,967.8,61.6,297.0,90.0,0,Normal,
2016-04-04 12:00:00,-7.6,968.1,61.3,298.0,90.0,0,Normal,
2016-04-04 13:00:00,-7.2,968.5,61.9,298.0,90.0,0,Normal,
2016-04-04 14:00:00,-7.6,968.8,61.3,300.0,90.0,0,Normal,
2016-04-04 15:00:00,-7.7,969.0,62.6,299.0,90.0,0,Normal,
2016-04-04 16:00:00,-7.8,969.3,63.3,298.0,89.0,0,Normal,
2016-04-04 17:00:00,-8.1,969.7,63.9,298.0,89.0,0,Normal,
2016-04-04 18:00:00,-8.4,970.0,64.5,299.0,88.0,0,Normal,
2016-04-04 19:00:00,-9.0,970.4,57.7,292.0,88.0,0,Normal,
2016-04-04 20:00:00,-8.7,970.7,50.1,303.0,87.0,0,Normal,
2016-04-04 21:00:00,-8.2,970.9,61.9,298.0,86.0,0,Normal,
2016-04-04 22:00:00,-8.2,971.3,61.3,298.0,89.0,0,Normal,
2016-04-04 23:00:00,-10.2,971.7,61.9,300.0,90.0,0,Normal,
2016-04-05 00:00:00,-11.2,971.9,61.8,299.0,87.0,0,Normal,
2016-04-05 01:00:00,-11.4,971.8,62.6,298.0,85.0,0,Normal,
2016-04-05 02:00:00,-11.4,972.0,63.2,298.0,86.0,0,Normal,
2016-04-05 03:00:00,-11.7,971.8,67.0,299.0,85.0,0,Normal,
2016-04-05 04:00:00,-12.7,971.7,61.6,301.0,84.0,0,Normal,
2016-04-05 05:00:00,-12.4,971.7,63.2,299.0,84.0,0,Normal,
2016-04-05 06:00:00,-11.3,971.6,63.2,298.0,85.0,0,Normal,
2016-04-05 07:00:00,-11.4,971.8,61.9,298.0,85.0,0,Normal,
2016-04-05 08:00:00,-10.9,971.9,61.2,299.0,85.0,0,Normal,
2016-04-05 09:00:00,-9.0,972.0,61.5,299.0,90.0,0,Normal,
2016-04-05 10:00:00,-9.6,971.7,62.6,300.0,85.0,0,Normal,
2016-04-05 11:00:00,-11.0,971.3,62.6,298.0,84.0,0,Normal,
2016-04-05 12:00:00,-11.0,970.6,62.6,298.0,84.0,0,Normal,
2016-04-05 13:00:00,-8.7,969.8,62.6,299.0,84.0,0,Normal,
2016-04-05 14:00:00,-9.5,969.4,64.6,299.0,82.0,0,Normal,
2016-04-05 15:00:00,-8.8,968.5,58.2,296.0,81.0,0,Normal,
2016-04-05 16:00:00,-9.8,967.9,61.9,298.0,83.0,0,Normal,
2016-04-05 17:00:00,-10.8,967.2,61.3,298.0,83.0,0,Normal,
2016-04-05 18:00:00,-10.5,966.1,61.2,299.0,81.0,0,Normal,
2016-04-05 19:00:00,-9.6,964.7,62.0,300.0,80.0,0,Normal,
2016-04-05 20:00:00,-9.1,963.0,63.2,298.0,80.0,0,Normal,
2016-04-05 21:00:00,-8.4,960.8,63.1,298.0,79.0,0,Normal,
2016-04-05 22:00:00,-8.6,960.0,63.7,298.0,77.0,0,Normal,
2016-04-05 23:00:00,-8.7,958.6,63.0,298.0,76.0,0,Normal,
2016-04-06 00:00:00,-8.8,957.2,62.6,300.0,80.0,0,Normal,
2016-04-06 01:00:00,-9.3,955.9,62.6,298.0,83.0,0,Normal,
2016-04-06 02:00:00,-9.7,953.4,63.2,298.0,88.0,0,Normal,
2016-04-06 03:00:00,-10.5,952.5,63.5,298.0,90.0,0,Normal,
2016-04-06 04:00:00,-10.3,952.0,63.2,298.0,90.0,0,Normal,
2016-04-06 05:00:00,-10.1,951.2,36.1,311.0,91.0,0,Normal,
2016-04-06 06:00:00,-10.1,949.5,63.2,298.0,91.0,0,Normal,
2016-04-06 07:00:00,-10.5,949.5,61.2,298.0,90.0,0,Normal,
2016-04-06 08:00:00,-10.6,948.4,59.2,299.0,90.0,0,Normal,
2016-04-06 09:00:00,-10.4,947.9,62.6,300.0,90.0,0,Normal,
2016-04-06 10:00:00,-10.0,948.2,62.6,298.0,91.0,0,Normal,
2016-04-06 11:00:00,-9.6,948.5,63.2,298.0,91.0,0,Normal,
2016-04-06 12:00:00,-9.4,949.6,63.2,299.0,91.0,0,Normal,
2016-04-06 13:00:00,-9.1,950.8,63.5,298.0,92.0,0,Normal,
2016-04-06 14:00:00,-9.1,951.1,34.3,304.0,91.0,0,Normal,
2016-04-06 15:00:00,-9.3,951.8,62.6,298.0,91.0,0,Normal,
2016-04-06 16:00:00,-9.5,952.8,61.2,298.0,91.0,0,Normal,
2016-04-06 17:00:00,-9.5,952.9,61.1,296.0,91.0,0,Normal,
2016-04-06 18:00:00,-9.5,953.9,61.9,300.0,91.0,0,Normal,
2016-04-06 19:00:00,-9.6,954.4,61.9,298.0,91.0,0,Normal,
2016-04-06 20:00:00,-9.0,955.8,63.2,298.0,91.0,0,Normal,
2016-04-06 21:00:00,-8.6,956.0,62.6,298.0,91.0,0,Normal,
2016-04-06 22:00:00,-8.1,957.0,63.8,299.0,91.0,0,Normal,
2016-04-06 23:00:00,-7.4,957.7,43.6,284.0,92.0,0,Normal,
2016-04-07 00:00:00,-7.5,958.1,62.5,298.0,92.0,0,Normal,
2016-04-07 01:00:00,-7.6,958.5,61.2,298.0,92.0,0,Normal,
2016-04-07 02:00:00,-7.6,960.3,62.6,298.0,91.0,0,Normal,
2016-04-07 03:00:00,-6.9,961.0,61.9,301.0,91.0,0,Normal,
2016-04-07 04:00:00,-7.1,961.6,61.9,298.0,91.0,0,Normal,
2016-04-07 05:00:00,-7.4,962.0,63.3,298.0,91.0,0,Normal,
2016-04-07 06:00:00,-7.2,963.3,63.3,298.0,90.0,0,Normal,
2016-04-07 07:00:00,-8.3,964.1,72.3,299.0,89.0,0,Normal,
2016-04-07 08:00:00,-7.3,964.4,31.1,295.0,90.0,0,Normal,
2016-04-07 09:00:00,-7.1,965.0,62.3,298.0,90.0,0,Normal,
2016-04-07 10:00:00,-6.9,966.0,61.9,298.0,92.0,0,Normal,
2016-04-07 11:00:00,-6.6,966.7,61.9,298.0,93.0,0,Normal,
2016-04-07 12:00:00,-8.3,966.9,62.6,298.0,90.0,0,Normal,
2016-04-07 13:00:00,-7.6,967.8,61.2,300.0,88.0,0,Normal,
2016-04-07 14:00:00,-8.2,967.2,62.6,301.0,89.0,0,Normal,
2016-04-07 15:00:00,-9.7,967.3,61.9,298.0,84.0,0,Normal,
2016-04-07 16:00:00,-10.1,966.9,63.2,298.0,82.0,0,Normal,
2016-04-07 17:00:00,-11.7,967.4,63.2,298.0,77.0,0,Normal,
2016-04-07 18:00:00,-10.8,967.2,64.0,299.0,75.0,0,Normal,
2016-04-07 19:00:00,-11.5,967.1,28.3,306.0,68.0,0,Normal,
2016-04-07 20:00:00,-12.2,966.9,63.2,298.0,69.0,0,Normal,
2016-04-07 21:00:00,-11.9,966.0,61.3,298.0,67.0,0,Normal,
2016-04-07 22:00:00,-11.7,964.9,61.3,298.0,62.0,0,Normal,
2016-04-07 23:00:00,-10.7,964.4,63.3,300.0,63.0,0,Normal,
2016-04-08 00:00:00,-11.6,963.3,62.6,298.0,55.0,0,Normal,
2016-04-08 01:00:00,-10.2,962.4,63.9,298.0,46.0,0,Normal,
2016-04-08 02:00:00,-9.9,961.1,63.9,298.0,39.0,0,Normal,
2016-04-08 03:00:00,-9.9,960.2,63.9,298.0,46.0,0,Normal,
2016-04-08 04:00:00,-10.1,959.4,63.0,301.0,38.0,0,Normal,
2016-04-08 05:00:00,-10.1,959.0,62.6,298.0,43.0,0,Normal,
2016-04-08 06:00:00,-10.3,958.9,61.9,298.0,43.0,0,Normal,
2016-04-08 07:00:00,-11.3,958.6,61.3,298.0,54.0,0,Normal,
2016-04-08 08:00:00,-10.8,958.4,61.9,301.0,48.0,0,Normal,
2016-04-08 09:00:00,-11.4,958.5,62.6,298.0,49.0,0,Normal,
2016-04-08 10:00:00,-11.0,958.3,63.3,298.0,49.0,0,Normal,
2016-04-08 11:00:00,-10.0,958.3,63.9,298.0,45.0,0,Normal,
2016-04-08 12:00:00,-9.5,958.4,63.9,298.0,50.0,0,Normal,
2016-04-08 13:00:00,-9.3,958.7,62.6,301.0,57.0,0,Normal,
2016-04-08 14:00:00,-8.5,958.4,62.5,298.0,55.0,0,Normal,
2016-04-08 15:00:00,-9.2,958.3,61.9,298.0,50.0,0,Normal,
2016-04-08 16:00:00,-11.2,958.1,61.3,298.0,53.0,0,Normal,
2016-04-08 17:00:00,-13.8,958.2,60.8,298.0,62.0,0,Normal,
2016-04-08 18:00:00,-14.7,958.2,14.4,265.0,64.0,0,Normal,
2016-04-08 19:00:00,-14.5,958.2,61.9,298.0,60.0,0,Normal,
2016-04-08 20:00:00,-15.3,958.3,61.6,298.0,60.0,0,Normal,
2016-04-08 21:00:00,-16.0,958.0,63.9,298.0,63.0,0,Normal,
2016-04-08 22:00:00,-15.4,957.7,63.2,301.0,61.0,0,Normal,
2016-04-08 23:00:00,-16.1,957.3,63.2,298.0,61.0,0,Normal,
2016-04-09 00:00:00,-17.7,957.1,61.9,298.0,66.0,0,Normal,
2016-04-09 01:00:00,-17.2,956.3,61.9,298.0,64.0,0,Normal,
2016-04-09 02:00:00,-17.3,955.8,63.4,299.0,63.0,0,Normal,
2016-04-09 03:00:00,-13.5,955.3,25.6,315.0,42.0,0,Normal,
2016-04-09 04:00:00,-12.9,954.9,62.6,298.0,39.0,0,Normal,
2016-04-09 05:00:00,-13.3,955.1,62.3,298.0,43.0,0,Normal,
2016-04-09 06:00:00,-14.4,955.1,63.9,298.0,48.0,0,Normal,
2016-04-09 07:00:00,-16.2,955.3,62.6,301.0,56.0,0,Normal,
2016-04-09 08:00:00,-14.5,955.1,62.6,298.0,51.0,0,Normal,
2016-04-09 09:00:00,-16.4,955.2,61.9,298.0,58.0,0,Normal,
2016-04-09 10:00:00,-15.3,955.7,61.9,298.0,61.0,0,Normal,
2016-04-09 11:00:00,-12.9,955.3,58.9,299.0,47.0,0,Normal,
2016-04-09 12:00:00,-13.1,955.5,59.2,306.0,49.0,0,Normal,
2016-04-09 13:00:00,-13.2,955.5,61.9,298.0,53.0,0,Normal,
2016-04-09 14:00:00,-12.1,955.3,63.2,298.0,45.0,0,Normal,
2016-04-09 15:00:00,-12.2,954.9,63.2,298.0,49.0,0,Normal,
2016-04-09 16:00:00,-12.6,954.8,63.2,301.0,50.0,0,Normal,
2016-04-09 17:00:00,-12.7,955.1,63.2,298.0,44.0,0,Normal,
2016-04-09 18:00:00,-12.8,955.3,61.9,298.0,38.0,0,Normal,
2016-04-09 19:00:00,-13.8,955.5,61.9,298.0,40.0,0,Normal,
2016-04-09 20:00:00,-13.2,956.1,61.3,298.0,39.0,0,Normal,
2016-04-09 21:00:00,-13.5,955.8,61.9,301.0,38.0,0,Normal,
2016-04-09 22:00:00,-12.6,955.9,61.9,298.0,34.0,0,Normal,
2016-04-09 23:00:00,-13.4,956.2,63.9,298.0,39.0,0,Normal,
2016-04-10 00:00:00,-12.9,956.4,63.9,298.0,34.0,0,Normal,
2016-04-10 01:00:00,-13.9,956.5,63.2,301.0,35.0,0,Normal,
2016-04-10 02:00:00,-14.1,956.5,63.2,298.0,36.0,0,Normal,
2016-04-10 03:00:00,-14.6,956.6,61.9,298.0,40.0,0,Normal,
2016-04-10 04:00:00,-15.6,956.2,62.6,298.0,44.0,0,Normal,
2016-04-10 05:00:00,-15.7,956.1,61.2,298.0,46.0,0,Normal,
2016-04-10 06:00:00,-15.7,956.1,41.6,305.0,46.0,0,Normal,
2016-04-10 07:00:00,-15.5,955.5,62.6,298.0,41.0,0,Normal,
2016-04-10 08:00:00,-15.6,955.2,63.2,298.0,45.0,0,Normal,
2016-04-10 09:00:00,-15.7,954.8,63.9,298.0,46.0,0,Normal,
2016-04-10 10:00:00,-16.0,954.5,62.6,301.0,47.0,0,Normal,
2016-04-10 11:00:00,-15.8,954.0,43.2,286.0,49.0,0,Normal,
2016-04-10 12:00:00,-15.5,953.8,61.3,298.0,51.0,0,Normal,
2016-04-10 13:00:00,-15.3,953.6,62.6,298.0,51.0,0,Normal,
2016-04-10 14:00:00,-15.4,953.5,61.6,299.0,52.0,0,Normal,
2016-04-10 15:00:00,-15.7,953.5,57.5,302.0,56.0,0,Normal,
2016-04-10 16:00:00,-15.8,953.6,61.9,298.0,56.0,0,Normal,
2016-04-10 17:00:00,-15.6,953.4,62.0,299.0,56.0,0,Normal,
2016-04-10 18:00:00,-15.5,953.4,63.9,298.0,56.0,0,Normal,
2016-04-10 19:00:00,-15.3,953.3,63.2,301.0,56.0,0,Normal,
2016-04-10 20:00:00,-15.2,953.1,63.2,298.0,54.0,0,Normal,
2016-04-10 21:00:00,-15.3,953.1,61.3,298.0,56.0,0,Normal,
2016-04-10 22:00:00,-14.9,953.2,61.3,298.0,49.0,0,Normal,
2016-04-10 23:00:00,-14.6,953.4,60.5,299.0,45.0,0,Normal,
2016-04-11 00:00:00,-15.1,953.6,46.6,285.0,51.0,0,Normal,
2016-04-11 01:00:00,-14.6,953.6,62.1,298.0,48.0,0,Normal,
2016-04-11 02:00:00,-14.2,953.8,62.6,298.0,46.0,0,Normal,
2016-04-11 03:00:00,-14.0,953.6,62.6,298.0,47.0,0,Normal,
2016-04-11 04:00:00,-13.8,953.4,63.2,301.0,40.0,0,Normal,
2016-04-11 05:00:00,-14.1,953.3,63.2,298.0,46.0,0,Normal,
2016-04-11 06:00:00,-13.8,953.5,61.3,298.0,43.0,0,Normal,
2016-04-11 07:00:00,-14.0,953.7,61.9,298.0,46.0,0,Normal,
2016-04-11 08:00:00,-13.7,953.8,58.0,300.0,40.0,0,Normal,
2016-04-11 09:00:00,-13.3,954.0,54.6,289.0,40.0,0,Normal,
2016-04-11 10:00:00,-13.3,954.0,62.9,298.0,40.0,0,Normal,
2016-04-11 11:00:00,-12.9,954.3,63.9,298.0,41.0,0,Normal,
2016-04-11 12:00:00,-13.2,954.6,63.2,298.0,38.0,0,Normal,
2016-04-11 13:00:00,-12.8,955.2,63.2,301.0,35.0,0,Normal,
2016-04-11 14:00:00,-13.3,955.7,63.2,298.0,39.0,0,Normal,
2016-04-11 15:00:00,-14.2,955.9,61.9,298.0,36.0,0,Normal,
2016-04-11 16:00:00,-14.8,956.2,61.3,298.0,37.0,0,Normal,
2016-04-11 17:00:00,-15.5,956.6,43.1,299.0,36.0,0,Normal,
2016-04-11 18:00:00,-15.3,957.1,20.8,307.0,34.0,0,Normal,
2016-04-11 19:00:00,-16.5,958.0,62.1,298.0,37.0,0,Normal,
2016-04-11 20:00:00,-16.9,958.9,63.2,298.0,41.0,0,Normal,
2016-04-11 21:00:00,-16.3,959.1,63.2,298.0,37.0,0,Normal,
2016-04-11 22:00:00,-17.1,960.0,62.2,300.0,45.0,0,Normal,
2016-04-11 23:00:00,-16.9,960.5,62.6,298.0,42.0,0,Normal,
2016-04-12 00:00:00,-18.4,961.0,61.3,298.0,48.0,0,Normal,
2016-04-12 01:00:00,-18.3,961.5,61.9,301.0,48.0,0,Normal,
2016-04-12 02:00:00,-18.6,962.1,62.6,298.0,46.0,0,Normal,
2016-04-12 03:00:00,-17.9,962.5,63.9,298.0,44.0,0,Normal,
2016-04-12 04:00:00,-18.4,963.5,62.9,298.0,45.0,0,Normal,
2016-04-12 05:00:00,-18.8,964.1,63.2,298.0,45.0,0,Normal,
2016-04-12 06:00:00,-19.1,964.8,61.9,298.0,46.0,0,Normal,
2016-04-12 07:00:00,-20.6,965.9,62.6,301.0,53.0,0,Normal,
2016-04-12 08:00:00,-19.0,966.7,61.9,298.0,49.0,0,Normal,
2016-04-12 09:00:00,-18.2,967.5,62.6,298.0,48.0,0,Normal,
2016-04-12 10:00:00,-17.1,968.0,63.9,298.0,45.0,0,Normal,
2016-04-12 11:00:00,-16.3,968.6,63.9,298.0,43.0,0,Normal,
2016-04-12 12:00:00,-17.0,969.2,43.2,304.0,46.0,0,Normal,
2016-04-12 13:00:00,-16.2,969.7,62.6,298.0,44.0,0,Normal,
2016-04-12 14:00:00,-15.9,970.0,61.9,298.0,46.0,0,Normal,
2016-04-12 15:00:00,-17.3,970.4,61.9,298.0,48.0,0,Normal,
2016-04-12 16:00:00,-18.9,970.7,61.9,301.0,53.0,0,Normal,
2016-04-12 17:00:00,-19.4,970.8,63.2,298.0,51.0,0,Normal,
2016-04-12 18:00:00,-19.5,971.5,62.9,298.0,50.0,0,Normal,
2016-04-12 19:00:00,-19.4,971.7,57.2,294.0,52.0,0,Normal,
2016-04-12 20:00:00,-18.1,972.1,61.9,298.0,50.0,0,Normal,
2016-04-12 21:00:00,-21.0,972.9,61.9,298.0,56.0,0,Normal,
2016-04-12 22:00:00,-20.3,972.7,62.6,298.0,55.0,0,Normal,
2016-04-12 23:00:00,-20.2,972.4,63.2,298.0,56.0,0,Normal,
2016-04-13 00:00:00,-20.4,972.6,62.6,301.0,56.0,0,Normal,
2016-04-13 01:00:00,-20.7,972.4,62.6,298.0,58.0,0,Normal,
2016-04-13 02:00:00,-21.0,972.4,62.6,298.0,60.0,0,Normal,
2016-04-13 03:00:00,-20.9,972.4,57.9,301.0,59.0,0,Normal,
2016-04-13 04:00:00,-20.6,972.4,63.2,298.0,59.0,0,Normal,
2016-04-13 05:00:00,-20.1,972.4,63.6,298.0,59.0,0,Normal,
2016-04-13 06:00:00,-19.8,972.5,63.2,298.0,58.0,0,Normal,
2016-04-13 07:00:00,-20.1,973.0,61.9,298.0,58.0,0,Normal,
2016-04-13 08:00:00,-18.7,973.3,61.9,298.0,55.0,0,Normal,
2016-04-13 09:00:00,-17.3,973.8,61.4,302.0,53.0,0,Normal,
2016-04-13 10:00:00,-14.9,973.8,61.9,298.0,50.0,0,Normal,
2016-04-13 11:00:00,-13.3,973.6,62.6,298.0,48.0,0,Normal,
2016-04-13 12:00:00,-11.3,973.6,63.3,298.0,43.0,0,Normal,
2016-04-13 13:00:00,-9.4,973.4,55.2,299.0,36.0,0,Normal,
2016-04-13 14:00:00,-9.4,973.4,19.0,326.0,35.0,0,Normal,
2016-04-13 15:00:00,-9.4,973.1,62.6,298.0,35.0,0,Normal,
2016-04-13 16:00:00,-9.0,972.6,61.9,298.0,31.0,0,Normal,
2016-04-13 17:00:00,-9.4,972.5,61.3,298.0,34.0,0,Normal,
2016-04-13 18:00:00,-10.6,972.0,61.9,301.0,34.0,0,Normal,
2016-04-13 19:00:00,-10.3,972.2,61.9,298.0,34.0,0,Normal,
2016-04-13 20:00:00,-13.1,972.3,63.2,298.0,41.0,0,Normal,
2016-04-13 21:00:00,-14.1,971.9,63.2,298.0,42.0,0,Normal,
2016-04-13 22:00:00,-13.8,971.7,63.0,298.0,42.0,0,Normal,
2016-04-13 23:00:00,-12.1,971.1,45.5,303.0,42.0,0,Normal,
2016-04-14 00:00:00,-11.3,970.6,62.6,298.0,38.0,0,Normal,
2016-04-14 01:00:00,-9.7,970.2,61.9,298.0,31.0,0,Normal,
2016-04-14 02:00:00,-11.9,969.9,61.3,298.0,40.0,0,Normal,
2016-04-14 03:00:00,-14.2,969.5,61.8,301.0,45.0,0,Normal,
2016-04-14 04:00:00,-13.9,968.7,61.8,298.0,46.0,0,Normal,
2016-04-14 05:00:00,-13.0,968.5,63.2,298.0,43.0,0,Normal,
2016-04-14 06:00:00,-14.3,968.3,63.2,298.0,45.0,0,Normal,
2016-04-14 07:00:00,-9.3,967.8,63.2,298.0,34.0,0,Normal,
2016-04-14 08:00:00,-12.2,967.5,63.1,302.0,40.0,0,Normal,
2016-04-14 09:00:00,-7.3,966.1,63.3,298.0,33.0,0,Normal,
2016-04-14 10:00:00,-5.6,966.0,61.3,298.0,30.0,0,Normal,
2016-04-14 11:00:00,-6.0,966.2,61.3,298.0,35.0,0,Normal,
2016-04-14 12:00:00,-5.2,966.5,62.2,300.0,30.0,0,Normal,
2016-04-14 13:00:00,-5.9,966.2,41.5,280.0,33.0,0,Normal,
2016-04-14 14:00:00,-6.1,965.8,61.9,298.0,34.0,0,Normal,
2016-04-14 15:00:00,-7.4,966.3,63.8,298.0,38.0,0,Normal,
2016-04-14 16:00:00,-8.2,966.7,63.3,298.0,40.0,0,Normal,
2016-04-14 17:00:00,-8.2,967.2,62.6,301.0,39.0,0,Normal,
2016-04-14 18:00:00,-9.5,968.0,62.6,298.0,44.0,0,Normal,
2016-04-14 19:00:00,-9.5,967.5,63.2,298.0,44.0,0,Normal,
2016-04-14 20:00:00,-9.3,967.6,61.8,299.0,42.0,0,Normal,
2016-04-14 21:00:00,-9.0,967.7,61.3,298.0,37.0,0,Normal,
2016-04-14 22:00:00,-8.3,967.8,60.6,301.0,36.0,0,Normal,
2016-04-14 23:00:00,-8.5,967.6,61.9,298.0,34.0,0,Normal,
2016-04-15 00:00:00,-8.4,967.4,63.9,298.0,37.0,0,Normal,
2016-04-15 01:00:00,-7.6,967.5,63.9,298.0,35.0,0,Normal,
2016-04-15 02:00:00,-8.4,967.5,62.9,300.0,41.0,0,Normal,
2016-04-15 03:00:00,-8.8,966.9,62.9,298.0,39.0,0,Normal,
2016-04-15 04:00:00,-8.6,966.5,59.1,296.0,33.0,0,Normal,
2016-04-15 05:00:00,-8.8,966.6,61.3,298.0,34.0,0,Normal,
2016-04-15 06:00:00,-9.6,966.5,62.3,298.0,37.0,0,Normal,
2016-04-15 07:00:00,-9.7,966.2,42.8,294.0,38.0,0,Normal,
2016-04-15 08:00:00,-10.0,966.3,61.9,299.0,39.0,0,Normal,
2016-04-15 09:00:00,-9.5,966.2,63.2,298.0,37.0,0,Normal,
2016-04-15 10:00:00,-9.4,966.0,63.3,298.0,39.0,0,Normal,
2016-04-15 11:00:00,-9.4,965.7,62.6,300.0,39.0,0,Normal,
2016-04-15 12:00:00,-9.0,965.3,60.9,298.0,38.0,0,Normal,
2016-04-15 13:00:00,-8.7,965.1,59.1,300.0,33.0,0,Normal,
2016-04-15 14:00:00,-9.5,964.8,61.9,298.0,38.0,0,Normal,
2016-04-15 15:00:00,-10.2,964.4,61.9,298.0,38.0,0,Normal,
2016-04-15 16:00:00,-11.2,964.2,61.3,300.0,38.0,0,Normal,
2016-04-15 17:00:00,-11.3,963.8,61.9,299.0,37.0,0,Normal,
2016-04-15 18:00:00,-11.7,963.4,63.2,298.0,36.0,0,Normal,
2016-04-15 19:00:00,-12.0,963.3,63.2,298.0,34.0,0,Normal,
2016-04-15 20:00:00,-13.1,963.0,62.0,299.0,36.0,0,Normal,
2016-04-15 21:00:00,-12.1,962.4,54.8,288.0,35.0,0,Normal,
2016-04-15 22:00:00,-12.4,962.1,57.9,298.0,33.0,0,Normal,
2016-04-15 23:00:00,-13.6,962.0,62.6,298.0,34.0,0,Normal,
2016-04-16 00:00:00,-14.1,961.7,62.0,298.0,36.0,0,Normal,
2016-04-16 01:00:00,-13.9,961.5,61.9,300.0,35.0,0,Normal,
2016-04-16 02:00:00,-13.0,961.0,61.9,299.0,30.0,0,Normal,
2016-04-16 03:00:00,-13.6,960.9,63.2,298.0,32.0,0,Normal,
2016-04-16 04:00:00,-14.1,960.7,62.6,298.0,34.0,0,Normal,
2016-04-16 05:00:00,-13.9,960.5,62.6,299.0,31.0,0,Normal,
2016-04-16 06:00:00,-14.1,960.4,62.6,300.0,32.0,0,Normal,
2016-04-16 07:00:00,-14.2,960.2,51.0,300.0,31.0,0,Normal,
2016-04-16 08:00:00,-14.0,960.0,62.6,298.0,31.0,0,Normal,
2016-04-16 09:00:00,-14.2,959.9,61.9,298.0,32.0,0,Normal,
2016-04-16 10:00:00,-14.2,959.5,61.3,300.0,34.0,0,Normal,
2016-04-16 11:00:00,-14.2,959.3,62.6,299.0,35.0,0,Normal,
2016-04-16 12:00:00,-14.6,959.0,62.6,298.0,36.0,0,Normal,
2016-04-16 13:00:00,-14.5,958.8,63.2,298.0,34.0,0,Normal,
2016-04-16 14:00:00,-14.7,958.5,63.8,298.0,35.0,0,Normal,
2016-04-16 15:00:00,-15.0,958.4,58.8,292.0,35.0,0,Normal,
2016-04-16 16:00:00,-15.6,958.2,49.6,299.0,35.0,0,Normal,
2016-04-16 17:00:00,-16.3,958.1,63.2,298.0,36.0,0,Normal,
2016-04-16 18:00:00,-16.4,958.3,61.9,298.0,36.0,0,Normal,
2016-04-16 19:00:00,-15.8,958.6,61.3,299.0,36.0,0,Normal,
2016-04-16 20:00:00,-16.7,958.7,61.9,300.0,36.0,0,Normal,
2016-04-16 21:00:00,-16.1,958.8,62.6,298.0,36.0,0,Normal,
2016-04-16 22:00:00,-17.4,959.2,63.2,298.0,40.0,0,Normal,
2016-04-16 23:00:00,-17.6,959.8,63.1,298.0,40.0,0,Normal,
2016-04-17 00:00:00,-16.4,960.9,62.3,299.0,38.0,0,Normal,
2016-04-17 01:00:00,-17.3,961.8,59.7,294.0,39.0,0,Normal,
2016-04-17 02:00:00,-17.8,962.1,62.6,298.0,42.0,0,Normal,
2016-04-17 03:00:00,-18.7,962.6,62.6,298.0,41.0,0,Normal,
2016-04-17 04:00:00,-19.0,962.9,61.4,298.0,43.0,0,Normal,
2016-04-17 05:00:00,-18.5,963.6,62.6,298.0,42.0,0,Normal,
2016-04-17 06:00:00,-19.1,964.0,63.8,298.0,45.0,0,Normal,
2016-04-17 07:00:00,-18.9,964.8,65.5,299.0,43.0,0,Normal,
2016-04-17 08:00:00,-18.1,965.9,62.6,298.0,39.0,0,Normal,
2016-04-17 09:00:00,-17.3,966.7,61.3,298.0,43.0,0,Normal,
2016-04-17 10:00:00,-18.1,967.0,62.2,299.0,45.0,0,Normal,
2016-04-17 11:00:00,-16.5,967.8,55.5,299.0,38.0,0,Normal,
2016-04-17 12:00:00,-15.3,968.4,48.2,305.0,36.0,0,Normal,
2016-04-17 13:00:00,-15.6,969.0,61.9,298.0,39.0,0,Normal,
2016-04-17 14:00:00,-17.0,969.7,63.2,298.0,40.0,0,Normal,
2016-04-17 15:00:00,-16.1,970.8,62.6,299.0,36.0,0,Normal,
2016-04-17 16:00:00,-16.3,971.5,62.3,300.0,37.0,0,Normal,
2016-04-17 17:00:00,-16.6,972.1,62.6,298.0,36.0,0,Normal,
2016-04-17 18:00:00,-16.1,973.8,61.9,298.0,36.0,0,Normal,
2016-04-17 19:00:00,-17.0,974.3,61.9,298.0,41.0,0,Normal,
2016-04-17 20:00:00,-17.3,974.5,62.5,298.0,36.0,0,Normal,
2016-04-17 21:00:00,-16.2,975.4,60.9,302.0,33.0,0,Normal,
2016-04-17 22:00:00,-15.9,976.8,62.6,298.0,33.0,0,Normal,
2016-04-17 23:00:00,-14.4,977.5,63.2,298.0,29.0,0,Normal,
2016-04-18 00:00:00,-15.6,977.8,63.1,298.0,33.0,0,Normal,
2016-04-18 01:00:00,-17.1,978.8,60.6,300.0,37.0,0,Normal,
2016-04-18 02:00:00,-16.9,979.8,62.5,297.0,38.0,0,Normal,
2016-04-18 03:00:00,-16.2,980.1,62.9,298.0,35.0,0,Normal,
2016-04-18 04:00:00,-16.0,980.8,61.9,298.0,36.0,0,Normal,
2016-04-18 05:00:00,-15.8,981.4,61.3,298.0,36.0,0,Normal,
2016-04-18 06:00:00,-13.1,981.7,62.6,301.0,32.0,0,Normal,
2016-04-18 07:00:00,-11.9,982.2,62.6,298.0,28.0,0,Normal,
2016-04-18 08:00:00,-12.1,982.8,62.6,298.0,31.0,0,Normal,
2016-04-18 09:00:00,-11.8,983.3,62.6,298.0,36.0,0,Normal,
2016-04-18 10:00:00,-11.1,984.0,58.9,300.0,37.0,0,Normal,
2016-04-18 11:00:00,-10.7,984.5,61.9,301.0,37.0,0,Normal,
2016-04-18 12:00:00,-10.4,985.0,62.1,298.0,37.0,0,Normal,
2016-04-18 13:00:00,-10.1,985.7,62.5,299.0,36.0,0,Normal,
2016-04-18 14:00:00,-10.0,986.1,61.3,298.0,38.0,0,Normal,
2016-04-18 15:00:00,-10.1,986.7,61.9,301.0,37.0,0,Normal,
2016-04-18 16:00:00,-9.9,987.2,61.9,298.0,37.0,0,Normal,
2016-04-18 17:00:00,-9.6,987.6,63.2,298.0,37.0,0,Normal,
2016-04-18 18:00:00,-9.7,987.6,63.5,298.0,38.0,0,Normal,
2016-04-18 19:00:00,-9.5,987.9,67.6,299.0,38.0,0,Normal,
2016-04-18 20:00:00,-9.1,988.4,27.5,308.0,38.0,0,Normal,
2016-04-18 21:00:00,-8.6,988.9,62.6,298.0,34.0,0,Normal,
2016-04-18 22:00:00,-8.9,988.7,61.9,298.0,39.0,0,Normal,
2016-04-18 23:00:00,-8.5,988.9,61.9,298.0,37.0,0,Normal,
2016-04-19 00:00:00,-8.5,989.1,61.9,301.0,37.0,0,Normal,
2016-04-19 01:00:00,-8.3,989.0,62.6,298.0,36.0,0,Normal,
2016-04-19 02:00:00,-7.8,989.1,62.6,298.0,34.0,0,Normal,
2016-04-19 03:00:00,-8.0,989.1,63.9,298.0,37.0,0,Normal,
2016-04-19 04:00:00,-8.2,989.6,64.9,298.0,36.0,0,Normal,
2016-04-19 05:00:00,-9.6,990.4,53.7,298.0,45.0,0,Normal,
2016-04-19 06:00:00,-10.3,990.6,62.6,298.0,40.0,0,Normal,
2016-04-19 07:00:00,-9.7,990.2,61.3,298.0,36.0,0,Normal,
2016-04-19 08:00:00,-8.9,989.4,61.3,298.0,41.0,0,Normal,
2016-04-19 09:00:00,-8.8,990.1,62.3,301.0,46.0,0,Normal,
2016-04-19 10:00:00,-8.4,990.3,61.0,296.0,44.0,0,Normal,
2016-04-19 11:00:00,-7.8,989.7,62.6,298.0,43.0,0,Normal,
2016-04-19 12:00:00,-7.1,989.4,63.9,298.0,42.0,0,Normal,
2016-04-19 13:00:00,-6.5,989.4,63.3,298.0,38.0,0,Normal,
2016-04-19 14:00:00,-6.2,988.7,63.3,301.0,40.0,0,Normal,
2016-04-19 15:00:00,-5.8,989.2,62.6,298.0,40.0,0,Normal,
2016-04-19 16:00:00,-5.8,989.3,61.9,298.0,42.0,0,Normal,
2016-04-19 17:00:00,-5.6,989.2,61.9,298.0,41.0,0,Normal,
2016-04-19 18:00:00,-5.2,989.1,61.6,299.0,37.0,0,Normal,
2016-04-19 19:00:00,-4.9,989.0,33.4,324.0,37.0,0,Normal,
2016-04-19 20:00:00,-4.8,989.9,62.6,298.0,38.0,0,Normal,
2016-04-19 21:00:00,-4.9,989.6,62.5,299.0,41.0,0,Normal,
2016-04-19 22:00:00,-4.6,989.6,63.9,298.0,38.0,0,Normal,
2016-04-19 23:00:00,-5.3,990.0,63.3,301.0,43.0,0,Normal,
2016-04-20 00:00:00,-5.4,989.7,63.3,298.0,46.0,0,Normal,
2016-04-20 01:00:00,-5.1,989.8,61.3,298.0,45.0,0,Normal,
2016-04-20 02:00:00,-4.8,989.3,61.9,298.0,36.0,0,Normal,
2016-04-20 03:00:00,-5.0,989.3,62.9,298.0,35.0,0,Normal,
2016-04-20 04:00:00,-5.7,988.6,41.4,301.0,43.0,0,Normal,
2016-04-20 05:00:00,-6.3,987.8,62.5,298.0,53.0,0,Normal,
2016-04-20 06:00:00,-5.0,987.7,63.9,298.0,40.0,0,Normal,
2016-04-20 07:00:00,-5.2,987.2,63.3,298.0,45.0,0,Normal,
2016-04-20 08:00:00,-4.6,986.8,63.2,300.0,39.0,0,Normal,
2016-04-20 09:00:00,-4.9,986.6,62.6,298.0,32.0,0,Normal,
2016-04-20 10:00:00,-4.5,985.9,61.5,298.0,33.0,0,Normal,
2016-04-20 11:00:00,-3.0,985.0,62.6,298.0,27.0,0,Normal,
2016-04-20 12:00:00,-3.7,984.3,61.3,298.0,34.0,0,Normal,
2016-04-20 13:00:00,-4.0,983.8,61.2,298.0,35.0,0,Normal,
2016-04-20 14:00:00,-4.4,984.1,61.3,298.0,36.0,0,Normal,
2016-04-20 15:00:00,-4.9,983.3,50.2,299.0,37.0,0,Normal,
2016-04-20 16:00:00,-4.6,982.6,59.5,303.0,40.0,0,Normal,
2016-04-20 17:00:00,-4.9,982.8,62.6,298.0,40.0,0,Normal,
2016-04-20 18:00:00,-8.9,983.1,63.2,298.0,58.0,0,Normal,
2016-04-20 19:00:00,-8.4,983.1,63.3,298.0,52.0,0,Normal,
2016-04-20 20:00:00,-7.5,983.2,62.6,301.0,37.0,0,Normal,
2016-04-20 21:00:00,-7.0,983.5,63.3,298.0,36.0,0,Normal,
2016-04-20 22:00:00,-6.4,982.7,61.3,298.0,37.0,0,Normal,
2016-04-20 23:00:00,-5.2,982.2,62.6,298.0,33.0,0,Normal,
2016-04-21 00:00:00,-5.3,982.8,61.3,298.0,37.0,0,Normal,
2016-04-21 01:00:00,-6.2,982.2,61.9,301.0,37.0,0,Normal,
2016-04-21 02:00:00,-5.8,982.4,61.9,298.0,41.0,0,Normal,
2016-04-21 03:00:00,-7.2,982.4,63.3,298.0,43.0,0,Normal,
2016-04-21 04:00:00,-6.5,981.8,63.3,298.0,43.0,0,Normal,
2016-04-21 05:00:00,-5.8,981.5,68.8,299.0,37.0,0,Normal,
2016-04-21 06:00:00,-7.0,981.6,27.4,300.0,39.0,0,Normal,
2016-04-21 07:00:00,-8.0,981.3,63.2,298.0,49.0,0,Normal,
2016-04-21 08:00:00,-6.7,982.4,60.6,299.0,39.0,0,Normal,
2016-04-21 09:00:00,-6.8,982.1,61.3,298.0,35.0,0,Normal,
2016-04-21 10:00:00,-7.5,981.1,61.9,301.0,46.0,0,Normal,
2016-04-21 11:00:00,-6.2,982.7,62.4,298.0,41.0,0,Normal,
2016-04-21 12:00:00,-6.3,982.5,63.3,298.0,33.0,0,Normal,
2016-04-21 13:00:00,-6.1,980.9,63.3,298.0,41.0,0,Normal,
2016-04-21 14:00:00,-5.1,980.9,62.6,298.0,37.0,0,Normal,
2016-04-21 15:00:00,-7.3,981.5,46.4,306.0,43.0,0,Normal,
2016-04-21 16:00:00,-6.3,981.6,63.3,298.0,37.0,0,Normal,
2016-04-21 17:00:00,-7.2,982.4,61.9,298.0,43.0,0,Normal,
2016-04-21 18:00:00,-7.4,982.6,61.9,298.0,39.0,0,Normal,
2016-04-21 19:00:00,-6.4,981.4,62.5,301.0,30.0,0,Normal,
2016-04-21 20:00:00,-7.5,982.1,62.3,298.0,36.0,0,Normal,
2016-04-21 21:00:00,-7.4,981.7,62.8,298.0,36.0,0,Normal,
2016-04-21 22:00:00,-8.0,981.9,63.9,298.0,38.0,0,Normal,
2016-04-21 23:00:00,-9.0,981.9,63.2,298.0,41.0,0,Normal,
2016-04-22 00:00:00,-9.2,981.4,62.6,301.0,40.0,0,Normal,
2016-04-22 01:00:00,-8.8,980.9,63.2,298.0,38.0,0,Normal,
2016-04-22 02:00:00,-8.8,980.7,61.9,298.0,38.0,0,Normal,
2016-04-22 03:00:00,-10.7,980.4,61.3,298.0,42.0,0,Normal,
2016-04-22 04:00:00,-11.2,980.5,56.7,299.0,41.0,0,Normal,
2016-04-22 05:00:00,-14.5,980.7,58.1,297.0,53.0,0,Normal,
2016-04-22 06:00:00,-15.4,980.3,62.3,298.0,56.0,0,Normal,
2016-04-22 07:00:00,-15.9,979.9,62.8,299.0,56.0,0,Normal,
2016-04-22 08:00:00,-16.0,980.0,62.6,298.0,56.0,0,Normal,
2016-04-22 09:00:00,-15.0,979.5,63.2,301.0,54.0,0,Normal,
2016-04-22 10:00:00,-14.1,978.8,62.6,298.0,51.0,0,Normal,
2016-04-22 11:00:00,-11.8,977.5,61.3,298.0,47.0,0,Normal,
2016-04-22 12:00:00,-9.6,976.8,61.3,298.0,37.0,0,Normal,
2016-04-22 13:00:00,-9.9,975.8,62.5,299.0,45.0,0,Normal,
2016-04-22 14:00:00,-10.0,975.7,56.9,310.0,40.0,0,Normal,
2016-04-22 15:00:00,-10.8,974.8,61.9,298.0,38.0,0,Normal,
2016-04-22 16:00:00,-10.2,974.3,63.9,298.0,37.0,0,Normal,
2016-04-22 17:00:00,-10.7,973.8,62.6,298.0,37.0,0,Normal,
2016-04-22 18:00:00,-10.6,973.3,62.6,301.0,35.0,0,Normal,
2016-04-22 19:00:00,-12.1,972.3,63.2,298.0,40.0,0,Normal,
2016-04-22 20:00:00,-12.2,970.7,61.9,298.0,46.0,0,Normal,
2016-04-22 21:00:00,-12.2,969.7,61.9,298.0,47.0,0,Normal,
2016-04-22 22:00:00,-12.2,969.3,60.9,298.0,47.0,0,Normal,
2016-04-22 23:00:00,-11.7,969.5,43.1,291.0,47.0,0,Normal,
2016-04-23 00:00:00,-9.6,968.4,62.5,299.0,39.0,0,Normal,
2016-04-23 01:00:00,-8.8,967.9,63.2,298.0,40.0,0,Normal,
2016-04-23 02:00:00,-8.2,967.6,63.9,298.0,39.0,0,Normal,
2016-04-23 03:00:00,-7.7,967.5,63.3,301.0,39.0,0,Normal,
2016-04-23 04:00:00,-7.6,967.4,63.2,298.0,41.0,0,Normal,
2016-04-23 05:00:00,-7.8,967.0,62.1,298.0,37.0,0,Normal,
2016-04-23 06:00:00,-8.4,967.3,61.3,298.0,39.0,0,Normal,
2016-04-23 07:00:00,-7.5,967.4,61.9,298.0,31.0,0,Normal,
2016-04-23 08:00:00,-7.2,967.6,60.1,304.0,30.0,0,Normal,
2016-04-23 09:00:00,-7.4,967.8,62.6,298.0,29.0,0,Normal,
2016-04-23 10:00:00,-7.4,968.0,62.6,298.0,32.0,0,Normal,
2016-04-23 11:00:00,-7.5,968.0,63.3,298.0,30.0,0,Normal,
2016-04-23 12:00:00,-7.9,968.5,63.1,300.0,31.0,0,Normal,
2016-04-23 13:00:00,-8.2,968.4,55.8,291.0,31.0,0,Normal,
2016-04-23 14:00:00,-8.7,968.7,62.6,298.0,35.0,0,Normal,
2016-04-23 15:00:00,-8.9,968.5,61.9,298.0,36.0,0,Normal,
2016-04-23 16:00:00,-8.6,968.6,61.9,298.0,36.0,0,Normal,
2016-04-23 17:00:00,-8.1,968.4,61.9,301.0,40.0,0,Normal,
2016-04-23 18:00:00,-8.0,968.3,61.9,298.0,44.0,0,Normal,
2016-04-23 19:00:00,-7.4,968.3,63.3,298.0,44.0,0,Normal,
2016-04-23 20:00:00,-7.1,968.6,63.3,298.0,47.0,0,Normal,
2016-04-23 21:00:00,-6.7,968.8,63.9,298.0,47.0,0,Normal,
2016-04-23 22:00:00,-6.9,969.1,61.6,295.0,54.0,0,Normal,
2016-04-23 23:00:00,-6.6,968.5,62.1,298.0,53.0,0,Normal,
2016-04-24 00:00:00,-6.1,968.8,61.9,298.0,50.0,0,Normal,
2016-04-24 01:00:00,-5.7,969.1,61.3,298.0,46.0,0,Normal,
2016-04-24 02:00:00,-5.5,968.9,62.6,301.0,47.0,0,Normal,
2016-04-24 03:00:00,-5.3,968.4,62.6,298.0,50.0,0,Normal,
2016-04-24 04:00:00,-4.8,968.0,62.6,298.0,48.0,0,Normal,
2016-04-24 05:00:00,-4.8,967.8,63.3,298.0,55.0,0,Normal,
2016-04-24 06:00:00,-4.8,968.0,63.5,298.0,57.0,0,Normal,
2016-04-24 07:00:00,-5.5,968.8,50.3,285.0,66.0,0,Normal,
2016-04-24 08:00:00,-6.3,970.8,62.6,298.0,88.0,0,Normal,
2016-04-24 09:00:00,-6.6,972.5,61.9,298.0,93.0,0,Normal,
2016-04-24 10:00:00,-6.6,974.2,61.5,298.0,93.0,0,Normal,
2016-04-24 11:00:00,-6.7,975.4,62.6,301.0,92.0,0,Normal,
2016-04-24 12:00:00,-6.8,975.9,61.9,298.0,91.0,0,Normal,
2016-04-24 13:00:00,-6.7,976.5,63.3,298.0,90.0,0,Normal,
2016-04-24 14:00:00,-6.7,976.6,63.3,298.0,84.0,0,Normal,
2016-04-24 15:00:00,-6.2,976.6,68.7,300.0,71.0,0,Normal,
2016-04-24 16:00:00,-5.8,976.1,48.5,281.0,63.0,0,Normal,
2016-04-24 17:00:00,-5.4,976.1,62.9,298.0,56.0,0,Normal,
2016-04-24 18:00:00,-5.1,975.6,61.3,298.0,55.0,0,Normal,
2016-04-24 19:00:00,-4.8,975.6,61.3,298.0,54.0,0,Normal,
2016-04-24 20:00:00,-4.5,976.0,61.9,301.0,54.0,0,Normal,
2016-04-24 21:00:00,-4.4,975.9,62.6,298.0,57.0,0,Normal,
2016-04-24 22:00:00,-4.1,975.1,63.3,298.0,52.0,0,Normal,
2016-05-02 07:00:00,-15.6,974.6,62.6,298.0,30.0,0,Normal,
2016-05-02 08:00:00,-15.5,974.5,62.6,298.0,30.0,0,Normal,
2016-05-02 09:00:00,-15.2,974.4,55.8,304.0,29.0,0,Normal,
2016-05-02 10:00:00,-15.4,974.9,63.2,298.0,33.0,0,Normal,
2016-05-02 11:00:00,-15.3,975.0,61.3,298.0,33.0,0,Normal,
2016-05-02 12:00:00,-15.3,975.3,61.3,298.0,36.0,0,Normal,
2016-05-02 13:00:00,-15.0,974.9,62.6,301.0,35.0,0,Normal,
2016-05-02 14:00:00,-15.0,975.0,62.6,298.0,34.0,0,Normal,
2016-05-02 15:00:00,-14.3,974.6,63.2,298.0,32.0,0,Normal,
2016-05-02 16:00:00,-13.8,974.9,63.9,298.0,33.0,0,Normal,
2016-05-02 17:00:00,-13.9,975.2,63.4,299.0,33.0,0,Normal,
2016-05-02 18:00:00,-13.5,975.1,58.6,302.0,32.0,0,Normal,
2016-05-02 19:00:00,-13.2,975.2,62.5,298.0,31.0,0,Normal,
2016-05-02 20:00:00,-13.1,975.0,60.6,298.0,34.0,0,Normal,
2016-05-02 21:00:00,-12.6,975.2,61.3,298.0,33.0,0,Normal,
2016-05-02 22:00:00,-12.3,975.5,61.9,301.0,35.0,0,Normal,
2016-05-02 23:00:00,-12.1,975.7,62.6,298.0,34.0,0,Normal,
2016-05-03 00:00:00,-11.7,975.5,63.9,298.0,33.0,0,Normal,
2016-05-03 01:00:00,-11.6,975.5,63.9,298.0,32.0,0,Normal,
2016-05-03 02:00:00,-11.4,975.7,71.6,299.0,34.0,0,Normal,
2016-05-03 03:00:00,-11.0,975.5,63.2,301.0,33.0,0,Normal,
2016-05-03 04:00:00,-10.8,975.6,63.2,298.0,36.0,0,Normal,
2016-05-03 05:00:00,-10.9,975.7,61.3,298.0,43.0,0,Normal,
2016-05-03 06:00:00,-10.6,975.9,61.9,298.0,42.0,0,Normal,
2016-05-03 07:00:00,-10.4,976.3,62.0,301.0,45.0,0,Normal,
2016-05-03 08:00:00,-10.3,976.7,61.9,298.0,52.0,0,Normal,
2016-05-03 09:00:00,-10.3,977.7,63.9,298.0,58.0,0,Normal,
2016-05-03 10:00:00,-10.4,978.5,63.2,298.0,70.0,0,Normal,
2016-05-03 11:00:00,-10.6,978.9,63.6,298.0,84.0,0,Normal,
2016-05-03 12:00:00,-10.4,979.1,26.1,315.0,88.0,0,Normal,
2016-05-03 13:00:00,-10.4,979.5,63.2,298.0,89.0,0,Normal,
2016-05-03 14:00:00,-10.5,980.0,61.2,298.0,88.0,0,Normal,
2016-05-03 15:00:00,-10.5,980.2,61.3,298.0,88.0,0,Normal,
2016-05-03 16:00:00,-10.3,980.3,61.9,301.0,87.0,0,Normal,
2016-05-03 17:00:00,-10.3,980.8,61.9,298.0,83.0,0,Normal,
2016-05-03 18:00:00,-10.8,981.0,63.9,298.0,86.0,0,Normal,
2016-05-03 19:00:00,-10.6,980.5,63.9,298.0,87.0,0,Normal,
2016-05-03 20:00:00,-10.5,981.0,62.4,300.0,82.0,0,Normal,
2016-05-03 21:00:00,-11.1,981.7,26.5,272.0,82.0,0,Normal,
2016-05-03 22:00:00,-11.0,981.3,62.0,298.0,78.0,0,Normal,
2016-05-03 23:00:00,-10.8,981.6,61.9,298.0,76.0,0,Normal,
2016-05-04 00:00:00,-10.9,981.6,62.6,298.0,76.0,0,Normal,
2016-05-04 01:00:00,-10.4,980.5,61.9,301.0,75.0,0,Normal,
2016-05-04 02:00:00,-10.4,980.3,61.9,298.0,73.0,0,Normal,
2016-05-04 03:00:00,-10.5,979.8,63.9,298.0,73.0,0,Normal,
2016-05-04 04:00:00,-10.4,979.7,63.9,298.0,77.0,0,Normal,
2016-05-04 05:00:00,-10.1,978.9,69.7,299.0,84.0,0,Normal,
2016-05-04 06:00:00,-10.3,978.7,15.1,290.0,86.0,0,Normal,
2016-05-04 07:00:00,-10.4,978.4,62.8,298.0,87.0,0,Normal,
2016-05-04 08:00:00,-10.5,977.5,61.3,298.0,88.0,0,Normal,
2016-05-04 09:00:00,-10.9,977.2,61.3,298.0,89.0,0,Normal,
2016-05-04 10:00:00,-10.8,975.9,61.9,301.0,89.0,0,Normal,
2016-05-04 11:00:00,-10.5,974.9,61.9,298.0,90.0,0,Normal,
2016-05-04 12:00:00,-10.3,974.3,63.2,298.0,90.0,0,Normal,
2016-05-04 13:00:00,-10.2,972.6,63.2,298.0,90.0,0,Normal,
2016-05-04 14:00:00,-9.9,971.1,66.8,299.0,91.0,0,Normal,
2016-05-04 15:00:00,-9.7,969.5,51.0,312.0,91.0,0,Normal,
2016-05-04 16:00:00,-9.7,968.5,62.6,298.0,91.0,0,Normal,
2016-05-04 17:00:00,-9.6,967.7,60.6,298.0,91.0,0,Normal,
2016-05-04 18:00:00,-9.6,967.3,61.3,298.0,91.0,0,Normal,
2016-05-04 19:00:00,-10.0,966.2,62.4,300.0,91.0,0,Normal,
2016-05-04 20:00:00,-10.2,965.6,62.6,298.0,90.0,0,Normal,
2016-05-04 21:00:00,-10.4,964.9,62.6,298.0,90.0,0,Normal,
2016-05-04 22:00:00,-10.8,964.6,62.6,298.0,90.0,0,Normal,
2016-05-04 23:00:00,-10.5,964.4,63.9,298.0,90.0,0,Normal,
2016-05-05 00:00:00,-10.9,964.6,25.9,296.0,90.0,0,Normal,
2016-05-05 01:00:00,-11.0,965.4,62.6,298.0,90.0,0,Normal,
2016-05-05 02:00:00,-10.7,966.5,61.9,298.0,90.0,0,Normal,
2016-05-05 03:00:00,-10.8,966.8,61.9,298.0,90.0,0,Normal,
2016-05-05 04:00:00,-10.8,966.8,61.9,301.0,90.0,0,Normal,
2016-05-05 05:00:00,-10.7,966.6,62.6,298.0,90.0,0,Normal,
2016-05-05 06:00:00,-10.6,967.8,63.2,298.0,90.0,0,Normal,
2016-05-05 07:00:00,-10.3,967.6,63.9,298.0,90.0,0,Normal,
2016-05-05 08:00:00,-10.0,968.4,60.9,299.0,91.0,0,Normal,
2016-05-05 09:00:00,-9.8,968.4,31.4,289.0,91.0,0,Normal,
2016-05-05 10:00:00,-9.7,968.6,62.6,298.0,91.0,0,Normal,
2016-05-05 11:00:00,-9.4,968.8,61.3,299.0,91.0,0,Normal,
2016-05-05 12:00:00,-9.2,969.0,61.9,298.0,91.0,0,Normal,
2016-05-05 13:00:00,-9.1,969.5,61.9,301.0,92.0,0,Normal,
2016-05-05 14:00:00,-8.9,970.4,62.6,298.0,92.0,0,Normal,
2016-05-05 15:00:00,-9.0,970.4,62.6,298.0,92.0,0,Normal,
2016-05-05 16:00:00,-8.9,970.5,63.3,298.0,92.0,0,Normal,
2016-05-05 17:00:00,-8.9,970.9,56.5,299.0,92.0,0,Normal,
2016-05-05 18:00:00,-8.9,971.2,44.7,283.0,92.0,0,Normal,
2016-05-05 19:00:00,-8.9,972.0,62.4,298.0,92.0,0,Normal,
2016-05-05 20:00:00,-8.9,972.4,61.9,298.0,92.0,0,Normal,
2016-05-05 21:00:00,-8.8,972.8,61.9,298.0,92.0,0,Normal,
2016-05-05 22:00:00,-8.7,973.3,61.9,301.0,92.0,0,Normal,
2016-05-05 23:00:00,-8.6,974.0,62.6,298.0,92.0,0,Normal,
2016-05-06 00:00:00,-8.8,974.1,63.9,298.0,92.0,0,Normal,
2016-05-06 01:00:00,-8.6,974.7,63.9,298.0,92.0,0,Normal,
2016-05-06 02:00:00,-8.4,974.9,62.1,299.0,92.0,0,Normal,
2016-05-06 03:00:00,-8.4,974.9,27.1,280.0,92.0,0,Normal,
2016-05-06 04:00:00,-8.3,976.1,62.6,298.0,92.0,0,Normal,
2016-05-06 05:00:00,-8.2,976.0,61.9,298.0,92.0,0,Normal,
2016-05-06 06:00:00,-8.0,976.1,61.9,298.0,93.0,0,Normal,
2016-05-06 07:00:00,-8.0,976.7,61.9,301.0,92.0,0,Normal,
2016-05-06 08:00:00,-8.0,976.7,61.9,298.0,93.0,0,Normal,
2016-05-06 09:00:00,-8.1,976.8,62.6,298.0,92.0,0,Normal,
2016-05-06 10:00:00,-8.1,977.4,63.9,298.0,92.0,0,Normal,
2016-05-06 11:00:00,-8.1,977.6,60.2,299.0,92.0,0,Normal,
2016-05-06 12:00:00,-8.2,977.6,57.4,306.0,92.0,0,Normal,
2016-05-06 13:00:00,-8.2,978.2,63.3,298.0,92.0,0,Normal,
2016-05-06 14:00:00,-7.9,978.1,61.3,298.0,93.0,0,Normal,
2016-05-06 15:00:00,-7.7,977.9,61.9,298.0,93.0,0,Normal,
2016-05-06 16:00:00,-7.6,977.7,61.9,301.0,93.0,0,Normal,
2016-05-06 17:00:00,-7.6,978.1,62.6,298.0,93.0,0,Normal,
2016-05-06 18:00:00,-7.7,978.4,62.6,298.0,93.0,0,Normal,
2016-05-06 19:00:00,-7.7,978.8,63.9,298.0,93.0,0,Normal,
2016-05-06 20:00:00,-7.8,978.7,68.2,299.0,93.0,0,Normal,
2016-05-06 21:00:00,-7.8,978.0,62.6,301.0,93.0,0,Normal,
2016-05-06 22:00:00,-7.6,978.0,63.3,298.0,93.0,0,Normal,
2016-05-06 23:00:00,-7.6,977.2,61.9,298.0,93.0,0,Normal,
2016-05-07 00:00:00,-7.5,976.9,61.3,298.0,93.0,0,Normal,
2016-05-07 01:00:00,-7.6,976.5,61.9,301.0,93.0,0,Normal,
2016-05-07 02:00:00,-7.9,975.9,61.9,298.0,93.0,0,Normal,
2016-05-07 03:00:00,-8.3,975.5,63.3,298.0,92.0,0,Normal,
2016-05-07 04:00:00,-8.5,974.4,63.9,298.0,92.0,0,Normal,
2016-05-07 05:00:00,-8.5,972.9,63.3,298.0,92.0,0,Normal,
2016-05-07 06:00:00,-8.5,972.0,63.2,301.0,92.0,0,Normal,
2016-05-07 07:00:00,-8.2,971.2,63.3,298.0,92.0,0,Normal,
2016-05-07 08:00:00,-8.3,970.6,61.9,298.0,92.0,0,Normal,
2016-05-07 09:00:00,-8.4,969.9,61.9,298.0,92.0,0,Normal,
2016-05-07 10:00:00,-8.6,969.1,68.5,299.0,92.0,0,Normal,
2016-05-07 11:00:00,-8.9,968.0,54.6,309.0,92.0,0,Normal,
2016-05-07 12:00:00,-9.3,966.8,61.9,298.0,91.0,0,Normal,
2016-05-07 13:00:00,-9.2,965.3,63.2,298.0,91.0,0,Normal,
2016-05-07 14:00:00,-9.5,963.7,61.3,298.0,91.0,0,Normal,
2016-05-07 15:00:00,-9.2,962.3,61.3,300.0,91.0,0,Normal,
2016-05-07 16:00:00,-9.3,961.8,62.5,298.0,91.0,0,Normal,
2016-05-07 17:00:00,-9.7,960.8,60.3,300.0,90.0,0,Normal,
2016-05-07 18:00:00,-9.8,960.1,63.9,298.0,90.0,0,Normal,
2016-05-07 19:00:00,-10.0,959.7,62.7,298.0,90.0,0,Normal,
2016-05-07 20:00:00,-10.1,959.2,63.2,300.0,90.0,0,Normal,
2016-05-07 21:00:00,-9.9,958.1,62.6,299.0,90.0,0,Normal,
2016-05-07 22:00:00,-9.6,957.8,61.9,298.0,90.0,0,Normal,
2016-05-07 23:00:00,-9.2,958.2,61.9,298.0,90.0,0,Normal,
2016-05-08 00:00:00,-8.8,957.7,60.4,300.0,91.0,0,Normal,
2016-05-08 01:00:00,-8.4,957.6,61.4,298.0,91.0,0,Normal,
2016-05-08 02:00:00,-8.0,957.5,60.5,299.0,91.0,0,Normal,
2016-05-08 03:00:00,-8.0,957.2,63.3,298.0,90.0,0,Normal,
2016-05-08 04:00:00,-8.1,956.7,63.9,298.0,90.0,0,Normal,
2016-05-08 05:00:00,-8.0,958.1,63.2,300.0,91.0,0,Normal,
2016-05-08 06:00:00,-8.1,959.3,61.9,299.0,90.0,0,Normal,
2016-05-08 07:00:00,-8.0,959.8,61.9,298.0,90.0,0,Normal,
2016-05-08 08:00:00,-8.2,960.4,61.9,298.0,90.0,0,Normal,
2016-05-08 09:00:00,-8.1,960.0,61.3,298.0,90.0,0,Normal,
2016-05-08 10:00:00,-8.1,960.4,27.9,310.0,90.0,0,Normal,
2016-05-08 11:00:00,-8.1,961.2,61.9,299.0,90.0,0,Normal,
2016-05-08 12:00:00,-8.4,961.7,62.5,298.0,90.0,0,Normal,
2016-05-08 13:00:00,-8.8,961.9,63.2,298.0,90.0,0,Normal,
2016-05-08 14:00:00,-9.0,960.4,63.2,300.0,90.0,0,Normal,
2016-05-08 15:00:00,-9.2,961.0,63.3,299.0,90.0,0,Normal,
2016-05-08 16:00:00,-9.3,961.8,61.8,295.0,90.0,0,Normal,
2016-05-08 17:00:00,-9.7,961.1,61.3,298.0,89.0,0,Normal,
2016-05-08 18:00:00,-9.9,960.3,64.0,299.0,89.0,0,Normal,
2016-05-08 19:00:00,-9.8,959.9,31.1,317.0,89.0,0,Normal,
2016-05-08 20:00:00,-9.6,959.7,62.6,299.0,89.0,0,Normal,
2016-05-08 21:00:00,-9.7,959.4,63.2,298.0,89.0,0,Normal,
2016-05-08 22:00:00,-9.5,959.2,63.9,298.0,89.0,0,Normal,
2016-05-08 23:00:00,-9.9,959.0,62.7,299.0,89.0,0,Normal,
2016-05-09 00:00:00,-10.1,958.8,63.2,299.0,88.0,0,Normal,
2016-05-09 01:00:00,-10.4,958.7,62.6,298.0,88.0,0,Normal,
2016-05-09 02:00:00,-10.5,958.2,62.3,298.0,88.0,0,Normal,
2016-05-09 03:00:00,-10.4,957.9,64.1,299.0,87.0,0,Normal,
2016-05-09 04:00:00,-10.2,957.9,61.9,299.0,87.0,0,Normal,
2016-05-09 05:00:00,-10.4,957.8,62.6,300.0,87.0,0,Normal,
2016-05-09 06:00:00,-10.7,958.1,63.2,298.0,86.0,0,Normal,
2016-05-09 07:00:00,-11.4,957.8,63.9,298.0,86.0,0,Normal,
2016-05-09 08:00:00,-11.7,958.2,63.1,299.0,85.0,0,Normal,
2016-05-09 09:00:00,-12.3,958.1,60.6,299.0,85.0,0,Normal,
2016-05-09 10:00:00,-12.3,958.0,61.2,297.0,84.0,0,Normal,
2016-05-09 11:00:00,-13.1,959.3,62.0,298.0,84.0,0,Normal,
2016-05-09 12:00:00,-13.6,960.2,62.0,298.0,84.0,0,Normal,
2016-05-09 13:00:00,-14.3,960.5,57.0,297.0,83.0,0,Normal,
2016-05-09 14:00:00,-14.1,960.4,62.6,300.0,82.0,0,Normal,
2016-05-09 15:00:00,-14.5,960.9,61.9,298.0,82.0,0,Normal,
2016-05-09 16:00:00,-14.9,962.0,63.2,298.0,83.0,0,Normal,
2016-05-09 17:00:00,-14.5,962.1,62.6,299.0,82.0,0,Normal,
2016-05-09 18:00:00,-14.2,962.6,63.1,300.0,82.0,0,Normal,
2016-05-09 19:00:00,-13.8,962.9,63.2,298.0,82.0,0,Normal,
2016-05-09 20:00:00,-13.3,963.0,62.6,298.0,81.0,0,Normal,
2016-05-09 21:00:00,-12.9,963.8,61.9,298.0,81.0,0,Normal,
2016-05-09 22:00:00,-12.7,962.6,44.9,294.0,82.0,0,Normal,
2016-05-09 23:00:00,-12.3,962.6,59.7,301.0,82.0,0,Normal,
2016-05-10 00:00:00,-12.1,963.0,62.6,298.0,81.0,0,Normal,
2016-05-10 01:00:00,-11.9,963.1,63.2,298.0,81.0,0,Normal,
2016-05-10 02:00:00,-11.6,963.5,63.2,299.0,80.0,0,Normal,
2016-05-10 03:00:00,-11.4,963.4,63.2,300.0,80.0,0,Normal,
2016-05-10 04:00:00,-11.2,963.2,62.6,298.0,80.0,0,Normal,
2016-05-10 05:00:00,-11.3,963.1,61.3,298.0,79.0,0,Normal,
2016-05-10 06:00:00,-10.6,963.3,61.0,298.0,79.0,0,Normal,
2016-05-10 07:00:00,-10.7,963.4,55.5,298.0,79.0,0,Normal,
2016-05-10 08:00:00,-10.4,963.3,48.8,305.0,76.0,0,Normal,
2016-05-10 09:00:00,-10.3,963.6,62.6,298.0,76.0,0,Normal,
2016-05-10 10:00:00,-11.7,963.3,63.9,298.0,75.0,0,Normal,
2016-05-10 11:00:00,-11.9,963.7,63.2,298.0,73.0,0,Normal,
2016-05-10 12:00:00,-12.0,964.1,63.3,300.0,73.0,0,Normal,
2016-05-10 13:00:00,-11.6,963.9,62.6,298.0,71.0,0,Normal,
2016-05-10 14:00:00,-11.2,964.2,61.3,298.0,70.0,0,Normal,
2016-05-10 15:00:00,-10.8,963.9,62.0,298.0,68.0,0,Normal,
2016-05-10 16:00:00,-10.2,964.5,61.8,298.0,68.0,0,Normal,
2016-05-10 17:00:00,-9.9,964.8,45.8,299.0,65.0,0,Normal,
2016-05-10 18:00:00,-9.5,965.0,61.9,298.0,61.0,0,Normal,
2016-05-10 19:00:00,-9.6,965.6,63.9,298.0,61.0,0,Normal,
2016-05-10 20:00:00,-10.2,966.2,63.9,298.0,63.0,0,Normal,
2016-05-10 21:00:00,-9.9,966.1,62.6,301.0,57.0,0,Normal,
2016-05-10 22:00:00,-9.4,966.4,63.2,298.0,54.0,0,Normal,
2016-05-10 23:00:00,-9.6,966.8,61.9,298.0,56.0,0,Normal,
2016-05-11 00:00:00,-9.7,967.2,61.9,298.0,54.0,0,Normal,
2016-05-11 01:00:00,-9.6,967.3,62.6,298.0,50.0,0,Normal,
2016-05-11 02:00:00,-10.1,967.4,61.9,301.0,51.0,0,Normal,
2016-05-11 03:00:00,-10.4,967.8,62.6,298.0,42.0,0,Normal,
2016-05-11 04:00:00,-10.4,967.8,63.9,298.0,46.0,0,Normal,
2016-05-11 05:00:00,-10.6,968.2,63.2,298.0,45.0,0,Normal,
2016-05-11 06:00:00,-11.5,968.4,63.9,298.0,47.0,0,Normal,
2016-05-11 07:00:00,-11.5,968.6,62.0,301.0,42.0,0,Normal,
2016-05-11 08:00:00,-11.8,968.9,62.6,298.0,43.0,0,Normal,
2016-05-11 09:00:00,-11.7,969.5,61.9,298.0,42.0,0,Normal,
2016-05-11 10:00:00,-12.1,970.0,61.9,298.0,42.0,0,Normal,
2016-05-11 11:00:00,-12.7,970.1,61.9,301.0,47.0,0,Normal,
2016-05-11 12:00:00,-12.9,970.3,61.9,298.0,46.0,0,Normal,
2016-05-11 13:00:00,-12.5,970.5,63.2,298.0,40.0,0,Normal,
2016-05-11 14:00:00,-12.7,970.8,63.2,298.0,43.0,0,Normal,
2016-05-11 15:00:00,-12.5,971.1,63.9,298.0,43.0,0,Normal,
2016-05-11 16:00:00,-12.5,971.3,41.5,313.0,40.0,0,Normal,
2016-05-11 17:00:00,-12.1,971.6,62.6,298.0,38.0,0,Normal,
2016-05-11 18:00:00,-12.0,971.9,61.9,298.0,39.0,0,Normal,
2016-05-11 19:00:00,-11.8,972.3,61.9,298.0,40.0,0,Normal,
2016-05-11 20:00:00,-12.6,972.5,64.3,300.0,43.0,0,Normal,
2016-05-11 21:00:00,-12.4,972.7,62.1,302.0,42.0,0,Normal,
2016-05-11 22:00:00,-11.9,973.1,63.0,298.0,40.0,0,Normal,
2016-05-11 23:00:00,-12.0,973.1,63.0,298.0,42.0,0,Normal,
2016-05-12 00:00:00,-11.8,973.6,63.9,298.0,37.0,0,Normal,
2016-05-12 01:00:00,-11.8,973.7,62.6,301.0,39.0,0,Normal,
2016-05-12 02:00:00,-12.4,973.7,62.6,298.0,42.0,0,Normal,
2016-05-12 03:00:00,-12.8,973.5,61.9,298.0,44.0,0,Normal,
2016-05-12 04:00:00,-12.3,973.5,61.3,298.0,40.0,0,Normal,
2016-05-12 05:00:00,-11.6,973.6,61.7,298.0,41.0,0,Normal,
2016-05-12 06:00:00,-11.2,973.8,30.3,296.0,48.0,0,Normal,
2016-05-12 07:00:00,-11.5,974.2,61.9,298.0,64.0,0,Normal,
2016-05-12 08:00:00,-11.0,974.3,63.2,298.0,53.0,0,Normal,
2016-05-12 09:00:00,-11.0,974.8,63.2,298.0,56.0,0,Normal,
2016-05-12 10:00:00,-10.5,974.7,63.2,301.0,53.0,0,Normal,
2016-05-12 11:00:00,-10.7,975.1,63.2,298.0,56.0,0,Normal,
2016-05-12 12:00:00,-10.9,975.1,61.9,298.0,56.0,0,Normal,
2016-05-12 13:00:00,-11.0,975.2,61.3,298.0,57.0,0,Normal,
2016-05-12 14:00:00,-11.1,975.0,63.9,299.0,55.0,0,Normal,
2016-05-12 15:00:00,-11.1,975.2,46.4,305.0,55.0,0,Normal,
2016-05-12 16:00:00,-11.3,974.9,61.9,298.0,54.0,0,Normal,
2016-05-12 17:00:00,-11.7,974.7,62.9,299.0,54.0,0,Normal,
2016-05-12 18:00:00,-11.7,974.6,63.2,298.0,59.0,0,Normal,
2016-05-12 19:00:00,-11.8,974.5,63.2,301.0,65.0,0,Normal,
2016-05-12 20:00:00,-11.6,973.9,63.2,298.0,70.0,0,Normal,
2016-05-12 21:00:00,-11.7,973.8,61.3,298.0,65.0,0,Normal,
2016-05-12 22:00:00,-12.4,973.4,61.3,298.0,63.0,0,Normal,
2016-05-12 23:00:00,-12.2,973.2,62.0,298.0,64.0,0,Normal,
2016-05-13 00:00:00,-12.0,972.9,55.0,307.0,68.0,0,Normal,
2016-05-13 01:00:00,-12.2,972.6,62.6,298.0,67.0,0,Normal,
2016-05-13 02:00:00,-12.2,972.0,62.6,298.0,67.0,0,Normal,
2016-05-13 03:00:00,-12.3,971.9,63.2,298.0,68.0,0,Normal,
2016-05-13 04:00:00,-12.6,971.6,62.7,300.0,73.0,0,Normal,
2016-05-13 05:00:00,-12.5,971.2,62.6,298.0,67.0,0,Normal,
2016-05-13 06:00:00,-13.3,971.0,62.1,298.0,67.0,0,Normal,
2016-05-13 07:00:00,-13.1,970.6,61.3,298.0,60.0,0,Normal,
2016-05-13 08:00:00,-13.4,970.4,62.6,298.0,56.0,0,Normal,
2016-05-13 09:00:00,-14.1,970.5,62.6,301.0,57.0,0,Normal,
2016-05-13 10:00:00,-14.7,970.2,61.9,298.0,59.0,0,Normal,
2016-05-13 11:00:00,-14.9,970.4,63.2,298.0,60.0,0,Normal,
2016-05-13 12:00:00,-15.3,970.5,63.9,298.0,61.0,0,Normal,
2016-05-13 13:00:00,-14.9,970.1,65.2,300.0,58.0,0,Normal,
2016-05-13 14:00:00,-15.0,969.9,35.9,285.0,60.0,0,Normal,
2016-05-13 15:00:00,-15.1,969.6,63.2,298.0,58.0,0,Normal,
2016-05-13 16:00:00,-14.8,969.2,61.9,298.0,52.0,0,Normal,
2016-05-13 17:00:00,-15.1,969.0,61.3,298.0,50.0,0,Normal,
2016-05-13 18:00:00,-14.8,968.9,61.9,301.0,49.0,0,Normal,
2016-05-13 19:00:00,-14.7,968.6,61.9,298.0,46.0,0,Normal,
2016-05-13 20:00:00,-14.4,968.9,63.2,298.0,42.0,0,Normal,
2016-05-13 21:00:00,-14.6,968.7,63.9,298.0,44.0,0,Normal,
2016-05-13 22:00:00,-14.5,968.4,63.2,298.0,45.0,0,Normal,
2016-05-13 23:00:00,-14.4,968.5,18.5,331.0,42.0,0,Normal,
2016-05-14 00:00:00,-13.6,967.9,63.2,298.0,38.0,0,Normal,
2016-05-14 01:00:00,-13.9,968.2,61.3,298.0,39.0,0,Normal,
2016-05-14 02:00:00,-13.1,968.1,61.3,298.0,34.0,0,Normal,
2016-05-14 03:00:00,-13.1,967.6,62.5,301.0,34.0,0,Normal,
2016-05-14 04:00:00,-12.8,967.3,61.9,298.0,30.0,0,Normal,
2016-05-14 05:00:00,-12.8,967.4,63.2,298.0,36.0,0,Normal,
2016-05-14 06:00:00,-12.5,967.2,63.9,298.0,31.0,0,Normal,
2016-05-14 07:00:00,-12.0,967.8,63.7,298.0,33.0,0,Normal,
2016-05-14 08:00:00,-12.3,968.1,59.5,304.0,35.0,0,Normal,
2016-05-14 09:00:00,-12.0,967.9,63.2,298.0,37.0,0,Normal,
2016-05-14 10:00:00,-11.8,967.9,62.6,298.0,46.0,0,Normal,
2016-05-14 11:00:00,-11.3,968.5,61.9,298.0,40.0,0,Normal,
2016-05-14 12:00:00,-11.2,968.7,62.6,301.0,41.0,0,Normal,
2016-05-14 13:00:00,-10.6,969.1,62.6,298.0,37.0,0,Normal,
2016-05-14 14:00:00,-10.7,969.4,63.9,298.0,38.0,0,Normal,
2016-05-14 15:00:00,-11.0,969.8,63.9,298.0,41.0,0,Normal,
2016-05-14 16:00:00,-11.1,970.1,63.1,298.0,42.0,0,Normal,
2016-05-14 17:00:00,-11.0,970.6,47.7,301.0,40.0,0,Normal,
2016-05-14 18:00:00,-10.9,970.4,62.6,298.0,38.0,0,Normal,
2016-05-14 19:00:00,-10.4,970.5,62.6,298.0,37.0,0,Normal,
2016-05-14 20:00:00,-10.1,970.8,61.9,298.0,35.0,0,Normal,
2016-05-14 21:00:00,-10.3,971.2,62.0,301.0,35.0,0,Normal,
2016-05-14 22:00:00,-10.3,971.8,62.6,298.0,36.0,0,Normal,
2016-05-14 23:00:00,-10.9,971.9,63.2,298.0,39.0,0,Normal,
2016-05-15 00:00:00,-10.4,971.9,62.6,298.0,40.0,0,Normal,
2016-05-15 01:00:00,-10.7,971.8,63.9,298.0,44.0,0,Normal,
2016-05-15 02:00:00,-10.0,971.5,63.2,301.0,33.0,0,Normal,
2016-05-15 03:00:00,-10.4,971.5,63.2,298.0,39.0,0,Normal,
2016-05-15 04:00:00,-11.2,971.2,62.6,298.0,42.0,0,Normal,
2016-05-15 05:00:00,-10.6,971.3,61.9,298.0,35.0,0,Normal,
2016-05-15 06:00:00,-11.8,971.4,53.4,299.0,40.0,0,Normal,
2016-05-15 07:00:00,-12.8,971.8,46.7,309.0,45.0,0,Normal,
2016-05-15 08:00:00,-14.0,971.7,62.6,298.0,50.0,0,Normal,
2016-05-15 09:00:00,-15.3,971.9,63.2,298.0,57.0,0,Normal,
2016-05-15 10:00:00,-16.0,971.8,63.2,298.0,58.0,0,Normal,
2016-05-15 11:00:00,-16.5,971.8,62.6,301.0,58.0,0,Normal,
2016-05-15 12:00:00,-17.1,971.9,63.2,298.0,61.0,0,Normal,
2016-05-15 13:00:00,-17.8,971.9,61.9,298.0,59.0,0,Normal,
2016-05-15 14:00:00,-18.2,971.7,61.3,298.0,59.0,0,Normal,
2016-05-15 15:00:00,-18.7,972.1,57.3,305.0,59.0,0,Normal,
2016-05-15 16:00:00,-19.3,971.9,63.9,298.0,60.0,0,Normal,
2016-05-15 17:00:00,-19.6,972.4,63.2,298.0,59.0,0,Normal,
2016-05-15 18:00:00,-19.9,972.4,63.2,298.0,58.0,0,Normal,
2016-05-15 19:00:00,-18.9,972.1,61.3,298.0,51.0,0,Normal,
2016-05-15 20:00:00,-19.4,972.7,59.8,300.0,49.0,0,Normal,
2016-05-15 21:00:00,-18.7,972.8,61.9,298.0,40.0,0,Normal,
2016-05-15 22:00:00,-19.1,973.1,62.6,298.0,42.0,0,Normal,
2016-05-15 23:00:00,-20.2,972.8,63.3,298.0,46.0,0,Normal,
2016-05-16 00:00:00,-19.1,972.7,63.2,298.0,39.0,0,Normal,
2016-05-16 01:00:00,-19.1,972.5,61.9,298.0,41.0,0,Normal,
2016-05-16 02:00:00,-19.0,972.4,61.9,301.0,40.0,0,Normal,
2016-05-16 03:00:00,-18.8,972.4,63.0,298.0,38.0,0,Normal,
2016-05-16 04:00:00,-19.1,972.6,63.2,298.0,42.0,0,Normal,
2016-05-16 05:00:00,-19.2,972.6,47.0,312.0,41.0,0,Normal,
2016-05-16 06:00:00,-19.2,972.9,61.9,298.0,39.0,0,Normal,
2016-05-16 07:00:00,-19.3,972.6,61.9,298.0,42.0,0,Normal,
2016-05-16 08:00:00,-18.4,973.3,61.6,297.0,36.0,0,Normal,
2016-05-16 09:00:00,-19.2,973.5,63.9,298.0,38.0,0,Normal,
2016-05-16 10:00:00,-19.1,973.5,65.4,299.0,36.0,0,Normal,
2016-05-16 11:00:00,-18.8,973.6,62.6,298.0,37.0,0,Normal,
2016-05-16 12:00:00,-18.6,973.7,62.6,298.0,35.0,0,Normal,
2016-05-16 13:00:00,-18.8,974.0,61.9,298.0,35.0,0,Normal,
2016-05-16 14:00:00,-18.9,974.0,62.6,301.0,36.0,0,Normal,
2016-05-16 15:00:00,-18.7,973.5,62.6,298.0,35.0,0,Normal,
2016-05-16 16:00:00,-18.1,973.6,63.9,298.0,34.0,0,Normal,
2016-05-16 17:00:00,-17.8,973.2,63.9,298.0,34.0,0,Normal,
2016-05-16 18:00:00,-18.3,973.1,61.9,298.0,37.0,0,Normal,
2016-05-16 19:00:00,-18.6,972.8,61.9,298.0,36.0,0,Normal,
2016-05-16 20:00:00,-18.0,972.3,63.0,298.0,34.0,0,Normal,
2016-05-16 21:00:00,-17.4,971.8,63.7,299.0,32.0,0,Normal,
2016-05-16 22:00:00,-17.3,971.6,63.2,298.0,32.0,0,Normal,
2016-05-16 23:00:00,-17.0,971.0,38.0,307.0,33.0,0,Normal,
2016-05-17 00:00:00,-16.9,970.1,62.6,298.0,32.0,0,Normal,
2016-05-17 01:00:00,-15.9,969.0,61.9,298.0,30.0,0,Normal,
2016-05-17 02:00:00,-15.5,968.8,62.0,298.0,31.0,0,Normal,
2016-05-17 03:00:00,-15.6,968.1,61.9,301.0,31.0,0,Normal,
2016-05-17 04:00:00,-15.2,967.2,61.9,298.0,30.0,0,Normal,
2016-05-17 05:00:00,-14.9,966.6,63.8,298.0,30.0,0,Normal,
2016-05-17 06:00:00,-14.7,967.1,63.9,298.0,30.0,0,Normal,
2016-05-17 07:00:00,-14.6,966.4,63.9,298.0,29.0,0,Normal,
2016-05-17 08:00:00,-14.3,965.8,63.0,301.0,30.0,0,Normal,
2016-05-17 09:00:00,-14.4,966.2,62.6,298.0,28.0,0,Normal,
2016-05-17 10:00:00,-13.9,966.3,62.6,298.0,30.0,0,Normal,
2016-05-17 11:00:00,-13.7,966.0,62.6,298.0,30.0,0,Normal,
2016-05-17 12:00:00,-12.9,965.4,61.4,301.0,24.0,0,Normal,
2016-05-17 13:00:00,-12.8,965.2,62.3,299.0,26.0,0,Normal,
2016-05-17 14:00:00,-12.9,964.9,63.2,298.0,31.0,0,Normal,
2016-05-17 15:00:00,-12.6,964.9,62.6,298.0,34.0,0,Normal,
2016-05-17 16:00:00,-12.5,964.8,63.9,298.0,33.0,0,Normal,
2016-05-17 17:00:00,-11.5,965.0,49.5,303.0,28.0,0,Normal,
2016-05-17 18:00:00,-11.7,965.3,63.1,298.0,40.0,0,Normal,
2016-05-17 19:00:00,-12.0,965.0,61.2,298.0,57.0,0,Normal,
2016-05-17 20:00:00,-11.3,965.6,61.3,298.0,48.0,0,Normal,
2016-05-17 21:00:00,-11.0,965.3,61.9,301.0,39.0,0,Normal,
2016-05-17 22:00:00,-11.0,965.6,61.9,298.0,39.0,0,Normal,
2016-05-17 23:00:00,-10.6,965.3,62.6,298.0,37.0,0,Normal,
2016-05-18 00:00:00,-10.1,964.9,63.9,298.0,37.0,0,Normal,
2016-05-18 01:00:00,-9.3,965.2,62.5,299.0,37.0,0,Normal,
2016-05-18 02:00:00,-8.7,964.8,37.7,309.0,38.0,0,Normal,
2016-05-18 03:00:00,-8.4,964.7,61.5,298.0,41.0,0,Normal,
2016-05-18 04:00:00,-8.2,964.1,61.3,298.0,40.0,0,Normal,
2016-05-18 05:00:00,-8.2,964.4,61.9,298.0,39.0,0,Normal,
2016-05-18 06:00:00,-7.9,964.9,61.9,301.0,39.0,0,Normal,
2016-05-18 07:00:00,-8.2,965.2,62.6,298.0,42.0,0,Normal,
2016-05-18 08:00:00,-8.8,965.6,63.2,298.0,46.0,0,Normal,
2016-05-18 09:00:00,-8.8,966.0,63.9,298.0,44.0,0,Normal,
2016-05-18 10:00:00,-8.4,966.4,57.0,300.0,41.0,0,Normal,
2016-05-18 11:00:00,-8.1,965.8,56.6,287.0,38.0,0,Normal,
2016-05-18 12:00:00,-7.9,966.4,62.2,298.0,40.0,0,Normal,
2016-05-18 13:00:00,-7.7,966.0,61.9,298.0,38.0,0,Normal,
2016-05-18 14:00:00,-7.8,965.7,61.9,298.0,41.0,0,Normal,
2016-05-18 15:00:00,-7.9,965.7,61.9,301.0,42.0,0,Normal,
2016-05-18 16:00:00,-7.5,965.8,61.9,298.0,40.0,0,Normal,
2016-05-18 17:00:00,-7.5,966.0,63.3,298.0,40.0,0,Normal,
2016-05-18 18:00:00,-7.2,965.3,63.3,298.0,37.0,0,Normal,
2016-05-18 19:00:00,-7.3,965.5,67.4,300.0,34.0,0,Normal,
2016-05-18 20:00:00,-7.8,965.9,54.7,307.0,38.0,0,Normal,
2016-05-18 21:00:00,-7.5,965.8,61.8,298.0,38.0,0,Normal,
2016-05-18 22:00:00,-7.3,965.5,61.9,298.0,38.0,0,Normal,
2016-05-18 23:00:00,-6.8,964.5,61.3,298.0,37.0,0,Normal,
2016-05-19 00:00:00,-6.2,964.2,61.3,300.0,36.0,0,Normal,
2016-05-19 01:00:00,-6.8,964.0,62.6,299.0,36.0,0,Normal,
2016-05-19 02:00:00,-6.8,963.5,62.6,298.0,38.0,0,Normal,
2016-05-19 03:00:00,-6.9,962.9,62.6,298.0,40.0,0,Normal,
2016-05-19 04:00:00,-6.8,962.5,64.9,300.0,40.0,0,Normal,
2016-05-19 05:00:00,-6.5,962.2,58.9,294.0,38.0,0,Normal,
2016-05-19 06:00:00,-6.2,962.1,53.7,290.0,40.0,0,Normal,
2016-05-19 07:00:00,-6.3,962.5,61.2,298.0,41.0,0,Normal,
2016-05-19 08:00:00,-6.4,962.4,61.3,298.0,43.0,0,Normal,
2016-05-19 09:00:00,-6.8,962.7,61.9,300.0,49.0,0,Normal,
2016-05-19 10:00:00,-7.0,962.7,62.6,299.0,53.0,0,Normal,
2016-05-19 11:00:00,-6.7,962.9,63.3,298.0,49.0,0,Normal,
2016-05-19 12:00:00,-6.8,963.2,63.3,298.0,50.0,0,Normal,
2016-05-19 13:00:00,-7.1,963.3,62.4,298.0,52.0,0,Normal,
2016-05-19 14:00:00,-7.7,963.6,41.7,298.0,63.0,0,Normal,
2016-05-19 15:00:00,-7.7,963.9,49.0,305.0,60.0,0,Normal,
2016-05-19 16:00:00,-7.5,964.2,63.3,298.0,44.0,0,Normal,
2016-05-19 17:00:00,-7.9,964.6,61.9,298.0,44.0,0,Normal,
2016-05-19 18:00:00,-8.5,965.0,61.9,300.0,46.0,0,Normal,
2016-05-19 19:00:00,-8.6,965.0,62.6,299.0,37.0,0,Normal,
2016-05-19 20:00:00,-8.6,964.7,62.6,298.0,34.0,0,Normal,
2016-05-19 21:00:00,-8.9,964.9,63.9,298.0,34.0,0,Normal,
2016-05-19 22:00:00,-9.3,965.3,62.4,299.0,36.0,0,Normal,
2016-05-19 23:00:00,-9.5,965.5,36.7,292.0,35.0,0,Normal,
2016-05-20 00:00:00,-9.5,965.5,62.4,299.0,34.0,0,Normal,
2016-05-20 01:00:00,-10.4,965.4,63.2,298.0,38.0,0,Normal,
2016-05-20 02:00:00,-11.3,965.2,61.9,298.0,38.0,0,Normal,
2016-05-20 03:00:00,-11.4,965.2,61.3,300.0,37.0,0,Normal,
2016-05-20 04:00:00,-11.5,965.4,62.5,299.0,37.0,0,Normal,
2016-05-20 05:00:00,-11.5,965.0,58.0,294.0,39.0,0,Normal,
2016-05-20 06:00:00,-12.2,964.9,63.9,298.0,39.0,0,Normal,
2016-05-20 07:00:00,-12.4,965.0,64.0,299.0,41.0,0,Normal,
2016-05-20 08:00:00,-12.2,964.5,62.2,300.0,36.0,0,Normal,
2016-05-20 09:00:00,-13.0,964.5,62.6,300.0,41.0,0,Normal,
2016-05-20 10:00:00,-12.9,964.2,61.9,298.0,41.0,0,Normal,
2016-05-20 11:00:00,-11.4,963.9,61.9,298.0,37.0,0,Normal,
2016-05-20 12:00:00,-11.2,963.8,61.3,299.0,37.0,0,Normal,
2016-05-20 13:00:00,-10.7,963.2,66.2,299.0,36.0,0,Normal,
2016-05-20 14:00:00,-10.4,962.3,56.4,307.0,36.0,0,Normal,
2016-05-20 15:00:00,-10.5,960.9,63.3,298.0,37.0,0,Normal,
2016-05-20 16:00:00,-10.6,959.3,63.6,298.0,38.0,0,Normal,
2016-05-20 17:00:00,-10.5,957.8,63.2,299.0,38.0,0,Normal,
2016-05-20 18:00:00,-10.5,958.0,63.2,300.0,38.0,0,Normal,
2016-05-20 19:00:00,-10.9,957.2,62.8,298.0,39.0,0,Normal,
2016-05-20 20:00:00,-11.0,956.2,61.3,298.0,39.0,0,Normal,
2016-05-20 21:00:00,-11.2,955.3,61.9,299.0,43.0,0,Normal,
2016-05-20 22:00:00,-10.6,954.3,61.5,299.0,48.0,0,Normal,
2016-05-20 23:00:00,-10.0,953.8,42.8,310.0,48.0,0,Normal,
2016-05-21 00:00:00,-10.0,952.1,62.0,298.0,51.0,0,Normal,
2016-05-21 01:00:00,-10.0,951.6,62.5,298.0,48.0,0,Normal,
2016-05-21 02:00:00,-9.7,949.9,62.3,297.0,46.0,0,Normal,
2016-05-21 03:00:00,-9.5,947.7,62.6,300.0,52.0,0,Normal,
2016-05-21 04:00:00,-9.0,946.2,62.6,298.0,56.0,0,Normal,
2016-05-21 05:00:00,-8.1,943.8,61.9,298.0,48.0,0,Normal,
2016-05-21 06:00:00,-8.5,942.7,61.3,299.0,64.0,0,Normal,
2016-05-21 07:00:00,-7.9,940.3,69.8,299.0,54.0,0,Normal,
2016-05-21 08:00:00,-7.7,938.9,30.1,311.0,55.0,0,Normal,
2016-05-21 09:00:00,-8.1,938.5,62.1,298.0,64.0,0,Normal,
2016-05-21 10:00:00,-7.0,936.8,62.6,298.0,52.0,0,Normal,
2016-05-21 11:00:00,-6.3,934.8,63.2,299.0,47.0,0,Normal,
2016-05-21 12:00:00,-5.8,932.6,63.2,300.0,45.0,0,Normal,
2016-05-21 13:00:00,-5.7,932.3,62.6,298.0,52.0,0,Normal,
2016-05-21 14:00:00,-6.8,932.0,61.3,298.0,77.0,0,Normal,
2016-05-21 15:00:00,-7.2,931.4,61.9,298.0,93.0,0,Normal,
2016-05-21 16:00:00,-7.2,930.2,61.8,299.0,93.0,0,Normal,
2016-05-21 17:00:00,-7.2,929.4,38.0,278.0,93.0,0,Normal,
2016-05-21 18:00:00,-7.5,928.2,63.3,298.0,93.0,0,Normal,
2016-05-21 19:00:00,-7.3,927.9,63.9,298.0,93.0,0,Normal,
2016-05-21 20:00:00,-7.2,928.1,62.6,298.0,93.0,0,Normal,
2016-05-21 21:00:00,-7.0,929.2,62.6,301.0,93.0,0,Normal,
2016-05-21 22:00:00,-6.9,929.0,62.6,298.0,94.0,0,Normal,
2016-05-21 23:00:00,-6.7,928.9,61.9,298.0,94.0,0,Normal,
2016-05-22 00:00:00,-6.7,929.5,61.3,298.0,94.0,0,Normal,
2016-05-22 01:00:00,-6.6,929.3,63.6,301.0,94.0,0,Normal,
2016-05-22 02:00:00,-6.4,929.8,62.4,298.0,94.0,0,Normal,
2016-05-22 03:00:00,-6.3,929.9,63.2,298.0,94.0,0,Normal,
2016-05-22 04:00:00,-6.4,930.5,63.9,298.0,94.0,0,Normal,
2016-05-22 05:00:00,-6.4,931.0,63.3,298.0,94.0,0,Normal,
2016-05-22 06:00:00,-6.4,931.3,63.3,301.0,94.0,0,Normal,
2016-05-22 07:00:00,-6.5,931.6,62.6,298.0,93.0,0,Normal,
2016-05-22 08:00:00,-6.5,932.4,62.6,298.0,93.0,0,Normal,
2016-05-22 09:00:00,-6.5,933.5,61.3,298.0,93.0,0,Normal,
2016-05-22 10:00:00,-6.6,935.9,61.6,298.0,93.0,0,Normal,
2016-05-22 11:00:00,-6.5,939.1,57.1,307.0,93.0,0,Normal,
2016-05-22 12:00:00,-6.3,941.0,63.1,298.0,94.0,0,Normal,
2016-05-22 13:00:00,-6.3,942.8,62.6,298.0,94.0,0,Normal,
2016-05-22 14:00:00,-6.2,943.5,62.6,298.0,94.0,0,Normal,
2016-05-22 15:00:00,-6.4,943.8,63.3,301.0,94.0,0,Normal,
2016-05-22 16:00:00,-6.7,944.4,63.3,298.0,93.0,0,Normal,
2016-05-22 17:00:00,-6.8,945.5,62.6,298.0,92.0,0,Normal,
2016-05-22 18:00:00,-7.4,946.8,61.9,298.0,92.0,0,Normal,
2016-05-22 19:00:00,-7.2,947.8,62.7,299.0,92.0,0,Normal,
2016-05-22 20:00:00,-7.0,948.8,42.6,277.0,90.0,0,Normal,
2016-05-22 21:00:00,-6.7,950.1,63.3,298.0,87.0,0,Normal,
2016-05-22 22:00:00,-6.1,951.2,63.9,298.0,81.0,0,Normal,
2016-05-22 23:00:00,-6.1,951.6,62.6,298.0,78.0,0,Normal,
2016-05-23 00:00:00,-6.5,952.6,63.3,301.0,73.0,0,Normal,
2016-05-23 01:00:00,-6.7,952.8,62.6,298.0,68.0,0,Normal,
2016-05-23 02:00:00,-8.1,953.9,62.6,298.0,64.0,0,Normal,
2016-05-23 03:00:00,-8.6,954.2,61.2,298.0,59.0,0,Normal,
2016-05-23 04:00:00,-8.6,954.2,65.7,299.0,52.0,0,Normal,
2016-05-23 05:00:00,-8.8,954.3,32.1,318.0,41.0,0,Normal,
2016-05-23 06:00:00,-8.7,954.6,62.0,298.0,38.0,0,Normal,
2016-05-23 07:00:00,-8.5,955.2,62.6,298.0,38.0,0,Normal,
2016-05-23 08:00:00,-9.5,955.7,63.9,298.0,41.0,0,Normal,
2016-05-23 09:00:00,-7.7,955.8,63.2,301.0,40.0,0,Normal,
2016-05-23 10:00:00,-7.4,956.3,63.3,298.0,43.0,0,Normal,
2016-05-23 11:00:00,-7.4,956.6,61.9,298.0,50.0,0,Normal,
2016-05-23 12:00:00,-8.1,956.5,61.3,298.0,62.0,0,Normal,
2016-05-23 13:00:00,-7.9,956.4,61.9,298.0,53.0,0,Normal,
2016-05-23 14:00:00,-7.4,956.5,36.6,297.0,45.0,0,Normal,
2016-05-23 15:00:00,-7.5,956.6,61.9,298.0,43.0,0,Normal,
2016-05-23 16:00:00,-7.7,955.9,63.9,298.0,43.0,0,Normal,
2016-05-23 17:00:00,-7.9,956.1,62.6,298.0,41.0,0,Normal,
2016-05-23 18:00:00,-8.0,956.2,62.7,301.0,40.0,0,Normal,
2016-05-23 19:00:00,-8.2,956.0,62.5,298.0,34.0,0,Normal,
2016-05-23 20:00:00,-9.2,955.9,62.7,298.0,37.0,0,Normal,
2016-05-23 21:00:00,-9.6,956.0,61.3,298.0,34.0,0,Normal,
2016-05-23 22:00:00,-9.9,956.0,61.3,298.0,35.0,0,Normal,
2016-05-23 23:00:00,-10.2,956.1,62.0,301.0,37.0,0,Normal,
2016-05-24 00:00:00,-11.1,956.8,61.9,298.0,37.0,0,Normal,
2016-05-24 01:00:00,-11.1,957.0,63.2,298.0,37.0,0,Normal,
2016-05-24 02:00:00,-11.0,956.8,62.6,298.0,39.0,0,Normal,
2016-05-24 03:00:00,-11.3,957.5,59.0,299.0,37.0,0,Normal,
2016-05-24 04:00:00,-11.5,957.6,36.8,288.0,38.0,0,Normal,
2016-05-24 05:00:00,-11.7,958.1,63.2,298.0,37.0,0,Normal,
2016-05-24 06:00:00,-11.9,958.4,61.0,298.0,36.0,0,Normal,
2016-05-24 07:00:00,-11.9,958.8,61.3,298.0,36.0,0,Normal,
2016-05-24 08:00:00,-11.6,958.6,61.9,301.0,36.0,0,Normal,
2016-05-24 09:00:00,-11.6,959.9,61.9,298.0,35.0,0,Normal,
2016-05-24 10:00:00,-12.0,960.6,63.9,298.0,36.0,0,Normal,
2016-05-24 11:00:00,-12.2,960.4,63.9,298.0,34.0,0,Normal,
2016-05-24 12:00:00,-12.5,961.0,61.7,299.0,38.0,0,Normal,
2016-05-24 13:00:00,-12.4,961.1,51.2,311.0,40.0,0,Normal,
2016-05-24 14:00:00,-12.1,961.5,62.6,298.0,42.0,0,Normal,
2016-05-24 15:00:00,-11.7,962.1,61.3,298.0,44.0,0,Normal,
2016-05-24 16:00:00,-11.6,961.8,61.9,298.0,53.0,0,Normal,
2016-05-24 17:00:00,-11.1,961.6,61.9,301.0,53.0,0,Normal,
2016-05-24 18:00:00,-10.7,961.6,62.6,298.0,47.0,0,Normal,
2016-05-24 19:00:00,-10.6,961.6,63.9,298.0,47.0,0,Normal,
2016-05-24 20:00:00,-10.3,961.8,63.2,298.0,44.0,0,Normal,
2016-05-24 21:00:00,-10.0,961.8,63.3,298.0,45.0,0,Normal,
2016-05-24 22:00:00,-9.9,962.0,61.3,300.0,54.0,0,Normal,
2016-05-24 23:00:00,-9.4,962.3,63.2,298.0,44.0,0,Normal,
2016-05-25 00:00:00,-9.4,962.5,61.2,298.0,44.0,0,Normal,
2016-05-25 01:00:00,-9.1,963.0,61.3,298.0,41.0,0,Normal,
2016-05-25 02:00:00,-8.6,962.6,61.9,301.0,38.0,0,Normal,
2016-05-25 03:00:00,-8.1,962.6,62.6,298.0,36.0,0,Normal,
2016-05-25 04:00:00,-8.5,962.2,63.9,298.0,35.0,0,Normal,
2016-05-25 05:00:00,-10.1,962.2,63.9,298.0,38.0,0,Normal,
2016-05-25 06:00:00,-9.5,962.1,63.6,298.0,34.0,0,Normal,
2016-05-25 07:00:00,-10.1,962.3,56.7,292.0,35.0,0,Normal,
2016-05-25 08:00:00,-10.0,962.5,63.2,298.0,38.0,0,Normal,
2016-05-25 09:00:00,-10.7,962.3,61.3,298.0,36.0,0,Normal,
2016-05-25 10:00:00,-10.5,961.4,61.3,298.0,31.0,0,Normal,
2016-05-25 11:00:00,-10.6,961.1,62.6,301.0,32.0,0,Normal,
2016-05-25 12:00:00,-10.4,961.1,62.6,298.0,31.0,0,Normal,
2016-05-25 13:00:00,-10.8,961.1,63.9,298.0,33.0,0,Normal,
2016-05-25 14:00:00,-10.8,961.5,63.2,298.0,33.0,0,Normal,
2016-05-25 15:00:00,-10.3,961.6,68.0,299.0,34.0,0,Normal,
2016-05-25 16:00:00,-10.7,961.6,61.7,302.0,35.0,0,Normal,
2016-05-25 17:00:00,-10.1,961.4,63.2,298.0,35.0,0,Normal,
2016-05-25 18:00:00,-10.1,961.7,61.9,298.0,36.0,0,Normal,
2016-05-25 19:00:00,-9.7,961.9,61.3,298.0,36.0,0,Normal,
2016-05-25 20:00:00,-8.9,961.9,61.9,301.0,36.0,0,Normal,
2016-05-25 21:00:00,-8.9,962.0,62.6,298.0,37.0,0,Normal,
2016-05-25 22:00:00,-8.4,961.9,62.6,298.0,38.0,0,Normal,
2016-05-25 23:00:00,-8.4,961.9,63.3,298.0,38.0,0,Normal,
2016-05-26 00:00:00,-8.2,961.6,63.7,298.0,40.0,0,Normal,
2016-05-26 01:00:00,-8.7,961.4,63.2,301.0,43.0,0,Normal,
2016-05-26 02:00:00,-8.3,961.1,62.6,298.0,44.0,0,Normal,
2016-05-26 03:00:00,-8.4,961.4,61.9,298.0,44.0,0,Normal,
2016-05-26 04:00:00,-9.4,961.0,61.3,298.0,52.0,0,Normal,
2016-05-26 05:00:00,-11.1,960.8,62.0,300.0,63.0,0,Normal,
2016-05-26 06:00:00,-11.3,960.4,62.6,298.0,61.0,0,Normal,
2016-05-26 07:00:00,-11.0,960.3,63.1,298.0,60.0,0,Normal,
2016-05-26 08:00:00,-11.7,960.0,63.9,298.0,64.0,0,Normal,
2016-05-26 09:00:00,-12.0,959.6,63.9,298.0,55.0,0,Normal,
2016-05-26 10:00:00,-12.7,959.3,63.2,301.0,59.0,0,Normal,
2016-05-26 11:00:00,-14.2,958.8,62.8,298.0,67.0,0,Normal,
2016-05-26 12:00:00,-13.8,958.4,62.6,298.0,56.0,0,Normal,
2016-05-26 13:00:00,-14.2,957.5,61.9,298.0,54.0,0,Normal,
2016-05-26 14:00:00,-14.0,957.2,62.2,299.0,55.0,0,Normal,
2016-05-26 15:00:00,-14.7,957.1,39.6,288.0,54.0,0,Normal,
2016-05-26 16:00:00,-14.8,956.8,63.8,298.0,52.0,0,Normal,
2016-05-26 17:00:00,-15.2,956.8,63.9,298.0,52.0,0,Normal,
2016-05-26 18:00:00,-16.1,956.7,63.2,298.0,60.0,0,Normal,
2016-05-26 19:00:00,-15.8,956.3,63.2,301.0,54.0,0,Normal,
2016-05-26 20:00:00,-16.1,956.0,62.6,298.0,54.0,0,Normal,
2016-05-26 21:00:00,-17.7,956.2,61.9,298.0,60.0,0,Normal,
2016-05-26 22:00:00,-16.0,955.9,61.3,298.0,51.0,0,Normal,
2016-05-26 23:00:00,-16.8,955.8,61.0,298.0,52.0,0,Normal,
2016-05-27 00:00:00,-17.1,955.8,44.1,314.0,52.0,0,Normal,
2016-05-27 01:00:00,-16.0,955.4,61.9,298.0,45.0,0,Normal,
2016-05-27 02:00:00,-16.5,955.4,63.2,299.0,47.0,0,Normal,
2016-05-27 03:00:00,-17.3,955.3,63.2,298.0,48.0,0,Normal,
2016-05-27 04:00:00,-17.9,955.5,63.2,301.0,52.0,0,Normal,
2016-05-27 05:00:00,-17.4,955.3,63.2,298.0,49.0,0,Normal,
2016-05-27 06:00:00,-16.4,955.6,62.6,298.0,38.0,0,Normal,
2016-05-27 07:00:00,-16.2,956.4,61.9,298.0,40.0,0,Normal,
2016-05-27 08:00:00,-15.9,956.5,61.9,298.0,38.0,0,Normal,
2016-05-27 09:00:00,-15.8,956.4,57.6,301.0,40.0,0,Normal,
2016-05-27 10:00:00,-15.8,956.6,62.6,298.0,41.0,0,Normal,
2016-05-27 11:00:00,-14.9,956.6,63.2,298.0,40.0,0,Normal,
2016-05-27 12:00:00,-14.7,957.2,61.9,298.0,41.0,0,Normal,
2016-05-27 13:00:00,-14.4,957.7,63.2,301.0,45.0,0,Normal,
2016-05-27 14:00:00,-13.4,957.3,62.6,298.0,50.0,0,Normal,
2016-05-27 15:00:00,-12.7,957.8,61.3,298.0,50.0,0,Normal,
2016-05-27 16:00:00,-12.1,958.2,61.2,298.0,51.0,0,Normal,
2016-05-27 17:00:00,-12.9,958.7,62.1,298.0,48.0,0,Normal,
2016-05-27 18:00:00,-13.9,959.4,53.2,311.0,51.0,0,Normal,
2016-05-27 19:00:00,-14.3,960.3,62.6,298.0,66.0,0,Normal,
2016-05-27 20:00:00,-14.9,960.8,63.2,298.0,83.0,0,Normal,
2016-05-27 21:00:00,-15.0,961.7,63.9,298.0,86.0,0,Normal,
2016-05-27 22:00:00,-14.8,962.1,62.6,301.0,86.0,0,Normal,
2016-05-27 23:00:00,-14.4,962.3,62.6,298.0,86.0,0,Normal,
2016-05-28 00:00:00,-13.6,962.9,62.1,298.0,84.0,0,Normal,
2016-05-28 01:00:00,-12.9,963.1,61.8,299.0,78.0,0,Normal,
2016-05-28 02:00:00,-12.7,963.3,61.3,298.0,68.0,0,Normal,
2016-05-28 03:00:00,-12.1,963.1,62.6,301.0,57.0,0,Normal,
2016-05-28 04:00:00,-11.5,963.5,62.6,298.0,52.0,0,Normal,
2016-05-28 05:00:00,-10.9,963.9,63.9,298.0,50.0,0,Normal,
2016-05-28 06:00:00,-10.2,964.1,63.2,298.0,48.0,0,Normal,
2016-05-28 07:00:00,-9.4,964.2,63.2,301.0,47.0,0,Normal,
2016-05-28 08:00:00,-9.1,964.6,63.2,298.0,47.0,0,Normal,
2016-05-28 09:00:00,-8.5,964.7,61.3,298.0,46.0,0,Normal,
2016-05-28 10:00:00,-8.3,964.7,61.3,298.0,47.0,0,Normal,
2016-05-28 11:00:00,-8.1,964.6,62.1,298.0,45.0,0,Normal,
2016-05-28 12:00:00,-7.9,965.5,61.9,301.0,46.0,0,Normal,
2016-05-28 13:00:00,-8.0,966.5,61.9,298.0,45.0,0,Normal,
2016-05-28 14:00:00,-8.0,967.1,63.2,298.0,44.0,0,Normal,
2016-05-28 15:00:00,-7.8,966.9,63.9,298.0,42.0,0,Normal,
2016-05-28 16:00:00,-7.4,967.2,63.2,301.0,38.0,0,Normal,
2016-05-28 17:00:00,-7.3,967.4,63.3,298.0,37.0,0,Normal,
2016-05-28 18:00:00,-7.8,968.2,61.4,298.0,36.0,0,Normal,
2016-05-28 19:00:00,-7.0,967.3,61.9,298.0,31.0,0,Normal,
2016-05-28 20:00:00,-7.1,968.6,61.8,298.0,35.0,0,Normal,
2016-05-28 21:00:00,-7.2,968.2,49.6,297.0,35.0,0,Normal,
2016-05-28 22:00:00,-6.8,967.9,61.9,298.0,35.0,0,Normal,
2016-05-28 23:00:00,-6.5,967.8,63.3,298.0,34.0,0,Normal,
2016-05-29 00:00:00,-6.3,968.2,62.6,298.0,35.0,0,Normal,
2016-05-29 01:00:00,-6.6,968.8,63.2,301.0,34.0,0,Normal,
2016-05-29 02:00:00,-6.7,969.2,62.6,299.0,35.0,0,Normal,
2016-05-29 03:00:00,-7.6,969.1,62.6,298.0,37.0,0,Normal,
2016-05-29 04:00:00,-7.5,969.0,61.9,298.0,32.0,0,Normal,
2016-05-29 05:00:00,-8.8,968.8,61.3,298.0,41.0,0,Normal,
2016-05-29 06:00:00,-8.9,968.9,39.6,296.0,41.0,0,Normal,
2016-05-29 07:00:00,-8.8,968.9,62.6,298.0,36.0,0,Normal,
2016-05-29 08:00:00,-9.1,969.3,62.6,298.0,36.0,0,Normal,
2016-05-29 09:00:00,-9.0,969.0,63.2,298.0,33.0,0,Normal,
2016-05-29 10:00:00,-9.5,968.9,62.6,301.0,36.0,0,Normal,
2016-05-29 11:00:00,-10.3,968.0,60.2,295.0,38.0,0,Normal,
2016-05-29 12:00:00,-10.4,967.8,61.7,299.0,37.0,0,Normal,
2016-05-29 13:00:00,-10.1,967.4,61.9,298.0,37.0,0,Normal,
2016-05-29 14:00:00,-10.2,966.9,62.6,298.0,35.0,0,Normal,
2016-05-29 15:00:00,-10.8,966.6,62.6,301.0,36.0,0,Normal,
2016-05-29 16:00:00,-10.8,966.5,61.9,298.0,35.0,0,Normal,
2016-05-29 17:00:00,-11.2,966.4,63.2,298.0,37.0,0,Normal,
2016-05-29 18:00:00,-11.4,966.0,63.9,298.0,35.0,0,Normal,
2016-05-29 19:00:00,-11.7,966.0,63.8,300.0,34.0,0,Normal,
2016-05-29 20:00:00,-12.3,966.1,47.5,286.0,40.0,0,Normal,
2016-05-29 21:00:00,-12.8,966.0,61.0,298.0,39.0,0,Normal,
2016-05-29 22:00:00,-12.8,965.9,60.8,299.0,36.0,0,Normal,
2016-05-29 23:00:00,-13.8,965.5,61.3,298.0,40.0,0,Normal,
2016-05-30 00:00:00,-13.8,964.9,61.9,300.0,36.0,0,Normal,
2016-05-30 01:00:00,-14.0,964.9,62.5,298.0,36.0,0,Normal,
2016-05-30 02:00:00,-13.8,964.5,63.2,298.0,35.0,0,Normal,
2016-05-30 03:00:00,-13.8,963.6,63.2,298.0,34.0,0,Normal,
2016-05-30 04:00:00,-13.8,963.0,54.6,299.0,33.0,0,Normal,
2016-05-30 05:00:00,-13.9,962.6,54.4,307.0,36.0,0,Normal,
2016-05-30 06:00:00,-14.7,962.3,62.5,299.0,36.0,0,Normal,
2016-05-30 07:00:00,-14.1,962.1,61.9,298.0,35.0,0,Normal,
2016-05-30 08:00:00,-14.8,961.8,61.9,298.0,36.0,0,Normal,
2016-05-30 09:00:00,-14.8,961.3,61.3,300.0,36.0,0,Normal,
2016-05-30 10:00:00,-15.1,961.1,62.4,298.0,36.0,0,Normal,
2016-05-30 11:00:00,-15.2,960.5,63.8,299.0,37.0,0,Normal,
2016-05-30 12:00:00,-14.6,959.9,63.2,298.0,35.0,0,Normal,
2016-05-30 13:00:00,-14.9,959.3,64.3,298.0,36.0,0,Normal,
2016-05-30 14:00:00,-14.3,959.1,56.4,299.0,33.0,0,Normal,
2016-05-30 15:00:00,-14.9,958.9,63.1,299.0,35.0,0,Normal,
2016-05-30 16:00:00,-15.0,958.5,61.3,298.0,33.0,0,Normal,
2016-05-30 17:00:00,-14.7,958.3,61.9,298.0,31.0,0,Normal,
2016-05-30 18:00:00,-14.8,957.9,61.9,300.0,31.0,0,Normal,
2016-05-30 19:00:00,-15.2,958.0,64.4,299.0,33.0,0,Normal,
2016-05-30 20:00:00,-15.0,957.5,52.9,302.0,30.0,0,Normal,
2016-05-30 21:00:00,-15.2,957.4,62.6,298.0,29.0,0,Normal,
2016-05-30 22:00:00,-15.1,957.4,59.9,298.0,28.0,0,Normal,
2016-05-30 23:00:00,-15.3,957.3,52.3,302.0,30.0,0,Normal,
2016-05-31 00:00:00,-15.3,957.1,63.2,299.0,28.0,0,Normal,
2016-05-31 01:00:00,-15.6,956.7,62.6,298.0,31.0,0,Normal,
2016-05-31 02:00:00,-15.5,956.4,61.3,298.0,31.0,0,Normal,
2016-05-31 03:00:00,-14.7,956.0,61.9,300.0,29.0,0,Normal,
2016-05-31 04:00:00,-15.4,956.0,62.7,298.0,35.0,0,Normal,
2016-05-31 05:00:00,-14.2,955.8,59.6,304.0,27.0,0,Normal,
2016-05-31 06:00:00,-14.3,955.6,61.9,298.0,33.0,0,Normal,
2016-05-31 07:00:00,-14.3,955.5,63.2,299.0,34.0,0,Normal,
2016-05-31 08:00:00,-14.4,955.5,62.5,300.0,40.0,0,Normal,
2016-05-31 09:00:00,-14.4,955.3,62.6,299.0,41.0,0,Normal,
2016-05-31 10:00:00,-14.2,955.2,62.6,298.0,42.0,0,Normal,
2016-05-31 11:00:00,-14.2,955.0,60.1,146.0,45.0,0,Normal,
2016-05-31 12:00:00,-13.8,954.9,59.9,146.0,45.0,0,Normal,
2016-05-31 13:00:00,-13.6,954.5,60.3,136.0,45.0,0,Normal,
2016-05-31 14:00:00,-13.6,954.6,60.6,135.0,48.0,0,Normal,
2016-05-31 15:00:00,-12.7,954.6,59.8,142.0,46.0,0,Normal,
2016-05-31 16:00:00,-13.0,954.5,59.7,142.0,47.0,0,Normal,
2016-05-31 17:00:00,-12.5,954.0,60.0,142.0,48.0,0,Normal,
2016-05-31 18:00:00,-12.2,953.8,59.9,141.0,55.0,0,Normal,
2016-05-31 19:00:00,-12.0,953.2,59.6,140.0,57.0,0,Normal,
2016-05-31 20:00:00,-11.3,953.1,59.8,137.0,60.0,0,Normal,
2016-05-31 21:00:00,-10.9,952.7,59.5,140.0,61.0,0,Normal,
2016-05-31 22:00:00,-10.9,952.7,59.8,138.0,67.0,0,Normal,
2016-05-31 23:00:00,-11.2,952.2,59.9,136.0,76.0,0,Normal,
2016-06-01 00:00:00,-11.4,952.1,57.6,129.0,84.0,0,Normal,
2016-06-01 01:00:00,-11.0,952.0,59.5,136.0,79.0,0,Normal,
2016-06-01 02:00:00,-11.1,951.7,62.9,135.0,79.0,0,Normal,
2016-06-01 03:00:00,-11.0,951.4,61.0,120.0,80.0,0,Normal,
2016-06-01 04:00:00,-10.9,950.0,57.5,131.0,88.0,0,Normal,
2016-06-01 05:00:00,-10.7,950.0,58.8,129.0,86.0,0,Normal,
2016-06-01 06:00:00,-10.7,950.3,58.4,132.0,82.0,0,Normal,
2016-06-01 07:00:00,-10.4,950.4,58.6,129.0,72.0,0,Normal,
2016-06-01 08:00:00,-10.0,950.2,59.9,135.0,63.0,0,Normal,
2016-06-01 09:00:00,-9.6,950.1,59.8,132.0,58.0,0,Normal,
2016-06-01 10:00:00,-9.9,950.6,59.8,137.0,62.0,0,Normal,
2016-06-01 11:00:00,-10.4,950.7,59.8,136.0,64.0,0,Normal,
2016-06-01 12:00:00,-10.2,950.5,59.7,138.0,62.0,0,Normal,
2016-06-01 13:00:00,-9.6,949.9,59.6,140.0,54.0,0,Normal,
2016-06-01 14:00:00,-9.8,949.5,59.8,139.0,57.0,0,Normal,
2016-06-01 15:00:00,-9.2,949.4,59.6,139.0,45.0,0,Normal,
2016-06-01 16:00:00,-9.5,949.0,59.7,139.0,41.0,0,Normal,
2016-06-01 17:00:00,-10.1,949.0,59.6,139.0,51.0,0,Normal,
2016-06-01 18:00:00,-9.6,948.7,60.0,139.0,47.0,0,Normal,
2016-06-01 19:00:00,-9.8,948.5,59.8,140.0,42.0,0,Normal,
2016-06-01 20:00:00,-10.7,948.6,60.7,131.0,49.0,0,Normal,
2016-06-01 21:00:00,-10.5,947.5,60.7,131.0,41.0,0,Normal,
2016-06-01 22:00:00,-10.4,947.0,61.2,125.0,37.0,0,Normal,
2016-06-01 23:00:00,-10.5,947.7,59.9,139.0,41.0,0,Normal,
2016-06-02 00:00:00,-11.0,947.3,60.4,139.0,43.0,0,Normal,
2016-06-02 01:00:00,-11.7,947.4,60.0,139.0,50.0,0,Normal,
2016-06-02 02:00:00,-11.8,947.4,59.6,140.0,41.0,0,Normal,
2016-06-02 03:00:00,-11.8,947.4,59.6,141.0,42.0,0,Normal,
2016-06-02 04:00:00,-11.9,946.9,60.2,139.0,38.0,0,Normal,
2016-06-02 05:00:00,-11.8,946.9,60.0,139.0,36.0,0,Normal,
2016-06-02 06:00:00,-12.0,947.6,60.3,143.0,44.0,0,Normal,
2016-06-02 07:00:00,-12.4,947.9,59.9,141.0,42.0,0,Normal,
2016-06-02 08:00:00,-12.5,948.6,59.7,142.0,41.0,0,Normal,
2016-06-02 09:00:00,-12.3,948.7,60.2,143.0,37.0,0,Normal,
2016-06-02 10:00:00,-12.5,949.2,60.2,145.0,45.0,0,Normal,
2016-06-02 11:00:00,-12.4,949.5,59.6,146.0,44.0,0,Normal,
2016-06-02 12:00:00,-11.4,949.3,59.8,143.0,42.0,0,Normal,
2016-06-02 13:00:00,-12.1,949.4,59.6,145.0,49.0,0,Normal,
2016-06-02 14:00:00,-12.5,949.5,59.8,145.0,50.0,0,Normal,
2016-06-02 15:00:00,-12.3,950.1,60.4,135.0,46.0,0,Normal,
2016-06-02 16:00:00,-12.3,950.6,59.6,145.0,46.0,0,Normal,
2016-06-02 17:00:00,-11.8,950.9,59.5,144.0,44.0,0,Normal,
2016-06-02 18:00:00,-11.3,950.8,59.9,143.0,42.0,0,Normal,
2016-06-02 19:00:00,-10.8,951.1,60.3,134.0,41.0,0,Normal,
2016-06-02 20:00:00,-11.3,951.3,60.3,134.0,47.0,0,Normal,
2016-06-02 21:00:00,-11.7,951.0,59.8,140.0,47.0,0,Normal,
2016-06-02 22:00:00,-11.5,950.7,60.1,139.0,42.0,0,Normal,
2016-06-02 23:00:00,-11.5,951.5,59.9,140.0,39.0,0,Normal,
2016-06-03 00:00:00,-12.1,952.0,60.0,139.0,42.0,0,Normal,
2016-06-03 01:00:00,-12.3,952.3,60.5,131.0,39.0,0,Normal,
2016-06-03 02:00:00,-12.5,952.4,60.7,131.0,41.0,0,Normal,
2016-06-03 03:00:00,-12.8,952.3,60.0,138.0,44.0,0,Normal,
2016-06-03 04:00:00,-13.4,952.2,60.1,138.0,45.0,0,Normal,
2016-06-03 05:00:00,-12.9,952.5,60.2,137.0,42.0,0,Normal,
2016-06-03 06:00:00,-12.3,952.9,60.9,128.0,40.0,0,Normal,
2016-06-03 07:00:00,-12.9,952.9,60.1,128.0,43.0,0,Normal,
2016-06-03 08:00:00,-12.5,952.9,60.2,136.0,41.0,0,Normal,
2016-06-03 09:00:00,-12.5,953.0,60.2,137.0,39.0,0,Normal,
2016-06-03 10:00:00,-13.1,953.1,60.8,133.0,38.0,0,Normal,
2016-06-03 11:00:00,-13.2,953.2,59.8,144.0,38.0,0,Normal,
2016-06-03 12:00:00,-11.5,953.5,59.8,141.0,39.0,0,Normal,
2016-06-03 13:00:00,-11.6,953.8,59.7,141.0,41.0,0,Normal,
2016-06-03 14:00:00,-11.7,953.8,59.7,141.0,42.0,0,Normal,
2016-06-03 15:00:00,-12.1,953.8,59.9,138.0,45.0,0,Normal,
2016-06-03 16:00:00,-11.7,954.0,59.9,138.0,41.0,0,Normal,
2016-06-03 17:00:00,-12.3,954.0,59.8,139.0,43.0,0,Normal,
2016-06-03 18:00:00,-12.5,954.0,60.1,135.0,43.0,0,Normal,
2016-06-03 19:00:00,-12.9,953.7,60.8,130.0,45.0,0,Normal,
2016-06-03 20:00:00,-14.0,953.8,60.2,137.0,40.0,0,Normal,
2016-06-03 21:00:00,-14.7,953.6,60.0,137.0,41.0,0,Normal,
2016-06-03 22:00:00,-14.8,953.4,60.3,137.0,41.0,0,Normal,
2016-06-03 23:00:00,-15.3,953.2,60.3,135.0,42.0,0,Normal,
2016-06-04 00:00:00,-15.6,952.6,60.2,135.0,38.0,0,Normal,
2016-06-04 01:00:00,-16.0,952.1,60.3,135.0,37.0,0,Normal,
2016-06-04 02:00:00,-16.4,951.9,60.3,135.0,40.0,0,Normal,
2016-06-04 03:00:00,-17.0,951.5,61.1,129.0,40.0,0,Normal,
2016-06-04 04:00:00,-17.1,950.9,60.4,137.0,37.0,0,Normal,
2016-06-04 05:00:00,-16.7,950.4,60.3,137.0,36.0,0,Normal,
2016-06-04 06:00:00,-16.8,950.8,60.7,128.0,38.0,0,Normal,
2016-06-04 07:00:00,-16.1,950.6,60.3,135.0,36.0,0,Normal,
2016-06-04 08:00:00,-15.3,950.3,60.4,136.0,37.0,0,Normal,
2016-06-04 09:00:00,-13.8,950.6,60.3,133.0,40.0,0,Normal,
2016-06-04 10:00:00,-12.9,949.8,60.9,127.0,56.0,0,Normal,
2016-06-04 11:00:00,-11.9,949.6,60.3,134.0,59.0,0,Normal,
2016-06-04 12:00:00,-11.4,949.5,60.1,133.0,64.0,0,Normal,
2016-06-04 13:00:00,-11.2,949.6,60.1,135.0,69.0,0,Normal,
2016-06-04 14:00:00,-10.9,949.6,60.3,133.0,67.0,0,Normal,
2016-06-04 15:00:00,-10.7,949.2,59.7,134.0,68.0,0,Normal,
2016-06-04 16:00:00,-10.4,949.0,59.9,135.0,69.0,0,Normal,
2016-06-04 17:00:00,-10.5,948.9,59.6,137.0,78.0,0,Normal,
2016-06-04 18:00:00,-9.9,948.8,59.4,136.0,71.0,0,Normal,
2016-06-04 19:00:00,-9.7,948.6,60.4,132.0,66.0,0,Normal,
2016-06-04 20:00:00,-11.4,948.9,60.1,132.0,69.0,0,Normal,
2016-06-04 21:00:00,-15.4,948.8,60.3,133.0,74.0,0,Normal,
2016-06-04 22:00:00,-14.4,949.1,60.0,131.0,69.0,0,Normal,
2016-06-04 23:00:00,-15.1,949.0,60.1,132.0,81.0,0,Normal,
2016-06-05 00:00:00,-11.6,949.6,59.8,130.0,63.0,0,Normal,
2016-06-05 01:00:00,-16.6,950.1,60.0,132.0,71.0,0,Normal,
2016-06-05 02:00:00,-20.1,951.5,60.4,132.0,72.0,0,Normal,
2016-06-05 03:00:00,-21.1,952.2,60.3,131.0,75.0,0,Normal,
2016-06-05 04:00:00,-21.5,952.2,60.2,133.0,77.0,0,Normal,
2016-06-05 05:00:00,-21.3,952.5,60.5,134.0,76.0,0,Normal,
2016-06-05 06:00:00,-21.2,952.5,60.2,134.0,75.0,0,Normal,
2016-06-05 07:00:00,-21.1,952.6,61.2,121.0,75.0,0,Normal,
2016-06-05 08:00:00,-21.0,952.4,60.2,136.0,75.0,0,Normal,
2016-06-05 09:00:00,-21.0,952.6,60.3,135.0,76.0,0,Normal,
2016-06-05 10:00:00,-20.7,952.4,59.9,139.0,76.0,0,Normal,
2016-06-05 11:00:00,-20.6,952.9,60.0,141.0,75.0,0,Normal,
2016-06-05 12:00:00,-20.7,953.0,60.0,138.0,76.0,0,Normal,
2016-06-05 13:00:00,-20.3,953.0,59.7,139.0,77.0,0,Normal,
2016-06-05 14:00:00,-19.8,953.0,60.1,137.0,75.0,0,Normal,
2016-06-05 15:00:00,-19.6,953.0,60.2,136.0,76.0,0,Normal,
2016-06-05 16:00:00,-19.3,953.0,61.1,121.0,76.0,0,Normal,
2016-06-05 17:00:00,-17.9,952.8,60.0,135.0,77.0,0,Normal,
2016-06-05 18:00:00,-17.8,952.8,59.9,135.0,73.0,0,Normal,
2016-06-05 19:00:00,-18.2,953.0,60.0,135.0,73.0,0,Normal,
2016-06-05 20:00:00,-18.6,952.2,60.2,135.0,76.0,0,Normal,
2016-06-05 21:00:00,-13.2,951.4,58.6,136.0,87.0,0,Normal,
2016-06-05 22:00:00,-13.2,951.1,59.8,140.0,87.0,0,Normal,
2016-06-05 23:00:00,-13.2,950.9,56.7,126.0,88.0,0,Normal,
2016-06-06 00:00:00,-12.9,950.7,57.2,131.0,88.0,0,Normal,
2016-06-06 01:00:00,-12.8,950.8,53.5,126.0,88.0,0,Normal,
2016-06-06 02:00:00,-12.8,951.1,55.4,128.0,88.0,0,Normal,
2016-06-06 03:00:00,-12.5,951.1,56.5,125.0,88.0,0,Normal,
2016-06-06 04:00:00,-12.3,951.3,57.4,135.0,88.0,0,Normal,
2016-06-06 05:00:00,-12.7,951.4,57.6,137.0,88.0,0,Normal,
2016-06-06 06:00:00,-12.6,951.6,57.4,128.0,88.0,0,Normal,
2016-06-06 07:00:00,-13.0,952.3,52.4,129.0,88.0,0,Normal,
2016-06-06 08:00:00,-13.3,953.0,52.7,133.0,88.0,0,Normal,
2016-06-06 09:00:00,-13.1,953.1,54.0,131.0,88.0,0,Normal,
2016-06-06 10:00:00,-12.8,953.1,51.9,120.0,88.0,0,Normal,
2016-06-06 11:00:00,-12.5,953.9,55.5,123.0,88.0,0,Normal,
2016-06-06 12:00:00,-12.8,954.1,60.6,137.0,87.0,0,Normal,
2016-06-06 13:00:00,-13.0,954.1,58.3,130.0,87.0,0,Normal,
2016-06-06 14:00:00,-13.9,954.4,60.0,137.0,86.0,0,Normal,
2016-06-06 15:00:00,-14.5,954.3,59.7,138.0,85.0,0,Normal,
2016-06-06 16:00:00,-14.2,954.0,59.5,133.0,86.0,0,Normal,
2016-06-06 17:00:00,-13.5,954.2,60.0,135.0,86.0,0,Normal,
2016-06-06 18:00:00,-13.7,954.1,60.1,136.0,85.0,0,Normal,
2016-06-06 19:00:00,-13.6,953.8,60.0,136.0,85.0,0,Normal,
2016-06-06 20:00:00,-13.5,954.0,60.0,139.0,84.0,0,Normal,
2016-06-06 21:00:00,-14.4,954.6,59.9,138.0,83.0,0,Normal,
2016-06-06 22:00:00,-15.0,954.7,60.0,138.0,83.0,0,Normal,
2016-06-06 23:00:00,-14.7,954.5,60.5,130.0,82.0,0,Normal,
2016-06-07 00:00:00,-15.0,954.5,60.5,131.0,82.0,0,Normal,
2016-06-07 01:00:00,-15.2,954.7,59.8,140.0,81.0,0,Normal,
2016-06-07 02:00:00,-15.0,954.7,59.9,138.0,81.0,0,Normal,
2016-06-07 03:00:00,-14.8,955.1,59.7,138.0,80.0,0,Normal,
2016-06-07 04:00:00,-15.2,955.2,59.9,138.0,79.0,0,Normal,
2016-06-07 05:00:00,-14.7,955.3,60.0,136.0,79.0,0,Normal,
2016-06-07 06:00:00,-14.4,955.5,60.1,136.0,78.0,0,Normal,
2016-06-07 07:00:00,-14.8,956.0,60.2,139.0,76.0,0,Normal,
2016-06-07 08:00:00,-15.1,956.6,60.0,139.0,75.0,0,Normal,
2016-06-07 09:00:00,-15.1,957.0,60.1,138.0,73.0,0,Normal,
2016-06-07 10:00:00,-15.1,957.4,60.1,138.0,70.0,0,Normal,
2016-06-07 11:00:00,-15.3,957.7,60.2,137.0,66.0,0,Normal,
2016-06-07 12:00:00,-15.3,958.2,60.1,141.0,61.0,0,Normal,
2016-06-07 13:00:00,-15.6,958.5,60.0,141.0,58.0,0,Normal,
2016-06-07 14:00:00,-15.6,958.7,60.7,132.0,53.0,0,Normal,
2016-06-07 15:00:00,-16.3,958.8,60.0,141.0,50.0,0,Normal,
2016-06-07 16:00:00,-17.4,958.9,59.8,141.0,49.0,0,Normal,
2016-06-07 17:00:00,-16.4,959.4,59.9,141.0,45.0,0,Normal,
2016-06-07 18:00:00,-16.5,960.3,60.0,141.0,47.0,0,Normal,
2016-06-07 19:00:00,-16.7,960.7,60.0,139.0,46.0,0,Normal,
2016-06-07 20:00:00,-16.1,961.0,60.2,139.0,42.0,0,Normal,
2016-06-07 21:00:00,-16.4,961.4,60.1,138.0,42.0,0,Normal,
2016-06-07 22:00:00,-17.2,961.6,60.1,140.0,43.0,0,Normal,
2016-06-07 23:00:00,-17.3,962.1,60.2,141.0,43.0,0,Normal,
2016-06-08 00:00:00,-17.5,962.6,60.1,140.0,40.0,0,Normal,
2016-06-08 01:00:00,-17.4,963.6,60.0,141.0,39.0,0,Normal,
2016-06-08 02:00:00,-16.7,963.7,60.3,137.0,37.0,0,Normal,
2016-06-08 03:00:00,-16.6,963.6,60.4,136.0,37.0,0,Normal,
2016-06-08 04:00:00,-16.9,964.5,60.4,135.0,40.0,0,Normal,
2016-06-08 05:00:00,-16.4,964.8,60.1,129.0,41.0,0,Normal,
2016-06-08 06:00:00,-16.1,965.4,60.4,135.0,43.0,0,Normal,
2016-06-08 07:00:00,-16.1,965.8,60.9,127.0,43.0,0,Normal,
2016-06-08 08:00:00,-15.8,966.2,60.3,131.0,42.0,0,Normal,
2016-06-08 09:00:00,-16.7,966.3,60.6,131.0,41.0,0,Normal,
2016-06-08 10:00:00,-16.3,966.9,60.4,134.0,43.0,0,Normal,
2016-06-08 11:00:00,-16.1,967.3,60.8,129.0,44.0,0,Normal,
2016-06-08 12:00:00,-16.1,967.2,60.4,135.0,43.0,0,Normal,
2016-06-08 13:00:00,-16.4,967.7,60.3,137.0,44.0,0,Normal,
2016-06-08 14:00:00,-16.4,967.7,60.5,134.0,42.0,0,Normal,
2016-06-08 15:00:00,-16.6,967.8,60.3,135.0,45.0,0,Normal,
2016-06-08 16:00:00,-16.9,968.1,61.0,128.0,44.0,0,Normal,
2016-06-08 17:00:00,-16.8,968.3,60.3,135.0,47.0,0,Normal,
2016-06-08 18:00:00,-16.5,968.6,60.3,135.0,44.0,0,Normal,
2016-06-08 19:00:00,-16.8,967.9,60.3,135.0,43.0,0,Normal,
2016-06-08 20:00:00,-16.9,968.5,60.4,134.0,44.0,0,Normal,
2016-06-08 21:00:00,-16.8,967.9,60.5,134.0,44.0,0,Normal,
2016-06-08 22:00:00,-17.5,967.8,60.3,135.0,43.0,0,Normal,
2016-06-08 23:00:00,-16.8,967.6,60.4,137.0,40.0,0,Normal,
2016-06-09 00:00:00,-16.9,967.0,60.2,139.0,39.0,0,Normal,
2016-06-09 01:00:00,-17.0,966.4,60.3,140.0,39.0,0,Normal,
2016-06-09 02:00:00,-16.9,966.1,60.0,139.0,40.0,0,Normal,
2016-06-09 03:00:00,-16.5,965.7,60.2,138.0,40.0,0,Normal,
2016-06-09 04:00:00,-16.4,965.4,60.1,140.0,43.0,0,Normal,
2016-06-09 05:00:00,-16.2,965.0,60.0,141.0,50.0,0,Normal,
2016-06-09 06:00:00,-16.1,964.9,60.1,138.0,61.0,0,Normal,
2016-06-09 07:00:00,-16.1,965.0,61.2,144.0,71.0,0,Normal,
2016-06-09 08:00:00,-16.0,964.8,60.4,141.0,72.0,0,Normal,
2016-06-09 09:00:00,-15.6,964.8,59.7,137.0,64.0,0,Normal,
2016-06-09 10:00:00,-15.2,964.8,60.7,131.0,62.0,0,Normal,
2016-06-09 11:00:00,-14.4,964.7,61.1,130.0,63.0,0,Normal,
2016-06-09 12:00:00,-15.2,964.7,60.1,135.0,65.0,0,Normal,
2016-06-09 13:00:00,-14.5,964.5,59.8,134.0,66.0,0,Normal,
2016-06-09 14:00:00,-14.7,964.1,60.6,134.0,67.0,0,Normal,
2016-06-09 15:00:00,-14.7,963.6,60.2,133.0,64.0,0,Normal,
2016-06-09 16:00:00,-14.6,963.6,60.1,133.0,62.0,0,Normal,
2016-06-09 17:00:00,-14.7,963.5,60.3,132.0,58.0,0,Normal,
2016-06-09 18:00:00,-14.8,963.0,60.4,134.0,56.0,0,Normal,
2016-06-09 19:00:00,-14.6,962.7,60.5,134.0,52.0,0,Normal,
2016-06-09 20:00:00,-14.5,962.5,60.3,134.0,45.0,0,Normal,
2016-06-09 21:00:00,-14.4,961.9,60.1,135.0,41.0,0,Normal,
2016-06-09 22:00:00,-14.4,961.5,60.2,135.0,40.0,0,Normal,
2016-06-09 23:00:00,-14.2,961.1,60.2,136.0,43.0,0,Normal,
2016-06-10 00:00:00,-14.5,960.9,60.1,138.0,44.0,0,Normal,
2016-06-10 01:00:00,-14.6,960.5,60.0,138.0,39.0,0,Normal,
2016-06-10 02:00:00,-15.2,960.3,60.2,135.0,40.0,0,Normal,
2016-06-10 03:00:00,-15.5,960.1,60.8,128.0,41.0,0,Normal,
2016-06-10 04:00:00,-16.0,960.0,60.2,134.0,42.0,0,Normal,
2016-06-10 05:00:00,-17.5,960.4,60.3,133.0,49.0,0,Normal,
2016-06-10 06:00:00,-18.1,960.7,59.8,114.0,50.0,0,Normal,
2016-06-10 07:00:00,-18.2,960.9,60.4,133.0,47.0,0,Normal,
2016-06-10 08:00:00,-19.2,961.5,60.5,133.0,51.0,0,Normal,
2016-06-10 09:00:00,-19.8,961.6,60.5,133.0,51.0,0,Normal,
2016-06-10 10:00:00,-20.2,962.1,60.8,129.0,51.0,0,Normal,
2016-06-10 11:00:00,-20.4,962.3,60.3,137.0,52.0,0,Normal,
2016-06-10 12:00:00,-20.4,962.2,60.4,135.0,50.0,0,Normal,
2016-06-10 13:00:00,-20.0,962.4,60.3,135.0,49.0,0,Normal,
2016-06-10 14:00:00,-20.4,962.5,60.8,129.0,48.0,0,Normal,
2016-06-10 15:00:00,-20.9,963.2,60.4,136.0,51.0,0,Normal,
2016-06-10 16:00:00,-19.8,963.5,60.3,135.0,47.0,0,Normal,
2016-06-10 17:00:00,-20.0,963.9,60.3,134.0,49.0,0,Normal,
2016-06-10 18:00:00,-19.9,964.3,60.6,132.0,48.0,0,Normal,
2016-06-10 19:00:00,-20.4,964.4,60.2,133.0,48.0,0,Normal,
2016-06-10 20:00:00,-22.5,965.0,60.6,133.0,47.0,0,Normal,
2016-06-10 21:00:00,-23.1,965.0,60.6,135.0,53.0,0,Normal,
2016-06-10 22:00:00,-22.1,965.7,60.3,134.0,46.0,0,Normal,
2016-06-10 23:00:00,-21.7,965.8,60.3,134.0,42.0,0,Normal,
2016-06-11 00:00:00,-22.9,966.0,60.5,134.0,45.0,0,Normal,
2016-06-11 01:00:00,-24.1,966.3,61.1,127.0,46.0,0,Normal,
2016-06-11 02:00:00,-24.7,966.5,60.6,133.0,48.0,0,Normal,
2016-06-11 03:00:00,-24.4,966.8,60.3,134.0,47.0,0,Normal,
2016-06-11 04:00:00,-23.5,966.7,60.5,133.0,39.0,0,Normal,
2016-06-11 05:00:00,-23.5,967.2,60.5,134.0,38.0,0,Normal,
2016-06-11 06:00:00,-23.0,966.9,60.7,134.0,37.0,0,Normal,
2016-06-11 07:00:00,-23.8,967.0,60.3,136.0,44.0,0,Normal,
2016-06-11 08:00:00,-24.1,967.0,60.5,137.0,43.0,0,Normal,
2016-06-11 09:00:00,-24.0,967.1,60.7,138.0,38.0,0,Normal,
2016-06-11 10:00:00,-24.0,967.3,60.4,139.0,40.0,0,Normal,
2016-06-11 11:00:00,-24.4,967.5,60.2,140.0,41.0,0,Normal,
2016-06-11 12:00:00,-24.4,967.4,60.4,139.0,42.0,0,Normal,
2016-06-11 13:00:00,-24.4,967.6,60.5,139.0,41.0,0,Normal,
2016-06-11 14:00:00,-24.5,967.7,60.6,138.0,44.0,0,Normal,
2016-06-11 15:00:00,-24.3,967.8,60.7,136.0,43.0,0,Normal,
2016-06-11 16:00:00,-24.5,967.8,61.6,139.0,44.0,0,Normal,
2016-06-11 17:00:00,-24.5,967.5,60.6,129.0,45.0,0,Normal,
2016-06-11 18:00:00,-24.5,967.6,60.6,139.0,43.0,0,Normal,
2016-06-11 19:00:00,-24.1,967.4,60.5,138.0,40.0,0,Normal,
2016-06-11 20:00:00,-24.0,967.3,60.9,131.0,41.0,0,Normal,
2016-06-11 21:00:00,-23.7,967.2,60.2,139.0,39.0,0,Normal,
2016-06-11 22:00:00,-22.8,967.3,60.8,135.0,36.0,0,Normal,
2016-06-11 23:00:00,-23.8,967.6,60.7,139.0,38.0,0,Normal,
2016-06-12 00:00:00,-22.7,967.4,60.6,139.0,35.0,0,Normal,
2016-06-12 01:00:00,-22.7,967.3,60.4,139.0,34.0,0,Normal,
2016-06-12 02:00:00,-22.7,967.1,60.8,131.0,35.0,0,Normal,
2016-06-12 03:00:00,-22.4,966.7,60.5,137.0,35.0,0,Normal,
2016-06-12 04:00:00,-22.3,966.6,60.5,139.0,34.0,0,Normal,
2016-06-12 05:00:00,-22.2,966.0,60.6,137.0,33.0,0,Normal,
2016-06-12 06:00:00,-21.7,965.9,60.3,140.0,32.0,0,Normal,
2016-06-12 07:00:00,-21.7,965.6,60.2,142.0,33.0,0,Normal,
2016-06-12 08:00:00,-21.5,965.1,60.4,139.0,33.0,0,Normal,
2016-06-12 09:00:00,-20.7,965.2,60.4,141.0,39.0,0,Normal,
2016-06-12 10:00:00,-20.6,964.8,60.8,137.0,43.0,0,Normal,
2016-06-12 11:00:00,-21.2,964.2,60.9,138.0,41.0,0,Normal,
2016-06-12 12:00:00,-19.2,963.9,59.2,132.0,38.0,0,Normal,
2016-06-12 13:00:00,-19.4,963.1,60.3,140.0,42.0,0,Normal,
2016-06-12 14:00:00,-18.8,962.6,56.5,136.0,38.0,0,Normal,
2016-06-12 15:00:00,-18.5,961.7,55.9,132.0,41.0,0,Normal,
2016-06-12 16:00:00,-18.3,960.5,53.3,123.0,47.0,0,Normal,
2016-06-12 17:00:00,-17.9,960.0,51.2,123.0,47.0,0,Normal,
2016-06-12 18:00:00,-17.5,959.4,56.9,129.0,45.0,0,Normal,
2016-06-12 19:00:00,-17.2,958.6,50.5,125.0,46.0,0,Normal,
2016-06-12 20:00:00,-16.6,957.6,53.3,134.0,54.0,0,Normal,
2016-06-12 21:00:00,-16.5,956.1,53.1,125.0,51.0,0,Normal,
2016-06-12 22:00:00,-16.0,954.9,53.5,129.0,46.0,0,Normal,
2016-06-12 23:00:00,-15.5,954.0,59.3,141.0,38.0,0,Normal,
2016-06-13 00:00:00,-16.2,953.0,59.5,134.0,54.0,0,Normal,
2016-06-13 01:00:00,-15.2,951.8,60.0,144.0,44.0,0,Normal,
2016-06-13 02:00:00,-15.2,950.6,59.6,115.0,43.0,0,Normal,
2016-06-13 03:00:00,-14.7,949.3,59.5,145.0,41.0,0,Normal,
2016-06-13 04:00:00,-14.3,948.3,60.0,145.0,42.0,0,Normal,
2016-06-13 05:00:00,-14.4,947.3,58.9,141.0,44.0,0,Normal,
2016-06-13 06:00:00,-13.1,947.0,58.7,142.0,37.0,0,Normal,
2016-06-13 07:00:00,-12.7,946.4,55.4,133.0,39.0,0,Normal,
2016-06-13 08:00:00,-12.1,946.2,55.8,127.0,37.0,0,Normal,
2016-06-13 09:00:00,-11.8,945.0,56.2,133.0,32.0,0,Normal,
2016-06-13 10:00:00,-11.7,944.3,57.8,132.0,30.0,0,Normal,
2016-06-13 11:00:00,-11.0,944.1,58.3,141.0,26.0,0,Normal,
2016-06-13 12:00:00,-10.7,943.5,59.0,139.0,26.0,0,Normal,
2016-06-13 13:00:00,-10.4,942.9,60.4,142.0,27.0,0,Normal,
2016-06-13 14:00:00,-10.1,941.9,59.4,135.0,27.0,0,Normal,
2016-06-13 15:00:00,-10.0,941.2,60.5,144.0,28.0,0,Normal,
2016-06-13 16:00:00,-9.8,940.6,59.6,144.0,28.0,0,Normal,
2016-06-13 17:00:00,-9.2,940.5,60.0,144.0,25.0,0,Normal,
2016-06-13 18:00:00,-8.7,940.3,59.3,143.0,24.0,0,Normal,
2016-06-13 19:00:00,-8.5,939.7,59.5,144.0,25.0,0,Normal,
2016-06-13 20:00:00,-8.2,939.1,59.8,144.0,25.0,0,Normal,
2016-06-13 21:00:00,-8.5,938.9,59.6,144.0,25.0,0,Normal,
2016-06-13 22:00:00,-10.7,937.8,59.9,142.0,41.0,0,Normal,
2016-06-13 23:00:00,-10.8,937.1,59.6,144.0,42.0,0,Normal,
2016-06-14 00:00:00,-10.7,936.1,59.6,143.0,36.0,0,Normal,
2016-06-14 01:00:00,-11.0,935.5,60.0,142.0,39.0,0,Normal,
2016-06-14 02:00:00,-11.0,934.6,60.2,142.0,41.0,0,Normal,
2016-06-14 03:00:00,-10.3,933.2,60.7,143.0,33.0,0,Normal,
2016-06-14 04:00:00,-10.2,932.6,60.3,135.0,33.0,0,Normal,
2016-06-14 05:00:00,-10.5,932.7,59.7,143.0,38.0,0,Normal,
2016-06-14 06:00:00,-10.8,932.1,59.9,141.0,38.0,0,Normal,
2016-06-14 07:00:00,-10.7,931.9,59.9,143.0,40.0,0,Normal,
2016-06-14 08:00:00,-10.7,931.6,60.0,140.0,36.0,0,Normal,
2016-06-14 09:00:00,-10.8,931.3,60.2,139.0,40.0,0,Normal,
2016-06-14 10:00:00,-9.8,930.9,60.2,140.0,36.0,0,Normal,
2016-06-14 11:00:00,-10.0,930.7,60.1,143.0,47.0,0,Normal,
2016-06-14 12:00:00,-9.5,931.2,59.9,141.0,47.0,0,Normal,
2016-06-14 13:00:00,-9.5,931.1,60.0,139.0,48.0,0,Normal,
2016-06-14 14:00:00,-8.8,931.6,59.9,139.0,45.0,0,Normal,
2016-06-14 15:00:00,-8.5,932.6,59.7,144.0,48.0,0,Normal,
2016-06-14 16:00:00,-9.4,933.9,65.5,154.0,90.0,0,Normal,
2016-06-14 17:00:00,-9.7,937.0,54.9,113.0,91.0,0,Normal,
2016-06-14 18:00:00,-9.9,939.1,59.1,134.0,91.0,0,Normal,
2016-06-14 19:00:00,-9.3,940.9,60.0,132.0,91.0,0,Normal,
2016-06-14 20:00:00,-9.1,942.6,58.1,138.0,91.0,0,Normal,
2016-06-14 21:00:00,-9.6,944.2,58.9,131.0,91.0,0,Normal,
2016-06-14 22:00:00,-9.6,946.5,60.1,131.0,91.0,0,Normal,
2016-06-14 23:00:00,-9.8,948.2,58.6,133.0,91.0,0,Normal,
2016-06-15 00:00:00,-10.1,950.0,60.0,141.0,90.0,0,Normal,
2016-06-15 01:00:00,-10.4,951.6,60.0,139.0,90.0,0,Normal,
2016-06-15 02:00:00,-10.2,953.6,60.0,131.0,90.0,0,Normal,
2016-06-15 03:00:00,-10.1,955.3,60.5,124.0,90.0,0,Normal,
2016-06-15 04:00:00,-10.0,957.0,60.0,132.0,90.0,0,Normal,
2016-06-15 05:00:00,-9.9,958.1,60.4,132.0,90.0,0,Normal,
2016-06-15 06:00:00,-10.1,959.5,59.6,131.0,90.0,0,Normal,
2016-06-15 07:00:00,-10.2,961.2,60.1,132.0,90.0,0,Normal,
2016-06-15 08:00:00,-10.0,962.9,60.9,125.0,90.0,0,Normal,
2016-06-15 09:00:00,-10.0,964.2,60.1,131.0,89.0,0,Normal,
2016-06-15 10:00:00,-9.8,965.4,60.0,134.0,87.0,0,Normal,
2016-06-15 11:00:00,-9.5,966.6,60.0,133.0,82.0,0,Normal,
2016-06-15 12:00:00,-9.0,967.8,60.1,136.0,76.0,0,Normal,
2016-06-15 13:00:00,-7.9,968.8,60.3,132.0,64.0,0,Normal,
2016-06-15 14:00:00,-8.0,969.7,61.0,125.0,60.0,0,Normal,
2016-06-15 15:00:00,-8.2,970.5,60.2,131.0,53.0,0,Normal,
2016-06-15 16:00:00,-8.7,971.1,60.1,132.0,51.0,0,Normal,
2016-06-15 17:00:00,-9.2,972.4,60.2,134.0,47.0,0,Normal,
2016-06-15 18:00:00,-9.6,973.4,60.0,136.0,45.0,0,Normal,
2016-06-15 19:00:00,-9.8,974.1,59.9,136.0,43.0,0,Normal,
2016-06-15 20:00:00,-9.7,974.8,59.7,139.0,39.0,0,Normal,
2016-06-15 21:00:00,-10.1,975.2,60.5,131.0,39.0,0,Normal,
2016-06-15 22:00:00,-10.3,975.5,59.7,139.0,37.0,0,Normal,
2016-06-15 23:00:00,-10.4,976.4,60.0,139.0,35.0,0,Normal,
2016-06-16 00:00:00,-10.6,977.2,60.0,139.0,35.0,0,Normal,
2016-06-16 01:00:00,-10.6,977.6,60.0,140.0,35.0,0,Normal,
2016-06-16 02:00:00,-10.9,978.0,59.8,140.0,36.0,0,Normal,
2016-06-16 03:00:00,-12.0,978.7,59.9,140.0,42.0,0,Normal,
2016-06-16 04:00:00,-12.1,979.1,59.9,142.0,41.0,0,Normal,
2016-06-16 05:00:00,-11.7,979.3,59.8,141.0,37.0,0,Normal,
2016-06-16 06:00:00,-11.7,979.5,60.0,141.0,37.0,0,Normal,
2016-06-16 07:00:00,-11.8,980.0,59.8,143.0,36.0,0,Normal,
2016-06-16 08:00:00,-11.8,980.3,59.9,141.0,35.0,0,Normal,
2016-06-16 09:00:00,-11.8,980.6,59.9,140.0,34.0,0,Normal,
2016-06-16 10:00:00,-11.9,980.8,60.1,141.0,35.0,0,Normal,
2016-06-16 11:00:00,-11.8,981.0,60.5,134.0,33.0,0,Normal,
2016-06-16 12:00:00,-12.0,981.1,59.7,142.0,34.0,0,Normal,
2016-06-16 13:00:00,-12.1,981.2,59.9,142.0,33.0,0,Normal,
2016-06-16 14:00:00,-12.3,980.8,59.8,142.0,35.0,0,Normal,
2016-06-16 15:00:00,-12.3,980.4,60.6,136.0,33.0,0,Normal,
2016-06-16 16:00:00,-13.4,980.3,59.8,143.0,36.0,0,Normal,
2016-06-16 17:00:00,-13.8,980.0,59.9,144.0,34.0,0,Normal,
2016-06-16 18:00:00,-13.3,979.7,60.4,135.0,33.0,0,Normal,
2016-06-16 19:00:00,-14.1,979.5,59.7,143.0,36.0,0,Normal,
2016-06-16 20:00:00,-15.2,978.8,60.0,142.0,41.0,0,Normal,
2016-06-16 21:00:00,-14.7,978.7,59.9,143.0,36.0,0,Normal,
2016-06-16 22:00:00,-14.7,978.9,59.9,143.0,36.0,0,Normal,
2016-06-16 23:00:00,-14.6,978.8,60.1,141.0,33.0,0,Normal,
2016-06-17 00:00:00,-14.9,978.9,60.6,131.0,35.0,0,Normal,
2016-06-17 01:00:00,-15.8,978.9,60.1,139.0,36.0,0,Normal,
2016-06-17 02:00:00,-15.6,977.9,60.1,137.0,32.0,0,Normal,
2016-06-17 03:00:00,-16.3,978.0,60.2,138.0,36.0,0,Normal,
2016-06-17 04:00:00,-16.6,976.7,60.2,139.0,36.0,0,Normal,
2016-06-17 05:00:00,-15.9,975.6,60.8,130.0,33.0,0,Normal,
2016-06-17 06:00:00,-15.8,974.8,60.0,140.0,33.0,0,Normal,
2016-06-17 07:00:00,-16.5,974.1,60.6,133.0,36.0,0,Normal,
2016-06-17 08:00:00,-16.4,973.0,60.1,140.0,35.0,0,Normal,
2016-06-17 09:00:00,-16.9,971.9,60.3,140.0,34.0,0,Normal,
2016-06-17 10:00:00,-16.9,970.9,60.1,142.0,34.0,0,Normal,
2016-06-17 11:00:00,-16.9,970.0,60.1,144.0,35.0,0,Normal,
2016-06-17 12:00:00,-16.8,969.0,59.5,136.0,35.0,0,Normal,
2016-06-17 14:00:00,-16.4,966.6,60.6,136.0,33.0,0,Normal,
2016-06-17 15:00:00,-15.7,965.3,60.1,144.0,32.0,0,Normal,
2016-06-17 16:00:00,-16.6,964.5,59.9,145.0,34.0,0,Normal,
2016-06-17 17:00:00,-16.5,963.8,59.7,144.0,31.0,0,Normal,
2016-06-17 18:00:00,-17.4,963.0,60.0,145.0,34.0,0,Normal,
2016-06-17 19:00:00,-16.3,962.2,59.9,145.0,32.0,0,Normal,
2016-06-17 20:00:00,-16.6,961.6,59.8,145.0,33.0,0,Normal,
2016-06-17 21:00:00,-17.1,960.9,59.8,144.0,34.0,0,Normal,
2016-06-17 22:00:00,-16.9,960.8,59.9,144.0,33.0,0,Normal,
2016-06-17 23:00:00,-16.6,960.5,60.0,143.0,31.0,0,Normal,
2016-06-18 00:00:00,-16.9,960.2,59.8,143.0,32.0,0,Normal,
2016-06-18 01:00:00,-17.3,959.9,60.2,140.0,33.0,0,Normal,
2016-06-18 02:00:00,-18.0,959.7,60.1,140.0,34.0,0,Normal,
2016-06-18 03:00:00,-18.6,959.8,60.3,138.0,35.0,0,Normal,
2016-06-18 04:00:00,-18.2,959.9,60.4,137.0,35.0,0,Normal,
2016-06-18 05:00:00,-16.7,959.6,60.2,136.0,32.0,0,Normal,
2016-06-18 06:00:00,-15.8,959.7,60.5,136.0,32.0,0,Normal,
2016-06-18 07:00:00,-14.7,959.8,60.5,134.0,35.0,0,Normal,
2016-06-18 08:00:00,-14.1,960.0,60.3,135.0,39.0,0,Normal,
2016-06-18 09:00:00,-14.0,959.9,60.2,136.0,43.0,0,Normal,
2016-06-18 10:00:00,-13.5,959.7,60.4,138.0,43.0,0,Normal,
2016-06-18 13:00:00,-12.7,959.7,68.2,17.0,39.0,0,Normal,
2016-06-18 14:00:00,-12.8,959.9,67.6,21.0,38.0,0,Normal,
2016-06-18 15:00:00,-13.2,960.2,2.6,3.0,40.0,0,Normal,
2016-06-18 16:00:00,-12.6,960.4,2.6,3.0,41.0,0,Normal,
2016-06-18 17:00:00,-12.4,960.8,2.6,3.0,42.0,0,Normal,
2016-06-18 18:00:00,-12.2,960.6,2.6,3.0,40.0,0,Normal,
2016-06-18 19:00:00,-12.3,960.8,2.6,3.0,42.0,0,Normal,
2016-06-18 20:00:00,-12.2,961.1,2.6,3.0,41.0,0,Normal,
2016-06-18 21:00:00,-11.9,961.5,2.6,3.0,48.0,0,Normal,
2016-06-18 22:00:00,-11.7,961.6,2.6,3.0,52.0,0,Normal,
2016-06-18 23:00:00,-11.9,962.0,2.6,3.0,58.0,0,Normal,
2016-06-19 00:00:00,-12.0,962.2,2.6,3.0,66.0,0,Normal,
2016-06-19 01:00:00,-12.0,962.4,2.6,3.0,61.0,0,Normal,
2016-06-19 02:00:00,-11.8,962.6,2.6,3.0,60.0,0,Normal,
2016-06-19 03:00:00,-12.6,962.5,2.6,3.0,68.0,0,Normal,
2016-06-19 04:00:00,-12.1,962.7,2.6,3.0,63.0,0,Normal,
2016-06-19 05:00:00,-12.2,962.8,2.6,3.0,69.0,0,Normal,
2016-06-19 06:00:00,-12.1,963.4,2.6,3.0,68.0,0,Normal,
2016-06-19 07:00:00,-12.0,963.8,2.6,3.0,71.0,0,Normal,
2016-06-19 08:00:00,-12.2,964.2,2.6,3.0,73.0,0,Normal,
2016-06-19 09:00:00,-12.3,964.9,2.6,3.0,73.0,0,Normal,
2016-06-19 10:00:00,-12.4,965.1,2.6,3.0,71.0,0,Normal,
2016-06-19 11:00:00,-12.5,965.5,2.6,3.0,73.0,0,Normal,
2016-06-19 12:00:00,-12.7,966.2,2.6,3.0,77.0,0,Normal,
2016-06-19 13:00:00,-12.7,966.4,2.6,3.0,75.0,0,Normal,
2016-06-19 14:00:00,-12.7,966.7,2.6,3.0,71.0,0,Normal,
2016-06-19 15:00:00,-12.7,966.7,2.6,3.0,69.0,0,Normal,
2016-06-19 16:00:00,-12.7,966.6,2.6,3.0,68.0,0,Normal,
2016-06-19 17:00:00,-13.0,967.0,2.6,3.0,68.0,0,Normal,
2016-06-19 18:00:00,-13.0,968.3,2.6,3.0,62.0,0,Normal,
2016-06-19 19:00:00,-13.0,969.0,66.2,12.0,62.0,0,Normal,
2016-06-19 20:00:00,-13.5,969.5,69.9,16.0,72.0,0,Normal,
2016-06-19 21:00:00,-13.5,969.5,67.4,20.0,66.0,0,Normal,
2016-06-19 22:00:00,-13.6,969.3,68.7,18.0,62.0,0,Normal,
2016-06-19 23:00:00,-13.5,969.0,67.3,18.0,57.0,0,Normal,
2016-06-20 00:00:00,-13.5,969.3,69.1,12.0,58.0,0,Normal,
2016-06-20 01:00:00,-13.6,970.0,68.2,18.0,56.0,0,Normal,
2016-06-20 02:00:00,-13.8,969.9,68.3,19.0,58.0,0,Normal,
2016-06-20 03:00:00,-13.5,969.7,68.3,19.0,55.0,0,Normal,
2016-06-20 04:00:00,-13.4,969.4,68.4,19.0,56.0,0,Normal,
2016-06-20 05:00:00,-13.7,969.4,68.4,20.0,51.0,0,Normal,
2016-06-20 06:00:00,-13.7,969.4,68.3,21.0,48.0,0,Normal,
2016-06-20 07:00:00,-13.6,969.6,68.6,21.0,50.0,0,Normal,
2016-06-20 08:00:00,-13.7,969.5,68.3,21.0,45.0,0,Normal,
2016-06-20 09:00:00,-13.5,969.6,68.6,21.0,46.0,0,Normal,
2016-06-20 10:00:00,-13.7,969.9,68.2,24.0,44.0,0,Normal,
2016-06-20 11:00:00,-13.5,969.5,67.8,27.0,39.0,0,Normal,
2016-06-20 12:00:00,-13.5,969.4,69.0,26.0,39.0,0,Normal,
2016-06-20 13:00:00,-13.4,969.3,68.2,24.0,38.0,0,Normal,
2016-06-20 14:00:00,-12.9,968.9,68.1,25.0,35.0,0,Normal,
2016-06-20 15:00:00,-12.8,968.8,69.0,17.0,37.0,0,Normal,
2016-06-20 16:00:00,-12.9,968.6,68.0,24.0,38.0,0,Normal,
2016-06-20 17:00:00,-13.0,968.4,68.2,20.0,41.0,0,Normal,
2016-06-20 18:00:00,-13.5,968.5,69.7,3.0,41.0,0,Normal,
2016-06-20 19:00:00,-14.2,968.1,68.5,19.0,40.0,0,Normal,
2016-06-20 20:00:00,-14.5,968.0,68.2,21.0,41.0,0,Normal,
2016-06-20 21:00:00,-15.2,968.1,68.2,19.0,43.0,0,Normal,
2016-06-20 22:00:00,-15.5,967.9,68.3,21.0,46.0,0,Normal,
2016-06-20 23:00:00,-15.3,967.9,68.4,20.0,46.0,0,Normal,
2016-06-21 00:00:00,-15.3,968.4,68.3,20.0,43.0,0,Normal,
2016-06-21 01:00:00,-16.1,968.9,68.3,22.0,47.0,0,Normal,
2016-06-21 02:00:00,-16.8,969.6,68.5,20.0,51.0,0,Normal,
2016-06-21 03:00:00,-17.9,969.9,68.8,19.0,56.0,0,Normal,
2016-06-21 04:00:00,-18.2,970.2,69.2,12.0,58.0,0,Normal,
2016-06-21 05:00:00,-18.0,970.3,68.5,19.0,58.0,0,Normal,
2016-06-21 06:00:00,-18.0,970.7,68.4,22.0,51.0,0,Normal,
2016-06-21 07:00:00,-18.5,970.9,68.3,14.0,45.0,0,Normal,
2016-06-21 08:00:00,-18.2,971.2,68.6,23.0,44.0,0,Normal,
2016-06-21 09:00:00,-18.2,971.0,68.5,24.0,40.0,0,Normal,
2016-06-21 10:00:00,-18.0,970.6,68.5,21.0,39.0,0,Normal,
2016-06-21 11:00:00,-18.0,970.8,68.4,21.0,41.0,0,Normal,
2016-06-21 12:00:00,-18.3,970.8,68.3,22.0,47.0,0,Normal,
2016-06-21 13:00:00,-18.1,970.9,68.3,19.0,37.0,0,Normal,
2016-06-21 14:00:00,-19.1,970.8,68.6,19.0,36.0,0,Normal,
2016-06-21 15:00:00,-19.4,970.3,68.9,17.0,37.0,0,Normal,
2016-06-21 16:00:00,-21.4,969.3,68.7,16.0,48.0,0,Normal,
2016-06-21 17:00:00,-21.4,969.9,70.1,5.0,49.0,0,Normal,
2016-06-21 18:00:00,-21.1,969.6,69.5,9.0,42.0,0,Normal,
2016-06-21 19:00:00,-19.6,969.6,71.0,2.0,36.0,0,Normal,
2016-06-21 20:00:00,-20.1,969.5,68.9,22.0,35.0,0,Normal,
2016-06-21 21:00:00,-20.9,969.4,68.9,18.0,39.0,0,Normal,
2016-06-21 22:00:00,-21.8,969.1,68.7,18.0,41.0,0,Normal,
2016-06-21 23:00:00,-21.1,969.2,68.6,19.0,36.0,0,Normal,
2016-06-22 00:00:00,-21.0,968.9,68.7,18.0,37.0,0,Normal,
2016-06-22 01:00:00,-21.1,968.9,68.8,20.0,37.0,0,Normal,
2016-06-22 02:00:00,-22.6,968.7,69.6,5.0,40.0,0,Normal,
2016-06-22 03:00:00,-23.5,968.8,68.7,17.0,46.0,0,Normal,
2016-06-22 04:00:00,-23.3,968.4,68.7,18.0,44.0,0,Normal,
2016-06-22 05:00:00,-23.6,968.2,69.0,17.0,44.0,0,Normal,
2016-06-22 06:00:00,-23.7,968.2,69.4,17.0,44.0,0,Normal,
2016-06-22 07:00:00,-25.2,968.3,69.1,16.0,47.0,0,Normal,
2016-06-22 08:00:00,-24.4,968.7,69.2,19.0,46.0,0,Normal,
2016-06-22 09:00:00,-24.9,968.8,69.1,16.0,47.0,0,Normal,
2016-06-22 10:00:00,-24.9,969.0,68.9,17.0,46.0,0,Normal,
2016-06-22 11:00:00,-25.5,969.1,68.8,18.0,46.0,0,Normal,
2016-06-22 12:00:00,-25.6,969.7,69.1,17.0,49.0,0,Normal,
2016-06-22 13:00:00,-24.5,969.8,69.6,10.0,44.0,0,Normal,
2016-06-22 14:00:00,-24.1,969.8,69.0,15.0,38.0,0,Normal,
2016-06-22 15:00:00,-24.6,969.9,69.0,16.0,43.0,0,Normal,
2016-06-22 16:00:00,-25.2,969.9,68.9,16.0,47.0,0,Normal,
2016-06-22 17:00:00,-25.6,970.5,69.2,14.0,47.0,0,Normal,
2016-06-22 18:00:00,-25.2,970.9,69.2,15.0,47.0,0,Normal,
2016-06-22 19:00:00,-23.5,970.8,69.0,14.0,36.0,0,Normal,
2016-06-22 20:00:00,-22.8,971.4,69.1,16.0,35.0,0,Normal,
2016-06-22 21:00:00,-23.8,971.6,69.2,16.0,36.0,0,Normal,
2016-06-22 22:00:00,-22.7,971.4,69.1,17.0,34.0,0,Normal,
2016-06-22 23:00:00,-22.0,971.4,69.2,17.0,32.0,0,Normal,
2016-06-23 00:00:00,-21.5,971.3,69.0,17.0,30.0,0,Normal,
2016-06-23 01:00:00,-20.3,972.2,69.1,17.0,29.0,0,Normal,
2016-06-23 02:00:00,-20.8,972.2,69.0,17.0,31.0,0,Normal,
2016-06-23 03:00:00,-20.9,972.0,69.0,17.0,30.0,0,Normal,
2016-06-23 04:00:00,-20.4,971.9,69.0,17.0,29.0,0,Normal,
2016-06-23 05:00:00,-20.3,971.7,69.1,16.0,31.0,0,Normal,
2016-06-23 06:00:00,-19.8,972.0,69.1,16.0,29.0,0,Normal,
2016-06-23 07:00:00,-19.1,971.9,68.8,17.0,33.0,0,Normal,
2016-06-23 08:00:00,-18.7,972.4,68.9,17.0,34.0,0,Normal,
2016-06-23 09:00:00,-18.4,972.6,69.2,16.0,37.0,0,Normal,
2016-06-23 10:00:00,-17.8,972.7,68.9,18.0,39.0,0,Normal,
2016-06-23 11:00:00,-17.7,972.8,68.8,19.0,45.0,0,Normal,
2016-06-23 12:00:00,-17.9,972.3,68.6,20.0,43.0,0,Normal,
2016-06-23 13:00:00,-17.1,972.4,68.4,23.0,43.0,0,Normal,
2016-06-23 14:00:00,-16.5,972.3,68.3,22.0,42.0,0,Normal,
2016-06-23 15:00:00,-16.5,972.4,68.3,21.0,45.0,0,Normal,
2016-06-23 16:00:00,-15.8,972.2,68.4,22.0,42.0,0,Normal,
2016-06-23 17:00:00,-15.7,972.0,68.5,21.0,43.0,0,Normal,
2016-06-23 18:00:00,-15.9,972.2,68.8,22.0,44.0,0,Normal,
2016-06-23 19:00:00,-15.7,972.2,68.1,23.0,43.0,0,Normal,
2016-06-23 20:00:00,-15.6,972.2,68.3,23.0,42.0,0,Normal,
2016-06-23 21:00:00,-15.8,971.8,68.3,22.0,44.0,0,Normal,
2016-06-23 22:00:00,-16.0,971.1,68.5,22.0,43.0,0,Normal,
2016-06-23 23:00:00,-14.8,970.7,68.2,23.0,38.0,0,Normal,
2016-06-24 00:00:00,-14.3,970.4,68.3,22.0,37.0,0,Normal,
2016-06-24 01:00:00,-13.9,969.7,68.0,25.0,36.0,0,Normal,
2016-06-24 02:00:00,-14.6,969.3,69.6,8.0,39.0,0,Normal,
2016-06-24 03:00:00,-13.7,968.9,68.2,22.0,36.0,0,Normal,
2016-06-24 04:00:00,-13.4,968.1,68.4,21.0,37.0,0,Normal,
2016-06-24 05:00:00,-12.8,967.7,68.3,21.0,36.0,0,Normal,
2016-06-24 06:00:00,-14.3,967.5,68.4,20.0,39.0,0,Normal,
2016-06-24 07:00:00,-15.0,967.4,68.3,21.0,41.0,0,Normal,
2016-06-24 08:00:00,-13.9,966.6,68.4,21.0,42.0,0,Normal,
2016-06-24 09:00:00,-13.2,965.6,68.4,18.0,36.0,0,Normal,
2016-06-24 10:00:00,-13.0,965.2,68.5,21.0,36.0,0,Normal,
2016-06-24 11:00:00,-13.0,965.1,68.2,21.0,35.0,0,Normal,
2016-06-24 12:00:00,-12.9,964.7,68.5,20.0,35.0,0,Normal,
2016-06-24 13:00:00,-14.0,964.3,68.5,21.0,36.0,0,Normal,
2016-06-24 14:00:00,-14.8,963.7,68.7,19.0,36.0,0,Normal,
2016-06-24 15:00:00,-14.6,963.5,68.8,17.0,33.0,0,Normal,
2016-06-24 16:00:00,-15.5,962.9,68.7,17.0,35.0,0,Normal,
2016-06-24 17:00:00,-16.0,962.3,68.9,17.0,33.0,0,Normal,
2016-06-24 18:00:00,-16.7,962.5,68.6,17.0,35.0,0,Normal,
2016-06-24 19:00:00,-18.0,961.8,69.0,18.0,42.0,0,Normal,
2016-06-24 20:00:00,-18.5,961.0,68.7,18.0,43.0,0,Normal,
2016-06-24 21:00:00,-22.2,960.7,69.5,10.0,55.0,0,Normal,
2016-06-24 22:00:00,-22.1,959.9,69.0,16.0,55.0,0,Normal,
2016-06-24 23:00:00,-22.2,959.4,68.9,19.0,53.0,0,Normal,
2016-06-25 00:00:00,-22.1,959.1,68.6,18.0,54.0,0,Normal,
2016-06-25 01:00:00,-20.2,958.5,68.8,18.0,44.0,0,Normal,
2016-06-25 02:00:00,-22.1,958.1,68.9,18.0,49.0,0,Normal,
2016-06-25 03:00:00,-22.6,957.7,68.9,16.0,51.0,0,Normal,
2016-06-25 04:00:00,-21.3,957.3,68.5,19.0,47.0,0,Normal,
2016-06-25 05:00:00,-19.5,956.5,68.6,16.0,36.0,0,Normal,
2016-06-25 06:00:00,-22.5,957.1,69.1,17.0,44.0,0,Normal,
2016-06-25 07:00:00,-23.1,957.0,69.1,16.0,48.0,0,Normal,
2016-06-25 08:00:00,-23.4,957.1,68.7,16.0,49.0,0,Normal,
2016-06-25 09:00:00,-20.7,956.5,69.1,13.0,44.0,0,Normal,
2016-06-25 10:00:00,-21.1,956.9,69.6,11.0,44.0,0,Normal,
2016-06-25 11:00:00,-22.4,956.7,68.5,23.0,45.0,0,Normal,
2016-06-25 12:00:00,-23.3,957.0,69.6,12.0,51.0,0,Normal,
2016-06-25 13:00:00,-22.8,956.8,69.4,12.0,47.0,0,Normal,
2016-06-25 14:00:00,-21.8,957.1,68.9,18.0,47.0,0,Normal,
2016-06-25 15:00:00,-21.7,957.4,68.9,17.0,45.0,0,Normal,
2016-06-25 16:00:00,-20.9,957.7,68.8,19.0,43.0,0,Normal,
2016-06-25 17:00:00,-20.2,957.9,69.0,17.0,38.0,0,Normal,
2016-06-25 18:00:00,-20.1,957.8,68.8,18.0,42.0,0,Normal,
2016-06-25 19:00:00,-19.7,958.2,69.0,16.0,37.0,0,Normal,
2016-06-25 20:00:00,-19.5,958.5,69.0,19.0,36.0,0,Normal,
2016-06-25 21:00:00,-19.1,959.1,68.8,21.0,35.0,0,Normal,
2016-06-25 22:00:00,-19.4,960.0,69.4,13.0,35.0,0,Normal,
2016-06-25 23:00:00,-19.5,960.5,68.8,21.0,35.0,0,Normal,
2016-06-26 00:00:00,-20.0,960.8,68.6,21.0,41.0,0,Normal,
2016-06-26 01:00:00,-21.3,961.9,68.6,23.0,43.0,0,Normal,
2016-06-26 02:00:00,-22.4,963.3,68.4,24.0,45.0,0,Normal,
2016-06-26 03:00:00,-23.1,963.8,68.7,23.0,47.0,0,Normal,
2016-06-26 04:00:00,-21.8,963.7,68.6,23.0,39.0,0,Normal,
2016-06-26 05:00:00,-22.0,964.8,69.2,16.0,39.0,0,Normal,
2016-06-26 06:00:00,-23.4,964.9,69.5,7.0,47.0,0,Normal,
2016-06-26 07:00:00,-23.2,965.9,68.5,22.0,47.0,0,Normal,
2016-06-26 08:00:00,-22.6,966.9,68.5,23.0,43.0,0,Normal,
2016-06-26 09:00:00,-22.7,967.4,68.7,24.0,41.0,0,Normal,
2016-06-26 10:00:00,-22.3,967.8,68.7,23.0,40.0,0,Normal,
2016-06-26 11:00:00,-22.6,967.6,68.4,23.0,42.0,0,Normal,
2016-06-26 12:00:00,-23.4,967.6,68.6,24.0,42.0,0,Normal,
2016-06-26 13:00:00,-23.5,967.3,68.4,23.0,43.0,0,Normal,
2016-06-26 14:00:00,-22.9,968.0,69.1,16.0,41.0,0,Normal,
2016-06-26 15:00:00,-23.1,968.6,69.1,15.0,41.0,0,Normal,
2016-06-26 16:00:00,-20.7,968.5,68.5,25.0,38.0,0,Normal,
2016-06-26 17:00:00,-19.0,967.5,68.5,25.0,37.0,0,Normal,
2016-06-26 18:00:00,-18.7,967.5,67.8,12.0,36.0,0,Normal,
2016-06-26 19:00:00,-18.7,967.5,68.3,24.0,36.0,0,Normal,
2016-06-26 20:00:00,-18.2,967.5,69.8,16.0,35.0,0,Normal,
2016-06-26 21:00:00,-18.2,967.8,69.1,16.0,36.0,0,Normal,
2016-06-26 22:00:00,-18.1,967.6,68.7,24.0,36.0,0,Normal,
2016-06-26 23:00:00,-17.9,967.4,68.5,23.0,35.0,0,Normal,
2016-06-27 00:00:00,-18.2,967.6,68.4,25.0,36.0,0,Normal,
2016-06-27 01:00:00,-17.7,967.8,69.0,18.0,34.0,0,Normal,
2016-06-27 02:00:00,-17.5,967.7,68.2,26.0,33.0,0,Normal,
2016-06-27 03:00:00,-17.6,967.5,68.2,26.0,35.0,0,Normal,
2016-06-27 04:00:00,-17.8,967.2,68.2,26.0,35.0,0,Normal,
2016-06-27 05:00:00,-17.4,966.7,68.9,18.0,33.0,0,Normal,
2016-06-27 06:00:00,-17.9,967.0,68.0,28.0,35.0,0,Normal,
2016-06-27 07:00:00,-18.6,967.1,68.2,28.0,38.0,0,Normal,
2016-06-27 08:00:00,-17.8,966.8,68.1,26.0,33.0,0,Normal,
2016-06-27 09:00:00,-19.3,967.4,68.3,26.0,36.0,0,Normal,
2016-06-27 10:00:00,-18.8,967.4,68.3,26.0,36.0,0,Normal,
2016-06-27 11:00:00,-21.0,967.1,68.5,27.0,40.0,0,Normal,
2016-06-27 12:00:00,-19.4,966.0,68.3,25.0,37.0,0,Normal,
2016-06-27 13:00:00,-17.5,965.7,68.2,25.0,33.0,0,Normal,
2016-06-27 14:00:00,-17.9,966.0,68.3,23.0,33.0,0,Normal,
2016-06-27 15:00:00,-17.9,965.9,68.5,24.0,32.0,0,Normal,
2016-06-27 16:00:00,-17.9,965.6,68.6,23.0,32.0,0,Normal,
2016-06-27 17:00:00,-18.0,965.5,68.2,22.0,31.0,0,Normal,
2016-06-27 18:00:00,-18.0,965.1,68.4,23.0,31.0,0,Normal,
2016-06-27 19:00:00,-18.1,965.1,68.7,22.0,32.0,0,Normal,
2016-06-27 20:00:00,-18.0,964.6,68.4,24.0,31.0,0,Normal,
2016-06-27 21:00:00,-18.4,964.7,68.5,23.0,34.0,0,Normal,
2016-06-27 22:00:00,-17.9,964.3,68.2,14.0,31.0,0,Normal,
2016-06-27 23:00:00,-18.2,963.8,68.5,21.0,32.0,0,Normal,
2016-06-28 00:00:00,-18.4,963.6,68.6,21.0,34.0,0,Normal,
2016-06-28 01:00:00,-18.3,963.4,68.5,20.0,33.0,0,Normal,
2016-06-28 02:00:00,-18.2,963.1,68.7,21.0,33.0,0,Normal,
2016-06-28 03:00:00,-17.9,963.2,68.5,21.0,31.0,0,Normal,
2016-06-28 04:00:00,-18.4,963.3,68.4,21.0,34.0,0,Normal,
2016-06-28 05:00:00,-18.8,962.9,67.3,15.0,35.0,0,Normal,
2016-06-28 06:00:00,-18.3,962.7,68.7,20.0,33.0,0,Normal,
2016-06-28 07:00:00,-18.3,962.7,68.5,21.0,32.0,0,Normal,
2016-06-28 08:00:00,-18.0,962.7,68.8,21.0,32.0,0,Normal,
2016-06-28 09:00:00,-18.1,962.2,69.7,13.0,31.0,0,Normal,
2016-06-28 10:00:00,-18.1,961.9,68.6,25.0,33.0,0,Normal,
2016-06-28 11:00:00,-18.2,961.5,68.3,25.0,34.0,0,Normal,
2016-06-28 12:00:00,-18.0,961.0,68.3,26.0,34.0,0,Normal,
2016-06-28 13:00:00,-17.5,960.7,68.2,30.0,32.0,0,Normal,
2016-06-28 14:00:00,-18.5,960.6,68.1,28.0,36.0,0,Normal,
2016-06-28 15:00:00,-18.2,959.9,68.0,28.0,34.0,0,Normal,
2016-06-28 16:00:00,-16.9,959.7,68.1,27.0,30.0,0,Normal,
2016-06-28 17:00:00,-17.4,960.1,68.0,28.0,33.0,0,Normal,
2016-06-28 18:00:00,-17.2,959.6,68.5,28.0,35.0,0,Normal,
2016-06-28 19:00:00,-16.9,959.3,68.3,27.0,33.0,0,Normal,
2016-06-28 20:00:00,-16.2,959.5,68.4,27.0,34.0,0,Normal,
2016-06-28 21:00:00,-16.6,959.2,68.3,25.0,35.0,0,Normal,
2016-06-28 22:00:00,-16.0,959.1,68.4,24.0,35.0,0,Normal,
2016-06-28 23:00:00,-15.8,959.3,68.4,22.0,35.0,0,Normal,
2016-06-29 00:00:00,-15.8,959.3,69.0,14.0,35.0,0,Normal,
2016-06-29 01:00:00,-16.4,959.1,68.7,20.0,36.0,0,Normal,
2016-06-29 02:00:00,-15.8,958.7,68.8,22.0,35.0,0,Normal,
2016-06-29 03:00:00,-15.8,958.3,69.3,13.0,36.0,0,Normal,
2016-06-29 04:00:00,-15.7,958.3,68.5,22.0,36.0,0,Normal,
2016-06-29 05:00:00,-16.0,958.6,68.6,20.0,39.0,0,Normal,
2016-06-29 06:00:00,-15.3,959.2,68.7,17.0,35.0,0,Normal,
2016-06-29 07:00:00,-15.0,959.4,67.9,8.0,35.0,0,Normal,
2016-06-29 08:00:00,-15.2,959.6,68.9,19.0,36.0,0,Normal,
2016-06-29 09:00:00,-16.2,959.4,68.8,18.0,38.0,0,Normal,
2016-06-29 10:00:00,-15.3,959.1,70.3,14.0,35.0,0,Normal,
2016-06-29 11:00:00,-17.4,959.0,68.2,26.0,46.0,0,Normal,
2016-06-29 12:00:00,-18.8,959.0,68.4,24.0,59.0,0,Normal,
2016-06-29 13:00:00,-19.0,958.6,71.2,5.0,61.0,0,Normal,
2016-06-29 14:00:00,-19.2,958.2,71.5,10.0,62.0,0,Normal,
2016-06-29 15:00:00,-19.2,957.5,68.0,25.0,61.0,0,Normal,
2016-06-29 16:00:00,-18.2,956.4,71.7,359.0,61.0,0,Normal,
2016-06-29 17:00:00,-13.3,955.5,71.7,1.0,45.0,0,Normal,
2016-06-29 18:00:00,-12.7,954.4,68.3,26.0,45.0,0,Normal,
2016-06-29 19:00:00,-12.2,953.9,68.1,25.0,44.0,0,Normal,
2016-06-29 20:00:00,-12.4,954.0,68.3,26.0,50.0,0,Normal,
2016-06-29 21:00:00,-12.9,954.1,67.8,25.0,52.0,0,Normal,
2016-06-29 22:00:00,-12.6,954.0,68.2,25.0,52.0,0,Normal,
2016-06-29 23:00:00,-12.8,954.5,67.9,23.0,55.0,0,Normal,
2016-06-30 00:00:00,-13.0,954.8,67.8,23.0,54.0,0,Normal,
2016-06-30 01:00:00,-13.9,955.3,69.2,8.0,63.0,0,Normal,
2016-06-30 02:00:00,-14.0,955.0,68.0,25.0,61.0,0,Normal,
2016-06-30 03:00:00,-13.9,954.7,69.0,16.0,63.0,0,Normal,
2016-06-30 04:00:00,-14.1,955.0,69.0,15.0,70.0,0,Normal,
2016-06-30 05:00:00,-13.0,954.0,68.9,14.0,62.0,0,Normal,
2016-06-30 06:00:00,-12.3,953.8,67.1,11.0,73.0,0,Normal,
2016-06-30 07:00:00,-12.0,954.0,67.8,20.0,76.0,0,Normal,
2016-06-30 08:00:00,-11.7,953.9,67.3,22.0,78.0,0,Normal,
2016-06-30 09:00:00,-11.5,953.1,67.5,24.0,83.0,0,Normal,
2016-06-30 10:00:00,-11.0,952.8,67.8,22.0,87.0,0,Normal,
2016-06-30 11:00:00,-10.4,951.6,70.4,24.0,90.0,0,Normal,
2016-06-30 12:00:00,-9.7,952.1,67.2,27.0,82.0,0,Normal,
2016-06-30 13:00:00,-7.7,951.5,67.4,25.0,37.0,0,Normal,
2016-06-30 14:00:00,-7.3,951.6,68.1,29.0,32.0,0,Normal,
2016-06-30 15:00:00,-7.2,951.6,68.4,27.0,31.0,0,Normal,
2016-06-30 16:00:00,-7.0,951.5,66.9,22.0,31.0,0,Normal,
2016-06-30 17:00:00,-6.9,951.7,67.8,26.0,30.0,0,Normal,
2016-06-30 18:00:00,-6.9,952.1,67.9,25.0,30.0,0,Normal,
2016-06-30 19:00:00,-6.8,952.2,67.7,25.0,28.0,0,Normal,
2016-06-30 20:00:00,-6.9,952.0,67.7,25.0,28.0,0,Normal,
2016-06-30 21:00:00,-6.8,951.6,68.1,27.0,27.0,0,Normal,
2016-06-30 22:00:00,-6.5,951.6,67.9,23.0,25.0,0,Normal,
2016-06-30 23:00:00,-6.8,951.7,67.9,25.0,31.0,0,Normal,
2016-07-01 00:00:00,-8.7,951.1,67.9,22.0,38.0,0,Normal,
2016-07-01 01:00:00,-8.8,951.3,67.9,21.0,35.0,0,Normal,
2016-07-01 02:00:00,-8.9,951.2,67.9,23.0,31.0,0,Normal,
2016-07-01 03:00:00,-9.2,951.3,68.3,22.0,32.0,0,Normal,
2016-07-01 04:00:00,-9.9,951.5,68.1,23.0,34.0,0,Normal,
2016-07-01 05:00:00,-10.1,951.7,68.2,21.0,33.0,0,Normal,
2016-07-01 06:00:00,-11.2,951.9,68.5,20.0,34.0,0,Normal,
2016-07-01 07:00:00,-11.1,951.5,68.2,23.0,31.0,0,Normal,
2016-07-01 08:00:00,-11.1,951.0,68.3,20.0,30.0,0,Normal,
2016-07-01 09:00:00,-12.0,950.3,68.5,19.0,33.0,0,Normal,
2016-07-01 10:00:00,-12.1,950.1,68.3,24.0,31.0,0,Normal,
2016-07-01 11:00:00,-12.1,949.5,68.1,24.0,32.0,0,Normal,
2016-07-01 12:00:00,-11.7,949.0,68.2,25.0,26.0,0,Normal,
2016-07-01 13:00:00,-12.7,948.4,68.2,23.0,31.0,0,Normal,
2016-07-01 14:00:00,-13.6,948.2,68.4,23.0,36.0,0,Normal,
2016-07-01 15:00:00,-11.9,948.5,68.2,23.0,25.0,0,Normal,
2016-07-01 16:00:00,-13.1,947.8,68.3,23.0,26.0,0,Normal,
2016-07-01 17:00:00,-14.0,947.3,69.9,6.0,30.0,0,Normal,
2016-07-01 18:00:00,-13.8,947.6,68.4,22.0,26.0,0,Normal,
2016-07-01 19:00:00,-13.9,946.9,68.5,21.0,28.0,0,Normal,
2016-07-01 20:00:00,-14.4,946.6,68.5,21.0,30.0,0,Normal,
2016-07-01 21:00:00,-15.8,947.1,68.3,19.0,33.0,0,Normal,
2016-07-01 22:00:00,-16.3,947.4,69.3,10.0,33.0,0,Normal,
2016-07-01 23:00:00,-14.7,947.5,68.6,16.0,29.0,0,Normal,
2016-07-02 00:00:00,-14.9,947.9,68.7,17.0,29.0,0,Normal,
2016-07-02 01:00:00,-15.1,947.8,68.8,18.0,26.0,0,Normal,
2016-07-02 02:00:00,-15.8,947.5,69.0,17.0,33.0,0,Normal,
2016-07-02 03:00:00,-15.3,947.9,68.9,16.0,30.0,0,Normal,
2016-07-02 04:00:00,-15.6,948.0,68.7,15.0,29.0,0,Normal,
2016-07-02 05:00:00,-15.6,948.7,68.8,15.0,35.0,0,Normal,
2016-07-02 06:00:00,-15.3,948.8,68.8,16.0,34.0,0,Normal,
2016-07-02 07:00:00,-15.8,949.4,69.0,15.0,36.0,0,Normal,
2016-07-02 08:00:00,-15.4,949.8,68.7,20.0,33.0,0,Normal,
2016-07-02 09:00:00,-15.9,950.2,68.8,19.0,36.0,0,Normal,
2016-07-02 10:00:00,-15.9,950.8,68.5,22.0,37.0,0,Normal,
2016-07-02 11:00:00,-16.0,951.0,71.3,7.0,40.0,0,Normal,
2016-07-02 12:00:00,-15.8,951.4,68.5,25.0,45.0,0,Normal,
2016-07-02 13:00:00,-15.6,952.0,68.1,24.0,43.0,0,Normal,
2016-07-02 14:00:00,-15.4,952.8,68.4,23.0,51.0,0,Normal,
2016-07-02 15:00:00,-15.1,953.3,69.1,15.0,52.0,0,Normal,
2016-07-02 16:00:00,-15.0,953.6,68.2,15.0,53.0,0,Normal,
2016-07-02 17:00:00,-14.6,954.2,68.4,19.0,50.0,0,Normal,
2016-07-02 18:00:00,-14.4,954.7,68.3,19.0,49.0,0,Normal,
2016-07-02 19:00:00,-14.8,954.8,68.7,19.0,57.0,0,Normal,
2016-07-02 20:00:00,-14.4,955.4,68.5,18.0,50.0,0,Normal,
2016-07-02 21:00:00,-14.5,956.0,68.6,17.0,44.0,0,Normal,
2016-07-02 22:00:00,-14.4,956.7,68.8,18.0,41.0,0,Normal,
2016-07-02 23:00:00,-14.5,956.7,68.7,19.0,42.0,0,Normal,
2016-07-03 00:00:00,-14.5,957.2,68.8,16.0,45.0,0,Normal,
2016-07-03 01:00:00,-14.6,957.4,69.2,11.0,44.0,0,Normal,
2016-07-03 02:00:00,-15.0,957.5,68.6,10.0,42.0,0,Normal,
2016-07-03 03:00:00,-14.9,957.5,68.8,16.0,39.0,0,Normal,
2016-07-03 04:00:00,-15.0,957.8,68.7,17.0,40.0,0,Normal,
2016-07-03 05:00:00,-15.0,958.0,68.6,18.0,38.0,0,Normal,
2016-07-03 06:00:00,-14.7,958.2,68.7,16.0,33.0,0,Normal,
2016-07-03 07:00:00,-15.2,958.6,68.8,16.0,39.0,0,Normal,
2016-07-03 08:00:00,-14.9,958.8,68.8,14.0,33.0,0,Normal,
2016-07-03 09:00:00,-15.5,959.1,68.8,14.0,41.0,0,Normal,
2016-07-03 10:00:00,-15.5,959.0,68.5,18.0,36.0,0,Normal,
2016-07-03 11:00:00,-15.3,959.3,68.5,20.0,34.0,0,Normal,
2016-07-03 12:00:00,-15.3,959.3,68.7,20.0,33.0,0,Normal,
2016-07-03 13:00:00,-16.5,959.4,68.7,18.0,47.0,0,Normal,
2016-07-03 14:00:00,-16.1,959.4,68.6,15.0,40.0,0,Normal,
2016-07-03 15:00:00,-16.0,959.5,68.5,15.0,36.0,0,Normal,
2016-07-03 16:00:00,-16.0,959.2,68.6,17.0,32.0,0,Normal,
2016-07-03 17:00:00,-17.8,959.2,68.6,19.0,38.0,0,Normal,
2016-07-03 18:00:00,-17.5,959.3,68.6,19.0,41.0,0,Normal,
2016-07-03 19:00:00,-17.6,959.2,68.3,20.0,45.0,0,Normal,
2016-07-03 20:00:00,-17.5,959.3,68.5,13.0,42.0,0,Normal,
2016-07-03 21:00:00,-18.6,960.4,68.6,13.0,45.0,0,Normal,
2016-07-03 22:00:00,-19.7,960.6,68.9,14.0,47.0,0,Normal,
2016-07-03 23:00:00,-19.8,960.8,68.8,12.0,46.0,0,Normal,
2016-07-04 00:00:00,-20.3,961.2,68.9,16.0,44.0,0,Normal,
2016-07-04 01:00:00,-20.7,960.9,69.1,15.0,42.0,0,Normal,
2016-07-04 02:00:00,-21.0,961.3,70.2,7.0,43.0,0,Normal,
2016-07-04 03:00:00,-21.7,961.9,69.0,11.0,42.0,0,Normal,
2016-07-04 04:00:00,-21.8,961.9,69.0,13.0,44.0,0,Normal,
2016-07-04 05:00:00,-21.9,962.2,69.2,13.0,42.0,0,Normal,
2016-07-04 06:00:00,-21.6,962.4,69.0,12.0,40.0,0,Normal,
2016-07-04 07:00:00,-21.3,962.5,69.4,3.0,38.0,0,Normal,
2016-07-04 08:00:00,-22.4,963.5,69.4,12.0,40.0,0,Normal,
2016-07-04 09:00:00,-21.8,963.9,69.2,9.0,37.0,0,Normal,
2016-07-04 10:00:00,-23.2,964.0,69.3,12.0,43.0,0,Normal,
2016-07-04 11:00:00,-22.8,964.3,68.7,17.0,42.0,0,Normal,
2016-07-04 12:00:00,-23.0,965.0,69.0,15.0,44.0,0,Normal,
2016-07-04 13:00:00,-23.2,965.2,69.2,17.0,45.0,0,Normal,
2016-07-04 14:00:00,-21.5,965.2,68.9,13.0,36.0,0,Normal,
2016-07-04 15:00:00,-22.9,966.3,71.5,354.0,41.0,0,Normal,
2016-07-04 16:00:00,-22.3,966.4,72.0,343.0,36.0,0,Normal,
2016-07-04 17:00:00,-21.7,966.6,69.2,11.0,38.0,0,Normal,
2016-07-04 18:00:00,-23.3,967.4,69.3,11.0,43.0,0,Normal,
2016-07-04 19:00:00,-22.3,968.1,69.2,13.0,43.0,0,Normal,
2016-07-04 20:00:00,-23.5,968.3,69.3,15.0,46.0,0,Normal,
2016-07-04 21:00:00,-22.4,967.7,69.6,8.0,46.0,0,Normal,
2016-07-04 22:00:00,-22.2,969.0,69.0,13.0,47.0,0,Normal,
2016-07-04 23:00:00,-21.0,970.0,69.1,15.0,48.0,0,Normal,
2016-07-05 00:00:00,-22.3,969.6,69.6,9.0,49.0,0,Normal,
2016-07-05 01:00:00,-22.2,969.0,68.9,16.0,47.0,0,Normal,
2016-07-05 02:00:00,-22.3,970.5,68.8,17.0,47.0,0,Normal,
2016-07-05 03:00:00,-23.2,970.8,69.0,15.0,52.0,0,Normal,
2016-07-05 04:00:00,-21.0,970.3,69.0,15.0,48.0,0,Normal,
2016-07-05 05:00:00,-19.6,970.0,69.0,11.0,41.0,0,Normal,
2016-07-05 06:00:00,-21.9,970.2,69.2,12.0,48.0,0,Normal,
2016-07-05 07:00:00,-22.3,970.3,69.0,11.0,48.0,0,Normal,
2016-07-05 08:00:00,-22.4,971.1,69.3,9.0,46.0,0,Normal,
2016-07-05 09:00:00,-21.4,971.5,69.0,9.0,43.0,0,Normal,
2016-07-05 10:00:00,-21.0,971.4,69.1,11.0,42.0,0,Normal,
2016-07-05 11:00:00,-20.8,970.9,69.2,13.0,40.0,0,Normal,
2016-07-05 12:00:00,-18.5,970.5,68.9,13.0,35.0,0,Normal,
2016-07-05 13:00:00,-15.7,970.6,69.0,17.0,32.0,0,Normal,
2016-07-05 14:00:00,-18.2,970.6,69.0,18.0,31.0,0,Normal,
2016-07-05 15:00:00,-17.6,970.7,68.9,15.0,35.0,0,Normal,
2016-07-05 16:00:00,-15.6,971.0,68.9,15.0,29.0,0,Normal,
2016-07-05 17:00:00,-16.3,971.8,68.8,17.0,32.0,0,Normal,
2016-07-05 18:00:00,-17.4,971.3,69.4,7.0,34.0,0,Normal,
2016-07-05 19:00:00,-17.3,972.1,69.3,10.0,36.0,0,Normal,
2016-07-05 20:00:00,-19.6,972.5,68.9,17.0,36.0,0,Normal,
2016-07-05 21:00:00,-23.0,972.4,69.0,17.0,35.0,0,Normal,
2016-07-05 22:00:00,-22.9,972.6,68.8,19.0,43.0,0,Normal,
2016-07-05 23:00:00,-22.1,973.1,68.5,21.0,44.0,0,Normal,
2016-07-06 00:00:00,-22.1,973.5,68.6,23.0,42.0,0,Normal,
2016-07-06 01:00:00,-22.2,973.2,68.4,23.0,45.0,0,Normal,
2016-07-06 02:00:00,-23.6,973.7,68.6,23.0,48.0,0,Normal,
2016-07-06 03:00:00,-23.9,974.0,68.5,21.0,51.0,0,Normal,
2016-07-06 04:00:00,-18.2,973.5,68.5,20.0,39.0,0,Normal,
2016-07-06 05:00:00,-22.9,973.3,69.4,11.0,49.0,0,Normal,
2016-07-06 06:00:00,-22.6,973.4,69.4,10.0,48.0,0,Normal,
2016-07-06 07:00:00,-22.0,973.1,68.7,19.0,49.0,0,Normal,
2016-07-06 08:00:00,-22.0,972.9,68.7,18.0,49.0,0,Normal,
2016-07-06 09:00:00,-22.9,973.0,68.9,15.0,50.0,0,Normal,
2016-07-06 10:00:00,-20.4,972.8,69.0,16.0,45.0,0,Normal,
2016-07-06 11:00:00,-22.1,972.4,68.7,18.0,46.0,0,Normal,
2016-07-06 12:00:00,-22.1,972.3,68.7,17.0,49.0,0,Normal,
2016-07-06 13:00:00,-21.3,971.9,68.6,19.0,49.0,0,Normal,
2016-07-06 14:00:00,-21.7,971.4,69.4,12.0,51.0,0,Normal,
2016-07-06 15:00:00,-21.9,970.6,68.8,18.0,50.0,0,Normal,
2016-07-06 16:00:00,-22.4,970.0,68.9,17.0,52.0,0,Normal,
2016-07-06 17:00:00,-22.4,969.3,69.0,17.0,54.0,0,Normal,
2016-07-06 18:00:00,-22.6,968.3,69.1,16.0,52.0,0,Normal,
2016-07-06 19:00:00,-24.2,967.8,69.5,12.0,58.0,0,Normal,
2016-07-06 20:00:00,-22.8,967.1,68.8,22.0,51.0,0,Normal,
2016-07-06 21:00:00,-21.8,966.8,68.8,22.0,47.0,0,Normal,
2016-07-06 22:00:00,-22.6,966.2,68.8,22.0,46.0,0,Normal,
2016-07-06 23:00:00,-23.2,965.8,68.7,23.0,51.0,0,Normal,
2016-07-07 00:00:00,-22.6,964.8,68.7,22.0,49.0,0,Normal,
2016-07-07 01:00:00,-21.6,963.7,68.5,23.0,43.0,0,Normal,
2016-07-07 02:00:00,-18.8,962.5,68.3,24.0,35.0,0,Normal,
2016-07-07 03:00:00,-17.0,961.2,68.3,22.0,29.0,0,Normal,
2016-07-07 04:00:00,-21.9,961.0,68.7,24.0,34.0,0,Normal,
2016-07-07 05:00:00,-19.0,960.3,68.2,22.0,33.0,0,Normal,
2016-07-07 06:00:00,-21.6,960.4,68.4,21.0,41.0,0,Normal,
2016-07-07 07:00:00,-19.9,959.3,69.1,15.0,40.0,0,Normal,
2016-07-07 08:00:00,-23.6,958.9,68.5,24.0,43.0,0,Normal,
2016-07-07 09:00:00,-20.4,958.3,68.6,21.0,35.0,0,Normal,
2016-07-07 10:00:00,-25.7,958.2,68.7,22.0,50.0,0,Normal,
2016-07-07 11:00:00,-23.7,957.5,68.3,23.0,46.0,0,Normal,
2016-07-07 12:00:00,-24.6,957.4,68.7,22.0,46.0,0,Normal,
2016-07-07 13:00:00,-25.2,957.3,68.7,23.0,46.0,0,Normal,
2016-07-07 14:00:00,-25.6,957.3,68.8,24.0,50.0,0,Normal,
2016-07-07 15:00:00,-24.3,957.0,68.8,22.0,48.0,0,Normal,
2016-07-07 16:00:00,-26.0,957.4,68.7,23.0,47.0,0,Normal,
2016-07-07 17:00:00,-26.1,957.6,68.7,23.0,53.0,0,Normal,
2016-07-07 18:00:00,-25.8,958.0,68.7,24.0,52.0,0,Normal,
2016-07-07 19:00:00,-27.0,958.6,68.8,24.0,51.0,0,Normal,
2016-07-07 20:00:00,-29.3,959.5,68.5,26.0,57.0,0,Normal,
2016-07-07 21:00:00,-26.7,959.6,68.3,24.0,54.0,0,Normal,
2016-07-07 22:00:00,-27.0,960.4,68.6,25.0,54.0,0,Normal,
2016-07-07 23:00:00,-26.9,961.1,68.5,27.0,53.0,0,Normal,
2016-07-08 00:00:00,-24.4,961.7,68.1,27.0,45.0,0,Normal,
2016-07-08 01:00:00,-24.2,962.5,68.4,28.0,46.0,0,Normal,
2016-07-08 02:00:00,-24.6,963.5,68.4,27.0,42.0,0,Normal,
2016-07-08 03:00:00,-24.6,964.0,68.3,27.0,47.0,0,Normal,
2016-07-08 04:00:00,-21.9,964.6,68.4,25.0,31.0,0,Normal,
2016-07-08 05:00:00,-22.2,965.1,68.4,25.0,34.0,0,Normal,
2016-07-08 06:00:00,-22.3,965.7,68.3,25.0,34.0,0,Normal,
2016-07-08 07:00:00,-22.2,967.0,68.4,28.0,31.0,0,Normal,
2016-07-08 08:00:00,-22.4,968.0,68.4,26.0,30.0,0,Normal,
2016-07-08 09:00:00,-22.1,968.9,68.5,25.0,27.0,0,Normal,
2016-07-08 10:00:00,-22.6,970.0,68.1,26.0,30.0,0,Normal,
2016-07-08 11:00:00,-22.4,971.1,68.3,28.0,27.0,0,Normal,
2016-07-08 12:00:00,-22.4,972.5,68.2,26.0,28.0,0,Normal,
2016-07-08 13:00:00,-22.5,973.4,68.2,27.0,27.0,0,Normal,
2016-07-08 14:00:00,-22.6,974.5,68.4,29.0,28.0,0,Normal,
2016-07-08 15:00:00,-22.8,975.8,68.3,28.0,29.0,0,Normal,
2016-07-08 16:00:00,-22.8,976.6,68.3,27.0,29.0,0,Normal,
2016-07-08 17:00:00,-22.3,977.6,68.3,25.0,26.0,0,Normal,
2016-07-08 18:00:00,-22.9,978.9,68.2,26.0,27.0,0,Normal,
2016-07-08 19:00:00,-23.1,979.5,68.3,26.0,28.0,0,Normal,
2016-07-08 20:00:00,-23.4,980.6,68.4,27.0,29.0,0,Normal,
2016-07-08 21:00:00,-22.1,981.3,68.3,28.0,24.0,0,Normal,
2016-07-08 22:00:00,-22.6,982.0,68.4,30.0,26.0,0,Normal,
2016-07-08 23:00:00,-22.2,982.9,68.6,19.0,27.0,0,Normal,
2016-07-09 00:00:00,-22.6,983.4,69.3,10.0,28.0,0,Normal,
2016-07-09 01:00:00,-24.9,984.0,69.2,19.0,36.0,0,Normal,
2016-07-09 02:00:00,-25.4,985.3,68.4,28.0,39.0,0,Normal,
2016-07-09 03:00:00,-22.7,985.8,69.1,16.0,31.0,0,Normal,
2016-07-09 04:00:00,-23.7,986.1,68.6,24.0,35.0,0,Normal,
2016-07-09 05:00:00,-23.9,986.1,68.4,24.0,34.0,0,Normal,
2016-07-09 06:00:00,-25.1,986.4,68.6,27.0,37.0,0,Normal,
2016-07-09 07:00:00,-25.2,987.4,68.2,26.0,37.0,0,Normal,
2016-07-09 08:00:00,-23.8,987.1,68.3,26.0,33.0,0,Normal,
2016-07-09 09:00:00,-25.0,987.0,68.5,26.0,36.0,0,Normal,
2016-07-09 10:00:00,-23.1,986.8,68.3,28.0,33.0,0,Normal,
2016-07-09 11:00:00,-24.0,986.2,68.3,27.0,35.0,0,Normal,
2016-07-09 12:00:00,-26.2,986.7,68.5,26.0,40.0,0,Normal,
2016-07-09 13:00:00,-25.6,986.3,68.4,26.0,38.0,0,Normal,
2016-07-09 14:00:00,-25.1,985.3,68.3,26.0,40.0,0,Normal,
2016-07-09 15:00:00,-24.7,984.9,68.3,24.0,40.0,0,Normal,
2016-07-09 16:00:00,-24.5,984.6,68.8,17.0,39.0,0,Normal,
2016-07-09 17:00:00,-24.1,984.4,68.6,24.0,39.0,0,Normal,
2016-07-09 18:00:00,-24.4,984.1,68.8,22.0,40.0,0,Normal,
2016-07-09 19:00:00,-24.2,984.2,68.3,25.0,40.0,0,Normal,
2016-07-09 20:00:00,-24.2,983.7,68.6,25.0,41.0,0,Normal,
2016-07-09 21:00:00,-21.8,982.9,68.5,25.0,42.0,0,Normal,
2016-07-09 22:00:00,-22.0,982.6,68.1,25.0,42.0,0,Normal,
2016-07-09 23:00:00,-23.1,982.0,68.3,25.0,45.0,0,Normal,
2016-07-10 00:00:00,-21.2,981.8,68.3,23.0,45.0,0,Normal,
2016-07-10 01:00:00,-20.3,981.7,68.9,16.0,39.0,0,Normal,
2016-07-10 02:00:00,-18.6,981.0,68.2,25.0,36.0,0,Normal,
2016-07-10 03:00:00,-17.9,980.4,68.3,23.0,35.0,0,Normal,
2016-07-10 04:00:00,-18.8,979.8,68.3,22.0,38.0,0,Normal,
2016-07-10 05:00:00,-17.7,979.4,68.3,19.0,36.0,0,Normal,
2016-07-10 06:00:00,-18.8,979.5,68.6,21.0,39.0,0,Normal,
2016-07-10 07:00:00,-19.6,979.0,68.5,19.0,39.0,0,Normal,
2016-07-10 08:00:00,-20.3,977.7,68.6,20.0,38.0,0,Normal,
2016-07-10 09:00:00,-17.8,977.0,68.5,22.0,36.0,0,Normal,
2016-07-10 10:00:00,-15.3,977.5,68.6,20.0,31.0,0,Normal,
2016-07-10 11:00:00,-17.2,977.0,68.5,21.0,34.0,0,Normal,
2016-07-10 12:00:00,-15.6,975.9,68.6,19.0,33.0,0,Normal,
2016-07-10 13:00:00,-14.1,976.5,68.2,21.0,31.0,0,Normal,
2016-07-10 14:00:00,-17.3,977.1,68.5,22.0,38.0,0,Normal,
2016-07-10 15:00:00,-18.6,976.6,68.4,21.0,42.0,0,Normal,
2016-07-10 16:00:00,-19.4,976.0,68.8,20.0,42.0,0,Normal,
2016-07-10 17:00:00,-19.3,976.3,68.4,19.0,41.0,0,Normal,
2016-07-10 18:00:00,-16.8,974.9,68.5,18.0,38.0,0,Normal,
2016-07-10 19:00:00,-16.8,975.8,68.8,20.0,40.0,0,Normal,
2016-07-10 20:00:00,-17.7,975.5,68.7,21.0,41.0,0,Normal,
2016-07-10 21:00:00,-14.2,975.1,68.4,21.0,29.0,0,Normal,
2016-07-10 22:00:00,-15.6,975.8,68.6,22.0,35.0,0,Normal,
2016-07-10 23:00:00,-17.5,976.4,68.6,21.0,38.0,0,Normal,
2016-07-11 00:00:00,-15.9,976.1,68.6,22.0,35.0,0,Normal,
2016-07-11 01:00:00,-15.1,974.8,68.6,22.0,33.0,0,Normal,
2016-07-11 02:00:00,-14.6,973.8,68.2,24.0,32.0,0,Normal,
2016-07-11 03:00:00,-13.7,972.4,68.4,23.0,31.0,0,Normal,
2016-07-11 04:00:00,-12.6,970.3,68.2,22.0,27.0,0,Normal,
2016-07-11 05:00:00,-12.3,969.5,68.8,16.0,26.0,0,Normal,
2016-07-11 06:00:00,-12.3,968.3,68.3,26.0,27.0,0,Normal,
2016-07-11 07:00:00,-12.0,965.5,67.7,25.0,27.0,0,Normal,
2016-07-11 08:00:00,-11.5,963.3,68.2,20.0,26.0,0,Normal,
2016-07-11 09:00:00,-12.1,961.7,69.0,29.0,33.0,0,Normal,
2016-07-11 10:00:00,-11.9,959.8,68.8,30.0,30.0,0,Normal,
2016-07-11 11:00:00,-12.0,956.9,64.1,13.0,37.0,0,Normal,
2016-07-11 12:00:00,-11.9,954.9,66.9,22.0,37.0,0,Normal,
2016-07-11 13:00:00,-11.4,952.9,37.6,21.0,36.0,0,Normal,
2016-07-11 14:00:00,-11.2,951.1,62.8,2.0,36.0,0,Normal,
2016-07-11 15:00:00,-11.1,950.7,68.8,22.0,40.0,0,Normal,
2016-07-11 16:00:00,-10.9,950.4,68.1,16.0,41.0,0,Normal,
2016-07-11 17:00:00,-11.0,950.5,68.6,22.0,44.0,0,Normal,
2016-07-11 18:00:00,-10.8,949.6,70.9,10.0,37.0,0,Normal,
2016-07-11 19:00:00,-11.0,948.2,66.1,26.0,42.0,0,Normal,
2016-07-11 20:00:00,-11.1,948.3,67.8,29.0,43.0,0,Normal,
2016-07-11 21:00:00,-11.0,946.8,66.5,28.0,40.0,0,Normal,
2016-07-11 22:00:00,-11.1,946.2,68.5,30.0,43.0,0,Normal,
2016-07-11 23:00:00,-11.2,945.7,68.0,28.0,52.0,0,Normal,
2016-07-12 00:00:00,-12.9,945.2,67.6,27.0,80.0,0,Normal,
2016-07-12 01:00:00,-12.0,943.6,67.5,26.0,58.0,0,Normal,
2016-07-12 02:00:00,-11.7,942.8,67.8,25.0,55.0,0,Normal,
2016-07-12 03:00:00,-11.7,942.2,68.5,16.0,53.0,0,Normal,
2016-07-12 04:00:00,-11.8,941.7,67.5,24.0,53.0,0,Normal,
2016-07-12 05:00:00,-11.9,941.4,67.7,23.0,55.0,0,Normal,
2016-07-12 06:00:00,-11.7,940.2,67.7,24.0,52.0,0,Normal,
2016-07-12 07:00:00,-11.7,940.1,67.8,23.0,61.0,0,Normal,
2016-07-12 08:00:00,-12.8,939.7,67.8,23.0,75.0,0,Normal,
2016-07-12 09:00:00,-12.3,939.3,68.1,22.0,55.0,0,Normal,
2016-07-12 10:00:00,-12.2,938.7,67.4,28.0,51.0,0,Normal,
2016-07-12 11:00:00,-12.2,939.2,67.5,28.0,47.0,0,Normal,
2016-07-12 12:00:00,-12.1,938.6,67.8,27.0,44.0,0,Normal,
2016-07-12 13:00:00,-12.6,939.5,67.6,27.0,56.0,0,Normal,
2016-07-12 14:00:00,-13.1,940.3,67.3,28.0,65.0,0,Normal,
2016-07-12 15:00:00,-13.6,940.2,68.6,18.0,56.0,0,Normal,
2016-07-12 16:00:00,-13.5,940.8,67.6,27.0,53.0,0,Normal,
2016-07-12 17:00:00,-13.2,942.1,68.0,27.0,59.0,0,Normal,
2016-07-12 18:00:00,-12.4,943.4,68.7,18.0,60.0,0,Normal,
2016-07-12 19:00:00,-11.5,943.5,67.9,28.0,50.0,0,Normal,
2016-07-12 20:00:00,-11.2,944.1,67.5,24.0,49.0,0,Normal,
2016-07-12 21:00:00,-10.5,944.6,65.8,19.0,47.0,0,Normal,
2016-07-12 22:00:00,-10.2,945.0,68.3,25.0,51.0,0,Normal,
2016-07-12 23:00:00,-9.8,945.7,67.5,25.0,47.0,0,Normal,
2016-07-13 00:00:00,-9.5,945.4,67.9,24.0,44.0,0,Normal,
2016-07-13 01:00:00,-8.3,945.8,68.1,25.0,41.0,0,Normal,
2016-07-13 02:00:00,-8.0,946.7,67.0,25.0,41.0,0,Normal,
2016-07-13 03:00:00,-9.2,946.6,67.8,24.0,53.0,0,Normal,
2016-07-13 04:00:00,-11.7,950.8,67.7,24.0,75.0,0,Normal,
2016-07-13 05:00:00,-12.3,951.9,68.8,16.0,72.0,0,Normal,
2016-07-13 06:00:00,-12.4,954.0,67.7,22.0,71.0,0,Normal,
2016-07-13 07:00:00,-12.3,955.6,67.8,21.0,66.0,0,Normal,
2016-07-13 08:00:00,-12.5,956.8,67.7,24.0,64.0,0,Normal,
2016-07-13 09:00:00,-12.2,957.1,67.9,22.0,58.0,0,Normal,
2016-07-13 10:00:00,-12.1,957.4,67.7,24.0,58.0,0,Normal,
2016-07-13 11:00:00,-11.5,956.6,67.3,26.0,56.0,0,Normal,
2016-07-13 12:00:00,-10.6,955.2,67.8,25.0,52.0,0,Normal,
2016-07-13 13:00:00,-11.4,955.5,67.2,27.0,74.0,0,Normal,
2016-07-13 14:00:00,-12.2,956.9,67.5,25.0,70.0,0,Normal,
2016-07-13 15:00:00,-12.0,956.9,67.6,23.0,64.0,0,Normal,
2016-07-13 16:00:00,-11.9,956.4,69.0,15.0,62.0,0,Normal,
2016-07-13 17:00:00,-11.7,956.3,67.5,21.0,61.0,0,Normal,
2016-07-13 18:00:00,-11.8,957.3,69.2,16.0,66.0,0,Normal,
2016-07-13 19:00:00,-11.9,957.9,68.8,16.0,65.0,0,Normal,
2016-07-13 20:00:00,-11.8,958.1,69.5,8.0,68.0,0,Normal,
2016-07-13 21:00:00,-11.9,958.2,70.9,358.0,68.0,0,Normal,
2016-07-13 22:00:00,-12.0,958.4,71.5,359.0,69.0,0,Normal,
2016-07-13 23:00:00,-12.1,958.4,69.9,6.0,70.0,0,Normal,
2016-07-14 00:00:00,-12.2,959.0,68.1,18.0,81.0,0,Normal,
2016-07-14 01:00:00,-12.4,960.0,69.4,18.0,84.0,0,Normal,
2016-07-14 02:00:00,-12.6,960.8,67.7,17.0,85.0,0,Normal,
2016-07-14 03:00:00,-12.8,961.7,68.0,18.0,85.0,0,Normal,
2016-07-14 04:00:00,-13.4,962.0,68.7,22.0,85.0,0,Normal,
2016-07-14 05:00:00,-13.6,962.5,68.1,8.0,84.0,0,Normal,
2016-07-14 06:00:00,-13.6,962.9,68.7,17.0,84.0,0,Normal,
2016-07-14 07:00:00,-13.8,963.0,66.4,15.0,83.0,0,Normal,
2016-07-14 08:00:00,-13.8,963.0,66.0,14.0,81.0,0,Normal,
2016-07-14 09:00:00,-14.0,962.8,67.6,13.0,83.0,0,Normal,
2016-07-14 10:00:00,-13.9,962.8,68.9,20.0,84.0,0,Normal,
2016-07-14 11:00:00,-13.9,962.5,66.4,13.0,83.0,0,Normal,
2016-07-14 12:00:00,-13.6,962.5,68.7,23.0,78.0,0,Normal,
2016-07-14 13:00:00,-13.7,961.9,66.8,25.0,79.0,0,Normal,
2016-07-14 14:00:00,-13.8,961.7,67.6,25.0,80.0,0,Normal,
2016-07-14 15:00:00,-14.0,961.9,67.6,22.0,79.0,0,Normal,
2016-07-14 16:00:00,-14.2,961.8,67.5,26.0,80.0,0,Normal,
2016-07-14 17:00:00,-14.6,962.0,68.3,13.0,83.0,0,Normal,
2016-07-14 18:00:00,-14.7,962.0,68.0,24.0,78.0,0,Normal,
2016-07-14 19:00:00,-14.8,962.0,67.2,24.0,74.0,0,Normal,
2016-07-14 20:00:00,-14.9,961.8,67.7,22.0,77.0,0,Normal,
2016-07-14 21:00:00,-14.8,961.5,67.9,21.0,72.0,0,Normal,
2016-07-14 22:00:00,-14.8,960.8,67.9,21.0,73.0,0,Normal,
2016-07-14 23:00:00,-14.4,960.7,68.1,19.0,56.0,0,Normal,
2016-07-15 00:00:00,-14.1,960.4,68.3,20.0,51.0,0,Normal,
2016-07-15 01:00:00,-14.1,960.1,68.2,20.0,50.0,0,Normal,
2016-07-15 02:00:00,-13.8,960.0,68.1,21.0,44.0,0,Normal,
2016-07-15 03:00:00,-13.7,959.6,68.4,19.0,41.0,0,Normal,
2016-07-15 04:00:00,-13.7,959.5,68.3,19.0,40.0,0,Normal,
2016-07-15 05:00:00,-14.0,959.4,68.5,17.0,42.0,0,Normal,
2016-07-15 06:00:00,-14.1,959.3,68.4,18.0,42.0,0,Normal,
2016-07-15 07:00:00,-14.3,959.2,68.7,16.0,43.0,0,Normal,
2016-07-15 08:00:00,-14.1,959.2,69.3,12.0,44.0,0,Normal,
2016-07-15 09:00:00,-14.4,960.1,69.2,11.0,49.0,0,Normal,
2016-07-15 10:00:00,-14.2,960.4,68.3,21.0,51.0,0,Normal,
2016-07-15 11:00:00,-14.3,959.6,68.3,22.0,49.0,0,Normal,
2016-07-15 12:00:00,-12.7,959.3,68.2,20.0,46.0,0,Normal,
2016-07-15 13:00:00,-12.1,958.5,68.5,22.0,51.0,0,Normal,
2016-07-15 14:00:00,-12.6,958.7,67.7,22.0,69.0,0,Normal,
2016-07-15 15:00:00,-13.1,958.9,69.3,15.0,80.0,0,Normal,
2016-07-15 16:00:00,-12.4,959.4,68.3,20.0,58.0,0,Normal,
2016-07-15 17:00:00,-11.9,959.3,68.4,19.0,49.0,0,Normal,
2016-07-15 18:00:00,-11.6,959.5,68.2,17.0,47.0,0,Normal,
2016-07-15 19:00:00,-11.6,960.2,68.3,20.0,45.0,0,Normal,
2016-07-15 20:00:00,-11.7,960.2,68.3,18.0,44.0,0,Normal,
2016-07-15 21:00:00,-11.8,960.3,68.2,19.0,44.0,0,Normal,
2016-07-15 22:00:00,-11.9,960.7,69.6,12.0,45.0,0,Normal,
2016-07-15 23:00:00,-11.9,960.7,68.7,18.0,44.0,0,Normal,
2016-07-16 00:00:00,-12.2,961.1,69.3,11.0,48.0,0,Normal,
2016-07-16 01:00:00,-13.0,961.8,69.7,10.0,51.0,0,Normal,
2016-07-16 02:00:00,-13.3,962.0,68.2,16.0,65.0,0,Normal,
2016-07-16 03:00:00,-14.2,963.7,67.7,17.0,82.0,0,Normal,
2016-07-16 04:00:00,-15.9,966.4,68.7,16.0,75.0,0,Normal,
2016-07-16 05:00:00,-16.5,967.5,68.4,15.0,76.0,0,Normal,
2016-07-16 06:00:00,-17.4,969.1,68.6,16.0,72.0,0,Normal,
2016-07-16 07:00:00,-18.2,970.1,68.8,14.0,73.0,0,Normal,
2016-07-16 08:00:00,-17.7,969.9,68.5,15.0,72.0,0,Normal,
2016-07-16 09:00:00,-16.5,969.9,68.7,14.0,70.0,0,Normal,
2016-07-16 10:00:00,-16.3,970.5,68.6,15.0,64.0,0,Normal,
2016-07-16 11:00:00,-16.3,970.7,67.8,19.0,63.0,0,Normal,
2016-07-16 12:00:00,-16.3,970.9,68.2,20.0,59.0,0,Normal,
2016-07-16 13:00:00,-16.2,971.3,68.7,19.0,54.0,0,Normal,
2016-07-16 14:00:00,-16.4,971.2,69.3,11.0,50.0,0,Normal,
2016-07-16 15:00:00,-16.3,971.3,68.7,18.0,48.0,0,Normal,
2016-07-16 16:00:00,-16.6,971.1,68.6,19.0,49.0,0,Normal,
2016-07-16 17:00:00,-16.6,971.0,69.5,10.0,46.0,0,Normal,
2016-07-16 18:00:00,-16.9,971.1,69.4,11.0,45.0,0,Normal,
2016-07-16 19:00:00,-16.8,971.4,68.6,20.0,46.0,0,Normal,
2016-07-16 20:00:00,-17.1,971.7,68.7,17.0,43.0,0,Normal,
2016-07-16 21:00:00,-17.6,971.7,68.7,16.0,44.0,0,Normal,
2016-07-16 22:00:00,-18.1,972.3,68.9,16.0,44.0,0,Normal,
2016-07-16 23:00:00,-18.4,972.2,68.8,14.0,44.0,0,Normal,
2016-07-17 00:00:00,-18.8,972.3,68.8,15.0,43.0,0,Normal,
2016-07-17 01:00:00,-18.8,972.3,68.9,14.0,39.0,0,Normal,
2016-07-17 02:00:00,-19.2,972.8,68.9,15.0,40.0,0,Normal,
2016-07-17 03:00:00,-18.7,972.5,68.9,15.0,35.0,0,Normal,
2016-07-17 04:00:00,-18.9,972.3,69.1,14.0,34.0,0,Normal,
2016-07-17 05:00:00,-19.7,972.4,69.1,13.0,36.0,0,Normal,
2016-07-17 06:00:00,-19.1,972.2,68.9,10.0,33.0,0,Normal,
2016-07-17 07:00:00,-19.0,972.1,69.1,10.0,33.0,0,Normal,
2016-07-17 08:00:00,-19.7,972.3,69.2,10.0,34.0,0,Normal,
2016-07-17 09:00:00,-21.4,972.3,69.2,10.0,39.0,0,Normal,
2016-07-17 10:00:00,-21.1,972.2,69.2,14.0,37.0,0,Normal,
2016-07-17 11:00:00,-21.9,972.2,69.1,14.0,40.0,0,Normal,
2016-07-17 12:00:00,-24.4,972.3,68.9,17.0,50.0,0,Normal,
2016-07-17 13:00:00,-24.2,971.9,69.0,19.0,50.0,0,Normal,
2016-07-17 14:00:00,-24.8,971.5,68.6,22.0,51.0,0,Normal,
2016-07-17 15:00:00,-25.0,971.2,68.8,22.0,50.0,0,Normal,
2016-07-17 16:00:00,-23.8,970.9,68.8,18.0,43.0,0,Normal,
2016-07-17 17:00:00,-23.7,970.2,69.1,20.0,44.0,0,Normal,
2016-07-17 18:00:00,-24.9,969.8,69.0,20.0,47.0,0,Normal,
2016-07-17 19:00:00,-24.9,970.0,69.6,13.0,46.0,0,Normal,
2016-07-17 20:00:00,-23.8,969.9,68.9,21.0,40.0,0,Normal,
2016-07-17 21:00:00,-22.7,969.3,69.0,21.0,36.0,0,Normal,
2016-07-17 22:00:00,-22.8,969.4,68.5,21.0,40.0,0,Normal,
2016-07-17 23:00:00,-22.8,969.1,68.8,21.0,34.0,0,Normal,
2016-07-18 00:00:00,-23.2,969.1,68.7,22.0,35.0,0,Normal,
2016-07-18 01:00:00,-23.1,968.8,68.6,22.0,36.0,0,Normal,
2016-07-18 02:00:00,-23.1,968.5,68.7,22.0,36.0,0,Normal,
2016-07-18 03:00:00,-23.0,968.0,69.5,13.0,35.0,0,Normal,
2016-07-18 04:00:00,-23.6,967.6,68.7,23.0,35.0,0,Normal,
2016-07-18 05:00:00,-23.5,967.3,68.7,23.0,35.0,0,Normal,
2016-07-18 06:00:00,-23.2,966.9,68.7,23.0,34.0,0,Normal,
2016-07-18 07:00:00,-23.8,966.6,68.5,22.0,35.0,0,Normal,
2016-07-18 08:00:00,-22.9,966.2,68.7,23.0,32.0,0,Normal,
2016-07-18 09:00:00,-25.6,966.1,68.6,25.0,39.0,0,Normal,
2016-07-18 10:00:00,-22.5,965.9,68.5,23.0,32.0,0,Normal,
2016-07-18 11:00:00,-24.4,965.1,68.6,25.0,36.0,0,Normal,
2016-07-18 12:00:00,-24.6,964.4,68.6,28.0,36.0,0,Normal,
2016-07-18 13:00:00,-24.4,963.7,68.3,27.0,35.0,0,Normal,
2016-07-18 14:00:00,-24.3,962.4,68.6,27.0,37.0,0,Normal,
2016-07-18 15:00:00,-26.6,962.9,69.2,26.0,44.0,0,Normal,
2016-07-18 16:00:00,-23.9,961.4,69.0,17.0,37.0,0,Normal,
2016-07-18 17:00:00,-23.3,960.3,68.6,25.0,36.0,0,Normal,
2016-07-18 18:00:00,-23.0,959.2,68.3,26.0,38.0,0,Normal,
2016-07-18 19:00:00,-22.9,958.6,68.2,27.0,38.0,0,Normal,
2016-07-18 20:00:00,-23.9,958.6,68.6,27.0,40.0,0,Normal,
2016-07-18 21:00:00,-23.0,957.4,68.7,26.0,39.0,0,Normal,
2016-07-18 22:00:00,-22.9,956.6,68.9,26.0,38.0,0,Normal,
2016-07-18 23:00:00,-22.3,955.7,68.4,27.0,37.0,0,Normal,
2016-07-19 00:00:00,-21.6,954.3,68.5,23.0,36.0,0,Normal,
2016-07-19 01:00:00,-21.4,953.3,68.4,24.0,35.0,0,Normal,
2016-07-19 02:00:00,-22.0,952.5,68.2,25.0,36.0,0,Normal,
2016-07-19 03:00:00,-21.6,951.5,68.4,25.0,35.0,0,Normal,
2016-07-19 04:00:00,-22.0,950.7,68.5,25.0,36.0,0,Normal,
2016-07-19 05:00:00,-21.9,950.0,68.3,26.0,35.0,0,Normal,
2016-07-19 06:00:00,-22.4,949.4,68.3,27.0,36.0,0,Normal,
2016-07-19 07:00:00,-22.1,948.7,68.9,17.0,34.0,0,Normal,
2016-07-19 08:00:00,-22.6,947.9,68.6,24.0,35.0,0,Normal,
2016-07-19 09:00:00,-22.2,947.7,68.1,24.0,35.0,0,Normal,
2016-07-19 10:00:00,-21.8,947.3,68.3,29.0,36.0,0,Normal,
2016-07-19 11:00:00,-22.1,947.0,68.6,20.0,36.0,0,Normal,
2016-07-19 12:00:00,-21.5,946.9,68.8,19.0,34.0,0,Normal,
2016-07-19 13:00:00,-22.1,946.6,68.2,27.0,36.0,0,Normal,
2016-07-19 14:00:00,-21.5,946.2,68.1,27.0,35.0,0,Normal,
2016-07-19 15:00:00,-21.2,945.9,68.4,25.0,35.0,0,Normal,
2016-07-19 16:00:00,-21.7,945.6,68.2,25.0,37.0,0,Normal,
2016-07-19 17:00:00,-21.2,945.8,68.3,28.0,38.0,0,Normal,
2016-07-19 18:00:00,-20.9,945.5,68.4,23.0,36.0,0,Normal,
2016-07-19 19:00:00,-21.0,945.7,68.3,27.0,38.0,0,Normal,
2016-07-19 20:00:00,-20.4,945.9,68.6,26.0,36.0,0,Normal,
2016-07-19 21:00:00,-19.9,945.4,68.9,26.0,36.0,0,Normal,
2016-07-19 22:00:00,-19.8,945.2,68.2,25.0,37.0,0,Normal,
2016-07-19 23:00:00,-19.8,945.0,68.7,27.0,41.0,0,Normal,
2016-07-20 00:00:00,-19.5,944.8,69.4,27.0,42.0,0,Normal,
2016-07-20 01:00:00,-17.9,945.2,69.1,22.0,33.0,0,Normal,
2016-07-20 02:00:00,-17.6,945.0,68.4,26.0,36.0,0,Normal,
2016-07-20 03:00:00,-16.1,944.6,68.8,30.0,42.0,0,Normal,
2016-07-20 04:00:00,-14.7,943.8,68.7,26.0,39.0,0,Normal,
2016-07-20 05:00:00,-13.7,944.0,67.8,26.0,45.0,0,Normal,
2016-07-20 06:00:00,-12.4,943.9,67.8,29.0,43.0,0,Normal,
2016-07-20 07:00:00,-12.0,944.1,67.9,26.0,41.0,0,Normal,
2016-07-20 08:00:00,-11.5,944.1,68.0,24.0,43.0,0,Normal,
2016-07-20 09:00:00,-11.2,943.8,68.3,23.0,43.0,0,Normal,
2016-07-20 10:00:00,-11.4,943.9,67.8,25.0,42.0,0,Normal,
2016-07-20 11:00:00,-11.4,944.1,67.8,25.0,40.0,0,Normal,
2016-07-20 12:00:00,-11.1,944.3,68.2,24.0,38.0,0,Normal,
2016-07-20 13:00:00,-11.0,944.7,67.8,24.0,37.0,0,Normal,
2016-07-20 14:00:00,-12.1,945.2,68.2,24.0,43.0,0,Normal,
2016-07-20 15:00:00,-13.7,945.3,68.2,23.0,40.0,0,Normal,
2016-07-20 16:00:00,-14.7,945.3,68.3,17.0,36.0,0,Normal,
2016-07-20 17:00:00,-14.6,946.0,67.9,19.0,36.0,0,Normal,
2016-07-20 18:00:00,-14.5,946.9,69.1,12.0,36.0,0,Normal,
2016-07-20 19:00:00,-14.7,947.6,68.9,19.0,37.0,0,Normal,
2016-07-20 20:00:00,-14.5,948.6,68.1,22.0,37.0,0,Normal,
2016-07-20 21:00:00,-14.7,948.7,69.0,22.0,38.0,0,Normal,
2016-07-20 22:00:00,-13.8,949.1,67.6,16.0,37.0,0,Normal,
2016-07-20 23:00:00,-13.7,949.7,68.0,24.0,36.0,0,Normal,
2016-07-21 00:00:00,-14.0,950.6,68.0,25.0,36.0,0,Normal,
2016-07-21 01:00:00,-13.7,951.3,68.0,28.0,37.0,0,Normal,
2016-07-21 02:00:00,-14.2,952.3,68.1,26.0,36.0,0,Normal,
2016-07-21 03:00:00,-14.1,952.9,68.0,25.0,36.0,0,Normal,
2016-07-21 04:00:00,-13.8,953.5,67.8,25.0,36.0,0,Normal,
2016-07-21 05:00:00,-14.2,954.2,69.0,15.0,40.0,0,Normal,
2016-07-21 06:00:00,-14.4,954.8,68.5,21.0,38.0,0,Normal,
2016-07-21 07:00:00,-14.7,955.7,68.2,22.0,37.0,0,Normal,
2016-07-21 08:00:00,-14.9,956.7,68.6,22.0,36.0,0,Normal,
2016-07-21 09:00:00,-15.1,957.0,68.5,22.0,33.0,0,Normal,
2016-07-21 10:00:00,-15.0,957.6,68.3,22.0,35.0,0,Normal,
2016-07-21 11:00:00,-16.1,958.1,68.2,24.0,34.0,0,Normal,
2016-07-21 12:00:00,-16.6,958.7,68.3,21.0,34.0,0,Normal,
2016-07-21 13:00:00,-16.7,959.3,68.6,20.0,34.0,0,Normal,
2016-07-21 14:00:00,-16.9,959.7,68.2,21.0,32.0,0,Normal,
2016-07-21 15:00:00,-17.2,960.3,69.0,19.0,32.0,0,Normal,
2016-07-21 16:00:00,-17.3,960.8,68.7,21.0,34.0,0,Normal,
2016-07-21 17:00:00,-17.1,961.2,68.5,21.0,31.0,0,Normal,
2016-07-21 18:00:00,-17.9,961.8,68.5,19.0,34.0,0,Normal,
2016-07-21 19:00:00,-17.5,962.3,68.7,23.0,33.0,0,Normal,
2016-07-21 20:00:00,-17.7,962.7,68.2,22.0,34.0,0,Normal,
2016-07-21 21:00:00,-17.9,962.4,68.2,23.0,33.0,0,Normal,
2016-07-21 22:00:00,-17.7,962.8,68.4,19.0,33.0,0,Normal,
2016-07-21 23:00:00,-18.3,963.2,69.5,17.0,34.0,0,Normal,
2016-07-22 00:00:00,-18.0,963.5,68.7,26.0,33.0,0,Normal,
2016-07-22 01:00:00,-18.6,963.9,68.2,28.0,32.0,0,Normal,
2016-07-22 02:00:00,-19.4,964.0,68.8,28.0,34.0,0,Normal,
2016-07-22 03:00:00,-20.1,963.9,68.0,24.0,33.0,0,Normal,
2016-07-22 04:00:00,-20.7,963.8,68.8,28.0,33.0,0,Normal,
2016-07-22 05:00:00,-21.2,963.8,68.3,25.0,33.0,0,Normal,
2016-07-22 06:00:00,-21.2,964.3,69.5,25.0,33.0,0,Normal,
2016-07-22 07:00:00,-20.7,964.3,69.0,27.0,34.0,0,Normal,
2016-07-22 08:00:00,-22.3,965.5,68.6,32.0,39.0,0,Normal,
2016-07-22 09:00:00,-21.7,965.6,68.0,26.0,37.0,0,Normal,
2016-07-22 10:00:00,-22.9,966.0,68.4,28.0,42.0,0,Normal,
2016-07-22 11:00:00,-22.6,965.9,68.7,19.0,41.0,0,Normal,
2016-07-22 12:00:00,-23.4,966.5,69.1,20.0,46.0,0,Normal,
2016-07-22 13:00:00,-22.7,966.5,68.2,28.0,41.0,0,Normal,
2016-07-22 14:00:00,-21.7,967.0,68.1,27.0,38.0,0,Normal,
2016-07-22 15:00:00,-21.9,967.0,68.2,26.0,38.0,0,Normal,
2016-07-22 16:00:00,-23.0,967.2,68.7,27.0,41.0,0,Normal,
2016-07-22 17:00:00,-22.9,967.7,68.1,25.0,40.0,0,Normal,
2016-07-22 18:00:00,-22.6,968.5,68.6,25.0,40.0,0,Normal,
2016-07-22 19:00:00,-22.7,968.2,68.4,25.0,39.0,0,Normal,
2016-07-22 20:00:00,-23.4,969.4,68.7,24.0,40.0,0,Normal,
2016-07-22 21:00:00,-22.6,969.6,68.7,23.0,41.0,0,Normal,
2016-07-22 22:00:00,-22.9,969.9,68.5,24.0,41.0,0,Normal,
2016-07-22 23:00:00,-23.4,970.3,68.5,22.0,41.0,0,Normal,
2016-07-23 00:00:00,-22.1,970.8,68.4,22.0,38.0,0,Normal,
2016-07-23 01:00:00,-22.2,970.9,68.5,23.0,39.0,0,Normal,
2016-07-23 02:00:00,-22.9,970.9,68.4,22.0,41.0,0,Normal,
2016-07-23 03:00:00,-22.8,971.8,68.9,21.0,37.0,0,Normal,
2016-07-23 04:00:00,-22.4,972.6,68.4,20.0,36.0,0,Normal,
2016-07-23 05:00:00,-23.7,973.3,68.9,20.0,40.0,0,Normal,
2016-07-23 06:00:00,-23.6,974.1,68.6,21.0,41.0,0,Normal,
2016-07-23 07:00:00,-24.2,974.7,69.4,12.0,40.0,0,Normal,
2016-07-23 08:00:00,-23.1,974.8,68.7,19.0,42.0,0,Normal,
2016-07-23 09:00:00,-26.2,976.0,69.2,13.0,47.0,0,Normal,
2016-07-23 10:00:00,-23.3,976.0,68.8,21.0,41.0,0,Normal,
2016-07-23 11:00:00,-23.1,976.3,69.1,13.0,42.0,0,Normal,
2016-07-23 12:00:00,-25.0,977.2,69.0,22.0,40.0,0,Normal,
2016-07-23 13:00:00,-26.7,977.7,68.5,25.0,50.0,0,Normal,
2016-07-23 14:00:00,-24.3,978.2,68.4,26.0,46.0,0,Normal,
2016-07-23 15:00:00,-23.7,978.3,68.7,24.0,41.0,0,Normal,
2016-07-23 16:00:00,-23.6,978.5,69.3,15.0,40.0,0,Normal,
2016-07-23 17:00:00,-23.9,978.6,69.2,14.0,40.0,0,Normal,
2016-07-23 18:00:00,-23.1,978.9,68.7,22.0,38.0,0,Normal,
2016-07-23 19:00:00,-26.7,979.6,68.6,23.0,45.0,0,Normal,
2016-07-23 20:00:00,-24.8,979.9,68.8,23.0,41.0,0,Normal,
2016-07-23 21:00:00,-23.9,979.6,68.7,24.0,42.0,0,Normal,
2016-07-23 22:00:00,-24.0,979.9,68.6,24.0,42.0,0,Normal,
2016-07-23 23:00:00,-23.4,979.7,68.5,24.0,40.0,0,Normal,
2016-07-24 00:00:00,-23.8,980.4,68.5,27.0,41.0,0,Normal,
2016-07-24 01:00:00,-24.1,980.5,68.3,26.0,45.0,0,Normal,
2016-07-24 02:00:00,-23.9,980.5,68.3,27.0,43.0,0,Normal,
2016-07-24 03:00:00,-24.9,980.7,68.3,25.0,45.0,0,Normal,
2016-07-24 04:00:00,-24.5,980.1,68.3,24.0,45.0,0,Normal,
2016-07-24 05:00:00,-24.4,980.2,68.6,24.0,42.0,0,Normal,
2016-07-24 06:00:00,-24.8,980.5,68.6,23.0,46.0,0,Normal,
2016-07-24 07:00:00,-21.6,980.0,68.5,23.0,38.0,0,Normal,
2016-07-24 08:00:00,-19.6,979.5,68.6,22.0,34.0,0,Normal,
2016-07-24 09:00:00,-22.8,979.9,68.5,22.0,36.0,0,Normal,
2016-07-24 10:00:00,-22.0,978.7,68.2,23.0,41.0,0,Normal,
2016-07-24 11:00:00,-20.3,978.2,68.4,24.0,36.0,0,Normal,
2016-07-24 12:00:00,-21.7,977.6,68.8,23.0,42.0,0,Normal,
2016-07-24 13:00:00,-21.9,976.7,68.5,23.0,44.0,0,Normal,
2016-07-24 14:00:00,-14.8,975.3,68.6,20.0,28.0,0,Normal,
2016-07-24 15:00:00,-14.6,974.6,68.7,21.0,27.0,0,Normal,
2016-07-24 16:00:00,-14.7,974.3,68.5,22.0,29.0,0,Normal,
2016-07-24 17:00:00,-15.2,973.6,68.7,22.0,30.0,0,Normal,
2016-07-24 18:00:00,-14.9,972.4,68.3,23.0,31.0,0,Normal,
2016-07-24 19:00:00,-13.5,971.2,68.3,23.0,26.0,0,Normal,
2016-07-24 20:00:00,-13.6,970.1,68.4,22.0,29.0,0,Normal,
2016-07-24 21:00:00,-12.6,968.6,68.0,23.0,24.0,0,Normal,
2016-07-24 22:00:00,-12.1,967.4,68.0,22.0,25.0,0,Normal,
2016-07-24 23:00:00,-11.2,966.5,68.2,24.0,24.0,0,Normal,
2016-07-25 00:00:00,-11.1,965.9,68.9,17.0,26.0,0,Normal,
2016-07-25 01:00:00,-11.8,965.9,69.0,17.0,30.0,0,Normal,
2016-07-25 02:00:00,-12.1,965.5,69.0,16.0,33.0,0,Normal,
2016-07-25 03:00:00,-11.3,964.7,68.2,23.0,30.0,0,Normal,
2016-07-25 04:00:00,-11.7,965.1,68.2,24.0,32.0,0,Normal,
2016-07-25 05:00:00,-12.2,964.6,68.1,23.0,36.0,0,Normal,
2016-07-25 06:00:00,-12.3,964.9,68.1,22.0,36.0,0,Normal,
2016-07-25 07:00:00,-12.6,964.7,68.3,22.0,38.0,0,Normal,
2016-07-25 08:00:00,-13.7,965.2,68.4,23.0,41.0,0,Normal,
2016-07-25 09:00:00,-14.9,965.4,68.3,22.0,48.0,0,Normal,
2016-07-25 10:00:00,-14.7,965.5,68.1,26.0,48.0,0,Normal,
2016-07-25 11:00:00,-15.0,966.4,68.0,27.0,56.0,0,Normal,
2016-07-25 12:00:00,-15.1,967.0,68.0,25.0,55.0,0,Normal,
2016-07-25 13:00:00,-15.4,968.0,68.1,25.0,54.0,0,Normal,
2016-07-25 14:00:00,-15.3,968.5,68.3,23.0,53.0,0,Normal,
2016-07-25 15:00:00,-15.4,969.0,68.1,22.0,51.0,0,Normal,
2016-07-25 16:00:00,-15.6,969.8,68.5,22.0,51.0,0,Normal,
2016-07-25 17:00:00,-15.6,970.9,68.3,22.0,47.0,0,Normal,
2016-07-25 18:00:00,-16.0,972.5,68.1,23.0,45.0,0,Normal,
2016-07-25 19:00:00,-16.3,973.9,68.6,23.0,46.0,0,Normal,
2016-07-25 20:00:00,-17.0,975.6,68.2,23.0,50.0,0,Normal,
2016-07-25 21:00:00,-17.5,976.6,69.1,14.0,50.0,0,Normal,
2016-07-25 22:00:00,-18.5,977.7,68.5,20.0,55.0,0,Normal,
2016-07-25 23:00:00,-19.4,978.4,68.4,20.0,56.0,0,Normal,
2016-07-26 00:00:00,-19.1,979.6,68.6,20.0,51.0,0,Normal,
2016-07-26 01:00:00,-20.0,980.4,68.5,18.0,51.0,0,Normal,
2016-07-26 02:00:00,-20.9,981.2,69.4,12.0,51.0,0,Normal,
2016-07-26 03:00:00,-21.3,981.3,69.4,12.0,53.0,0,Normal,
2016-07-26 04:00:00,-21.6,982.1,68.6,18.0,53.0,0,Normal,
2016-07-26 05:00:00,-21.8,981.9,68.6,18.0,53.0,0,Normal,
2016-07-26 06:00:00,-20.1,981.5,68.6,11.0,46.0,0,Normal,
2016-07-26 07:00:00,-18.9,981.6,68.8,18.0,36.0,0,Normal,
2016-07-26 08:00:00,-18.4,981.1,68.8,21.0,34.0,0,Normal,
2016-07-26 09:00:00,-18.7,980.5,68.7,20.0,36.0,0,Normal,
2016-07-26 10:00:00,-19.2,979.8,68.5,24.0,40.0,0,Normal,
2016-07-26 11:00:00,-17.1,978.4,69.5,10.0,35.0,0,Normal,
2016-07-26 12:00:00,-16.5,976.7,68.3,27.0,33.0,0,Normal,
2016-07-26 13:00:00,-15.3,975.0,68.0,26.0,32.0,0,Normal,
2016-07-26 14:00:00,-14.6,972.3,68.3,26.0,33.0,0,Normal,
2016-07-26 15:00:00,-14.1,969.9,67.8,25.0,34.0,0,Normal,
2016-07-26 16:00:00,-15.0,968.2,67.9,27.0,46.0,0,Normal,
2016-07-26 17:00:00,-14.7,966.4,67.8,25.0,47.0,0,Normal,
2016-07-26 18:00:00,-15.0,965.7,69.4,26.0,54.0,0,Normal,
2016-07-26 19:00:00,-15.2,964.0,64.7,11.0,77.0,0,Normal,
2016-07-26 20:00:00,-15.4,962.7,63.3,20.0,84.0,0,Normal,
2016-07-26 21:00:00,-15.6,961.6,52.9,10.0,84.0,0,Normal,
2016-07-26 22:00:00,-14.9,959.8,64.9,11.0,82.0,0,Normal,
2016-07-26 23:00:00,-14.6,958.1,52.2,9.0,86.0,0,Normal,
2016-07-27 00:00:00,-14.5,956.9,52.5,7.0,86.0,0,Normal,
2016-07-27 01:00:00,-14.2,955.6,67.5,18.0,85.0,0,Normal,
2016-07-27 02:00:00,-13.5,954.6,68.2,17.0,80.0,0,Normal,
2016-07-27 03:00:00,-13.0,954.3,67.6,24.0,72.0,0,Normal,
2016-07-27 04:00:00,-12.7,955.6,67.7,26.0,66.0,0,Normal,
2016-07-27 05:00:00,-12.5,955.8,67.7,23.0,56.0,0,Normal,
2016-07-27 06:00:00,-12.6,956.5,68.0,23.0,56.0,0,Normal,
2016-07-27 07:00:00,-12.6,957.0,68.6,27.0,55.0,0,Normal,
2016-07-27 08:00:00,-12.5,957.7,67.9,21.0,52.0,0,Normal,
2016-07-27 09:00:00,-12.6,958.5,67.4,24.0,53.0,0,Normal,
2016-07-27 10:00:00,-12.4,959.8,68.4,27.0,44.0,0,Normal,
2016-07-27 11:00:00,-12.3,961.7,67.8,29.0,42.0,0,Normal,
2016-07-27 12:00:00,-12.3,963.3,67.4,27.0,41.0,0,Normal,
2016-07-27 13:00:00,-12.8,965.2,67.7,29.0,44.0,0,Normal,
2016-07-27 14:00:00,-13.6,966.5,67.7,28.0,48.0,0,Normal,
2016-07-27 15:00:00,-13.5,967.0,68.4,18.0,44.0,0,Normal,
2016-07-27 16:00:00,-13.7,968.1,67.8,29.0,39.0,0,Normal,
2016-07-27 17:00:00,-14.2,968.8,67.9,27.0,38.0,0,Normal,
2016-07-27 18:00:00,-14.7,969.7,68.1,29.0,41.0,0,Normal,
2016-07-27 19:00:00,-15.1,970.6,67.8,29.0,39.0,0,Normal,
2016-07-27 20:00:00,-15.5,972.1,67.6,29.0,39.0,0,Normal,
2016-07-27 21:00:00,-16.0,973.1,67.6,28.0,42.0,0,Normal,
2016-07-27 22:00:00,-16.4,974.0,68.1,28.0,41.0,0,Normal,
2016-07-27 23:00:00,-16.6,974.6,68.6,18.0,40.0,0,Normal,
2016-07-28 00:00:00,-17.1,975.0,68.0,25.0,41.0,0,Normal,
2016-07-28 01:00:00,-17.3,975.3,68.2,25.0,41.0,0,Normal,
2016-07-28 02:00:00,-17.6,975.5,69.1,16.0,39.0,0,Normal,
2016-07-28 03:00:00,-17.7,975.6,68.2,24.0,41.0,0,Normal,
2016-07-28 04:00:00,-18.4,976.0,69.0,15.0,38.0,0,Normal,
2016-07-28 05:00:00,-18.7,976.3,68.2,24.0,37.0,0,Normal,
2016-07-28 06:00:00,-18.8,976.4,69.2,15.0,35.0,0,Normal,
2016-07-28 07:00:00,-18.7,976.1,68.3,24.0,33.0,0,Normal,
2016-07-28 08:00:00,-19.1,976.4,68.8,17.0,33.0,0,Normal,
2016-07-28 09:00:00,-19.2,976.0,68.4,24.0,33.0,0,Normal,
2016-07-28 10:00:00,-19.2,976.5,68.4,27.0,33.0,0,Normal,
2016-07-28 11:00:00,-19.3,976.5,68.0,28.0,34.0,0,Normal,
2016-07-28 12:00:00,-19.0,975.7,68.2,28.0,33.0,0,Normal,
2016-07-28 13:00:00,-19.7,976.1,68.0,28.0,36.0,0,Normal,
2016-07-28 14:00:00,-19.8,975.6,68.8,19.0,35.0,0,Normal,
2016-07-28 15:00:00,-20.3,975.1,68.4,27.0,39.0,0,Normal,
2016-07-28 16:00:00,-19.6,974.8,68.3,26.0,35.0,0,Normal,
2016-07-28 17:00:00,-19.6,974.8,68.1,26.0,37.0,0,Normal,
2016-07-28 18:00:00,-19.2,974.9,68.3,25.0,35.0,0,Normal,
2016-07-28 19:00:00,-20.2,975.2,69.1,15.0,41.0,0,Normal,
2016-07-28 20:00:00,-19.8,974.9,68.5,26.0,34.0,0,Normal,
2016-07-28 21:00:00,-19.5,975.1,68.4,25.0,33.0,0,Normal,
2016-07-28 22:00:00,-19.3,975.1,68.1,26.0,33.0,0,Normal,
2016-07-28 23:00:00,-19.3,975.3,68.1,26.0,32.0,0,Normal,
2016-07-29 00:00:00,-18.4,975.3,68.1,25.0,31.0,0,Normal,
2016-07-29 01:00:00,-19.3,976.0,68.1,27.0,33.0,0,Normal,
2016-07-29 02:00:00,-19.9,976.8,67.9,26.0,35.0,0,Normal,
2016-07-29 03:00:00,-20.9,976.9,68.3,26.0,39.0,0,Normal,
2016-07-29 04:00:00,-22.6,977.9,68.4,25.0,46.0,0,Normal,
2016-07-29 05:00:00,-23.4,978.7,68.5,24.0,49.0,0,Normal,
2016-07-29 06:00:00,-23.2,979.0,68.9,15.0,45.0,0,Normal,
2016-07-29 07:00:00,-23.7,979.5,68.5,23.0,45.0,0,Normal,
2016-07-29 08:00:00,-23.5,980.0,68.6,23.0,43.0,0,Normal,
2016-07-29 09:00:00,-24.8,980.7,69.1,14.0,43.0,0,Normal,
2016-07-29 10:00:00,-23.5,981.6,68.2,24.0,42.0,0,Normal,
2016-07-29 11:00:00,-24.4,982.2,68.5,24.0,45.0,0,Normal,
2016-07-29 12:00:00,-25.2,983.0,68.5,26.0,47.0,0,Normal,
2016-07-29 13:00:00,-24.4,983.3,68.3,27.0,44.0,0,Normal,
2016-07-29 14:00:00,-25.7,983.6,68.4,29.0,46.0,0,Normal,
2016-07-29 15:00:00,-24.9,983.7,68.2,28.0,41.0,0,Normal,
2016-07-29 16:00:00,-26.7,984.5,68.4,29.0,47.0,0,Normal,
2016-07-29 17:00:00,-27.1,985.2,68.3,29.0,48.0,0,Normal,
2016-07-29 18:00:00,-25.8,985.4,68.3,27.0,43.0,0,Normal,
2016-07-29 19:00:00,-25.1,985.3,68.1,27.0,37.0,0,Normal,
2016-07-29 20:00:00,-25.3,985.2,68.4,27.0,40.0,0,Normal,
2016-07-29 21:00:00,-24.4,985.5,68.6,26.0,35.0,0,Normal,
2016-07-29 22:00:00,-24.9,985.3,68.4,25.0,36.0,0,Normal,
2016-07-29 23:00:00,-26.6,985.9,68.6,25.0,42.0,0,Normal,
2016-07-30 00:00:00,-27.2,986.1,68.6,25.0,44.0,0,Normal,
2016-07-30 01:00:00,-25.5,986.0,68.4,23.0,35.0,0,Normal,
2016-07-30 02:00:00,-25.4,985.1,68.4,23.0,36.0,0,Normal,
2016-07-30 03:00:00,-25.9,985.5,68.6,22.0,38.0,0,Normal,
2016-07-30 04:00:00,-25.7,985.3,68.5,22.0,36.0,0,Normal,
2016-07-30 05:00:00,-25.4,985.2,68.9,22.0,37.0,0,Normal,
2016-07-30 06:00:00,-25.3,985.0,68.7,22.0,36.0,0,Normal,
2016-07-30 07:00:00,-25.1,985.0,68.6,22.0,36.0,0,Normal,
2016-07-30 08:00:00,-24.2,984.4,68.7,22.0,31.0,0,Normal,
2016-07-30 09:00:00,-24.8,984.5,68.9,20.0,34.0,0,Normal,
2016-07-30 10:00:00,-23.7,984.3,68.9,23.0,29.0,0,Normal,
2016-07-30 11:00:00,-23.2,984.2,68.6,24.0,30.0,0,Normal,
2016-07-30 12:00:00,-23.1,984.0,68.8,25.0,27.0,0,Normal,
2016-07-30 13:00:00,-22.9,983.6,68.6,25.0,28.0,0,Normal,
2016-07-30 14:00:00,-22.8,983.4,68.5,26.0,27.0,0,Normal,
2016-07-30 15:00:00,-22.9,983.3,68.7,24.0,28.0,0,Normal,
2016-07-30 16:00:00,-22.8,982.5,68.4,27.0,28.0,0,Normal,
2016-07-30 17:00:00,-22.7,982.1,68.3,27.0,26.0,0,Normal,
2016-07-30 18:00:00,-22.2,981.9,68.5,29.0,26.0,0,Normal,
2016-07-30 19:00:00,-22.9,981.5,68.1,28.0,29.0,0,Normal,
2016-07-30 20:00:00,-22.1,981.1,68.2,28.0,27.0,0,Normal,
2016-07-30 21:00:00,-22.2,981.0,68.5,26.0,29.0,0,Normal,
2016-07-30 22:00:00,-21.9,980.5,68.5,26.0,29.0,0,Normal,
2016-07-30 23:00:00,-21.8,979.6,68.6,26.0,28.0,0,Normal,
2016-07-31 00:00:00,-21.9,979.2,68.6,24.0,29.0,0,Normal,
2016-07-31 01:00:00,-21.4,978.5,68.1,26.0,29.0,0,Normal,
2016-07-31 02:00:00,-20.9,977.4,68.4,25.0,30.0,0,Normal,
2016-07-31 03:00:00,-21.3,976.1,68.2,24.0,28.0,0,Normal,
2016-07-31 04:00:00,-21.4,975.1,68.7,24.0,30.0,0,Normal,
2016-07-31 05:00:00,-21.1,974.1,68.4,24.0,30.0,0,Normal,
2016-07-31 06:00:00,-21.0,973.0,68.6,24.0,29.0,0,Normal,
2016-07-31 07:00:00,-20.6,972.0,68.1,26.0,29.0,0,Normal,
2016-07-31 08:00:00,-20.4,971.2,68.5,28.0,29.0,0,Normal,
2016-07-31 09:00:00,-20.1,970.3,68.5,28.0,29.0,0,Normal,
2016-07-31 10:00:00,-19.8,968.8,68.3,30.0,28.0,0,Normal,
2016-07-31 11:00:00,-19.6,967.9,68.4,24.0,28.0,0,Normal,
2016-07-31 12:00:00,-19.4,966.4,68.1,30.0,27.0,0,Normal,
2016-07-31 13:00:00,-19.3,965.8,68.5,31.0,28.0,0,Normal,
2016-07-31 14:00:00,-18.9,965.1,68.2,29.0,27.0,0,Normal,
2016-07-31 15:00:00,-19.0,964.1,68.1,26.0,28.0,0,Normal,
2016-07-31 16:00:00,-18.9,963.7,68.3,29.0,28.0,0,Normal,
2016-07-31 17:00:00,-19.1,963.0,68.7,28.0,28.0,0,Normal,
2016-07-31 18:00:00,-19.6,962.6,68.0,29.0,31.0,0,Normal,
2016-07-31 19:00:00,-19.1,962.2,68.7,30.0,29.0,0,Normal,
2016-07-31 20:00:00,-18.5,962.0,68.6,29.0,28.0,0,Normal,
2016-07-31 21:00:00,-18.1,962.3,68.6,30.0,27.0,0,Normal,
2016-07-31 22:00:00,-19.2,962.0,68.3,27.0,31.0,0,Normal,
2016-07-31 23:00:00,-19.4,962.9,68.0,29.0,31.0,0,Normal,
2016-08-01 00:00:00,-19.6,962.9,68.3,24.0,29.0,0,Normal,
2016-08-01 01:00:00,-19.3,963.4,68.1,28.0,28.0,0,Normal,
2016-08-01 02:00:00,-20.3,963.9,68.6,26.0,31.0,0,Normal,
2016-08-01 03:00:00,-22.6,964.3,69.0,17.0,35.0,0,Normal,
2016-08-01 04:00:00,-22.6,964.6,68.3,24.0,35.0,0,Normal,
2016-08-01 05:00:00,-22.1,964.9,68.6,23.0,34.0,0,Normal,
2016-08-01 06:00:00,-23.6,965.6,73.0,20.0,38.0,0,Normal,
2016-08-01 07:00:00,-23.2,966.2,69.4,20.0,36.0,0,Normal,
2016-08-01 08:00:00,-22.3,967.1,68.6,19.0,35.0,0,Normal,
2016-08-01 09:00:00,-21.6,967.6,69.4,11.0,33.0,0,Normal,
2016-08-01 10:00:00,-18.4,968.2,69.3,14.0,26.0,0,Normal,
2016-08-01 11:00:00,-18.7,969.1,69.6,9.0,27.0,0,Normal,
2016-08-01 12:00:00,-18.6,969.9,68.6,23.0,27.0,0,Normal,
2016-08-01 13:00:00,-18.1,970.5,68.5,22.0,26.0,0,Normal,
2016-08-01 14:00:00,-18.2,971.0,68.6,22.0,27.0,0,Normal,
2016-08-01 15:00:00,-17.2,971.6,68.5,24.0,24.0,0,Normal,
2016-08-01 16:00:00,-17.2,972.8,69.3,14.0,26.0,0,Normal,
2016-08-01 17:00:00,-17.4,973.2,68.6,21.0,30.0,0,Normal,
2016-08-01 18:00:00,-17.4,974.0,68.6,19.0,32.0,0,Normal,
2016-08-01 19:00:00,-17.3,974.7,68.7,22.0,30.0,0,Normal,
2016-08-01 20:00:00,-16.7,975.1,68.4,24.0,30.0,0,Normal,
2016-08-01 21:00:00,-16.1,975.1,68.9,14.0,28.0,0,Normal,
2016-08-01 22:00:00,-15.8,975.6,69.3,16.0,30.0,0,Normal,
2016-08-01 23:00:00,-15.9,976.3,68.3,23.0,28.0,0,Normal,
2016-08-02 00:00:00,-15.1,975.7,68.4,22.0,25.0,0,Normal,
2016-08-02 01:00:00,-14.8,976.0,68.2,27.0,25.0,0,Normal,
2016-08-02 02:00:00,-15.1,976.4,68.3,29.0,33.0,0,Normal,
2016-08-02 03:00:00,-15.4,976.4,68.4,28.0,37.0,0,Normal,
2016-08-02 04:00:00,-15.6,976.3,68.3,28.0,45.0,0,Normal,
2016-08-02 05:00:00,-15.6,976.1,68.0,28.0,48.0,0,Normal,
2016-08-02 06:00:00,-15.2,975.7,68.2,28.0,49.0,0,Normal,
2016-08-02 07:00:00,-14.9,975.9,68.4,29.0,51.0,0,Normal,
2016-08-02 08:00:00,-14.7,976.1,67.9,28.0,55.0,0,Normal,
2016-08-02 09:00:00,-14.2,975.3,68.3,27.0,53.0,0,Normal,
2016-08-02 10:00:00,-14.0,974.0,68.2,28.0,58.0,0,Normal,
2016-08-02 11:00:00,-13.8,973.7,67.4,29.0,60.0,0,Normal,
2016-08-02 12:00:00,-13.8,973.3,67.6,27.0,67.0,0,Normal,
2016-08-02 13:00:00,-14.0,973.1,65.3,14.0,75.0,0,Normal,
2016-08-02 14:00:00,-14.0,972.3,68.2,22.0,71.0,0,Normal,
2016-08-02 15:00:00,-13.7,972.0,67.8,28.0,56.0,0,Normal,
2016-08-02 16:00:00,-13.5,971.4,67.6,27.0,51.0,0,Normal,
2016-08-02 17:00:00,-13.4,970.6,67.5,27.0,50.0,0,Normal,
2016-08-02 18:00:00,-13.5,970.2,67.2,28.0,53.0,0,Normal,
2016-08-02 19:00:00,-13.6,969.5,67.9,29.0,56.0,0,Normal,
2016-08-02 20:00:00,-13.9,969.5,68.6,27.0,62.0,0,Normal,
2016-08-02 21:00:00,-13.8,969.5,64.4,344.0,58.0,0,Normal,
2016-08-02 22:00:00,-14.0,969.8,67.4,28.0,60.0,0,Normal,
2016-08-02 23:00:00,-14.0,970.3,68.0,28.0,61.0,0,Normal,
2016-08-03 00:00:00,-14.1,970.5,67.7,29.0,60.0,0,Normal,
2016-08-03 01:00:00,-14.1,970.6,67.6,28.0,60.0,0,Normal,
2016-08-03 02:00:00,-14.1,970.7,68.4,30.0,61.0,0,Normal,
2016-08-03 03:00:00,-14.0,970.0,67.7,28.0,58.0,0,Normal,
2016-08-03 04:00:00,-14.0,970.1,68.9,19.0,56.0,0,Normal,
2016-08-03 05:00:00,-13.9,970.5,67.8,27.0,55.0,0,Normal,
2016-08-03 06:00:00,-14.0,970.6,67.7,26.0,55.0,0,Normal,
2016-08-03 07:00:00,-14.3,970.9,68.0,29.0,55.0,0,Normal,
2016-08-03 08:00:00,-14.1,971.1,67.8,27.0,51.0,0,Normal,
2016-08-03 09:00:00,-14.0,971.4,67.7,26.0,49.0,0,Normal,
2016-08-03 10:00:00,-14.0,972.4,67.6,26.0,46.0,0,Normal,
2016-08-03 11:00:00,-14.6,972.8,67.9,27.0,52.0,0,Normal,
2016-08-03 12:00:00,-15.7,973.4,67.8,26.0,51.0,0,Normal,
2016-08-03 13:00:00,-16.2,974.1,68.9,18.0,49.0,0,Normal,
2016-08-03 14:00:00,-15.9,974.5,67.7,28.0,42.0,0,Normal,
2016-08-03 15:00:00,-16.0,975.0,67.9,27.0,42.0,0,Normal,
2016-08-03 16:00:00,-16.1,975.8,67.8,25.0,40.0,0,Normal,
2016-08-03 17:00:00,-16.7,976.4,68.1,25.0,42.0,0,Normal,
2016-08-03 18:00:00,-16.9,976.7,68.1,24.0,41.0,0,Normal,
2016-08-03 19:00:00,-17.0,977.3,68.2,22.0,38.0,0,Normal,
2016-08-03 20:00:00,-16.9,977.2,68.0,24.0,36.0,0,Normal,
2016-08-03 21:00:00,-17.1,977.8,68.3,22.0,34.0,0,Normal,
2016-08-03 22:00:00,-17.3,978.7,68.4,23.0,33.0,0,Normal,
2016-08-03 23:00:00,-17.9,978.8,68.3,24.0,36.0,0,Normal,
2016-08-04 00:00:00,-18.0,978.8,68.1,15.0,35.0,0,Normal,
2016-08-04 01:00:00,-18.1,978.7,68.6,23.0,35.0,0,Normal,
2016-08-04 02:00:00,-18.3,979.0,68.4,23.0,36.0,0,Normal,
2016-08-04 03:00:00,-18.3,979.0,68.3,23.0,35.0,0,Normal,
2016-08-04 04:00:00,-17.7,979.0,68.3,22.0,33.0,0,Normal,
2016-08-04 05:00:00,-17.8,978.8,69.2,13.0,34.0,0,Normal,
2016-08-04 06:00:00,-17.6,978.5,68.6,21.0,32.0,0,Normal,
2016-08-04 07:00:00,-17.1,978.7,68.6,22.0,31.0,0,Normal,
2016-08-04 08:00:00,-17.1,978.3,68.5,23.0,32.0,0,Normal,
2016-08-04 09:00:00,-16.9,978.4,68.4,23.0,32.0,0,Normal,
2016-08-04 10:00:00,-16.8,978.1,68.4,27.0,32.0,0,Normal,
2016-08-04 11:00:00,-16.0,977.5,68.1,28.0,30.0,0,Normal,
2016-08-04 12:00:00,-15.3,976.2,69.2,16.0,29.0,0,Normal,
2016-08-04 13:00:00,-15.6,975.6,68.4,26.0,30.0,0,Normal,
2016-08-04 14:00:00,-15.5,974.7,68.4,27.0,33.0,0,Normal,
2016-08-04 15:00:00,-15.4,974.1,68.5,18.0,33.0,0,Normal,
2016-08-04 16:00:00,-14.6,973.1,69.0,26.0,32.0,0,Normal,
2016-08-04 17:00:00,-14.8,973.4,68.3,26.0,37.0,0,Normal,
2016-08-04 18:00:00,-14.2,971.8,68.5,17.0,35.0,0,Normal,
2016-08-04 19:00:00,-13.9,971.3,68.6,29.0,33.0,0,Normal,
2016-08-04 20:00:00,-13.5,971.0,67.0,24.0,34.0,0,Normal,
2016-08-04 21:00:00,-12.7,970.4,68.0,30.0,35.0,0,Normal,
2016-08-04 22:00:00,-11.9,969.4,67.7,27.0,32.0,0,Normal,
2016-08-04 23:00:00,-11.3,968.5,68.7,19.0,32.0,0,Normal,
2016-08-05 00:00:00,-10.7,967.3,68.1,28.0,34.0,0,Normal,
2016-08-05 01:00:00,-10.1,964.9,68.5,27.0,32.0,0,Normal,
2016-08-05 02:00:00,-9.8,964.5,68.2,29.0,34.0,0,Normal,
2016-08-05 03:00:00,-9.4,963.5,67.9,26.0,33.0,0,Normal,
2016-08-05 04:00:00,-9.2,961.9,68.0,27.0,35.0,0,Normal,
2016-08-05 05:00:00,-9.1,961.5,68.7,28.0,36.0,0,Normal,
2016-08-05 06:00:00,-9.1,961.8,68.3,25.0,37.0,0,Normal,
2016-08-05 07:00:00,-8.8,960.7,68.1,23.0,37.0,0,Normal,
2016-08-05 08:00:00,-8.4,960.3,69.6,25.0,35.0,0,Normal,
2016-08-05 09:00:00,-8.2,959.5,68.1,16.0,37.0,0,Normal,
2016-08-05 10:00:00,-7.8,957.5,67.1,12.0,38.0,0,Normal,
2016-08-05 11:00:00,-8.1,957.7,67.0,15.0,43.0,0,Normal,
2016-08-05 12:00:00,-8.6,956.4,66.2,13.0,48.0,0,Normal,
2016-08-05 13:00:00,-8.6,956.6,68.0,25.0,55.0,0,Normal,
2016-08-05 14:00:00,-8.5,957.7,67.9,24.0,56.0,0,Normal,
2016-08-05 15:00:00,-9.0,960.2,67.9,21.0,65.0,0,Normal,
2016-08-05 16:00:00,-9.1,962.0,67.6,26.0,68.0,0,Normal,
2016-08-05 17:00:00,-8.8,963.5,67.8,27.0,61.0,0,Normal,
2016-08-05 18:00:00,-8.4,963.9,68.7,14.0,58.0,0,Normal,
2016-08-05 19:00:00,-8.3,963.8,68.0,22.0,56.0,0,Normal,
2016-08-05 20:00:00,-7.9,964.1,67.3,27.0,53.0,0,Normal,
2016-08-05 21:00:00,-7.8,964.6,68.4,20.0,52.0,0,Normal,
2016-08-05 22:00:00,-8.0,964.7,67.4,27.0,53.0,0,Normal,
2016-08-05 23:00:00,-8.1,965.3,67.8,30.0,57.0,0,Normal,
2016-08-06 00:00:00,-8.0,965.0,67.2,29.0,54.0,0,Normal,
2016-08-06 01:00:00,-8.0,965.2,66.7,24.0,55.0,0,Normal,
2016-08-06 02:00:00,-8.0,965.1,67.6,26.0,55.0,0,Normal,
2016-08-06 03:00:00,-7.9,965.4,67.4,25.0,54.0,0,Normal,
2016-08-06 04:00:00,-8.0,965.8,67.6,27.0,54.0,0,Normal,
2016-08-06 05:00:00,-8.0,965.6,67.5,26.0,53.0,0,Normal,
2016-08-06 06:00:00,-7.8,965.3,67.9,27.0,51.0,0,Normal,
2016-08-06 07:00:00,-7.7,965.3,67.7,26.0,50.0,0,Normal,
2016-08-06 08:00:00,-7.6,965.4,68.0,15.0,50.0,0,Normal,
2016-08-06 09:00:00,-7.6,965.7,67.9,27.0,52.0,0,Normal,
2016-08-06 10:00:00,-7.4,965.6,67.4,28.0,51.0,0,Normal,
2016-08-06 11:00:00,-7.0,964.2,67.8,25.0,49.0,0,Normal,
2016-08-06 12:00:00,-6.6,962.5,68.7,15.0,49.0,0,Normal,
2016-08-06 13:00:00,-6.5,963.0,68.1,25.0,50.0,0,Normal,
2016-08-06 14:00:00,-6.2,961.8,67.2,17.0,48.0,0,Normal,
2016-08-06 15:00:00,-5.8,960.4,67.8,24.0,45.0,0,Normal,
2016-08-06 16:00:00,-5.0,960.0,67.8,21.0,42.0,0,Normal,
2016-08-06 17:00:00,-4.9,958.7,66.7,21.0,46.0,0,Normal,
2016-08-06 18:00:00,-4.9,957.9,68.1,20.0,48.0,0,Normal,
2016-08-06 19:00:00,-5.0,958.5,67.0,24.0,50.0,0,Normal,
2016-08-06 20:00:00,-5.6,957.7,67.7,27.0,57.0,0,Normal,
2016-08-06 21:00:00,-6.3,958.1,67.8,26.0,73.0,0,Normal,
2016-08-06 22:00:00,-6.2,957.9,67.9,20.0,68.0,0,Normal,
2016-08-06 23:00:00,-6.4,957.8,68.3,19.0,68.0,0,Normal,
2016-08-07 00:00:00,-6.8,957.4,67.0,20.0,75.0,0,Normal,
2016-08-07 01:00:00,-6.7,958.0,67.5,23.0,69.0,0,Normal,
2016-08-07 02:00:00,-6.5,957.7,67.5,24.0,64.0,0,Normal,
2016-08-07 03:00:00,-6.6,958.3,67.6,24.0,61.0,0,Normal,
2016-08-07 04:00:00,-6.6,958.5,67.8,23.0,59.0,0,Normal,
2016-08-07 05:00:00,-6.2,958.4,68.2,22.0,53.0,0,Normal,
2016-08-07 06:00:00,-6.1,958.2,68.1,21.0,53.0,0,Normal,
2016-08-07 07:00:00,-6.3,957.6,67.9,23.0,54.0,0,Normal,
2016-08-07 08:00:00,-6.5,956.8,68.1,22.0,56.0,0,Normal,
2016-08-07 09:00:00,-6.1,955.8,68.1,19.0,50.0,0,Normal,
2016-08-07 10:00:00,-5.8,955.1,67.9,22.0,49.0,0,Normal,
2016-08-07 11:00:00,-5.7,953.8,67.8,22.0,46.0,0,Normal,
2016-08-07 12:00:00,-5.8,953.2,69.2,13.0,47.0,0,Normal,
2016-08-07 13:00:00,-5.9,952.6,68.2,22.0,45.0,0,Normal,
2016-08-07 14:00:00,-6.0,951.7,68.2,20.0,43.0,0,Normal,
2016-08-07 15:00:00,-6.2,951.2,68.5,19.0,46.0,0,Normal,
2016-08-07 16:00:00,-6.3,951.3,68.1,19.0,46.0,0,Normal,
2016-08-07 17:00:00,-5.9,951.2,68.3,19.0,40.0,0,Normal,
2016-08-07 18:00:00,-6.0,950.6,68.3,18.0,42.0,0,Normal,
2016-08-07 19:00:00,-5.9,950.0,68.3,20.0,43.0,0,Normal,
2016-08-07 20:00:00,-5.9,949.3,68.4,23.0,42.0,0,Normal,
2016-08-07 21:00:00,-6.2,949.8,68.1,21.0,43.0,0,Normal,
2016-08-07 22:00:00,-6.4,949.5,68.0,21.0,45.0,0,Normal,
2016-08-07 23:00:00,-6.5,950.5,68.0,20.0,45.0,0,Normal,
2016-08-08 00:00:00,-6.5,951.1,68.5,21.0,41.0,0,Normal,
2016-08-08 01:00:00,-6.8,951.1,67.9,24.0,43.0,0,Normal,
2016-08-08 02:00:00,-7.3,951.8,68.0,23.0,52.0,0,Normal,
2016-08-08 03:00:00,-7.6,952.4,68.2,23.0,53.0,0,Normal,
2016-08-08 04:00:00,-7.6,952.8,67.8,23.0,49.0,0,Normal,
2016-08-08 05:00:00,-7.3,952.2,69.4,12.0,45.0,0,Normal,
2016-08-08 06:00:00,-7.7,953.2,68.2,23.0,59.0,0,Normal,
2016-08-08 07:00:00,-8.0,954.8,69.3,14.0,63.0,0,Normal,
2016-08-08 08:00:00,-8.3,955.4,68.0,21.0,65.0,0,Normal,
2016-08-08 09:00:00,-8.9,956.4,68.2,21.0,70.0,0,Normal,
2016-08-08 10:00:00,-9.1,958.9,67.4,23.0,77.0,0,Normal,
2016-08-08 11:00:00,-9.1,960.1,67.6,24.0,70.0,0,Normal,
2016-08-08 12:00:00,-9.1,960.5,67.7,23.0,61.0,0,Normal,
2016-08-08 13:00:00,-8.8,960.6,67.5,27.0,57.0,0,Normal,
2016-08-08 14:00:00,-8.4,960.9,67.7,25.0,48.0,0,Normal,
2016-08-08 15:00:00,-8.5,961.6,67.9,26.0,58.0,0,Normal,
2016-08-08 16:00:00,-9.7,963.4,67.5,25.0,89.0,0,Normal,
2016-08-08 17:00:00,-9.6,966.1,68.1,34.0,89.0,0,Normal,
2016-08-08 18:00:00,-9.7,968.1,68.8,36.0,89.0,0,Normal,
2016-08-08 19:00:00,-10.2,971.0,67.8,29.0,89.0,0,Normal,
2016-08-08 20:00:00,-10.2,972.4,67.6,21.0,71.0,0,Normal,
2016-08-08 21:00:00,-10.6,972.9,67.8,20.0,68.0,0,Normal,
2016-08-08 22:00:00,-10.1,973.3,68.2,20.0,57.0,0,Normal,
2016-08-08 23:00:00,-9.4,973.6,68.2,19.0,46.0,0,Normal,
2016-08-09 00:00:00,-9.3,974.1,68.3,20.0,42.0,0,Normal,
2016-08-09 01:00:00,-9.4,974.2,69.3,12.0,40.0,0,Normal,
2016-08-09 02:00:00,-9.5,974.6,68.5,20.0,42.0,0,Normal,
2016-08-09 03:00:00,-9.6,975.2,68.3,19.0,42.0,0,Normal,
2016-08-09 04:00:00,-9.7,975.2,68.3,19.0,40.0,0,Normal,
2016-08-09 05:00:00,-9.9,975.8,68.3,18.0,39.0,0,Normal,
2016-08-09 06:00:00,-9.9,976.3,68.2,16.0,37.0,0,Normal,
2016-08-09 07:00:00,-10.1,976.8,68.6,16.0,39.0,0,Normal,
2016-08-09 08:00:00,-10.5,976.8,68.4,17.0,38.0,0,Normal,
2016-08-09 09:00:00,-11.0,976.8,69.0,17.0,38.0,0,Normal,
2016-08-09 10:00:00,-11.6,976.7,68.7,18.0,38.0,0,Normal,
2016-08-09 11:00:00,-11.5,976.7,68.6,17.0,37.0,0,Normal,
2016-08-09 12:00:00,-11.6,976.8,68.7,16.0,39.0,0,Normal,
2016-08-09 13:00:00,-11.3,976.8,68.5,19.0,40.0,0,Normal,
2016-08-09 14:00:00,-12.1,976.9,68.2,20.0,40.0,0,Normal,
2016-08-09 15:00:00,-12.8,976.7,68.4,20.0,40.0,0,Normal,
2016-08-09 16:00:00,-13.2,976.2,68.3,19.0,43.0,0,Normal,
2016-08-09 17:00:00,-13.3,975.9,68.2,16.0,39.0,0,Normal,
2016-08-09 18:00:00,-13.3,975.4,68.3,14.0,37.0,0,Normal,
2016-08-09 19:00:00,-13.2,975.6,69.1,19.0,37.0,0,Normal,
2016-08-09 20:00:00,-13.1,975.4,68.3,20.0,38.0,0,Normal,
2016-08-09 21:00:00,-13.7,975.4,68.1,14.0,39.0,0,Normal,
2016-08-09 22:00:00,-12.7,975.3,68.8,11.0,35.0,0,Normal,
2016-08-09 23:00:00,-13.3,975.1,67.0,11.0,37.0,0,Normal,
2016-08-10 00:00:00,-13.3,975.4,68.4,13.0,38.0,0,Normal,
2016-08-10 01:00:00,-13.0,975.8,67.3,13.0,36.0,0,Normal,
2016-08-10 02:00:00,-12.1,975.5,67.8,18.0,36.0,0,Normal,
2016-08-10 03:00:00,-10.4,976.1,68.8,13.0,37.0,0,Normal,
2016-08-10 04:00:00,-8.5,977.0,68.1,20.0,37.0,0,Normal,
2016-08-10 05:00:00,-8.8,977.2,68.6,19.0,44.0,0,Normal,
2016-08-10 06:00:00,-8.4,977.5,68.3,17.0,47.0,0,Normal,
2016-08-10 07:00:00,-7.9,978.3,68.5,17.0,52.0,0,Normal,
2016-08-10 08:00:00,-7.4,979.1,68.4,20.0,67.0,0,Normal,
2016-08-10 09:00:00,-6.7,979.5,68.5,15.0,54.0,0,Normal,
2016-08-10 10:00:00,-6.2,980.0,69.3,11.0,45.0,0,Normal,
2016-08-10 11:00:00,-6.0,980.9,68.2,18.0,42.0,0,Normal,
2016-08-10 12:00:00,-5.4,981.6,68.3,16.0,40.0,0,Normal,
2016-08-10 13:00:00,-6.2,982.5,68.4,15.0,38.0,0,Normal,
2016-08-10 14:00:00,-6.5,982.9,68.5,16.0,40.0,0,Normal,
2016-08-10 15:00:00,-7.0,983.7,68.3,15.0,39.0,0,Normal,
2016-08-10 16:00:00,-8.1,984.5,68.2,14.0,39.0,0,Normal,
2016-08-10 17:00:00,-8.3,985.3,68.4,17.0,40.0,0,Normal,
2016-08-10 18:00:00,-8.8,985.3,68.3,18.0,40.0,0,Normal,
2016-08-10 19:00:00,-8.6,985.2,68.3,12.0,39.0,0,Normal,
2016-08-10 20:00:00,-8.6,986.4,69.3,9.0,40.0,0,Normal,
2016-08-10 21:00:00,-7.7,986.7,68.8,14.0,37.0,0,Normal,
2016-08-10 22:00:00,-8.4,987.3,68.5,19.0,38.0,0,Normal,
2016-08-10 23:00:00,-8.1,987.5,68.5,15.0,37.0,0,Normal,
2016-08-11 00:00:00,-7.9,987.8,68.5,14.0,37.0,0,Normal,
2016-08-11 01:00:00,-7.9,988.3,68.9,15.0,36.0,0,Normal,
2016-08-11 02:00:00,-8.0,988.9,68.7,13.0,37.0,0,Normal,
2016-08-11 03:00:00,-8.0,989.1,69.0,13.0,36.0,0,Normal,
2016-08-11 04:00:00,-8.8,989.6,68.7,14.0,37.0,0,Normal,
2016-08-11 05:00:00,-7.2,990.1,68.7,11.0,35.0,0,Normal,
2016-08-11 06:00:00,-9.6,991.0,68.9,11.0,43.0,0,Normal,
2016-08-11 07:00:00,-6.8,991.6,68.8,11.0,35.0,0,Normal,
2016-08-11 08:00:00,-7.3,992.6,68.8,13.0,35.0,0,Normal,
2016-08-11 09:00:00,-7.7,993.4,69.5,4.0,37.0,0,Normal,
2016-08-11 10:00:00,-7.7,994.0,68.7,15.0,35.0,0,Normal,
2016-08-11 11:00:00,-7.6,994.8,68.6,16.0,34.0,0,Normal,
2016-08-11 12:00:00,-8.2,995.3,68.6,17.0,39.0,0,Normal,
2016-08-11 13:00:00,-8.1,996.0,68.6,13.0,37.0,0,Normal,
2016-08-11 14:00:00,-8.7,996.2,68.5,16.0,39.0,0,Normal,
2016-08-11 15:00:00,-9.5,996.4,68.4,15.0,42.0,0,Normal,
2016-08-11 16:00:00,-9.7,996.6,68.7,14.0,43.0,0,Normal,
2016-08-11 17:00:00,-9.8,996.6,68.4,15.0,48.0,0,Normal,
2016-08-11 18:00:00,-10.1,996.3,68.4,15.0,49.0,0,Normal,
2016-08-11 19:00:00,-9.4,996.1,68.7,14.0,48.0,0,Normal,
2016-08-11 20:00:00,-9.4,996.2,68.8,12.0,48.0,0,Normal,
2016-08-11 21:00:00,-9.8,996.4,69.3,5.0,47.0,0,Normal,
2016-08-11 22:00:00,-10.1,996.5,68.7,10.0,50.0,0,Normal,
2016-08-11 23:00:00,-11.1,996.5,68.9,12.0,55.0,0,Normal,
2016-08-12 00:00:00,-11.5,996.3,69.5,5.0,61.0,0,Normal,
2016-08-12 01:00:00,-11.5,996.0,68.8,11.0,61.0,0,Normal,
2016-08-12 02:00:00,-10.8,995.4,68.7,11.0,57.0,0,Normal,
2016-08-12 03:00:00,-11.7,995.0,68.8,11.0,60.0,0,Normal,
2016-08-12 04:00:00,-11.5,994.4,68.8,11.0,60.0,0,Normal,
2016-08-12 05:00:00,-11.1,993.6,68.6,10.0,58.0,0,Normal,
2016-08-12 06:00:00,-10.7,993.2,69.4,4.0,61.0,0,Normal,
2016-08-12 07:00:00,-10.7,993.3,68.6,10.0,57.0,0,Normal,
2016-08-12 08:00:00,-10.6,993.3,69.5,5.0,58.0,0,Normal,
2016-08-12 09:00:00,-10.5,992.9,68.6,10.0,61.0,0,Normal,
2016-08-12 10:00:00,-10.2,992.3,68.6,13.0,61.0,0,Normal,
2016-08-12 11:00:00,-9.4,992.4,68.6,16.0,58.0,0,Normal,
2016-08-12 12:00:00,-7.4,991.6,69.2,7.0,55.0,0,Normal,
2016-08-12 13:00:00,-9.5,991.6,68.5,16.0,59.0,0,Normal,
2016-08-12 14:00:00,-6.0,990.8,67.9,15.0,53.0,0,Normal,
2016-08-12 15:00:00,-9.4,990.4,68.5,15.0,59.0,0,Normal,
2016-08-12 16:00:00,-11.7,990.0,69.4,8.0,63.0,0,Normal,
2016-08-12 17:00:00,-11.2,988.9,68.2,16.0,61.0,0,Normal,
2016-08-12 18:00:00,-6.8,989.0,68.3,17.0,50.0,0,Normal,
2016-08-12 19:00:00,-8.6,989.1,68.3,16.0,53.0,0,Normal,
2016-08-12 20:00:00,-2.7,989.0,68.8,14.0,30.0,0,Normal,
2016-08-12 21:00:00,-4.1,989.2,68.3,15.0,35.0,0,Normal,
2016-08-12 22:00:00,-9.6,989.6,68.5,15.0,52.0,0,Normal,
2016-08-12 23:00:00,-8.9,989.2,68.6,14.0,48.0,0,Normal,
2016-08-13 00:00:00,-3.5,989.8,68.5,12.0,33.0,0,Normal,
2016-08-13 01:00:00,-5.5,990.4,68.5,13.0,41.0,0,Normal,
2016-08-13 02:00:00,-5.5,989.8,68.4,13.0,38.0,0,Normal,
2016-08-13 03:00:00,-5.0,988.8,68.4,15.0,36.0,0,Normal,
2016-08-13 04:00:00,-8.1,988.1,68.6,15.0,47.0,0,Normal,
2016-08-13 05:00:00,-6.8,987.4,68.5,13.0,45.0,0,Normal,
2016-08-13 06:00:00,-8.2,987.6,68.3,14.0,50.0,0,Normal,
2016-08-13 07:00:00,-7.4,987.5,69.6,6.0,41.0,0,Normal,
2016-08-13 08:00:00,-8.9,986.1,68.3,14.0,48.0,0,Normal,
2016-08-13 09:00:00,-9.0,986.0,68.6,14.0,47.0,0,Normal,
2016-08-13 10:00:00,-6.3,985.2,68.7,14.0,38.0,0,Normal,
2016-08-13 11:00:00,-3.9,984.8,68.7,16.0,34.0,0,Normal,
2016-08-13 12:00:00,-7.4,984.6,68.3,14.0,42.0,0,Normal,
2016-08-13 13:00:00,-6.8,984.3,68.3,17.0,40.0,0,Normal,
2016-08-13 14:00:00,-5.3,982.2,68.7,3.0,38.0,0,Normal,
2016-08-13 15:00:00,-4.6,981.0,69.0,3.0,32.0,0,Normal,
2016-08-13 16:00:00,-5.5,980.3,68.3,8.0,35.0,0,Normal,
2016-08-13 17:00:00,-5.8,980.9,66.9,12.0,34.0,0,Normal,
2016-08-13 18:00:00,-6.1,980.8,68.1,9.0,32.0,0,Normal,
2016-08-13 19:00:00,-5.6,979.9,65.9,359.0,26.0,0,Normal,
2016-08-13 20:00:00,-5.8,979.4,67.8,7.0,25.0,0,Normal,
2016-08-13 21:00:00,-6.0,979.3,68.0,14.0,25.0,0,Normal,
2016-08-13 22:00:00,-6.3,978.6,67.0,9.0,24.0,0,Normal,
2016-08-13 23:00:00,-7.7,978.9,70.1,6.0,31.0,0,Normal,
2016-08-14 00:00:00,-7.2,978.7,68.4,14.0,27.0,0,Normal,
2016-08-14 01:00:00,-7.7,979.2,69.3,18.0,26.0,0,Normal,
2016-08-14 02:00:00,-8.5,980.6,68.2,18.0,28.0,0,Normal,
2016-08-14 03:00:00,-10.9,981.6,68.5,22.0,38.0,0,Normal,
2016-08-14 04:00:00,-12.6,982.4,68.5,19.0,43.0,0,Normal,
2016-08-14 05:00:00,-13.7,982.1,68.7,16.0,45.0,0,Normal,
2016-08-14 06:00:00,-13.5,982.6,68.4,15.0,42.0,0,Normal,
2016-08-14 07:00:00,-13.8,982.8,68.6,16.0,38.0,0,Normal,
2016-08-14 08:00:00,-13.1,982.5,69.3,10.0,35.0,0,Normal,
2016-08-14 09:00:00,-13.6,982.8,68.7,17.0,34.0,0,Normal,
2016-08-14 10:00:00,-14.5,983.6,68.3,15.0,38.0,0,Normal,
2016-08-14 11:00:00,-14.5,983.2,68.1,24.0,35.0,0,Normal,
2016-08-14 12:00:00,-14.8,983.5,68.1,24.0,37.0,0,Normal,
2016-08-14 13:00:00,-14.8,983.3,68.2,27.0,33.0,0,Normal,
2016-08-14 14:00:00,-14.9,983.3,68.2,27.0,36.0,0,Normal,
2016-08-14 15:00:00,-16.3,983.2,68.2,25.0,36.0,0,Normal,
2016-08-14 16:00:00,-16.2,983.1,68.7,27.0,35.0,0,Normal,
2016-08-14 17:00:00,-16.3,982.6,68.3,26.0,35.0,0,Normal,
2016-08-14 18:00:00,-15.8,982.3,67.7,27.0,33.0,0,Normal,
2016-08-14 19:00:00,-15.7,982.1,68.2,26.0,32.0,0,Normal,
2016-08-14 20:00:00,-15.8,982.1,68.7,25.0,33.0,0,Normal,
2016-08-14 21:00:00,-15.5,981.5,68.2,24.0,32.0,0,Normal,
2016-08-14 22:00:00,-15.8,981.7,68.6,23.0,34.0,0,Normal,
2016-08-14 23:00:00,-16.0,981.3,68.4,21.0,35.0,0,Normal,
2016-08-15 00:00:00,-16.0,980.3,68.5,21.0,34.0,0,Normal,
2016-08-15 01:00:00,-15.7,978.8,68.6,15.0,32.0,0,Normal,
2016-08-15 02:00:00,-15.5,978.4,66.3,6.0,30.0,0,Normal,
2016-08-15 03:00:00,-15.8,977.8,67.6,15.0,32.0,0,Normal,
2016-08-15 04:00:00,-15.9,977.1,68.0,16.0,32.0,0,Normal,
2016-08-15 05:00:00,-15.8,976.3,68.5,12.0,32.0,0,Normal,
2016-08-15 06:00:00,-15.2,975.0,67.7,11.0,31.0,0,Normal,
2016-08-15 07:00:00,-15.5,974.3,69.2,21.0,35.0,0,Normal,
2016-08-15 08:00:00,-15.2,973.3,68.6,12.0,34.0,0,Normal,
2016-08-15 09:00:00,-14.9,971.6,67.9,19.0,32.0,0,Normal,
2016-08-15 10:00:00,-15.0,970.2,68.0,23.0,35.0,0,Normal,
2016-08-15 11:00:00,-15.0,969.2,68.9,23.0,35.0,0,Normal,
2016-08-15 12:00:00,-13.8,967.6,69.0,25.0,32.0,0,Normal,
2016-08-15 13:00:00,-13.0,965.6,68.5,19.0,32.0,0,Normal,
2016-08-15 14:00:00,-12.2,964.3,67.9,20.0,36.0,0,Normal,
2016-08-15 15:00:00,-11.4,963.1,68.3,20.0,40.0,0,Normal,
2016-08-15 16:00:00,-10.3,961.6,68.6,13.0,39.0,0,Normal,
2016-08-15 17:00:00,-10.2,960.4,68.5,20.0,37.0,0,Normal,
2016-08-15 18:00:00,-9.8,959.3,68.5,19.0,37.0,0,Normal,
2016-08-15 19:00:00,-10.3,958.2,68.7,18.0,39.0,0,Normal,
2016-08-15 20:00:00,-10.4,956.8,68.7,17.0,36.0,0,Normal,
2016-08-15 21:00:00,-9.8,955.8,68.4,16.0,37.0,0,Normal,
2016-08-15 22:00:00,-9.5,954.2,69.2,10.0,38.0,0,Normal,
2016-08-15 23:00:00,-7.9,953.1,67.8,19.0,36.0,0,Normal,
2016-08-16 00:00:00,-6.2,952.0,68.4,21.0,44.0,0,Normal,
2016-08-16 01:00:00,-6.5,951.8,70.0,18.0,53.0,0,Normal,
2016-08-16 02:00:00,-8.1,951.6,67.3,28.0,77.0,0,Normal,
2016-08-16 03:00:00,-7.8,951.9,67.8,20.0,65.0,0,Normal,
2016-08-16 04:00:00,-7.8,953.4,67.8,21.0,69.0,0,Normal,
2016-08-16 05:00:00,-7.4,954.4,68.2,19.0,63.0,0,Normal,
2016-08-16 06:00:00,-7.4,955.2,68.1,19.0,69.0,0,Normal,
2016-08-16 07:00:00,-7.5,956.4,68.1,19.0,69.0,0,Normal,
2016-08-16 08:00:00,-7.5,956.7,67.9,18.0,67.0,0,Normal,
2016-08-16 09:00:00,-7.4,958.0,68.3,16.0,68.0,0,Normal,
2016-08-16 10:00:00,-7.4,958.8,68.3,18.0,68.0,0,Normal,
2016-08-16 11:00:00,-7.4,959.4,68.1,17.0,66.0,0,Normal,
2016-08-16 12:00:00,-7.6,960.1,68.0,17.0,67.0,0,Normal,
2016-08-16 13:00:00,-7.8,960.8,68.0,18.0,65.0,0,Normal,
2016-08-16 14:00:00,-8.2,961.2,68.2,17.0,63.0,0,Normal,
2016-08-16 15:00:00,-8.2,961.6,68.2,19.0,61.0,0,Normal,
2016-08-16 16:00:00,-8.7,962.2,68.3,18.0,71.0,0,Normal,
2016-08-16 17:00:00,-9.1,963.0,67.8,19.0,71.0,0,Normal,
2016-08-16 18:00:00,-9.0,963.4,68.4,11.0,72.0,0,Normal,
2016-08-16 19:00:00,-9.5,963.6,68.2,16.0,78.0,0,Normal,
2016-08-16 20:00:00,-10.0,962.8,69.0,17.0,90.0,0,Normal,
2016-08-16 21:00:00,-10.3,964.0,67.2,10.0,90.0,0,Normal,
2016-08-16 22:00:00,-10.8,966.3,66.4,16.0,90.0,0,Normal,
2016-08-16 23:00:00,-11.0,967.7,68.5,23.0,90.0,0,Normal,
2016-08-17 00:00:00,-10.8,968.4,67.6,20.0,89.0,0,Normal,
2016-08-17 01:00:00,-11.1,970.3,67.8,21.0,88.0,0,Normal,
2016-08-17 02:00:00,-11.4,972.0,67.7,22.0,86.0,0,Normal,
2016-08-17 03:00:00,-11.4,972.7,67.8,22.0,83.0,0,Normal,
2016-08-17 04:00:00,-11.6,974.1,67.8,22.0,80.0,0,Normal,
2016-08-17 05:00:00,-11.6,975.3,68.0,20.0,79.0,0,Normal,
2016-08-17 06:00:00,-11.8,976.5,68.0,20.0,79.0,0,Normal,
2016-08-17 07:00:00,-12.0,977.5,68.7,17.0,83.0,0,Normal,
2016-08-17 08:00:00,-12.5,978.5,67.6,16.0,82.0,0,Normal,
2016-08-17 09:00:00,-12.6,979.4,68.1,17.0,76.0,0,Normal,
2016-08-17 10:00:00,-12.5,979.8,67.1,16.0,79.0,0,Normal,
2016-08-17 11:00:00,-12.3,980.8,66.1,19.0,80.0,0,Normal,
2016-08-17 12:00:00,-12.1,981.5,67.4,19.0,79.0,0,Normal,
2016-08-17 13:00:00,-11.8,981.7,67.2,19.0,76.0,0,Normal,
2016-08-17 14:00:00,-11.7,982.1,68.1,20.0,71.0,0,Normal,
2016-08-17 15:00:00,-11.6,982.5,67.8,22.0,66.0,0,Normal,
2016-08-17 16:00:00,-11.6,982.9,70.7,9.0,56.0,0,Normal,
2016-08-17 17:00:00,-12.0,983.1,68.2,21.0,55.0,0,Normal,
2016-08-17 18:00:00,-12.6,983.1,68.3,20.0,54.0,0,Normal,
2016-08-17 19:00:00,-12.9,983.3,68.0,21.0,55.0,0,Normal,
2016-08-17 20:00:00,-13.2,983.4,69.3,12.0,56.0,0,Normal,
2016-08-17 21:00:00,-13.4,983.5,68.3,20.0,58.0,0,Normal,
2016-08-17 22:00:00,-13.7,983.5,68.1,19.0,60.0,0,Normal,
2016-08-17 23:00:00,-13.8,983.6,68.4,20.0,60.0,0,Normal,
2016-08-18 00:00:00,-14.0,983.6,68.1,20.0,61.0,0,Normal,
2016-08-18 01:00:00,-13.3,983.8,68.4,12.0,58.0,0,Normal,
2016-08-18 02:00:00,-13.4,983.7,68.4,18.0,61.0,0,Normal,
2016-08-18 03:00:00,-12.4,983.4,68.4,18.0,57.0,0,Normal,
2016-08-18 04:00:00,-12.5,983.1,68.1,18.0,64.0,0,Normal,
2016-08-18 05:00:00,-12.7,983.0,68.2,18.0,56.0,0,Normal,
2016-08-18 06:00:00,-12.6,982.8,69.2,10.0,56.0,0,Normal,
2016-08-18 07:00:00,-12.5,982.5,68.6,17.0,55.0,0,Normal,
2016-08-18 08:00:00,-12.6,982.4,68.7,17.0,55.0,0,Normal,
2016-08-18 09:00:00,-11.8,982.3,68.7,14.0,50.0,0,Normal,
2016-08-18 10:00:00,-11.8,981.9,68.7,14.0,52.0,0,Normal,
2016-08-18 11:00:00,-12.0,981.2,68.6,15.0,43.0,0,Normal,
2016-08-18 12:00:00,-12.7,980.6,69.4,7.0,44.0,0,Normal,
2016-08-18 13:00:00,-12.4,980.2,68.8,12.0,43.0,0,Normal,
2016-08-18 14:00:00,-12.2,979.6,68.8,14.0,41.0,0,Normal,
2016-08-18 15:00:00,-13.3,978.9,69.0,14.0,41.0,0,Normal,
2016-08-18 16:00:00,-13.5,978.7,68.6,16.0,43.0,0,Normal,
2016-08-18 17:00:00,-15.7,978.4,68.7,14.0,48.0,0,Normal,
2016-08-18 18:00:00,-17.3,978.2,69.1,15.0,57.0,0,Normal,
2016-08-18 19:00:00,-17.6,978.1,69.0,17.0,58.0,0,Normal,
2016-08-18 20:00:00,-18.0,977.8,68.5,16.0,58.0,0,Normal,
2016-08-18 21:00:00,-16.5,977.6,69.0,11.0,50.0,0,Normal,
2016-08-18 22:00:00,-14.9,977.7,67.9,19.0,39.0,0,Normal,
2016-08-18 23:00:00,-15.9,977.5,68.4,21.0,45.0,0,Normal,
2016-08-19 00:00:00,-15.9,977.5,68.6,19.0,42.0,0,Normal,
2016-08-19 01:00:00,-15.1,976.9,68.7,19.0,36.0,0,Normal,
2016-08-19 02:00:00,-16.2,977.6,68.5,19.0,43.0,0,Normal,
2016-08-19 03:00:00,-15.5,977.1,68.6,19.0,37.0,0,Normal,
2016-08-19 04:00:00,-16.6,977.0,68.5,18.0,44.0,0,Normal,
2016-08-19 05:00:00,-20.6,977.7,68.9,18.0,57.0,0,Normal,
2016-08-19 06:00:00,-20.4,978.1,68.1,18.0,59.0,0,Normal,
2016-08-19 07:00:00,-17.5,977.9,68.6,16.0,44.0,0,Normal,
2016-08-19 08:00:00,-16.9,977.8,69.9,3.0,37.0,0,Normal,
2016-08-19 09:00:00,-15.6,977.7,68.5,14.0,38.0,0,Normal,
2016-08-19 10:00:00,-17.1,978.2,68.5,16.0,44.0,0,Normal,
2016-08-19 11:00:00,-16.1,978.3,68.7,16.0,42.0,0,Normal,
2016-08-19 12:00:00,-17.4,978.6,68.6,13.0,47.0,0,Normal,
2016-08-19 13:00:00,-19.3,978.9,68.7,14.0,53.0,0,Normal,
2016-08-19 14:00:00,-19.1,979.1,68.8,16.0,52.0,0,Normal,
2016-08-19 15:00:00,-19.4,979.0,69.5,9.0,53.0,0,Normal,
2016-08-19 16:00:00,-18.7,978.7,68.8,16.0,48.0,0,Normal,
2016-08-19 17:00:00,-18.9,978.6,68.7,15.0,46.0,0,Normal,
2016-08-19 18:00:00,-19.2,978.5,68.9,14.0,46.0,0,Normal,
2016-08-19 19:00:00,-19.5,978.9,69.1,14.0,46.0,0,Normal,
2016-08-19 20:00:00,-20.2,979.4,68.8,15.0,46.0,0,Normal,
2016-08-19 21:00:00,-20.4,979.8,68.4,17.0,49.0,0,Normal,
2016-08-19 22:00:00,-18.5,979.9,68.6,16.0,39.0,0,Normal,
2016-08-19 23:00:00,-17.3,979.4,68.8,18.0,36.0,0,Normal,
2016-08-20 00:00:00,-17.3,979.4,68.4,19.0,36.0,0,Normal,
2016-08-20 01:00:00,-16.5,979.8,68.7,20.0,35.0,0,Normal,
2016-08-20 02:00:00,-17.4,979.6,68.9,20.0,36.0,0,Normal,
2016-08-20 03:00:00,-19.9,979.2,69.4,11.0,46.0,0,Normal,
2016-08-20 04:00:00,-21.9,980.5,68.9,17.0,45.0,0,Normal,
2016-08-20 05:00:00,-18.3,980.3,68.7,17.0,38.0,0,Normal,
2016-08-20 06:00:00,-17.3,979.9,69.3,10.0,33.0,0,Normal,
2016-08-20 07:00:00,-16.6,979.9,68.7,18.0,32.0,0,Normal,
2016-08-20 08:00:00,-16.8,980.5,68.9,18.0,36.0,0,Normal,
2016-08-20 09:00:00,-16.7,980.4,68.7,14.0,35.0,0,Normal,
2016-08-20 10:00:00,-17.3,980.4,68.9,15.0,36.0,0,Normal,
2016-08-20 11:00:00,-16.4,979.7,68.5,18.0,31.0,0,Normal,
2016-08-20 12:00:00,-15.8,980.0,68.9,17.0,32.0,0,Normal,
2016-08-20 13:00:00,-16.4,979.8,68.7,16.0,36.0,0,Normal,
2016-08-20 14:00:00,-16.7,979.6,68.7,17.0,36.0,0,Normal,
2016-08-20 15:00:00,-17.2,979.2,68.9,16.0,37.0,0,Normal,
2016-08-20 16:00:00,-17.3,979.1,68.8,17.0,36.0,0,Normal,
2016-08-20 17:00:00,-17.0,978.7,68.9,19.0,35.0,0,Normal,
2016-08-20 18:00:00,-16.6,978.1,68.7,18.0,35.0,0,Normal,
2016-08-20 19:00:00,-16.6,977.8,69.1,21.0,37.0,0,Normal,
2016-08-20 20:00:00,-16.6,977.2,68.7,20.0,37.0,0,Normal,
2016-08-20 21:00:00,-16.5,976.8,68.5,21.0,37.0,0,Normal,
2016-08-20 22:00:00,-15.8,976.3,68.5,22.0,35.0,0,Normal,
2016-08-20 23:00:00,-16.0,976.1,68.4,24.0,44.0,0,Normal,
2016-08-21 00:00:00,-15.7,975.7,68.3,26.0,41.0,0,Normal,
2016-08-21 01:00:00,-15.7,975.0,68.9,26.0,38.0,0,Normal,
2016-08-21 02:00:00,-15.1,974.2,68.6,25.0,35.0,0,Normal,
2016-08-21 03:00:00,-14.8,973.6,68.9,16.0,36.0,0,Normal,
2016-08-21 04:00:00,-14.4,972.7,68.2,26.0,34.0,0,Normal,
2016-08-21 05:00:00,-14.2,972.3,67.8,26.0,34.0,0,Normal,
2016-08-21 06:00:00,-14.4,972.4,68.3,28.0,36.0,0,Normal,
2016-08-21 07:00:00,-14.2,971.9,68.4,28.0,36.0,0,Normal,
2016-08-21 08:00:00,-13.6,971.6,68.1,27.0,36.0,0,Normal,
2016-08-21 09:00:00,-13.5,970.8,68.3,27.0,36.0,0,Normal,
2016-08-21 10:00:00,-12.5,969.8,68.1,27.0,32.0,0,Normal,
2016-08-21 11:00:00,-12.6,969.2,67.9,28.0,35.0,0,Normal,
2016-08-21 12:00:00,-12.5,968.5,67.8,27.0,35.0,0,Normal,
2016-08-21 13:00:00,-12.7,968.1,67.9,28.0,36.0,0,Normal,
2016-08-21 14:00:00,-13.2,967.5,67.8,26.0,37.0,0,Normal,
2016-08-21 15:00:00,-14.3,967.5,67.7,19.0,48.0,0,Normal,
2016-08-21 16:00:00,-14.6,967.1,68.2,26.0,48.0,0,Normal,
2016-08-21 17:00:00,-14.1,967.2,68.0,28.0,41.0,0,Normal,
2016-08-21 18:00:00,-14.7,966.5,67.8,28.0,46.0,0,Normal,
2016-08-21 19:00:00,-14.2,965.8,68.0,27.0,43.0,0,Normal,
2016-08-21 20:00:00,-13.9,965.2,67.9,27.0,40.0,0,Normal,
2016-08-21 21:00:00,-14.0,964.4,68.0,27.0,42.0,0,Normal,
2016-08-21 22:00:00,-13.7,964.0,68.1,27.0,37.0,0,Normal,
2016-08-21 23:00:00,-13.4,963.4,67.8,28.0,37.0,0,Normal,
2016-08-22 00:00:00,-13.1,962.9,67.6,18.0,35.0,0,Normal,
2016-08-22 01:00:00,-13.2,962.1,67.9,27.0,37.0,0,Normal,
2016-08-22 02:00:00,-12.8,960.9,67.9,26.0,36.0,0,Normal,
2016-08-22 03:00:00,-13.0,960.4,68.1,27.0,37.0,0,Normal,
2016-08-22 04:00:00,-12.9,960.3,67.8,25.0,38.0,0,Normal,
2016-08-22 05:00:00,-12.7,959.9,68.0,25.0,39.0,0,Normal,
2016-08-22 06:00:00,-12.5,959.3,68.9,18.0,40.0,0,Normal,
2016-08-22 07:00:00,-12.4,958.7,68.2,26.0,41.0,0,Normal,
2016-08-22 08:00:00,-12.0,958.0,67.7,28.0,40.0,0,Normal,
2016-08-22 09:00:00,-11.7,957.4,67.9,27.0,39.0,0,Normal,
2016-08-22 10:00:00,-11.9,956.8,67.8,28.0,42.0,0,Normal,
2016-08-22 11:00:00,-11.3,956.5,67.8,29.0,40.0,0,Normal,
2016-08-22 12:00:00,-11.2,955.3,67.7,26.0,39.0,0,Normal,
2016-08-22 13:00:00,-11.3,955.3,67.6,28.0,39.0,0,Normal,
2016-08-22 14:00:00,-11.8,955.2,68.0,29.0,42.0,0,Normal,
2016-08-22 15:00:00,-11.8,955.1,68.2,29.0,40.0,0,Normal,
2016-08-22 16:00:00,-12.0,954.9,67.8,30.0,40.0,0,Normal,
2016-08-22 17:00:00,-11.9,954.2,67.8,27.0,39.0,0,Normal,
2016-08-22 18:00:00,-11.4,954.4,67.6,28.0,39.0,0,Normal,
2016-08-22 19:00:00,-10.7,953.6,67.5,27.0,40.0,0,Normal,
2016-08-22 20:00:00,-10.3,952.5,68.4,21.0,40.0,0,Normal,
2016-08-22 21:00:00,-9.8,952.4,67.9,28.0,38.0,0,Normal,
2016-08-22 22:00:00,-9.8,952.6,68.0,28.0,41.0,0,Normal,
2016-08-22 23:00:00,-10.0,952.7,67.7,30.0,44.0,0,Normal,
2016-08-23 00:00:00,-10.7,952.8,67.8,29.0,48.0,0,Normal,
2016-08-23 01:00:00,-10.8,952.5,68.0,28.0,49.0,0,Normal,
2016-08-23 02:00:00,-10.7,953.7,67.9,26.0,47.0,0,Normal,
2016-08-23 03:00:00,-10.9,954.2,68.2,26.0,51.0,0,Normal,
2016-08-23 04:00:00,-11.1,954.3,68.1,25.0,54.0,0,Normal,
2016-08-23 05:00:00,-11.4,954.6,67.8,25.0,57.0,0,Normal,
2016-08-23 06:00:00,-11.6,955.1,67.7,27.0,59.0,0,Normal,
2016-08-23 07:00:00,-11.6,955.3,67.7,26.0,57.0,0,Normal,
2016-08-23 08:00:00,-11.5,955.9,68.0,28.0,56.0,0,Normal,
2016-08-23 09:00:00,-11.5,956.7,67.8,27.0,57.0,0,Normal,
2016-08-23 10:00:00,-11.6,957.3,67.5,19.0,58.0,0,Normal,
2016-08-23 11:00:00,-11.1,956.9,67.6,28.0,49.0,0,Normal,
2016-08-23 12:00:00,-10.7,957.2,69.4,35.0,47.0,0,Normal,
2016-08-23 13:00:00,-10.5,956.7,67.8,27.0,46.0,0,Normal,
2016-08-23 14:00:00,-10.5,956.1,67.7,23.0,43.0,0,Normal,
2016-08-23 15:00:00,-10.5,956.4,67.8,25.0,41.0,0,Normal,
2016-08-23 16:00:00,-10.3,956.7,68.8,25.0,39.0,0,Normal,
2016-08-23 17:00:00,-10.1,956.7,67.3,24.0,40.0,0,Normal,
2016-08-23 18:00:00,-9.5,957.1,68.5,26.0,36.0,0,Normal,
2016-08-23 19:00:00,-9.4,956.8,68.8,21.0,36.0,0,Normal,
2016-08-23 20:00:00,-8.8,956.3,68.0,26.0,34.0,0,Normal,
2016-08-23 21:00:00,-9.2,956.1,68.5,28.0,37.0,0,Normal,
2016-08-23 22:00:00,-9.0,955.5,68.1,25.0,37.0,0,Normal,
2016-08-23 23:00:00,-9.2,956.1,67.7,24.0,38.0,0,Normal,
2016-08-24 00:00:00,-9.4,955.9,67.5,24.0,40.0,0,Normal,
2016-08-24 01:00:00,-9.5,955.8,68.8,11.0,39.0,0,Normal,
2016-08-24 02:00:00,-9.3,955.7,68.6,25.0,40.0,0,Normal,
2016-08-24 03:00:00,-9.4,956.5,68.6,23.0,40.0,0,Normal,
2016-08-24 04:00:00,-9.3,957.2,68.1,27.0,40.0,0,Normal,
2016-08-24 05:00:00,-9.2,957.9,68.2,27.0,37.0,0,Normal,
2016-08-24 06:00:00,-9.0,958.5,67.7,25.0,37.0,0,Normal,
2016-08-24 07:00:00,-8.7,958.5,67.9,23.0,35.0,0,Normal,
2016-08-24 08:00:00,-8.7,959.0,68.2,25.0,36.0,0,Normal,
2016-08-24 09:00:00,-8.4,958.6,68.2,25.0,35.0,0,Normal,
2016-08-24 10:00:00,-7.9,959.0,67.7,27.0,34.0,0,Normal,
2016-08-24 11:00:00,-7.9,959.0,67.9,27.0,36.0,0,Normal,
2016-08-24 12:00:00,-8.1,959.0,67.7,26.0,35.0,0,Normal,
2016-08-24 13:00:00,-8.1,958.9,69.0,18.0,36.0,0,Normal,
2016-08-24 14:00:00,-8.1,958.6,67.9,27.0,37.0,0,Normal,
2016-08-24 15:00:00,-8.1,958.8,67.9,24.0,37.0,0,Normal,
2016-08-24 16:00:00,-8.3,960.6,68.1,26.0,38.0,0,Normal,
2016-08-24 17:00:00,-8.8,961.1,67.9,25.0,42.0,0,Normal,
2016-08-24 18:00:00,-9.2,961.3,68.2,24.0,47.0,0,Normal,
2016-08-24 19:00:00,-10.0,961.3,68.3,28.0,56.0,0,Normal,
2016-08-24 20:00:00,-10.2,962.2,68.1,25.0,59.0,0,Normal,
2016-08-24 21:00:00,-10.8,962.6,68.8,17.0,66.0,0,Normal,
2016-08-24 22:00:00,-10.9,962.6,67.8,23.0,65.0,0,Normal,
2016-08-24 23:00:00,-10.8,962.8,67.8,22.0,69.0,0,Normal,
2016-08-25 00:00:00,-10.8,962.6,67.9,23.0,67.0,0,Normal,
2016-08-25 01:00:00,-10.8,962.7,67.8,21.0,69.0,0,Normal,
2016-08-25 02:00:00,-10.5,962.8,67.9,20.0,67.0,0,Normal,
2016-08-25 03:00:00,-10.6,962.9,67.6,20.0,59.0,0,Normal,
2016-08-25 04:00:00,-10.5,962.8,68.1,21.0,54.0,0,Normal,
2016-08-25 05:00:00,-10.1,962.4,68.3,21.0,51.0,0,Normal,
2016-08-25 06:00:00,-10.0,962.0,68.0,21.0,41.0,0,Normal,
2016-08-25 07:00:00,-10.9,961.6,68.1,20.0,52.0,0,Normal,
2016-08-25 08:00:00,-10.7,961.1,69.1,13.0,51.0,0,Normal,
2016-08-25 09:00:00,-10.6,960.4,68.0,19.0,48.0,0,Normal,
2016-08-25 10:00:00,-10.5,959.8,68.2,21.0,47.0,0,Normal,
2016-08-25 11:00:00,-10.7,959.3,68.3,22.0,45.0,0,Normal,
2016-08-25 12:00:00,-11.3,958.7,68.1,21.0,47.0,0,Normal,
2016-08-25 13:00:00,-11.9,958.6,68.1,22.0,50.0,0,Normal,
2016-08-25 14:00:00,-12.1,958.3,68.4,22.0,46.0,0,Normal,
2016-08-25 15:00:00,-13.4,957.9,68.1,19.0,44.0,0,Normal,
2016-08-25 16:00:00,-13.7,957.9,68.4,18.0,45.0,0,Normal,
2016-08-25 17:00:00,-14.4,957.9,68.3,17.0,47.0,0,Normal,
2016-08-25 18:00:00,-14.7,957.7,68.8,19.0,45.0,0,Normal,
2016-08-25 19:00:00,-15.2,957.4,68.2,17.0,45.0,0,Normal,
2016-08-25 20:00:00,-17.0,957.2,68.6,17.0,55.0,0,Normal,
2016-08-25 21:00:00,-18.0,957.9,68.6,16.0,58.0,0,Normal,
2016-08-25 22:00:00,-17.7,958.1,68.6,15.0,55.0,0,Normal,
2016-08-25 23:00:00,-17.9,958.5,68.5,16.0,52.0,0,Normal,
2016-08-26 00:00:00,-15.7,959.0,68.9,17.0,40.0,0,Normal,
2016-08-26 01:00:00,-16.0,959.6,69.4,9.0,38.0,0,Normal,
2016-08-26 02:00:00,-15.4,959.5,69.5,9.0,32.0,0,Normal,
2016-08-26 03:00:00,-15.8,960.1,68.7,16.0,36.0,0,Normal,
2016-08-26 04:00:00,-17.7,960.5,68.8,16.0,43.0,0,Normal,
2016-08-26 05:00:00,-16.5,960.6,69.0,17.0,38.0,0,Normal,
2016-08-26 06:00:00,-18.3,960.8,68.7,15.0,48.0,0,Normal,
2016-08-26 07:00:00,-17.0,960.9,69.4,9.0,41.0,0,Normal,
2016-08-26 08:00:00,-18.1,961.2,68.9,16.0,47.0,0,Normal,
2016-08-26 09:00:00,-17.6,961.5,69.0,13.0,46.0,0,Normal,
2016-08-26 10:00:00,-16.8,961.9,68.1,10.0,38.0,0,Normal,
2016-08-26 11:00:00,-15.2,962.5,69.8,14.0,36.0,0,Normal,
2016-08-26 12:00:00,-15.7,962.9,68.4,20.0,39.0,0,Normal,
2016-08-26 13:00:00,-14.6,962.8,68.9,16.0,36.0,0,Normal,
2016-08-26 14:00:00,-16.5,963.0,68.7,18.0,40.0,0,Normal,
2016-08-26 15:00:00,-18.1,963.2,68.5,18.0,46.0,0,Normal,
2016-08-26 16:00:00,-19.4,963.3,69.0,18.0,49.0,0,Normal,
2016-08-26 17:00:00,-19.2,963.1,68.7,19.0,47.0,0,Normal,
2016-08-26 18:00:00,-19.4,962.9,69.3,12.0,47.0,0,Normal,
2016-08-26 19:00:00,-19.1,963.0,68.5,19.0,46.0,0,Normal,
2016-08-26 20:00:00,-21.0,962.9,68.6,19.0,50.0,0,Normal,
2016-08-26 21:00:00,-22.1,962.8,68.5,20.0,56.0,0,Normal,
2016-08-26 22:00:00,-21.9,962.7,68.6,19.0,55.0,0,Normal,
2016-08-26 23:00:00,-22.7,962.7,68.6,21.0,59.0,0,Normal,
2016-08-27 00:00:00,-22.3,962.6,68.3,21.0,57.0,0,Normal,
2016-08-27 01:00:00,-21.9,962.5,68.4,21.0,54.0,0,Normal,
2016-08-27 02:00:00,-22.8,962.5,68.5,21.0,55.0,0,Normal,
2016-08-27 03:00:00,-23.1,962.4,69.2,13.0,59.0,0,Normal,
2016-08-27 04:00:00,-24.0,962.5,68.4,22.0,58.0,0,Normal,
2016-08-27 05:00:00,-23.6,962.5,68.6,21.0,61.0,0,Normal,
2016-08-27 06:00:00,-23.4,962.6,68.4,23.0,58.0,0,Normal,
2016-08-27 07:00:00,-23.0,962.9,68.3,23.0,61.0,0,Normal,
2016-08-27 08:00:00,-20.9,963.0,68.1,22.0,57.0,0,Normal,
2016-08-27 09:00:00,-21.8,963.2,68.2,24.0,53.0,0,Normal,
2016-08-27 10:00:00,-21.8,963.6,67.9,25.0,52.0,0,Normal,
2016-08-27 11:00:00,-20.6,963.8,67.8,28.0,49.0,0,Normal,
2016-08-27 12:00:00,-20.6,964.1,67.9,28.0,52.0,0,Normal,
2016-08-27 13:00:00,-20.6,964.7,68.6,19.0,47.0,0,Normal,
2016-08-27 14:00:00,-21.3,964.6,67.7,28.0,51.0,0,Normal,
2016-08-27 15:00:00,-21.0,965.2,67.9,27.0,53.0,0,Normal,
2016-08-27 16:00:00,-22.0,965.2,68.9,17.0,58.0,0,Normal,
2016-08-27 17:00:00,-22.0,966.6,68.4,25.0,75.0,0,Normal,
2016-08-27 18:00:00,-21.2,966.4,67.9,25.0,64.0,0,Normal,
2016-08-27 19:00:00,-21.1,966.7,68.0,25.0,71.0,0,Normal,
2016-08-27 20:00:00,-20.6,966.5,68.2,22.0,77.0,0,Normal,
2016-08-27 21:00:00,-18.5,966.0,68.2,22.0,51.0,0,Normal,
2016-08-27 22:00:00,-17.2,965.6,68.3,21.0,42.0,0,Normal,
2016-08-27 23:00:00,-17.7,965.8,68.3,20.0,44.0,0,Normal,
2016-08-28 00:00:00,-17.7,965.3,68.5,21.0,43.0,0,Normal,
2016-08-28 01:00:00,-17.3,965.2,68.5,19.0,38.0,0,Normal,
2016-08-28 02:00:00,-17.7,964.6,68.4,20.0,41.0,0,Normal,
2016-08-28 03:00:00,-17.4,964.2,69.2,12.0,37.0,0,Normal,
2016-08-28 04:00:00,-17.9,964.2,68.5,20.0,42.0,0,Normal,
2016-08-28 05:00:00,-16.6,963.2,68.6,18.0,36.0,0,Normal,
2016-08-28 06:00:00,-16.5,963.8,68.5,20.0,36.0,0,Normal,
2016-08-28 07:00:00,-17.6,963.9,69.3,9.0,40.0,0,Normal,
2016-08-28 08:00:00,-17.5,963.3,68.6,18.0,41.0,0,Normal,
2016-08-28 09:00:00,-16.1,963.0,68.6,17.0,35.0,0,Normal,
2016-08-28 10:00:00,-15.2,962.5,68.1,23.0,33.0,0,Normal,
2016-08-28 11:00:00,-14.6,962.2,68.1,25.0,33.0,0,Normal,
2016-08-28 12:00:00,-14.1,961.5,67.9,25.0,31.0,0,Normal,
2016-08-28 13:00:00,-14.1,960.8,68.1,23.0,33.0,0,Normal,
2016-08-28 14:00:00,-13.2,960.8,69.3,13.0,30.0,0,Normal,
2016-08-28 15:00:00,-13.3,960.2,68.4,22.0,30.0,0,Normal,
2016-08-28 16:00:00,-14.1,959.7,68.3,21.0,32.0,0,Normal,
2016-08-28 17:00:00,-13.7,959.7,68.5,20.0,33.0,0,Normal,
2016-08-28 18:00:00,-12.8,959.1,68.3,20.0,33.0,0,Normal,
2016-08-28 19:00:00,-12.0,958.9,69.2,13.0,36.0,0,Normal,
2016-08-28 20:00:00,-12.5,959.4,68.3,21.0,41.0,0,Normal,
2016-08-28 21:00:00,-12.2,959.8,68.2,20.0,43.0,0,Normal,
2016-08-28 22:00:00,-11.3,960.5,68.5,19.0,44.0,0,Normal,
2016-08-28 23:00:00,-11.4,961.3,68.3,19.0,44.0,0,Normal,
2016-08-29 00:00:00,-10.3,961.8,68.3,19.0,42.0,0,Normal,
2016-08-29 01:00:00,-10.6,962.4,68.5,19.0,45.0,0,Normal,
2016-08-29 02:00:00,-10.7,962.9,68.1,18.0,49.0,0,Normal,
2016-08-29 03:00:00,-10.8,964.0,68.4,19.0,51.0,0,Normal,
2016-08-29 04:00:00,-11.1,964.2,68.4,18.0,53.0,0,Normal,
2016-08-29 05:00:00,-11.1,964.9,68.3,19.0,56.0,0,Normal,
2016-08-29 06:00:00,-10.8,965.4,68.1,21.0,53.0,0,Normal,
2016-08-29 07:00:00,-11.0,965.9,68.3,19.0,60.0,0,Normal,
2016-08-29 08:00:00,-10.7,966.4,68.3,20.0,52.0,0,Normal,
2016-08-29 09:00:00,-10.3,967.0,68.2,19.0,54.0,0,Normal,
2016-08-29 10:00:00,-10.3,967.6,67.4,20.0,56.0,0,Normal,
2016-08-29 11:00:00,-10.0,967.6,68.1,22.0,51.0,0,Normal,
2016-08-29 12:00:00,-10.0,967.8,68.9,12.0,54.0,0,Normal,
2016-08-29 13:00:00,-10.1,968.1,69.3,11.0,57.0,0,Normal,
2016-08-29 14:00:00,-10.1,967.8,68.2,17.0,61.0,0,Normal,
2016-08-29 15:00:00,-10.1,967.9,68.3,18.0,59.0,0,Normal,
2016-08-29 16:00:00,-10.5,968.1,68.4,16.0,60.0,0,Normal,
2016-08-29 17:00:00,-12.1,968.3,68.3,16.0,69.0,0,Normal,
2016-08-29 18:00:00,-12.5,968.6,69.3,9.0,65.0,0,Normal,
2016-08-29 19:00:00,-11.8,968.4,69.2,10.0,59.0,0,Normal,
2016-08-29 20:00:00,-11.8,968.6,68.4,17.0,59.0,0,Normal,
2016-08-29 21:00:00,-11.0,968.5,69.3,11.0,53.0,0,Normal,
2016-08-29 22:00:00,-11.4,968.6,68.3,18.0,53.0,0,Normal,
2016-08-29 23:00:00,-11.7,968.4,69.1,12.0,51.0,0,Normal,
2016-08-30 00:00:00,-11.8,968.3,68.2,20.0,44.0,0,Normal,
2016-08-30 01:00:00,-11.8,968.1,68.2,20.0,44.0,0,Normal,
2016-08-30 02:00:00,-12.1,967.7,68.2,19.0,46.0,0,Normal,
2016-08-30 03:00:00,-12.0,967.5,68.2,18.0,48.0,0,Normal,
2016-08-30 04:00:00,-12.3,966.5,68.2,18.0,47.0,0,Normal,
2016-08-30 05:00:00,-12.9,966.4,68.3,19.0,48.0,0,Normal,
2016-08-30 06:00:00,-13.3,966.3,68.4,17.0,44.0,0,Normal,
2016-08-30 07:00:00,-13.3,966.1,68.6,17.0,44.0,0,Normal,
2016-08-30 08:00:00,-12.9,965.5,68.4,17.0,41.0,0,Normal,
2016-08-30 09:00:00,-11.6,965.3,68.5,16.0,38.0,0,Normal,
2016-08-30 10:00:00,-11.9,965.0,69.3,8.0,39.0,0,Normal,
2016-08-30 11:00:00,-11.5,964.3,68.3,15.0,39.0,0,Normal,
2016-08-30 12:00:00,-11.7,963.6,68.9,11.0,38.0,0,Normal,
2016-08-30 13:00:00,-11.4,963.0,69.0,10.0,40.0,0,Normal,
2016-08-30 14:00:00,-11.9,962.1,68.7,12.0,39.0,0,Normal,
2016-08-30 15:00:00,-12.4,961.4,68.7,13.0,40.0,0,Normal,
2016-08-30 16:00:00,-11.7,961.1,68.9,13.0,37.0,0,Normal,
2016-08-30 17:00:00,-11.6,961.0,68.9,13.0,39.0,0,Normal,
2016-08-30 18:00:00,-10.9,960.4,68.5,15.0,34.0,0,Normal,
2016-08-30 19:00:00,-11.1,959.8,68.4,15.0,37.0,0,Normal,
2016-08-30 20:00:00,-10.8,959.0,68.5,16.0,32.0,0,Normal,
2016-08-30 21:00:00,-11.9,958.0,68.3,16.0,37.0,0,Normal,
2016-08-30 22:00:00,-12.2,956.9,68.4,18.0,36.0,0,Normal,
2016-08-30 23:00:00,-12.5,956.7,68.3,21.0,36.0,0,Normal,
2016-08-31 00:00:00,-12.8,955.7,68.4,19.0,37.0,0,Normal,
2016-08-31 01:00:00,-12.4,955.1,69.0,19.0,37.0,0,Normal,
2016-08-31 02:00:00,-12.6,954.7,68.9,19.0,38.0,0,Normal,
2016-08-31 03:00:00,-12.4,954.4,68.6,21.0,37.0,0,Normal,
2016-08-31 04:00:00,-11.0,954.1,68.3,22.0,37.0,0,Normal,
2016-08-31 05:00:00,-10.8,953.9,68.5,21.0,42.0,0,Normal,
2016-08-31 06:00:00,-10.3,953.7,69.1,12.0,41.0,0,Normal,
2016-08-31 07:00:00,-10.1,954.0,68.8,20.0,46.0,0,Normal,
2016-08-31 08:00:00,-10.4,954.4,68.3,20.0,54.0,0,Normal,
2016-08-31 09:00:00,-10.0,954.7,68.4,17.0,57.0,0,Normal,
2016-08-31 10:00:00,-9.9,954.8,69.2,11.0,60.0,0,Normal,
2016-08-31 11:00:00,-9.8,955.1,68.0,19.0,58.0,0,Normal,
2016-08-31 12:00:00,-9.5,955.3,68.2,16.0,66.0,0,Normal,
2016-08-31 13:00:00,-10.3,955.3,68.0,18.0,72.0,0,Normal,
2016-08-31 14:00:00,-10.2,955.2,67.9,19.0,76.0,0,Normal,
2016-08-31 15:00:00,-10.4,955.6,67.7,3.0,74.0,0,Normal,
2016-08-31 16:00:00,-10.5,955.9,68.4,15.0,72.0,0,Normal,
2016-08-31 17:00:00,-10.7,956.1,68.3,15.0,74.0,0,Normal,
2016-08-31 18:00:00,-11.0,956.4,68.7,16.0,73.0,0,Normal,
2016-08-31 19:00:00,-11.2,956.5,68.5,15.0,70.0,0,Normal,
2016-08-31 20:00:00,-10.2,956.6,68.2,15.0,66.0,0,Normal,
2016-08-31 21:00:00,-10.4,957.0,68.3,15.0,64.0,0,Normal,
2016-08-31 22:00:00,-10.6,957.0,68.2,17.0,63.0,0,Normal,
2016-08-31 23:00:00,-10.2,957.1,68.1,17.0,57.0,0,Normal,
2016-09-01 00:00:00,-10.0,957.4,69.2,10.0,53.0,0,Normal,
2016-09-01 01:00:00,-10.1,957.7,68.2,17.0,51.0,0,Normal,
2016-09-01 02:00:00,-10.1,957.9,68.2,18.0,49.0,0,Normal,
2016-09-01 03:00:00,-10.5,957.7,68.2,17.0,49.0,0,Normal,
2016-09-01 04:00:00,-10.7,958.1,68.3,17.0,49.0,0,Normal,
2016-09-01 05:00:00,-10.9,958.5,68.1,17.0,47.0,0,Normal,
2016-09-01 06:00:00,-11.2,958.7,68.1,19.0,46.0,0,Normal,
2016-09-01 07:00:00,-11.2,959.3,68.2,18.0,44.0,0,Normal,
2016-09-01 08:00:00,-11.2,959.4,68.4,18.0,41.0,0,Normal,
2016-09-01 09:00:00,-11.0,959.6,68.3,17.0,41.0,0,Normal,
2016-09-01 10:00:00,-11.1,960.3,68.4,15.0,50.0,0,Normal,
2016-09-01 11:00:00,-10.9,960.6,68.3,18.0,34.0,0,Normal,
2016-09-01 12:00:00,-11.5,961.0,69.0,12.0,37.0,0,Normal,
2016-09-01 13:00:00,-11.8,960.6,68.9,11.0,37.0,0,Normal,
2016-09-01 14:00:00,-11.9,960.3,69.2,10.0,35.0,0,Normal,
2016-09-01 15:00:00,-12.2,959.9,69.1,8.0,38.0,0,Normal,
2016-09-01 16:00:00,-12.8,960.8,68.8,15.0,35.0,0,Normal,
2016-09-01 17:00:00,-13.6,960.7,68.7,14.0,41.0,0,Normal,
2016-09-01 18:00:00,-14.1,960.6,68.6,15.0,51.0,0,Normal,
2016-09-01 19:00:00,-14.0,960.6,68.4,15.0,44.0,0,Normal,
2016-09-01 20:00:00,-14.2,960.0,68.6,14.0,44.0,0,Normal,
2016-09-01 21:00:00,-14.3,959.9,68.6,15.0,44.0,0,Normal,
2016-09-01 22:00:00,-14.7,959.7,68.6,17.0,39.0,0,Normal,
2016-09-01 23:00:00,-14.9,959.4,68.3,17.0,36.0,0,Normal,
2016-09-02 00:00:00,-15.5,959.1,68.6,18.0,41.0,0,Normal,
2016-09-02 01:00:00,-16.2,958.7,68.7,18.0,41.0,0,Normal,
2016-09-02 02:00:00,-16.4,958.1,68.5,17.0,38.0,0,Normal,
2016-09-02 03:00:00,-16.6,957.3,69.2,10.0,42.0,0,Normal,
2016-09-02 04:00:00,-16.4,956.9,68.4,18.0,38.0,0,Normal,
2016-09-02 05:00:00,-16.4,957.0,68.5,17.0,38.0,0,Normal,
2016-09-02 06:00:00,-17.0,956.7,68.5,17.0,42.0,0,Normal,
2016-09-02 07:00:00,-16.7,956.1,68.4,18.0,40.0,0,Normal,
2016-09-02 08:00:00,-16.5,956.0,68.3,19.0,37.0,0,Normal,
2016-09-02 09:00:00,-16.3,955.3,68.7,18.0,43.0,0,Normal,
2016-09-02 10:00:00,-15.5,955.1,68.5,20.0,38.0,0,Normal,
2016-09-02 11:00:00,-15.4,954.4,68.4,20.0,40.0,0,Normal,
2016-09-02 12:00:00,-16.3,954.0,69.2,11.0,48.0,0,Normal,
2016-09-02 13:00:00,-17.0,953.6,68.4,18.0,49.0,0,Normal,
2016-09-02 14:00:00,-17.2,953.0,69.3,11.0,54.0,0,Normal,
2016-09-02 15:00:00,-17.5,952.9,68.8,16.0,55.0,0,Normal,
2016-09-02 16:00:00,-16.9,953.1,68.6,18.0,50.0,0,Normal,
2016-09-02 17:00:00,-17.4,953.1,68.7,18.0,48.0,0,Normal,
2016-09-02 18:00:00,-18.1,952.9,68.6,16.0,51.0,0,Normal,
2016-09-02 19:00:00,-18.3,952.6,68.5,21.0,51.0,0,Normal,
2016-09-02 20:00:00,-19.8,952.9,68.5,20.0,70.0,0,Normal,
2016-09-02 21:00:00,-19.1,952.8,68.5,20.0,67.0,0,Normal,
2016-09-02 22:00:00,-19.6,952.2,68.3,19.0,54.0,0,Normal,
2016-09-02 23:00:00,-19.9,951.9,68.3,21.0,69.0,0,Normal,
2016-09-03 00:00:00,-20.1,951.1,68.4,24.0,52.0,0,Normal,
2016-09-03 01:00:00,-19.4,950.5,68.2,23.0,47.0,0,Normal,
2016-09-03 02:00:00,-19.1,949.6,68.5,22.0,43.0,0,Normal,
2016-09-03 03:00:00,-19.2,949.0,68.2,23.0,46.0,0,Normal,
2016-09-03 04:00:00,-19.2,948.5,68.2,23.0,45.0,0,Normal,
2016-09-03 05:00:00,-19.1,948.4,68.5,21.0,43.0,0,Normal,
2016-09-03 06:00:00,-19.3,947.9,68.5,21.0,46.0,0,Normal,
2016-09-03 07:00:00,-19.5,947.5,68.2,21.0,45.0,0,Normal,
2016-09-03 08:00:00,-18.4,946.8,68.5,19.0,41.0,0,Normal,
2016-09-03 09:00:00,-17.9,946.2,68.4,18.0,44.0,0,Normal,
2016-09-03 10:00:00,-17.3,945.7,68.4,16.0,42.0,0,Normal,
2016-09-03 11:00:00,-17.3,945.3,68.4,18.0,46.0,0,Normal,
2016-09-03 12:00:00,-17.3,945.0,68.9,13.0,49.0,0,Normal,
2016-09-03 13:00:00,-17.1,944.6,69.5,5.0,48.0,0,Normal,
2016-09-03 14:00:00,-17.3,944.5,68.7,14.0,44.0,0,Normal,
2016-09-03 15:00:00,-17.8,944.3,68.7,14.0,43.0,0,Normal,
2016-09-03 16:00:00,-18.2,944.3,68.9,14.0,41.0,0,Normal,
2016-09-03 17:00:00,-17.9,944.7,69.5,7.0,45.0,0,Normal,
2016-09-03 18:00:00,-19.9,945.4,69.0,15.0,52.0,0,Normal,
2016-09-03 19:00:00,-20.7,946.1,68.9,17.0,46.0,0,Normal,
2016-09-03 20:00:00,-20.9,947.3,69.4,9.0,44.0,0,Normal,
2016-09-03 21:00:00,-21.9,948.2,68.8,17.0,51.0,0,Normal,
2016-09-03 22:00:00,-22.3,948.9,69.0,17.0,50.0,0,Normal,
2016-09-03 23:00:00,-22.6,949.1,69.0,19.0,50.0,0,Normal,
2016-09-04 00:00:00,-22.4,949.4,68.7,18.0,55.0,0,Normal,
2016-09-04 01:00:00,-22.5,949.6,68.7,21.0,56.0,0,Normal,
2016-09-04 02:00:00,-22.2,950.5,68.5,20.0,53.0,0,Normal,
2016-09-04 03:00:00,-22.7,951.0,68.9,19.0,48.0,0,Normal,
2016-09-04 04:00:00,-23.5,951.8,68.9,21.0,51.0,0,Normal,
2016-09-04 05:00:00,-24.4,953.1,68.7,19.0,54.0,0,Normal,
2016-09-04 06:00:00,-24.9,953.5,68.8,19.0,55.0,0,Normal,
2016-09-04 07:00:00,-25.1,954.1,68.9,20.0,51.0,0,Normal,
2016-09-04 08:00:00,-24.4,954.7,68.4,18.0,48.0,0,Normal,
2016-09-04 09:00:00,-22.5,955.7,68.7,15.0,42.0,0,Normal,
2016-09-04 10:00:00,-23.2,956.3,69.2,11.0,41.0,0,Normal,
2016-09-04 11:00:00,-22.1,956.9,68.8,21.0,35.0,0,Normal,
2016-09-04 12:00:00,-23.1,957.6,68.5,19.0,35.0,0,Normal,
2016-09-04 13:00:00,-22.2,957.9,68.7,20.0,36.0,0,Normal,
2016-09-04 14:00:00,-22.4,958.1,68.3,21.0,36.0,0,Normal,
2016-09-04 15:00:00,-23.7,958.7,68.5,20.0,36.0,0,Normal,
2016-09-04 16:00:00,-24.3,959.2,68.8,22.0,38.0,0,Normal,
2016-09-04 17:00:00,-24.8,959.5,68.9,21.0,41.0,0,Normal,
2016-09-04 18:00:00,-24.7,959.7,68.9,22.0,39.0,0,Normal,
2016-09-04 19:00:00,-24.9,960.0,68.7,24.0,38.0,0,Normal,
2016-09-04 20:00:00,-25.0,960.1,68.8,24.0,40.0,0,Normal,
2016-09-04 21:00:00,-25.6,959.9,68.7,24.0,37.0,0,Normal,
2016-09-04 22:00:00,-25.2,960.1,68.5,24.0,38.0,0,Normal,
2016-09-04 23:00:00,-25.1,960.6,68.7,25.0,35.0,0,Normal,
2016-09-05 00:00:00,-25.5,960.7,68.4,25.0,34.0,0,Normal,
2016-09-05 01:00:00,-25.9,960.9,68.3,27.0,35.0,0,Normal,
2016-09-05 02:00:00,-25.2,960.9,68.8,27.0,35.0,0,Normal,
2016-09-05 03:00:00,-27.0,960.7,69.0,17.0,39.0,0,Normal,
2016-09-05 04:00:00,-25.7,960.7,68.8,25.0,34.0,0,Normal,
2016-09-05 05:00:00,-25.8,960.9,68.6,25.0,35.0,0,Normal,
2016-09-05 06:00:00,-25.9,961.3,68.5,25.0,33.0,0,Normal,
2016-09-05 07:00:00,-25.8,961.3,68.4,25.0,35.0,0,Normal,
2016-09-05 08:00:00,-25.2,961.1,68.4,23.0,33.0,0,Normal,
2016-09-05 09:00:00,-24.3,961.4,68.6,22.0,31.0,0,Normal,
2016-09-05 10:00:00,-24.3,961.6,69.1,15.0,32.0,0,Normal,
2016-09-05 11:00:00,-23.3,961.8,68.3,26.0,33.0,0,Normal,
2016-09-05 12:00:00,-23.1,961.6,69.0,16.0,34.0,0,Normal,
2016-09-05 13:00:00,-22.9,961.6,67.9,27.0,33.0,0,Normal,
2016-09-05 14:00:00,-23.1,961.6,68.2,27.0,34.0,0,Normal,
2016-09-05 15:00:00,-23.4,961.9,67.9,30.0,33.0,0,Normal,
2016-09-05 16:00:00,-23.8,961.6,68.1,28.0,37.0,0,Normal,
2016-09-05 17:00:00,-24.6,961.5,68.3,29.0,35.0,0,Normal,
2016-09-05 18:00:00,-24.6,961.8,68.7,19.0,34.0,0,Normal,
2016-09-05 19:00:00,-24.9,961.4,68.2,28.0,135.0,0,Normal,
2016-09-05 20:00:00,-25.6,961.3,68.5,26.0,33.0,0,Normal,
2016-09-05 21:00:00,-24.7,961.0,69.6,10.0,33.0,0,Normal,
2016-09-05 22:00:00,-24.7,961.0,68.5,26.0,32.0,0,Normal,
2016-09-05 23:00:00,-24.7,960.6,68.4,23.0,34.0,0,Normal,
2016-09-06 00:00:00,-25.0,960.5,68.9,24.0,33.0,0,Normal,
2016-09-06 01:00:00,-24.6,960.3,68.8,23.0,32.0,0,Normal,
2016-09-06 02:00:00,-24.8,960.1,68.8,22.0,32.0,0,Normal,
2016-09-06 03:00:00,-24.6,959.6,68.8,22.0,33.0,0,Normal,
2016-09-06 04:00:00,-24.8,959.8,69.3,13.0,33.0,0,Normal,
2016-09-06 05:00:00,-24.7,959.6,68.5,21.0,35.0,0,Normal,
2016-09-06 06:00:00,-24.6,958.7,69.0,21.0,32.0,0,Normal,
2016-09-06 07:00:00,-24.3,958.9,69.0,20.0,32.0,0,Normal,
2016-09-06 08:00:00,-23.5,958.7,69.3,13.0,32.0,0,Normal,
2016-09-06 09:00:00,-22.8,959.1,69.5,12.0,33.0,0,Normal,
2016-09-06 10:00:00,-21.7,958.9,68.1,23.0,31.0,0,Normal,
2016-09-06 11:00:00,-21.0,958.5,68.2,27.0,31.0,0,Normal,
2016-09-06 12:00:00,-20.8,958.5,68.5,27.0,32.0,0,Normal,
2016-09-06 13:00:00,-20.8,958.6,68.3,17.0,34.0,0,Normal,
2016-09-06 14:00:00,-21.0,958.7,69.0,18.0,39.0,0,Normal,
2016-09-06 15:00:00,-21.3,958.8,68.1,26.0,40.0,0,Normal,
2016-09-06 16:00:00,-21.3,958.8,68.6,28.0,37.0,0,Normal,
2016-09-06 17:00:00,-21.1,958.9,67.9,20.0,36.0,0,Normal,
2016-09-06 18:00:00,-21.2,959.0,68.4,30.0,37.0,0,Normal,
2016-09-06 19:00:00,-21.4,959.2,68.2,29.0,36.0,0,Normal,
2016-09-06 20:00:00,-20.8,959.1,68.5,28.0,35.0,0,Normal,
2016-09-06 21:00:00,-21.7,959.2,68.5,27.0,38.0,0,Normal,
2016-09-06 22:00:00,-20.6,959.1,68.3,25.0,35.0,0,Normal,
2016-09-06 23:00:00,-20.2,959.2,69.0,17.0,35.0,0,Normal,
2016-09-07 00:00:00,-20.1,959.5,68.4,24.0,35.0,0,Normal,
2016-09-07 01:00:00,-20.1,959.9,69.4,14.0,36.0,0,Normal,
2016-09-07 02:00:00,-20.0,960.2,68.7,21.0,35.0,0,Normal,
2016-09-07 03:00:00,-20.1,960.0,68.6,20.0,35.0,0,Normal,
2016-09-07 04:00:00,-20.1,959.9,69.4,14.0,36.0,0,Normal,
2016-09-07 05:00:00,-20.2,959.6,69.0,20.0,38.0,0,Normal,
2016-09-07 06:00:00,-20.2,960.0,69.0,20.0,38.0,0,Normal,
2016-09-07 07:00:00,-19.6,960.0,69.1,17.0,36.0,0,Normal,
2016-09-07 08:00:00,-18.8,960.3,68.9,17.0,35.0,0,Normal,
2016-09-07 09:00:00,-18.1,960.2,69.7,10.0,34.0,0,Normal,
2016-09-07 10:00:00,-18.0,960.3,68.8,21.0,33.0,0,Normal,
2016-09-07 11:00:00,-17.7,960.4,68.5,25.0,33.0,0,Normal,
2016-09-07 12:00:00,-17.4,960.0,68.2,26.0,32.0,0,Normal,
2016-09-07 13:00:00,-17.0,959.6,68.2,24.0,32.0,0,Normal,
2016-09-07 14:00:00,-17.6,959.5,68.3,25.0,33.0,0,Normal,
2016-09-07 15:00:00,-18.7,959.3,68.4,23.0,33.0,0,Normal,
2016-09-07 16:00:00,-19.8,958.8,68.6,21.0,35.0,0,Normal,
2016-09-07 17:00:00,-20.3,958.6,68.9,23.0,35.0,0,Normal,
2016-09-07 18:00:00,-21.1,958.1,69.0,22.0,34.0,0,Normal,
2016-09-07 19:00:00,-21.8,958.4,68.5,23.0,42.0,0,Normal,
2016-09-07 20:00:00,-22.6,958.6,68.1,26.0,41.0,0,Normal,
2016-09-07 21:00:00,-21.9,958.1,68.6,24.0,36.0,0,Normal,
2016-09-07 22:00:00,-22.3,957.9,68.7,22.0,35.0,0,Normal,
2016-09-07 23:00:00,-23.9,957.1,68.8,23.0,40.0,0,Normal,
2016-09-08 00:00:00,-25.7,956.9,68.7,23.0,48.0,0,Normal,
2016-09-08 01:00:00,-25.9,956.0,68.9,23.0,49.0,0,Normal,
2016-09-08 02:00:00,-25.9,955.2,68.4,15.0,49.0,0,Normal,
2016-09-08 03:00:00,-24.9,954.4,68.7,23.0,38.0,0,Normal,
2016-09-08 04:00:00,-25.9,953.8,68.9,23.0,43.0,0,Normal,
2016-09-08 05:00:00,-26.3,953.0,68.4,15.0,45.0,0,Normal,
2016-09-08 06:00:00,-27.2,952.5,68.4,15.0,48.0,0,Normal,
2016-09-08 07:00:00,-26.7,952.0,68.6,21.0,46.0,0,Normal,
2016-09-08 08:00:00,-26.4,951.5,68.8,20.0,47.0,0,Normal,
2016-09-08 09:00:00,-24.5,950.7,68.8,19.0,42.0,0,Normal,
2016-09-08 10:00:00,-25.5,950.3,68.6,23.0,46.0,0,Normal,
2016-09-08 11:00:00,-23.7,949.1,68.4,24.0,45.0,0,Normal,
2016-09-08 12:00:00,-23.9,948.8,68.2,26.0,44.0,0,Normal,
2016-09-08 13:00:00,-23.0,948.0,68.5,23.0,43.0,0,Normal,
2016-09-08 14:00:00,-22.4,947.5,68.4,24.0,44.0,0,Normal,
2016-09-08 15:00:00,-23.5,947.0,15.6,202.0,44.0,0,Normal,
2016-09-08 16:00:00,-21.8,946.6,15.1,235.0,38.0,0,Normal,
2016-09-08 17:00:00,-24.9,946.2,14.0,160.0,47.0,0,Normal,
2016-09-08 18:00:00,-20.5,945.3,17.4,1.0,31.0,0,Normal,
2016-09-08 19:00:00,-21.1,945.5,16.6,353.0,33.0,0,Normal,
2016-09-08 20:00:00,-20.1,945.3,8.4,5.0,30.0,0,Normal,
2016-09-08 21:00:00,-21.2,945.0,6.0,102.0,31.0,0,Normal,
2016-09-08 22:00:00,-20.4,945.1,7.5,354.0,30.0,0,Normal,
2016-09-08 23:00:00,-18.8,944.9,18.7,354.0,27.0,0,Normal,
2016-09-09 00:00:00,-17.7,944.9,8.1,65.0,25.0,0,Normal,
2016-09-09 01:00:00,-21.0,944.9,18.3,355.0,34.0,0,Normal,
2016-09-09 02:00:00,-22.2,944.7,20.8,354.0,34.0,0,Normal,
2016-09-09 03:00:00,-22.8,944.5,23.1,357.0,35.0,0,Normal,
2016-09-09 04:00:00,-22.3,944.8,20.6,356.0,35.0,0,Normal,
2016-09-09 05:00:00,-20.8,945.0,18.5,354.0,28.0,0,Normal,
2016-09-09 06:00:00,-21.4,945.6,19.1,351.0,31.0,0,Normal,
2016-09-09 07:00:00,-20.4,946.4,20.0,354.0,29.0,0,Normal,
2016-09-09 08:00:00,-19.8,946.1,17.1,347.0,31.0,0,Normal,
2016-09-09 09:00:00,-19.8,946.7,22.9,354.0,32.0,0,Normal,
2016-09-09 10:00:00,-17.8,947.4,19.7,348.0,34.0,0,Normal,
2016-09-09 11:00:00,-19.4,947.2,8.5,260.0,33.0,0,Normal,
2016-09-09 12:00:00,-20.5,948.0,12.4,188.0,36.0,0,Normal,
2016-09-09 13:00:00,-23.1,947.5,4.1,217.0,36.0,0,Normal,
2016-09-09 14:00:00,-22.4,946.9,5.9,84.0,40.0,0,Normal,
2016-09-09 15:00:00,-22.1,946.2,14.0,342.0,40.0,0,Normal,
2016-09-09 16:00:00,-22.2,946.5,75.4,52.0,39.0,0,Normal,
2016-09-09 17:00:00,41.6,946.7,69.8,50.0,100.0,0,Normal,
2016-09-09 18:00:00,-17.8,946.8,75.4,52.0,37.0,0,Normal,
2016-09-09 19:00:00,-18.4,947.7,75.5,52.0,40.0,0,Normal,
2016-09-09 20:00:00,-18.6,948.5,75.5,52.0,45.0,0,Normal,
2016-09-09 21:00:00,-18.5,949.0,75.5,52.0,43.0,0,Normal,
2016-09-09 22:00:00,-18.3,949.4,75.5,52.0,41.0,0,Normal,
2016-09-09 23:00:00,-18.1,949.9,75.5,52.0,41.0,0,Normal,
2016-09-10 00:00:00,-18.3,951.3,74.4,50.0,43.0,0,Normal,
2016-09-10 01:00:00,-17.7,952.1,74.4,50.0,34.0,0,Normal,
2016-09-10 02:00:00,-18.0,953.2,75.5,52.0,37.0,0,Normal,
2016-09-10 03:00:00,-17.8,954.2,75.4,52.0,36.0,0,Normal,
2016-09-10 04:00:00,-18.0,954.9,75.4,52.0,37.0,0,Normal,
2016-09-10 05:00:00,-18.3,956.1,75.4,52.0,39.0,0,Normal,
2016-09-10 06:00:00,-18.9,956.6,75.5,52.0,42.0,0,Normal,
2016-09-10 07:00:00,-19.1,957.7,75.5,52.0,42.0,0,Normal,
2016-09-10 08:00:00,-19.1,958.5,75.3,52.0,41.0,0,Normal,
2016-09-10 09:00:00,-17.5,959.1,74.4,50.0,35.0,0,Normal,
2016-09-10 10:00:00,-17.7,959.4,74.5,50.0,34.0,0,Normal,
2016-09-10 11:00:00,-17.6,959.4,75.5,52.0,36.0,0,Normal,
2016-09-10 12:00:00,-18.5,959.7,75.6,52.0,40.0,0,Normal,
2016-09-10 13:00:00,-19.6,959.9,75.5,52.0,46.0,0,Normal,
2016-09-10 14:00:00,-19.4,959.5,75.4,52.0,45.0,0,Normal,
2016-09-10 15:00:00,-19.3,959.3,75.4,52.0,45.0,0,Normal,
2016-09-10 16:00:00,-19.9,958.9,18.0,93.0,46.0,0,Normal,
2016-09-10 17:00:00,-20.6,958.7,15.6,48.0,48.0,0,Normal,
2016-09-10 18:00:00,-21.1,958.3,14.5,45.0,47.0,0,Normal,
2016-09-10 19:00:00,-21.9,957.9,17.2,89.0,46.0,0,Normal,
2016-09-10 20:00:00,-22.7,957.6,14.2,6.0,51.0,0,Normal,
2016-09-10 21:00:00,-23.0,957.1,14.4,93.0,49.0,0,Normal,
2016-09-10 22:00:00,-23.9,956.5,16.8,17.0,51.0,0,Normal,
2016-09-10 23:00:00,-24.9,955.9,5.8,154.0,51.0,0,Normal,
2016-09-11 00:00:00,-25.1,955.2,17.1,107.0,52.0,0,Normal,
2016-09-11 01:00:00,-24.9,954.7,15.2,259.0,49.0,0,Normal,
2016-09-11 02:00:00,-26.0,954.0,15.2,301.0,52.0,0,Normal,
2016-09-11 03:00:00,-26.8,953.0,13.3,65.0,55.0,0,Normal,
2016-09-11 04:00:00,-27.0,952.0,14.1,323.0,55.0,0,Normal,
2016-09-11 05:00:00,-27.5,951.2,15.7,329.0,58.0,0,Normal,
2016-09-11 06:00:00,-27.2,950.8,13.7,36.0,56.0,0,Normal,
2016-09-11 07:00:00,-25.8,950.4,15.1,288.0,54.0,0,Normal,
2016-09-11 08:00:00,-24.5,949.9,14.2,229.0,51.0,0,Normal,
2016-09-11 09:00:00,-22.3,949.5,13.3,191.0,42.0,0,Normal,
2016-09-11 10:00:00,-22.1,949.1,14.6,266.0,41.0,0,Normal,
2016-09-11 11:00:00,-22.9,949.0,18.1,258.0,42.0,0,Normal,
2016-09-11 12:00:00,-21.8,948.6,17.6,255.0,40.0,0,Normal,
2016-09-11 13:00:00,-21.3,948.5,13.5,160.0,39.0,0,Normal,
2016-09-11 14:00:00,-21.5,948.1,13.8,224.0,38.0,0,Normal,
2016-09-11 15:00:00,-22.4,948.1,17.8,180.0,39.0,0,Normal,
2016-09-11 16:00:00,-25.4,948.1,14.0,212.0,46.0,0,Normal,
2016-09-11 17:00:00,-27.0,947.8,12.1,173.0,49.0,0,Normal,
2016-09-11 18:00:00,-27.4,947.9,10.3,105.0,51.0,0,Normal,
2016-09-11 19:00:00,-28.3,948.1,14.0,286.0,56.0,0,Normal,
2016-09-11 20:00:00,-29.5,948.1,15.9,222.0,61.0,0,Normal,
2016-09-11 21:00:00,-30.5,948.5,14.6,105.0,60.0,0,Normal,
2016-09-11 22:00:00,-30.5,949.0,15.0,168.0,60.0,0,Normal,
2016-09-11 23:00:00,-31.6,949.3,14.0,281.0,59.0,0,Normal,
2016-09-12 00:00:00,-31.9,948.8,15.8,37.0,60.0,0,Normal,
2016-09-12 01:00:00,-30.9,949.0,17.2,95.0,61.0,0,Normal,
2016-09-12 02:00:00,-31.1,949.0,12.4,249.0,58.0,0,Normal,
2016-09-12 03:00:00,-32.2,949.4,17.8,178.0,58.0,0,Normal,
2016-09-12 04:00:00,-33.1,949.7,15.0,159.0,62.0,0,Normal,
2016-09-12 05:00:00,-33.3,949.5,6.8,177.0,61.0,0,Normal,
2016-09-12 06:00:00,-32.3,949.8,14.3,31.0,63.0,0,Normal,
2016-09-12 07:00:00,-30.5,950.3,15.9,257.0,63.0,0,Normal,
2016-09-12 08:00:00,-28.8,950.5,15.2,21.0,56.0,0,Normal,
2016-09-12 09:00:00,-26.3,950.6,12.6,238.0,50.0,0,Normal,
2016-09-12 10:00:00,-26.1,951.2,13.1,304.0,48.0,0,Normal,
2016-09-12 11:00:00,-24.7,951.3,14.1,244.0,45.0,0,Normal,
2016-09-12 12:00:00,-25.3,951.5,8.1,300.0,43.0,0,Normal,
2016-09-12 13:00:00,-24.1,951.5,18.7,309.0,47.0,0,Normal,
2016-09-12 14:00:00,-19.7,951.7,21.5,346.0,31.0,0,Normal,
2016-09-12 15:00:00,-19.1,951.6,23.1,356.0,34.0,0,Normal,
2016-09-12 16:00:00,-21.4,952.4,6.5,325.0,38.0,0,Normal,
2016-09-12 17:00:00,-22.0,952.8,15.5,317.0,46.0,0,Normal,
2016-09-12 18:00:00,-18.9,953.2,26.5,293.0,34.0,0,Normal,
2016-09-12 19:00:00,-18.8,953.8,22.7,301.0,35.0,0,Normal,
2016-09-12 20:00:00,-19.4,954.4,22.9,293.0,39.0,0,Normal,
2016-09-12 21:00:00,-18.9,954.8,23.4,301.0,36.0,0,Normal,
2016-09-12 22:00:00,-17.1,954.4,31.7,317.0,30.0,0,Normal,
2016-09-12 23:00:00,-16.5,955.0,23.5,284.0,30.0,0,Normal,
2016-09-13 00:00:00,-17.2,955.7,29.9,280.0,36.0,0,Normal,
2016-09-13 01:00:00,-17.3,956.2,31.2,281.0,33.0,0,Normal,
2016-09-13 02:00:00,-17.5,956.9,29.6,276.0,29.0,0,Normal,
2016-09-13 03:00:00,-17.7,957.3,31.5,286.0,30.0,0,Normal,
2016-09-13 04:00:00,-18.2,957.5,31.9,295.0,31.0,0,Normal,
2016-09-13 05:00:00,-17.8,958.0,29.1,295.0,31.0,0,Normal,
2016-09-13 06:00:00,-17.9,958.2,27.7,297.0,32.0,0,Normal,
2016-09-13 07:00:00,-17.4,958.3,24.8,294.0,32.0,0,Normal,
2016-09-13 08:00:00,-17.2,958.6,21.6,292.0,34.0,0,Normal,
2016-09-13 09:00:00,-16.5,958.6,19.8,289.0,33.0,0,Normal,
2016-09-13 10:00:00,-18.7,958.8,19.2,109.0,43.0,0,Normal,
2016-09-13 11:00:00,-19.2,958.6,21.1,102.0,46.0,0,Normal,
2016-09-13 12:00:00,-19.3,958.9,21.5,115.0,45.0,0,Normal,
2016-09-13 13:00:00,-19.0,958.4,21.1,102.0,44.0,0,Normal,
2016-09-13 14:00:00,-18.8,958.2,20.1,70.0,48.0,0,Normal,
2016-09-13 15:00:00,-18.1,957.6,16.1,103.0,47.0,0,Normal,
2016-09-13 16:00:00,-18.6,958.0,15.2,284.0,50.0,0,Normal,
2016-09-13 17:00:00,-19.7,957.9,15.1,326.0,53.0,0,Normal,
2016-09-13 18:00:00,-19.2,957.8,13.8,344.0,48.0,0,Normal,
2016-09-13 19:00:00,-18.1,958.0,11.0,189.0,44.0,0,Normal,
2016-09-13 20:00:00,-17.1,957.8,18.8,2.0,37.0,0,Normal,
2016-09-13 21:00:00,-18.4,957.8,21.0,9.0,43.0,0,Normal,
2016-09-13 22:00:00,-17.1,957.9,13.1,300.0,36.0,0,Normal,
2016-09-13 23:00:00,-17.9,958.0,20.7,357.0,37.0,0,Normal,
2016-09-14 00:00:00,-16.5,958.1,14.8,290.0,33.0,0,Normal,
2016-09-14 01:00:00,-17.0,958.4,17.2,279.0,34.0,0,Normal,
2016-09-14 02:00:00,-17.0,958.5,14.9,290.0,34.0,0,Normal,
2016-09-14 03:00:00,-15.6,958.8,14.9,266.0,31.0,0,Normal,
2016-09-14 04:00:00,-15.9,959.2,24.0,314.0,33.0,0,Normal,
2016-09-14 05:00:00,-15.6,959.4,23.3,300.0,32.0,0,Normal,
2016-09-14 06:00:00,-14.8,959.5,29.3,315.0,29.0,0,Normal,
2016-09-14 07:00:00,-14.8,960.4,21.3,303.0,31.0,0,Normal,
2016-09-14 08:00:00,-14.2,961.1,27.5,293.0,30.0,0,Normal,
2016-09-14 09:00:00,-13.1,962.0,23.4,297.0,28.0,0,Normal,
2016-09-14 10:00:00,-13.0,962.7,28.7,307.0,31.0,0,Normal,
2016-09-14 11:00:00,-12.1,963.2,26.2,294.0,29.0,0,Normal,
2016-09-14 12:00:00,-12.5,963.7,26.9,289.0,34.0,0,Normal,
2016-09-14 13:00:00,-12.3,963.9,30.4,289.0,35.0,0,Normal,
2016-09-14 14:00:00,-11.9,964.5,31.1,293.0,36.0,0,Normal,
2016-09-14 15:00:00,-11.7,964.8,30.7,300.0,37.0,0,Normal,
2016-09-14 16:00:00,-11.2,964.5,37.9,309.0,35.0,0,Normal,
2016-09-14 17:00:00,-11.1,965.0,33.3,304.0,36.0,0,Normal,
2016-09-14 18:00:00,-11.0,965.0,33.0,303.0,39.0,0,Normal,
2016-09-14 19:00:00,-11.0,965.1,36.4,301.0,39.0,0,Normal,
2016-09-14 20:00:00,-10.8,965.6,36.2,297.0,41.0,0,Normal,
2016-09-14 21:00:00,-10.7,965.6,36.8,296.0,42.0,0,Normal,
2016-09-14 22:00:00,-10.7,965.2,37.2,293.0,42.0,0,Normal,
2016-09-14 23:00:00,-10.6,965.2,40.7,294.0,42.0,0,Normal,
2016-09-15 00:00:00,-10.7,965.3,36.0,299.0,49.0,0,Normal,
2016-09-15 01:00:00,-10.7,965.3,39.2,296.0,52.0,0,Normal,
2016-09-15 02:00:00,-10.7,965.0,40.5,294.0,51.0,0,Normal,
2016-09-15 03:00:00,-10.9,964.6,37.9,297.0,56.0,0,Normal,
2016-09-15 04:00:00,-10.9,965.1,35.6,294.0,53.0,0,Normal,
2016-09-15 05:00:00,-11.0,964.7,35.6,301.0,61.0,0,Normal,
2016-09-15 06:00:00,-11.0,964.6,39.7,306.0,59.0,0,Normal,
2016-09-15 07:00:00,-10.7,965.0,36.4,302.0,54.0,0,Normal,
2016-09-15 08:00:00,-10.8,964.9,38.3,299.0,57.0,0,Normal,
2016-09-15 09:00:00,-11.2,965.0,39.7,296.0,60.0,0,Normal,
2016-09-15 10:00:00,-11.5,965.6,37.7,296.0,64.0,0,Normal,
2016-09-15 11:00:00,-11.6,966.4,32.8,301.0,66.0,0,Normal,
2016-09-15 12:00:00,-11.7,966.7,34.2,298.0,63.0,0,Normal,
2016-09-15 13:00:00,-11.9,966.6,35.7,296.0,62.0,0,Normal,
2016-09-15 14:00:00,-12.0,966.7,35.8,294.0,61.0,0,Normal,
2016-09-15 15:00:00,-12.1,967.5,38.0,291.0,59.0,0,Normal,
2016-09-15 16:00:00,-12.1,967.8,34.0,295.0,59.0,0,Normal,
2016-09-15 17:00:00,-11.9,967.9,32.4,304.0,56.0,0,Normal,
2016-09-15 18:00:00,-11.8,968.3,32.2,294.0,53.0,0,Normal,
2016-09-15 19:00:00,-11.6,967.9,27.4,273.0,49.0,0,Normal,
2016-09-15 20:00:00,-10.7,966.7,35.3,295.0,45.0,0,Normal,
2016-09-15 21:00:00,-10.5,966.6,27.4,289.0,47.0,0,Normal,
2016-09-15 22:00:00,-10.2,966.6,37.8,296.0,44.0,0,Normal,
2016-09-15 23:00:00,-10.6,967.2,33.9,295.0,43.0,0,Normal,
2016-09-16 00:00:00,-10.7,967.2,36.7,286.0,39.0,0,Normal,
2016-09-16 01:00:00,-10.9,967.6,31.9,286.0,38.0,0,Normal,
2016-09-16 02:00:00,-11.2,967.7,31.3,284.0,39.0,0,Normal,
2016-09-16 03:00:00,-11.4,968.1,30.8,289.0,41.0,0,Normal,
2016-09-16 04:00:00,-11.5,968.7,27.7,288.0,42.0,0,Normal,
2016-09-16 05:00:00,-11.2,969.7,29.2,286.0,39.0,0,Normal,
2016-09-16 06:00:00,-11.2,970.6,31.3,277.0,37.0,0,Normal,
2016-09-16 07:00:00,-10.8,971.4,33.8,283.0,38.0,0,Normal,
2016-09-16 08:00:00,-10.6,971.7,31.1,290.0,40.0,0,Normal,
2016-09-16 09:00:00,-10.3,972.0,35.9,297.0,38.0,0,Normal,
2016-09-16 10:00:00,-10.1,972.4,35.8,304.0,41.0,0,Normal,
2016-09-16 11:00:00,-10.1,973.1,37.8,305.0,44.0,0,Normal,
2016-09-16 12:00:00,-9.6,974.0,31.7,303.0,44.0,0,Normal,
2016-09-16 13:00:00,-8.8,973.5,41.8,313.0,40.0,0,Normal,
2016-09-16 14:00:00,-8.5,974.3,36.5,310.0,38.0,0,Normal,
2016-09-16 15:00:00,-7.4,974.5,32.9,317.0,42.0,0,Normal,
2016-09-16 16:00:00,-7.3,974.1,32.5,332.0,45.0,0,Normal,
2016-09-16 17:00:00,-7.7,974.0,39.5,341.0,42.0,0,Normal,
2016-09-16 18:00:00,-6.6,974.3,39.1,342.0,37.0,0,Normal,
2016-09-16 19:00:00,-6.9,974.4,39.8,345.0,37.0,0,Normal,
2016-09-16 20:00:00,-6.2,974.9,36.6,336.0,37.0,0,Normal,
2016-09-16 21:00:00,-6.1,975.8,32.9,334.0,39.0,0,Normal,
2016-09-16 22:00:00,-6.8,976.2,27.8,351.0,43.0,0,Normal,
2016-09-16 23:00:00,-5.9,976.3,33.2,343.0,36.0,0,Normal,
2016-09-17 00:00:00,-5.9,976.4,31.6,348.0,36.0,0,Normal,
2016-09-17 01:00:00,-6.7,976.3,28.2,352.0,36.0,0,Normal,
2016-09-17 02:00:00,-8.5,976.0,30.7,358.0,40.0,0,Normal,
2016-09-17 03:00:00,-8.7,975.6,30.7,360.0,37.0,0,Normal,
2016-09-17 04:00:00,-10.3,976.3,21.7,104.0,51.0,0,Normal,
2016-09-17 05:00:00,-11.4,976.0,14.8,116.0,55.0,0,Normal,
2016-09-17 06:00:00,-11.6,975.5,15.3,265.0,49.0,0,Normal,
2016-09-17 07:00:00,-12.5,974.9,14.8,296.0,56.0,0,Normal,
2016-09-17 08:00:00,-11.5,973.3,15.7,314.0,48.0,0,Normal,
2016-09-17 09:00:00,-10.0,971.4,14.9,260.0,42.0,0,Normal,
2016-09-17 10:00:00,-9.2,969.4,11.8,228.0,41.0,0,Normal,
2016-09-17 11:00:00,-8.9,967.8,15.8,165.0,42.0,0,Normal,
2016-09-17 12:00:00,-8.7,965.8,14.0,194.0,42.0,0,Normal,
2016-09-17 13:00:00,-9.5,964.1,16.4,258.0,41.0,0,Normal,
2016-09-17 14:00:00,-10.5,962.6,15.0,172.0,43.0,0,Normal,
2016-09-17 15:00:00,-12.9,961.4,17.2,324.0,52.0,0,Normal,
2016-09-17 16:00:00,-12.3,960.4,14.1,261.0,51.0,0,Normal,
2016-09-17 17:00:00,-12.6,959.3,12.5,187.0,45.0,0,Normal,
2016-09-17 18:00:00,-13.7,958.7,12.3,30.0,46.0,0,Normal,
2016-09-17 19:00:00,-11.8,958.1,18.2,261.0,42.0,0,Normal,
2016-09-17 20:00:00,-13.7,958.3,20.7,5.0,36.0,0,Normal,
2016-09-17 21:00:00,-15.1,958.4,19.1,310.0,51.0,0,Normal,
2016-09-17 22:00:00,-14.6,958.7,21.1,317.0,51.0,0,Normal,
2016-09-17 23:00:00,-16.0,959.8,21.1,255.0,55.0,0,Normal,
2016-09-18 00:00:00,-13.8,960.5,20.5,332.0,46.0,0,Normal,
2016-09-18 01:00:00,-13.9,960.8,21.8,352.0,41.0,0,Normal,
2016-09-18 02:00:00,-12.5,960.8,29.1,346.0,36.0,0,Normal,
2016-09-18 03:00:00,-12.1,961.2,29.1,341.0,34.0,0,Normal,
2016-09-18 04:00:00,-11.7,962.1,31.3,337.0,34.0,0,Normal,
2016-09-18 05:00:00,-11.5,962.8,33.0,340.0,33.0,0,Normal,
2016-09-18 06:00:00,-11.0,963.7,30.7,341.0,33.0,0,Normal,
2016-09-18 07:00:00,-10.7,964.8,28.5,341.0,34.0,0,Normal,
2016-09-18 08:00:00,-10.4,965.4,30.6,339.0,34.0,0,Normal,
2016-09-18 09:00:00,-9.9,966.2,36.4,346.0,36.0,0,Normal,
2016-09-18 10:00:00,-9.2,967.0,35.5,335.0,37.0,0,Normal,
2016-09-18 11:00:00,-7.9,967.7,32.4,321.0,37.0,0,Normal,
2016-09-18 12:00:00,-7.4,968.3,32.8,314.0,36.0,0,Normal,
2016-09-18 13:00:00,-7.4,969.1,32.6,305.0,33.0,0,Normal,
2016-09-18 14:00:00,-8.0,969.5,34.2,306.0,35.0,0,Normal,
2016-09-18 15:00:00,-8.3,969.9,33.1,307.0,36.0,0,Normal,
2016-09-18 16:00:00,-8.5,970.2,37.1,310.0,34.0,0,Normal,
2016-09-18 17:00:00,-8.8,970.7,34.1,305.0,34.0,0,Normal,
2016-09-18 18:00:00,-9.2,970.8,39.1,314.0,36.0,0,Normal,
2016-09-18 19:00:00,-9.5,971.6,31.7,297.0,36.0,0,Normal,
2016-09-18 20:00:00,-9.3,971.3,39.6,312.0,35.0,0,Normal,
2016-09-18 21:00:00,-9.3,971.2,39.5,311.0,34.0,0,Normal,
2016-09-18 22:00:00,-9.5,971.5,32.9,310.0,36.0,0,Normal,
2016-09-18 23:00:00,-8.8,971.1,36.2,312.0,31.0,0,Normal,
2016-09-19 00:00:00,-8.8,970.6,35.2,309.0,31.0,0,Normal,
2016-09-19 01:00:00,-9.0,970.5,35.0,309.0,31.0,0,Normal,
2016-09-19 02:00:00,-9.9,970.1,38.4,314.0,29.0,0,Normal,
2016-09-19 03:00:00,-10.4,969.7,40.8,313.0,32.0,0,Normal,
2016-09-19 04:00:00,-10.5,969.2,43.3,311.0,31.0,0,Normal,
2016-09-19 05:00:00,-10.6,969.1,38.3,310.0,32.0,0,Normal,
2016-09-19 06:00:00,-10.3,969.3,35.5,299.0,30.0,0,Normal,
2016-09-19 07:00:00,-9.8,968.9,36.3,302.0,28.0,0,Normal,
2016-09-19 08:00:00,-10.2,969.0,35.1,288.0,34.0,0,Normal,
2016-09-19 09:00:00,-10.1,969.1,35.6,292.0,34.0,0,Normal,
2016-09-19 10:00:00,-10.0,969.2,36.1,282.0,32.0,0,Normal,
2016-09-19 11:00:00,-10.0,968.4,32.4,295.0,37.0,0,Normal,
2016-09-19 12:00:00,-9.9,968.3,35.7,289.0,34.0,0,Normal,
2016-09-19 13:00:00,-10.0,968.6,32.4,280.0,36.0,0,Normal,
2016-09-19 14:00:00,-10.1,968.1,32.5,288.0,35.0,0,Normal,
2016-09-19 15:00:00,-10.5,967.8,34.7,292.0,35.0,0,Normal,
2016-09-19 16:00:00,-11.1,968.0,29.0,285.0,38.0,0,Normal,
2016-09-19 17:00:00,-11.7,968.1,30.7,283.0,37.0,0,Normal,
2016-09-19 18:00:00,-11.5,968.0,33.6,284.0,35.0,0,Normal,
2016-09-19 19:00:00,-11.4,967.8,34.2,280.0,34.0,0,Normal,
2016-09-19 20:00:00,-11.3,967.9,34.8,276.0,31.0,0,Normal,
2016-09-19 21:00:00,-11.3,967.7,32.8,285.0,33.0,0,Normal,
2016-09-19 22:00:00,-11.6,967.7,33.4,279.0,33.0,0,Normal,
2016-09-19 23:00:00,-11.6,967.5,31.6,280.0,33.0,0,Normal,
2016-09-20 00:00:00,-11.6,967.1,32.7,291.0,33.0,0,Normal,
2016-09-20 01:00:00,-12.3,967.1,28.1,281.0,35.0,0,Normal,
2016-09-20 02:00:00,-12.1,967.0,32.5,283.0,33.0,0,Normal,
2016-09-20 03:00:00,-12.7,966.9,25.9,280.0,36.0,0,Normal,
2016-09-20 04:00:00,-12.8,966.9,29.7,277.0,35.0,0,Normal,
2016-09-20 05:00:00,-13.1,966.9,30.4,292.0,37.0,0,Normal,
2016-09-20 06:00:00,-13.3,966.9,28.6,283.0,36.0,0,Normal,
2016-09-20 07:00:00,-13.1,967.0,28.1,283.0,36.0,0,Normal,
2016-09-20 08:00:00,-12.4,966.9,28.9,284.0,36.0,0,Normal,
2016-09-20 09:00:00,-11.9,966.9,29.9,280.0,35.0,0,Normal,
2016-09-20 10:00:00,-10.7,967.0,27.4,253.0,36.0,0,Normal,
2016-09-20 11:00:00,-11.3,966.8,28.2,267.0,36.0,0,Normal,
2016-09-20 12:00:00,-11.7,966.5,27.1,268.0,34.0,0,Normal,
2016-09-20 13:00:00,-12.2,966.1,19.6,267.0,39.0,0,Normal,
2016-09-20 14:00:00,-12.3,966.1,25.0,264.0,36.0,0,Normal,
2016-09-20 15:00:00,-12.6,965.7,23.8,282.0,35.0,0,Normal,
2016-09-20 16:00:00,-13.1,965.5,20.7,282.0,36.0,0,Normal,
2016-09-20 17:00:00,-13.6,965.4,19.3,301.0,36.0,0,Normal,
2016-09-20 18:00:00,-14.0,965.4,17.0,239.0,38.0,0,Normal,
2016-09-20 19:00:00,-15.4,965.5,17.1,130.0,42.0,0,Normal,
2016-09-20 20:00:00,-15.6,965.5,16.1,75.0,45.0,0,Normal,
2016-09-20 21:00:00,-15.8,965.5,17.1,74.0,44.0,0,Normal,
2016-09-20 22:00:00,-16.6,965.1,18.5,91.0,46.0,0,Normal,
2016-09-20 23:00:00,-16.6,964.5,17.9,91.0,46.0,0,Normal,
2016-09-21 00:00:00,-16.5,964.2,13.2,258.0,48.0,0,Normal,
2016-09-21 01:00:00,-14.2,963.9,19.9,297.0,39.0,0,Normal,
2016-09-21 02:00:00,-14.5,963.8,14.7,343.0,36.0,0,Normal,
2016-09-21 03:00:00,-16.2,963.3,18.8,24.0,42.0,0,Normal,
2016-09-21 04:00:00,-15.9,962.7,18.0,96.0,42.0,0,Normal,
2016-09-21 05:00:00,-15.5,962.8,9.9,356.0,41.0,0,Normal,
2016-09-21 06:00:00,-15.5,962.7,14.4,11.0,42.0,0,Normal,
2016-09-21 07:00:00,-15.8,962.4,14.7,322.0,46.0,0,Normal,
2016-09-21 08:00:00,-14.6,961.9,14.0,312.0,41.0,0,Normal,
2016-09-21 09:00:00,-12.6,961.9,14.6,284.0,35.0,0,Normal,
2016-09-21 10:00:00,-12.9,961.6,9.6,329.0,36.0,0,Normal,
2016-09-21 11:00:00,-11.5,961.4,14.6,155.0,39.0,0,Normal,
2016-09-21 12:00:00,-12.0,961.2,14.0,268.0,36.0,0,Normal,
2016-09-21 13:00:00,-11.8,960.9,15.5,256.0,38.0,0,Normal,
2016-09-21 14:00:00,-12.2,960.9,14.7,247.0,39.0,0,Normal,
2016-09-21 15:00:00,-13.2,960.6,12.6,323.0,43.0,0,Normal,
2016-09-21 16:00:00,-14.4,960.6,14.9,297.0,44.0,0,Normal,
2016-09-21 17:00:00,-14.9,960.7,6.0,152.0,45.0,0,Normal,
2016-09-21 18:00:00,-13.2,961.0,13.3,241.0,42.0,0,Normal,
2016-09-21 19:00:00,-15.0,961.0,14.0,114.0,46.0,0,Normal,
2016-09-21 20:00:00,-16.0,961.7,14.0,183.0,48.0,0,Normal,
2016-09-21 21:00:00,-17.8,962.0,14.2,352.0,55.0,0,Normal,
2016-09-21 22:00:00,-17.0,962.2,15.1,329.0,55.0,0,Normal,
2016-09-21 23:00:00,-15.5,961.9,21.9,329.0,45.0,0,Normal,
2016-09-22 00:00:00,-16.0,962.0,20.6,340.0,48.0,0,Normal,
2016-09-22 01:00:00,-15.5,962.3,18.0,343.0,44.0,0,Normal,
2016-09-22 02:00:00,-16.3,962.8,15.7,319.0,47.0,0,Normal,
2016-09-22 03:00:00,-16.8,963.0,15.7,334.0,47.0,0,Normal,
2016-09-22 04:00:00,-16.7,962.9,17.5,345.0,46.0,0,Normal,
2016-09-22 05:00:00,-17.2,963.0,15.4,3.0,47.0,0,Normal,
2016-09-22 06:00:00,-17.4,963.5,17.3,3.0,48.0,0,Normal,
2016-09-22 07:00:00,-17.8,964.1,21.9,4.0,49.0,0,Normal,
2016-09-22 08:00:00,-15.7,964.2,22.8,340.0,40.0,0,Normal,
2016-09-22 09:00:00,-15.0,964.3,27.1,316.0,40.0,0,Normal,
2016-09-22 10:00:00,-15.3,964.7,29.3,291.0,39.0,0,Normal,
2016-09-22 11:00:00,-14.7,965.3,23.8,266.0,36.0,0,Normal,
2016-09-22 12:00:00,-14.0,965.5,19.0,288.0,36.0,0,Normal,
2016-09-22 13:00:00,-13.7,965.8,20.9,331.0,37.0,0,Normal,
2016-09-22 14:00:00,-13.6,966.2,19.1,319.0,48.0,0,Normal,
2016-09-22 15:00:00,-13.6,966.1,20.2,316.0,46.0,0,Normal,
2016-09-22 16:00:00,-13.9,966.1,19.7,349.0,44.0,0,Normal,
2016-09-22 17:00:00,-13.9,966.6,17.7,307.0,45.0,0,Normal,
2016-09-22 18:00:00,-14.1,966.7,26.1,325.0,51.0,0,Normal,
2016-09-22 19:00:00,-14.1,967.4,27.5,343.0,48.0,0,Normal,
2016-09-22 20:00:00,-14.2,967.7,26.2,340.0,50.0,0,Normal,
2016-09-22 21:00:00,-13.9,967.9,27.2,312.0,53.0,0,Normal,
2016-09-22 22:00:00,-13.6,968.2,28.9,345.0,50.0,0,Normal,
2016-09-22 23:00:00,-13.5,968.6,25.0,334.0,42.0,0,Normal,
2016-09-23 00:00:00,-13.5,968.8,25.9,315.0,44.0,0,Normal,
2016-09-23 01:00:00,-13.7,969.3,30.6,328.0,43.0,0,Normal,
2016-09-23 02:00:00,-14.1,969.6,30.9,343.0,39.0,0,Normal,
2016-09-23 03:00:00,-14.6,970.0,29.4,349.0,36.0,0,Normal,
2016-09-23 04:00:00,-14.5,970.6,30.9,342.0,39.0,0,Normal,
2016-09-23 05:00:00,-14.3,970.9,26.8,347.0,42.0,0,Normal,
2016-09-23 06:00:00,-14.1,971.1,30.3,350.0,36.0,0,Normal,
2016-09-23 07:00:00,-13.6,972.0,28.0,346.0,37.0,0,Normal,
2016-09-23 08:00:00,-13.3,972.5,31.0,346.0,36.0,0,Normal,
2016-09-23 09:00:00,-12.7,973.2,29.6,336.0,36.0,0,Normal,
2016-09-23 10:00:00,-11.9,973.9,27.1,336.0,36.0,0,Normal,
2016-09-23 11:00:00,-10.0,974.6,21.4,253.0,33.0,0,Normal,
2016-09-23 12:00:00,-9.5,974.9,15.5,277.0,34.0,0,Normal,
2016-09-23 13:00:00,-9.0,975.4,15.2,122.0,35.0,0,Normal,
2016-09-23 14:00:00,-10.1,975.8,15.1,82.0,38.0,0,Normal,
2016-09-23 15:00:00,-10.5,976.2,18.6,80.0,41.0,0,Normal,
2016-09-23 16:00:00,-11.2,976.3,17.4,101.0,37.0,0,Normal,
2016-09-23 17:00:00,-13.7,977.3,12.6,4.0,39.0,0,Normal,
2016-09-23 18:00:00,-14.7,978.1,15.7,306.0,52.0,0,Normal,
2016-09-23 19:00:00,-16.1,979.1,14.8,210.0,54.0,0,Normal,
2016-09-23 20:00:00,-17.4,979.7,14.0,156.0,52.0,0,Normal,
2016-09-23 21:00:00,-17.7,979.7,7.5,78.0,54.0,0,Normal,
2016-09-23 22:00:00,-18.2,980.6,13.9,14.0,53.0,0,Normal,
2016-09-23 23:00:00,-18.9,980.8,16.2,311.0,57.0,0,Normal,
2016-09-24 00:00:00,-19.6,981.3,11.4,98.0,56.0,0,Normal,
2016-09-24 01:00:00,-20.3,981.6,13.6,294.0,60.0,0,Normal,
2016-09-24 02:00:00,-20.4,982.0,14.1,127.0,59.0,0,Normal,
2016-09-24 03:00:00,-21.3,982.6,15.7,296.0,60.0,0,Normal,
2016-09-24 04:00:00,-21.5,983.2,17.0,285.0,59.0,0,Normal,
2016-09-24 05:00:00,-21.0,983.9,13.9,278.0,56.0,0,Normal,
2016-09-24 06:00:00,-19.9,984.2,14.9,75.0,50.0,0,Normal,
2016-09-24 07:00:00,-17.6,984.4,19.6,95.0,43.0,0,Normal,
2016-09-24 08:00:00,-15.9,984.9,17.1,107.0,43.0,0,Normal,
2016-09-24 09:00:00,-15.5,985.5,17.9,191.0,33.0,0,Normal,
2016-09-24 10:00:00,-16.7,986.6,7.8,206.0,36.0,0,Normal,
2016-09-24 11:00:00,-15.8,986.3,14.3,154.0,38.0,0,Normal,
2016-09-24 12:00:00,-13.9,986.1,15.4,87.0,33.0,0,Normal,
2016-09-24 13:00:00,-15.3,986.1,19.2,170.0,34.0,0,Normal,
2016-09-24 14:00:00,-16.5,987.0,16.5,176.0,39.0,0,Normal,
2016-09-24 15:00:00,-16.9,987.1,15.9,65.0,39.0,0,Normal,
2016-09-24 16:00:00,-18.1,986.9,17.9,170.0,41.0,0,Normal,
2016-09-24 17:00:00,-19.0,986.8,13.8,163.0,40.0,0,Normal,
2016-09-24 18:00:00,-19.0,987.1,14.4,73.0,41.0,0,Normal,
2016-09-24 19:00:00,-20.5,987.4,14.5,193.0,50.0,0,Normal,
2016-09-24 20:00:00,-20.9,987.2,14.0,249.0,51.0,0,Normal,
2016-09-24 21:00:00,-21.1,987.2,13.7,316.0,52.0,0,Normal,
2016-09-24 22:00:00,-20.9,987.3,12.6,273.0,50.0,0,Normal,
2016-09-24 23:00:00,-20.8,987.4,14.8,351.0,54.0,0,Normal,
2016-09-25 00:00:00,-20.9,986.9,14.0,357.0,54.0,0,Normal,
2016-09-25 01:00:00,-19.0,986.6,18.5,344.0,45.0,0,Normal,
2016-09-25 02:00:00,-18.9,986.4,14.2,271.0,45.0,0,Normal,
2016-09-25 03:00:00,-19.2,986.3,15.5,313.0,44.0,0,Normal,
2016-09-25 04:00:00,-19.3,985.9,16.7,2.0,39.0,0,Normal,
2016-09-25 05:00:00,-19.5,985.7,15.5,69.0,37.0,0,Normal,
2016-09-25 06:00:00,-20.0,986.0,12.5,339.0,40.0,0,Normal,
2016-09-25 07:00:00,-19.1,985.7,12.5,211.0,43.0,0,Normal,
2016-09-25 08:00:00,-17.6,985.2,9.1,32.0,39.0,0,Normal,
2016-09-25 09:00:00,-16.2,985.5,16.5,233.0,36.0,0,Normal,
2016-09-25 10:00:00,-17.6,985.1,19.8,295.0,40.0,0,Normal,
2016-09-25 11:00:00,-17.4,984.5,27.4,293.0,31.0,0,Normal,
2016-09-25 12:00:00,-16.9,984.0,27.9,293.0,31.0,0,Normal,
2016-09-25 13:00:00,-17.2,984.5,23.6,274.0,32.0,0,Normal,
2016-09-25 14:00:00,-17.3,984.3,22.1,278.0,29.0,0,Normal,
2016-09-25 15:00:00,-17.7,983.8,19.3,300.0,29.0,0,Normal,
2016-09-25 16:00:00,-17.5,983.2,18.8,294.0,34.0,0,Normal,
2016-09-25 17:00:00,-18.3,983.2,23.9,302.0,34.0,0,Normal,
2016-09-25 18:00:00,-18.3,982.9,26.1,294.0,32.0,0,Normal,
2016-09-25 19:00:00,-18.7,983.0,23.7,290.0,32.0,0,Normal,
2016-09-25 20:00:00,-19.3,982.7,21.4,295.0,32.0,0,Normal,
2016-09-25 21:00:00,-18.8,982.6,24.5,301.0,32.0,0,Normal,
2016-09-25 22:00:00,-18.0,982.4,30.6,313.0,30.0,0,Normal,
2016-09-25 23:00:00,-18.6,982.6,30.1,293.0,34.0,0,Normal,
2016-09-26 00:00:00,-18.0,982.0,27.6,300.0,30.0,0,Normal,
2016-09-26 01:00:00,-18.2,981.9,27.2,294.0,31.0,0,Normal,
2016-09-26 02:00:00,-18.5,981.9,24.5,283.0,31.0,0,Normal,
2016-09-26 03:00:00,-18.0,981.2,33.2,314.0,32.0,0,Normal,
2016-09-26 04:00:00,-17.8,981.1,28.4,290.0,30.0,0,Normal,
2016-09-26 05:00:00,-17.6,980.8,24.1,281.0,33.0,0,Normal,
2016-09-26 06:00:00,-17.7,980.8,23.2,288.0,37.0,0,Normal,
2016-09-26 07:00:00,-16.9,980.9,34.6,273.0,26.0,0,Normal,
2016-09-26 08:00:00,-16.5,981.0,32.6,275.0,26.0,0,Normal,
2016-09-26 09:00:00,-16.2,981.1,32.6,270.0,27.0,0,Normal,
2016-09-26 10:00:00,-15.9,981.1,32.0,267.0,28.0,0,Normal,
2016-09-26 11:00:00,-15.5,980.7,31.1,272.0,28.0,0,Normal,
2016-09-26 12:00:00,-15.8,980.5,27.4,288.0,31.0,0,Normal,
2016-09-26 13:00:00,-16.1,980.0,22.2,279.0,35.0,0,Normal,
2016-09-26 14:00:00,-15.0,979.6,27.3,289.0,33.0,0,Normal,
2016-09-26 15:00:00,-14.9,979.7,31.2,287.0,31.0,0,Normal,
2016-09-26 16:00:00,-15.4,980.0,34.3,263.0,32.0,0,Normal,
2016-09-26 17:00:00,-16.1,980.0,20.1,274.0,38.0,0,Normal,
2016-09-26 18:00:00,-15.8,980.1,21.8,265.0,36.0,0,Normal,
2016-09-26 19:00:00,-15.8,980.3,21.1,278.0,36.0,0,Normal,
2016-09-26 20:00:00,-15.2,980.3,29.7,283.0,31.0,0,Normal,
2016-09-26 21:00:00,-15.2,980.8,27.1,272.0,31.0,0,Normal,
2016-09-26 22:00:00,-15.0,980.5,30.9,293.0,32.0,0,Normal,
2016-09-26 23:00:00,-14.8,980.8,31.3,286.0,29.0,0,Normal,
2016-09-27 00:00:00,-14.7,981.1,30.0,290.0,28.0,0,Normal,
2016-09-27 01:00:00,-15.1,980.9,27.2,280.0,27.0,0,Normal,
2016-09-27 02:00:00,-15.0,980.8,29.0,280.0,29.0,0,Normal,
2016-09-27 03:00:00,-14.8,981.6,32.1,277.0,27.0,0,Normal,
2016-09-27 04:00:00,-15.2,981.9,27.4,281.0,30.0,0,Normal,
2016-09-27 05:00:00,-15.2,981.9,30.0,265.0,28.0,0,Normal,
2016-09-27 06:00:00,-15.2,982.2,21.3,295.0,32.0,0,Normal,
2016-09-27 07:00:00,-15.5,982.6,21.0,292.0,34.0,0,Normal,
2016-09-27 08:00:00,-14.0,982.4,20.9,286.0,29.0,0,Normal,
2016-09-27 09:00:00,-12.5,982.7,26.7,261.0,28.0,0,Normal,
2016-09-27 10:00:00,-11.5,982.9,27.8,262.0,26.0,0,Normal,
2016-09-27 11:00:00,-12.3,982.7,21.0,275.0,31.0,0,Normal,
2016-09-27 12:00:00,-12.1,982.6,14.5,287.0,31.0,0,Normal,
2016-09-27 13:00:00,-10.0,982.7,17.4,264.0,28.0,0,Normal,
2016-09-27 14:00:00,-10.6,982.6,21.3,258.0,32.0,0,Normal,
2016-09-27 15:00:00,-11.7,982.6,20.4,281.0,33.0,0,Normal,
2016-09-27 16:00:00,-12.3,982.8,19.4,285.0,34.0,0,Normal,
2016-09-27 17:00:00,-13.0,983.1,16.5,303.0,35.0,0,Normal,
2016-09-27 18:00:00,-13.6,982.9,22.3,339.0,35.0,0,Normal,
2016-09-27 19:00:00,-13.7,983.1,14.4,329.0,33.0,0,Normal,
2016-09-27 20:00:00,-14.0,982.9,22.6,350.0,32.0,0,Normal,
2016-09-27 21:00:00,-13.9,983.0,21.0,319.0,32.0,0,Normal,
2016-09-27 22:00:00,-15.3,983.0,26.7,354.0,33.0,0,Normal,
2016-09-27 23:00:00,-14.9,982.8,26.8,355.0,33.0,0,Normal,
2016-09-28 00:00:00,-16.1,982.7,30.5,356.0,34.0,0,Normal,
2016-09-28 01:00:00,-16.3,982.3,29.8,356.0,34.0,0,Normal,
2016-09-28 02:00:00,-16.2,982.0,28.8,359.0,32.0,0,Normal,
2016-09-28 03:00:00,-16.4,982.0,25.0,356.0,32.0,0,Normal,
2016-09-28 04:00:00,-16.6,981.7,30.1,0.0,32.0,0,Normal,
2016-09-28 05:00:00,-16.0,982.1,17.1,281.0,30.0,0,Normal,
2016-09-28 06:00:00,-16.3,982.2,12.9,345.0,32.0,0,Normal,
2016-09-28 07:00:00,-15.3,982.2,14.9,212.0,33.0,0,Normal,
2016-09-28 08:00:00,-15.6,982.0,16.2,24.0,36.0,0,Normal,
2016-09-28 09:00:00,-14.1,981.7,20.9,4.0,40.0,0,Normal,
2016-09-28 10:00:00,-11.8,981.3,11.7,162.0,33.0,0,Normal,
2016-09-28 11:00:00,-12.6,981.2,13.5,174.0,37.0,0,Normal,
2016-09-28 12:00:00,-11.6,980.6,12.1,225.0,36.0,0,Normal,
2016-09-28 13:00:00,-12.3,980.2,13.8,186.0,36.0,0,Normal,
2016-09-28 14:00:00,-12.2,979.6,13.6,215.0,37.0,0,Normal,
2016-09-28 15:00:00,-12.9,979.2,15.8,181.0,36.0,0,Normal,
2016-09-28 16:00:00,-14.9,979.0,14.3,162.0,40.0,0,Normal,
2016-09-28 17:00:00,-15.6,978.4,11.2,334.0,41.0,0,Normal,
2016-09-28 18:00:00,-16.3,978.0,15.3,296.0,41.0,0,Normal,
2016-09-28 19:00:00,-17.5,977.7,15.7,295.0,48.0,0,Normal,
2016-09-28 20:00:00,-16.8,977.3,23.1,322.0,36.0,0,Normal,
2016-09-28 21:00:00,-18.3,977.5,15.9,245.0,46.0,0,Normal,
2016-09-28 22:00:00,-17.2,976.9,23.4,357.0,38.0,0,Normal,
2016-09-28 23:00:00,-18.9,976.8,9.5,191.0,41.0,0,Normal,
2016-09-29 00:00:00,-21.4,977.0,17.4,111.0,50.0,0,Normal,
2016-09-29 01:00:00,-21.1,976.9,16.3,118.0,46.0,0,Normal,
2016-09-29 02:00:00,-22.0,977.0,5.2,250.0,49.0,0,Normal,
2016-09-29 03:00:00,-23.5,976.8,15.0,264.0,51.0,0,Normal,
2016-09-29 04:00:00,-24.2,977.0,17.4,295.0,58.0,0,Normal,
2016-09-29 05:00:00,-22.5,977.1,3.8,350.0,51.0,0,Normal,
2016-09-29 06:00:00,-21.1,977.5,14.5,257.0,45.0,0,Normal,
2016-09-29 07:00:00,-20.2,977.7,12.4,48.0,44.0,0,Normal,
2016-09-29 08:00:00,-17.5,978.0,16.3,252.0,36.0,0,Normal,
2016-09-29 09:00:00,-15.4,978.2,14.3,153.0,36.0,0,Normal,
2016-09-29 10:00:00,-15.3,978.6,14.2,170.0,35.0,0,Normal,
2016-09-29 11:00:00,-15.3,978.9,14.9,252.0,36.0,0,Normal,
2016-09-29 12:00:00,-15.1,979.1,17.5,179.0,40.0,0,Normal,
2016-09-29 13:00:00,-15.5,979.3,17.3,189.0,42.0,0,Normal,
2016-09-29 14:00:00,-15.7,979.4,11.5,333.0,38.0,0,Normal,
2016-09-29 15:00:00,-17.0,979.4,1.8,216.0,44.0,0,Normal,
2016-09-29 16:00:00,-16.7,979.4,13.7,223.0,48.0,0,Normal,
2016-09-29 17:00:00,-17.3,979.3,17.2,196.0,51.0,0,Normal,
2016-09-29 18:00:00,-18.8,979.0,13.6,282.0,54.0,0,Normal,
2016-09-29 19:00:00,-19.7,979.0,16.7,288.0,61.0,0,Normal,
2016-09-29 20:00:00,-18.6,978.7,14.7,279.0,54.0,0,Normal,
2016-09-29 21:00:00,-17.7,978.3,14.8,249.0,46.0,0,Normal,
2016-09-29 22:00:00,-18.8,978.2,14.9,188.0,55.0,0,Normal,
2016-09-29 23:00:00,-19.0,977.9,14.2,267.0,55.0,0,Normal,
2016-09-30 00:00:00,-18.3,977.5,16.0,286.0,54.0,0,Normal,
2016-09-30 01:00:00,-18.1,977.0,15.3,269.0,53.0,0,Normal,
2016-09-30 02:00:00,-18.7,976.3,12.7,286.0,54.0,0,Normal,
2016-09-30 03:00:00,-19.0,976.0,14.9,273.0,56.0,0,Normal,
2016-09-30 04:00:00,-16.1,975.2,22.9,345.0,36.0,0,Normal,
2016-09-30 05:00:00,-15.6,975.2,18.0,293.0,36.0,0,Normal,
2016-09-30 06:00:00,-15.1,974.9,28.7,312.0,34.0,0,Normal,
2016-09-30 07:00:00,-14.8,974.8,25.8,296.0,35.0,0,Normal,
2016-09-30 08:00:00,-14.5,974.5,29.5,304.0,35.0,0,Normal,
2016-09-30 09:00:00,-14.1,974.5,29.3,305.0,36.0,0,Normal,
2016-09-30 10:00:00,-13.7,974.8,27.5,293.0,37.0,0,Normal,
2016-09-30 11:00:00,-13.2,974.6,27.3,294.0,38.0,0,Normal,
2016-09-30 12:00:00,-12.9,974.7,26.2,291.0,38.0,0,Normal,
2016-09-30 13:00:00,-12.4,974.7,26.3,292.0,41.0,0,Normal,
2016-09-30 14:00:00,-12.5,975.0,23.9,294.0,45.0,0,Normal,
2016-09-30 15:00:00,-12.7,975.5,23.7,296.0,45.0,0,Normal,
2016-09-30 16:00:00,-13.1,976.0,25.1,306.0,43.0,0,Normal,
2016-09-30 17:00:00,-13.8,976.6,25.0,309.0,45.0,0,Normal,
2016-09-30 18:00:00,-14.5,977.5,23.7,310.0,46.0,0,Normal,
2016-09-30 19:00:00,-15.0,977.6,26.2,338.0,47.0,0,Normal,
2016-09-30 20:00:00,-14.8,978.0,26.7,344.0,42.0,0,Normal,
2016-09-30 21:00:00,-14.5,978.4,26.7,338.0,37.0,0,Normal,
2016-09-30 22:00:00,-14.3,978.8,26.0,331.0,36.0,0,Normal,
2016-09-30 23:00:00,-14.4,979.3,22.4,311.0,36.0,0,Normal,
2016-10-01 00:00:00,-14.0,979.5,23.8,304.0,36.0,0,Normal,
2016-10-01 01:00:00,-13.9,979.8,24.4,305.0,36.0,0,Normal,
2016-10-01 02:00:00,-14.1,979.8,25.1,309.0,38.0,0,Normal,
2016-10-01 03:00:00,-13.9,979.9,26.6,314.0,39.0,0,Normal,
2016-10-01 04:00:00,-13.7,980.4,26.2,312.0,40.0,0,Normal,
2016-10-01 05:00:00,-13.4,981.0,26.0,304.0,37.0,0,Normal,
2016-10-01 06:00:00,-13.2,981.3,26.9,311.0,37.0,0,Normal,
2016-10-01 07:00:00,-13.0,981.1,29.7,307.0,35.0,0,Normal,
2016-10-01 08:00:00,-12.5,981.2,28.4,304.0,35.0,0,Normal,
2016-10-01 09:00:00,-11.7,981.1,27.8,304.0,36.0,0,Normal,
2016-10-01 10:00:00,-11.2,981.4,28.1,281.0,36.0,0,Normal,
2016-10-01 11:00:00,-11.0,981.4,31.8,287.0,37.0,0,Normal,
2016-10-01 12:00:00,-11.4,980.7,32.5,304.0,53.0,0,Normal,
2016-10-01 13:00:00,-11.4,980.7,33.0,295.0,60.0,0,Normal,
2016-10-01 14:00:00,-11.6,980.3,35.4,300.0,66.0,0,Normal,
2016-10-01 15:00:00,-11.7,980.2,36.9,295.0,61.0,0,Normal,
2016-10-01 16:00:00,-12.0,980.2,37.2,293.0,68.0,0,Normal,
2016-10-01 17:00:00,-12.5,979.9,33.6,299.0,80.0,0,Normal,
2016-10-01 18:00:00,-12.5,979.9,35.6,299.0,86.0,0,Normal,
2016-10-01 19:00:00,-12.5,979.7,39.5,304.0,87.0,0,Normal,
2016-10-01 20:00:00,-12.6,979.6,39.3,307.0,88.0,0,Normal,
2016-10-01 21:00:00,-12.8,979.2,39.9,305.0,88.0,0,Normal,
2016-10-01 22:00:00,-12.6,978.8,41.4,307.0,88.0,0,Normal,
2016-10-01 23:00:00,-12.4,978.5,46.1,310.0,88.0,0,Normal,
2016-10-02 00:00:00,-12.4,978.2,46.8,311.0,88.0,0,Normal,
2016-10-02 01:00:00,-12.4,977.8,50.4,311.0,88.0,0,Normal,
2016-10-02 02:00:00,-12.4,977.2,47.9,311.0,88.0,0,Normal,
2016-10-02 03:00:00,-12.4,977.4,47.7,311.0,88.0,0,Normal,
2016-10-02 04:00:00,-12.2,976.8,49.9,310.0,88.0,0,Normal,
2016-10-02 05:00:00,-12.0,976.8,48.8,312.0,88.0,0,Normal,
2016-10-02 06:00:00,-11.9,977.2,42.9,309.0,88.0,0,Normal,
2016-10-02 07:00:00,-11.4,976.8,44.8,311.0,88.0,0,Normal,
2016-10-02 08:00:00,-11.0,976.3,41.8,313.0,89.0,0,Normal,
2016-10-02 09:00:00,-10.5,974.8,39.2,309.0,88.0,0,Normal,
2016-10-02 10:00:00,-9.9,973.7,43.0,305.0,87.0,0,Normal,
2016-10-02 11:00:00,-9.5,972.5,45.1,307.0,86.0,0,Normal,
2016-10-02 12:00:00,-9.2,972.3,41.1,306.0,83.0,0,Normal,
2016-10-02 13:00:00,-9.0,971.6,42.7,308.0,78.0,0,Normal,
2016-10-02 14:00:00,-8.7,970.8,42.1,307.0,66.0,0,Normal,
2016-10-02 15:00:00,-8.6,969.4,42.8,311.0,59.0,0,Normal,
2016-10-02 16:00:00,-8.6,969.1,41.4,308.0,57.0,0,Normal,
2016-10-02 17:00:00,-8.5,968.5,42.1,309.0,55.0,0,Normal,
2016-10-02 18:00:00,-8.6,968.1,38.7,306.0,57.0,0,Normal,
2016-10-02 19:00:00,-9.3,967.6,43.3,310.0,73.0,0,Normal,
2016-10-02 20:00:00,-9.7,967.0,43.5,312.0,83.0,0,Normal,
2016-10-02 21:00:00,-9.1,966.2,43.2,311.0,71.0,0,Normal,
2016-10-02 22:00:00,-8.9,966.0,39.8,311.0,68.0,0,Normal,
2016-10-02 23:00:00,-8.5,965.8,33.7,301.0,58.0,0,Normal,
2016-10-03 00:00:00,-8.8,965.6,32.0,304.0,62.0,0,Normal,
2016-10-03 01:00:00,-9.3,965.0,34.2,312.0,76.0,0,Normal,
2016-10-03 02:00:00,-9.4,964.7,34.6,312.0,80.0,0,Normal,
2016-10-03 03:00:00,-9.4,964.5,31.7,309.0,85.0,0,Normal,
2016-10-03 04:00:00,-9.5,964.7,24.0,284.0,85.0,0,Normal,
2016-10-03 05:00:00,-9.7,964.6,23.1,295.0,86.0,0,Normal,
2016-10-03 06:00:00,-9.6,964.1,25.1,310.0,87.0,0,Normal,
2016-10-03 07:00:00,-9.5,963.7,24.4,307.0,88.0,0,Normal,
2016-10-03 08:00:00,-9.3,963.4,23.5,302.0,89.0,0,Normal,
2016-10-03 09:00:00,-9.2,963.1,26.8,309.0,89.0,0,Normal,
2016-10-03 10:00:00,-9.1,962.8,23.2,302.0,89.0,0,Normal,
2016-10-03 11:00:00,-9.1,962.4,25.4,292.0,89.0,0,Normal,
2016-10-03 12:00:00,-9.1,962.4,21.6,281.0,87.0,0,Normal,
2016-10-03 13:00:00,-9.5,962.2,20.6,290.0,86.0,0,Normal,
2016-10-03 14:00:00,-10.0,962.3,21.0,198.0,83.0,0,Normal,
2016-10-03 15:00:00,-11.5,962.6,13.9,241.0,86.0,0,Normal,
2016-10-03 16:00:00,-11.7,962.9,14.4,275.0,86.0,0,Normal,
2016-10-03 17:00:00,-11.7,963.1,15.8,241.0,86.0,0,Normal,
2016-10-03 18:00:00,-12.1,963.6,15.1,292.0,86.0,0,Normal,
2016-10-03 19:00:00,-12.2,963.9,15.4,260.0,87.0,0,Normal,
2016-10-03 20:00:00,-12.5,964.3,15.0,255.0,86.0,0,Normal,
2016-10-03 21:00:00,-12.8,964.4,13.5,351.0,85.0,0,Normal,
2016-10-03 22:00:00,-13.2,964.9,15.2,307.0,84.0,0,Normal,
2016-10-03 23:00:00,-13.5,965.1,15.6,326.0,84.0,0,Normal,
2016-10-04 00:00:00,-13.5,965.4,15.8,294.0,84.0,0,Normal,
2016-10-04 01:00:00,-14.3,965.8,16.5,313.0,84.0,0,Normal,
2016-10-04 02:00:00,-14.2,966.1,18.5,328.0,84.0,0,Normal,
2016-10-04 03:00:00,-14.1,966.4,20.0,326.0,82.0,0,Normal,
2016-10-04 04:00:00,-14.3,966.8,20.4,323.0,81.0,0,Normal,
2016-10-04 05:00:00,-14.1,967.3,19.5,303.0,81.0,0,Normal,
2016-10-04 06:00:00,-14.0,967.6,23.4,326.0,80.0,0,Normal,
2016-10-04 07:00:00,-14.1,967.9,23.1,339.0,76.0,0,Normal,
2016-10-04 08:00:00,-13.9,968.1,22.0,333.0,70.0,0,Normal,
2016-10-04 09:00:00,-14.5,968.1,20.0,352.0,65.0,0,Normal,
2016-10-04 10:00:00,-13.9,968.0,20.8,355.0,62.0,0,Normal,
2016-10-04 11:00:00,-13.4,967.9,17.9,356.0,61.0,0,Normal,
2016-10-04 12:00:00,-11.5,967.9,13.3,301.0,64.0,0,Normal,
2016-10-04 13:00:00,-13.3,967.8,18.1,1.0,60.0,0,Normal,
2016-10-04 14:00:00,-14.6,967.5,19.0,358.0,63.0,0,Normal,
2016-10-04 15:00:00,-15.5,967.0,22.0,358.0,63.0,0,Normal,
2016-10-04 16:00:00,-14.7,966.8,18.8,4.0,66.0,0,Normal,
2016-10-04 17:00:00,-15.1,966.6,18.1,20.0,66.0,0,Normal,
2016-10-04 18:00:00,-19.1,966.4,23.4,10.0,66.0,0,Normal,
2016-10-04 19:00:00,-19.4,966.1,25.4,7.0,68.0,0,Normal,
2016-10-04 20:00:00,-16.5,965.9,20.0,6.0,69.0,0,Normal,
2016-10-04 21:00:00,-16.9,965.7,15.3,315.0,70.0,0,Normal,
2016-10-04 22:00:00,-17.4,965.8,15.9,331.0,70.0,0,Normal,
2016-10-04 23:00:00,-16.8,965.8,13.0,132.0,71.0,0,Normal,
2016-10-05 00:00:00,-17.5,965.7,13.7,158.0,72.0,0,Normal,
2016-10-05 01:00:00,-18.0,965.6,10.0,251.0,76.0,0,Normal,
2016-10-05 02:00:00,-17.5,965.4,11.3,172.0,77.0,0,Normal,
2016-10-05 03:00:00,-18.2,965.0,21.8,344.0,77.0,0,Normal,
2016-10-05 04:00:00,-17.6,964.5,25.8,350.0,69.0,0,Normal,
2016-10-05 05:00:00,-17.6,964.4,22.4,347.0,69.0,0,Normal,
2016-10-05 06:00:00,-17.4,964.1,21.0,358.0,67.0,0,Normal,
2016-10-05 07:00:00,-18.5,963.9,10.4,172.0,65.0,0,Normal,
2016-10-05 08:00:00,-15.3,963.4,8.2,251.0,68.0,0,Normal,
2016-10-05 09:00:00,-14.3,962.9,14.0,227.0,66.0,0,Normal,
2016-10-05 10:00:00,-15.3,962.7,15.4,160.0,66.0,0,Normal,
2016-10-05 11:00:00,-15.4,962.2,14.1,280.0,66.0,0,Normal,
2016-10-05 12:00:00,-15.6,961.5,12.3,240.0,68.0,0,Normal,
2016-10-05 13:00:00,-15.4,961.1,13.4,252.0,71.0,0,Normal,
2016-10-05 14:00:00,-15.9,960.8,11.3,283.0,71.0,0,Normal,
2016-10-05 15:00:00,-15.5,960.3,15.4,280.0,78.0,0,Normal,
2016-10-05 16:00:00,-12.3,960.0,18.3,272.0,77.0,0,Normal,
2016-10-05 17:00:00,-7.3,959.6,26.0,310.0,72.0,0,Normal,
2016-10-05 18:00:00,-6.9,959.5,24.3,289.0,72.0,0,Normal,
2016-10-05 19:00:00,-7.1,959.1,26.1,314.0,74.0,0,Normal,
2016-10-05 20:00:00,-7.2,958.4,24.4,312.0,76.0,0,Normal,
2016-10-05 21:00:00,-6.8,957.7,27.5,310.0,72.0,0,Normal,
2016-10-05 22:00:00,-6.5,956.7,28.2,310.0,65.0,0,Normal,
2016-10-05 23:00:00,-6.4,956.1,22.0,290.0,62.0,0,Normal,
2016-10-06 00:00:00,-6.5,955.3,20.4,283.0,62.0,0,Normal,
2016-10-06 01:00:00,-6.5,954.7,22.0,307.0,63.0,0,Normal,
2016-10-06 02:00:00,-6.6,954.0,22.6,287.0,65.0,0,Normal,
2016-10-06 03:00:00,-6.4,953.3,24.1,306.0,69.0,0,Normal,
2016-10-06 04:00:00,-6.1,952.5,24.3,308.0,68.0,0,Normal,
2016-10-06 05:00:00,-6.1,952.0,25.2,305.0,68.0,0,Normal,
2016-10-06 06:00:00,-6.1,951.6,26.7,311.0,68.0,0,Normal,
2016-10-06 07:00:00,-5.9,951.3,27.6,312.0,65.0,0,Normal,
2016-10-06 08:00:00,-5.7,951.1,26.5,310.0,67.0,0,Normal,
2016-10-06 09:00:00,-4.9,950.6,24.3,303.0,64.0,0,Normal,
2016-10-06 10:00:00,-4.9,950.6,24.1,290.0,70.0,0,Normal,
2016-10-06 11:00:00,-5.3,950.9,22.8,294.0,76.0,0,Normal,
2016-10-06 12:00:00,-5.6,951.1,21.6,299.0,81.0,0,Normal,
2016-10-06 13:00:00,-5.4,951.3,22.2,284.0,80.0,0,Normal,
2016-10-06 14:00:00,-5.1,951.4,29.1,306.0,79.0,0,Normal,
2016-10-06 15:00:00,-5.5,952.0,26.3,296.0,83.0,0,Normal,
2016-10-06 16:00:00,-5.7,952.0,30.4,304.0,82.0,0,Normal,
2016-10-06 17:00:00,-6.0,952.7,29.7,306.0,81.0,0,Normal,
2016-10-06 18:00:00,-6.2,952.9,33.4,313.0,75.0,0,Normal,
2016-10-06 19:00:00,-6.5,953.0,35.7,313.0,79.0,0,Normal,
2016-10-06 20:00:00,-6.6,952.7,37.6,314.0,81.0,0,Normal,
2016-10-06 21:00:00,-6.9,953.0,37.2,311.0,79.0,0,Normal,
2016-10-06 22:00:00,-7.5,953.1,40.6,311.0,85.0,0,Normal,
2016-10-06 23:00:00,-7.9,953.6,39.5,309.0,89.0,0,Normal,
2016-10-07 00:00:00,-8.5,954.2,36.0,305.0,90.0,0,Normal,
2016-10-07 01:00:00,-8.8,954.3,37.8,311.0,91.0,0,Normal,
2016-10-07 02:00:00,-9.0,954.6,39.8,306.0,91.0,0,Normal,
2016-10-07 03:00:00,-9.4,955.4,40.4,309.0,91.0,0,Normal,
2016-10-07 04:00:00,-9.6,956.0,39.3,310.0,90.0,0,Normal,
2016-10-07 05:00:00,-9.8,956.8,40.9,311.0,90.0,0,Normal,
2016-10-07 06:00:00,-10.1,957.6,37.5,310.0,90.0,0,Normal,
2016-10-07 07:00:00,-10.1,958.1,37.9,310.0,90.0,0,Normal,
2016-10-07 08:00:00,-9.9,958.4,37.8,309.0,90.0,0,Normal,
2016-10-07 09:00:00,-9.3,958.2,33.0,310.0,90.0,0,Normal,
2016-10-07 10:00:00,-8.8,958.4,32.8,307.0,90.0,0,Normal,
2016-10-07 11:00:00,-8.6,958.4,29.9,302.0,90.0,0,Normal,
2016-10-07 12:00:00,-8.6,957.9,38.6,304.0,90.0,0,Normal,
2016-10-07 13:00:00,-9.0,957.9,46.7,312.0,91.0,0,Normal,
2016-10-07 14:00:00,-9.3,957.9,41.6,303.0,91.0,0,Normal,
2016-10-07 15:00:00,-9.3,959.5,40.9,295.0,91.0,0,Normal,
2016-10-07 16:00:00,-9.3,960.7,37.9,295.0,91.0,0,Normal,
2016-10-07 17:00:00,-9.3,962.0,37.0,294.0,91.0,0,Normal,
2016-10-07 18:00:00,-9.4,963.1,36.9,296.0,91.0,0,Normal,
2016-10-07 19:00:00,-9.7,964.0,34.4,299.0,91.0,0,Normal,
2016-10-07 20:00:00,-10.1,965.8,38.1,294.0,90.0,0,Normal,
2016-10-07 21:00:00,-10.3,967.5,34.2,293.0,90.0,0,Normal,
2016-10-07 22:00:00,-11.0,967.7,33.3,298.0,89.0,0,Normal,
2016-10-07 23:00:00,-11.3,968.3,34.1,300.0,89.0,0,Normal,
2016-10-08 00:00:00,-11.1,968.5,32.8,303.0,89.0,0,Normal,
2016-10-08 01:00:00,-10.8,968.7,37.5,307.0,89.0,0,Normal,
2016-10-08 02:00:00,-10.6,969.1,35.1,305.0,89.0,0,Normal,
2016-10-08 03:00:00,-10.7,969.5,31.6,295.0,89.0,0,Normal,
2016-10-08 04:00:00,-10.6,969.8,27.8,296.0,89.0,0,Normal,
2016-10-08 05:00:00,-10.5,969.7,28.4,302.0,89.0,0,Normal,
2016-10-08 06:00:00,-10.2,969.6,35.3,308.0,89.0,0,Normal,
2016-10-08 07:00:00,-10.0,969.5,35.1,304.0,89.0,0,Normal,
2016-10-08 08:00:00,-10.1,969.6,32.8,292.0,89.0,0,Normal,
2016-10-08 09:00:00,-9.5,969.1,32.4,299.0,88.0,0,Normal,
2016-10-08 10:00:00,-9.7,969.5,26.4,291.0,89.0,0,Normal,
2016-10-08 11:00:00,-8.8,968.8,26.9,283.0,88.0,0,Normal,
2016-10-08 12:00:00,-8.7,968.8,29.5,284.0,88.0,0,Normal,
2016-10-08 13:00:00,-8.0,968.2,23.0,284.0,88.0,0,Normal,
2016-10-08 14:00:00,-7.5,967.4,21.8,285.0,88.0,0,Normal,
2016-10-08 15:00:00,-7.7,967.0,21.7,323.0,85.0,0,Normal,
2016-10-08 16:00:00,-8.8,966.6,24.8,333.0,82.0,0,Normal,
2016-10-08 17:00:00,-8.6,966.7,23.2,312.0,78.0,0,Normal,
2016-10-08 18:00:00,-9.4,967.0,23.3,350.0,75.0,0,Normal,
2016-10-08 19:00:00,-10.0,966.6,28.1,349.0,72.0,0,Normal,
2016-10-08 20:00:00,-9.7,966.6,28.0,340.0,68.0,0,Normal,
2016-10-08 21:00:00,-10.3,966.1,29.0,356.0,66.0,0,Normal,
2016-10-08 22:00:00,-9.8,965.7,32.6,349.0,59.0,0,Normal,
2016-10-08 23:00:00,-11.2,965.9,30.0,351.0,56.0,0,Normal,
2016-10-09 00:00:00,-9.8,966.4,28.3,348.0,49.0,0,Normal,
2016-10-09 01:00:00,-11.1,965.9,30.1,359.0,48.0,0,Normal,
2016-10-09 02:00:00,-10.5,966.0,32.9,348.0,48.0,0,Normal,
2016-10-09 03:00:00,-10.2,966.0,30.5,349.0,47.0,0,Normal,
2016-10-09 04:00:00,-10.1,965.7,25.0,353.0,48.0,0,Normal,
2016-10-09 05:00:00,-10.2,965.7,28.3,352.0,46.0,0,Normal,
2016-10-09 06:00:00,-9.7,965.3,29.2,352.0,46.0,0,Normal,
2016-10-09 07:00:00,-8.5,965.3,25.8,345.0,43.0,0,Normal,
2016-10-09 08:00:00,-8.5,964.7,27.7,352.0,46.0,0,Normal,
2016-10-09 09:00:00,-7.1,964.6,30.1,336.0,47.0,0,Normal,
2016-10-09 10:00:00,-6.3,964.6,26.9,329.0,44.0,0,Normal,
2016-10-09 11:00:00,-5.4,964.2,25.6,316.0,41.0,0,Normal,
2016-10-09 12:00:00,-4.9,964.2,23.6,297.0,44.0,0,Normal,
2016-10-09 13:00:00,-4.6,963.6,20.7,346.0,51.0,0,Normal,
2016-10-09 14:00:00,-4.6,963.2,24.1,334.0,50.0,0,Normal,
2016-10-09 15:00:00,-4.6,962.9,26.4,304.0,49.0,0,Normal,
2016-10-09 16:00:00,-5.0,963.0,27.5,283.0,52.0,0,Normal,
2016-10-09 17:00:00,-5.3,962.8,30.4,288.0,54.0,0,Normal,
2016-10-09 18:00:00,-5.6,962.9,27.7,290.0,55.0,0,Normal,
2016-10-09 19:00:00,-5.7,963.0,26.2,291.0,57.0,0,Normal,
2016-10-09 20:00:00,-5.6,963.0,28.8,280.0,52.0,0,Normal,
2016-10-09 21:00:00,-5.8,962.7,31.7,290.0,53.0,0,Normal,
2016-10-09 22:00:00,-5.9,962.7,28.7,289.0,49.0,0,Normal,
2016-10-09 23:00:00,-6.1,962.6,24.8,292.0,51.0,0,Normal,
2016-10-10 00:00:00,-6.5,962.5,23.3,293.0,47.0,0,Normal,
2016-10-10 01:00:00,-6.8,962.2,26.4,279.0,43.0,0,Normal,
2016-10-10 02:00:00,-6.8,961.5,26.1,287.0,42.0,0,Normal,
2016-10-10 03:00:00,-8.2,960.7,26.5,292.0,49.0,0,Normal,
2016-10-10 04:00:00,-7.7,960.7,21.4,290.0,53.0,0,Normal,
2016-10-10 05:00:00,-7.6,960.3,21.6,291.0,53.0,0,Normal,
2016-10-10 06:00:00,-7.3,960.4,22.6,296.0,54.0,0,Normal,
2016-10-10 07:00:00,-6.1,960.0,30.8,274.0,39.0,0,Normal,
2016-10-10 08:00:00,-5.8,959.8,31.9,274.0,38.0,0,Normal,
2016-10-10 09:00:00,-6.3,960.0,20.6,296.0,53.0,0,Normal,
2016-10-10 10:00:00,-5.4,959.7,21.3,270.0,46.0,0,Normal,
2016-10-10 11:00:00,-5.5,959.5,22.3,249.0,52.0,0,Normal,
2016-10-10 12:00:00,-4.8,959.3,26.3,242.0,47.0,0,Normal,
2016-10-10 13:00:00,-5.4,959.2,19.9,258.0,49.0,0,Normal,
2016-10-10 14:00:00,-5.7,959.1,18.5,257.0,49.0,0,Normal,
2016-10-10 15:00:00,-6.6,959.2,15.8,337.0,50.0,0,Normal,
2016-10-10 16:00:00,-6.8,958.8,14.8,38.0,54.0,0,Normal,
2016-10-10 17:00:00,-7.1,958.7,15.3,41.0,54.0,0,Normal,
2016-10-10 18:00:00,-7.1,958.6,17.9,307.0,50.0,0,Normal,
2016-10-10 19:00:00,-6.4,958.4,28.4,308.0,40.0,0,Normal,
2016-10-10 20:00:00,-5.8,958.4,28.5,309.0,36.0,0,Normal,
2016-10-10 21:00:00,-6.0,958.6,29.1,312.0,37.0,0,Normal,
2016-10-10 22:00:00,-6.8,958.7,30.3,339.0,35.0,0,Normal,
2016-10-10 23:00:00,-7.3,958.6,32.9,337.0,33.0,0,Normal,
2016-10-11 00:00:00,-7.8,958.8,32.3,338.0,32.0,0,Normal,
2016-10-11 01:00:00,-7.1,959.0,27.4,339.0,31.0,0,Normal,
2016-10-11 02:00:00,-8.3,959.0,26.6,349.0,33.0,0,Normal,
2016-10-11 03:00:00,-8.6,959.4,22.8,347.0,33.0,0,Normal,
2016-10-11 04:00:00,-10.6,959.3,29.6,358.0,34.0,0,Normal,
2016-10-11 05:00:00,-9.9,959.9,25.4,358.0,35.0,0,Normal,
2016-10-11 06:00:00,-10.4,959.9,22.2,8.0,40.0,0,Normal,
2016-10-11 07:00:00,-9.7,960.4,16.9,84.0,41.0,0,Normal,
2016-10-11 08:00:00,-8.4,960.4,16.0,187.0,43.0,0,Normal,
2016-10-11 09:00:00,-9.5,960.9,16.0,245.0,44.0,0,Normal,
2016-10-11 10:00:00,-8.5,960.9,22.8,78.0,45.0,0,Normal,
2016-10-11 11:00:00,-8.0,961.4,19.4,202.0,37.0,0,Normal,
2016-10-11 12:00:00,-7.8,961.2,16.9,169.0,39.0,0,Normal,
2016-10-11 13:00:00,-8.0,961.4,18.5,179.0,40.0,0,Normal,
2016-10-11 14:00:00,-7.6,960.9,16.2,73.0,39.0,0,Normal,
2016-10-11 15:00:00,-8.6,960.4,15.6,152.0,38.0,0,Normal,
2016-10-11 16:00:00,-9.9,959.9,18.6,360.0,46.0,0,Normal,
2016-10-11 17:00:00,-9.7,959.7,13.9,139.0,45.0,0,Normal,
2016-10-11 18:00:00,-11.5,959.3,18.5,10.0,54.0,0,Normal,
2016-10-11 19:00:00,-12.7,959.0,22.5,13.0,54.0,0,Normal,
2016-10-11 20:00:00,-13.9,958.6,24.6,7.0,53.0,0,Normal,
2016-10-11 21:00:00,-13.8,957.8,23.3,3.0,49.0,0,Normal,
2016-10-11 22:00:00,-13.1,956.9,27.2,357.0,43.0,0,Normal,
2016-10-11 23:00:00,-13.6,956.1,25.9,359.0,40.0,0,Normal,
2016-10-12 00:00:00,-14.3,955.1,20.8,7.0,44.0,0,Normal,
2016-10-12 01:00:00,-14.3,954.5,25.6,357.0,38.0,0,Normal,
2016-10-12 02:00:00,-14.8,953.2,32.0,0.0,38.0,0,Normal,
2016-10-12 03:00:00,-13.8,951.7,27.9,346.0,38.0,0,Normal,
2016-10-12 04:00:00,-13.7,950.4,29.7,346.0,36.0,0,Normal,
2016-10-12 05:00:00,-13.4,949.5,26.4,348.0,36.0,0,Normal,
2016-10-12 06:00:00,-12.8,948.4,30.8,352.0,34.0,0,Normal,
2016-10-12 07:00:00,-11.9,947.1,31.5,353.0,34.0,0,Normal,
2016-10-12 08:00:00,-11.9,946.1,29.4,0.0,38.0,0,Normal,
2016-10-12 09:00:00,-10.0,945.0,24.5,355.0,35.0,0,Normal,
2016-10-12 10:00:00,-9.5,944.1,17.6,315.0,38.0,0,Normal,
2016-10-12 11:00:00,-6.7,943.4,17.7,163.0,33.0,0,Normal,
2016-10-12 12:00:00,-7.8,942.1,23.8,343.0,36.0,0,Normal,
2016-10-12 13:00:00,-7.7,941.3,19.3,320.0,39.0,0,Normal,
2016-10-12 14:00:00,-6.6,941.5,14.4,302.0,35.0,0,Normal,
2016-10-12 15:00:00,-7.4,941.8,22.5,291.0,43.0,0,Normal,
2016-10-12 16:00:00,-8.3,941.9,21.6,253.0,44.0,0,Normal,
2016-10-12 17:00:00,-8.8,942.8,18.3,242.0,48.0,0,Normal,
2016-10-12 18:00:00,-10.0,943.3,17.2,163.0,55.0,0,Normal,
2016-10-12 19:00:00,-9.7,943.6,17.9,99.0,55.0,0,Normal,
2016-10-12 20:00:00,-5.7,944.4,29.9,292.0,50.0,0,Normal,
2016-10-12 21:00:00,-5.4,945.1,29.0,309.0,52.0,0,Normal,
2016-10-12 22:00:00,-5.2,946.1,32.7,305.0,50.0,0,Normal,
2016-10-12 23:00:00,-5.8,947.7,32.3,307.0,51.0,0,Normal,
2016-10-13 00:00:00,-5.9,949.2,29.0,293.0,52.0,0,Normal,
2016-10-13 01:00:00,-6.8,950.1,28.7,292.0,52.0,0,Normal,
2016-10-13 02:00:00,-6.3,951.0,28.9,301.0,46.0,0,Normal,
2016-10-13 03:00:00,-6.6,952.3,28.1,300.0,42.0,0,Normal,
2016-10-13 04:00:00,-6.6,953.6,34.7,321.0,41.0,0,Normal,
2016-10-13 05:00:00,-6.4,954.0,35.3,318.0,40.0,0,Normal,
2016-10-13 06:00:00,-7.9,955.5,35.8,332.0,42.0,0,Normal,
2016-10-13 07:00:00,-7.8,956.5,39.2,345.0,39.0,0,Normal,
2016-10-13 08:00:00,-7.3,957.8,40.0,337.0,41.0,0,Normal,
2016-10-13 09:00:00,-7.0,958.9,37.8,340.0,41.0,0,Normal,
2016-10-13 10:00:00,-6.6,960.0,38.6,342.0,39.0,0,Normal,
2016-10-13 11:00:00,-6.3,961.1,39.8,341.0,36.0,0,Normal,
2016-10-13 12:00:00,-5.9,962.1,33.5,339.0,36.0,0,Normal,
2016-10-13 13:00:00,-5.9,963.2,32.0,341.0,33.0,0,Normal,
2016-10-13 14:00:00,-6.0,964.1,29.4,346.0,35.0,0,Normal,
2016-10-13 15:00:00,-7.2,965.6,28.1,342.0,37.0,0,Normal,
2016-10-13 16:00:00,-8.1,966.0,33.2,339.0,37.0,0,Normal,
2016-10-13 17:00:00,-8.9,966.5,36.1,344.0,37.0,0,Normal,
2016-10-13 18:00:00,-9.6,967.5,33.2,347.0,38.0,0,Normal,
2016-10-13 19:00:00,-10.2,968.4,34.9,350.0,34.0,0,Normal,
2016-10-13 20:00:00,-10.3,968.7,31.2,352.0,32.0,0,Normal,
2016-10-13 21:00:00,-11.0,969.2,29.9,351.0,33.0,0,Normal,
2016-10-13 22:00:00,-11.4,969.5,27.2,350.0,31.0,0,Normal,
2016-10-13 23:00:00,-11.7,969.9,29.8,352.0,33.0,0,Normal,
2016-10-14 00:00:00,-12.5,970.1,30.5,352.0,34.0,0,Normal,
2016-10-14 01:00:00,-12.7,970.1,31.9,351.0,32.0,0,Normal,
2016-10-14 02:00:00,-12.9,970.3,27.0,352.0,32.0,0,Normal,
2016-10-14 03:00:00,-13.8,970.6,29.4,350.0,32.0,0,Normal,
2016-10-14 04:00:00,-13.6,971.0,28.8,351.0,31.0,0,Normal,
2016-10-14 05:00:00,-14.3,971.2,29.2,354.0,36.0,0,Normal,
2016-10-14 06:00:00,-12.7,971.5,29.4,351.0,37.0,0,Normal,
2016-10-14 07:00:00,-11.8,971.5,34.9,347.0,36.0,0,Normal,
2016-10-14 08:00:00,-11.1,972.0,34.0,346.0,37.0,0,Normal,
2016-10-14 09:00:00,-10.3,971.9,32.6,343.0,37.0,0,Normal,
2016-10-14 10:00:00,-9.3,971.9,26.8,339.0,39.0,0,Normal,
2016-10-14 11:00:00,-9.0,971.7,25.8,346.0,34.0,0,Normal,
2016-10-14 12:00:00,-8.0,971.7,17.6,353.0,34.0,0,Normal,
2016-10-14 13:00:00,-8.3,971.5,15.1,323.0,34.0,0,Normal,
2016-10-14 14:00:00,-7.2,971.5,19.3,179.0,44.0,0,Normal,
2016-10-14 15:00:00,-7.8,970.9,19.7,119.0,39.0,0,Normal,
2016-10-14 16:00:00,-8.6,970.6,18.5,20.0,40.0,0,Normal,
2016-10-14 17:00:00,-9.2,970.6,18.0,305.0,55.0,0,Normal,
2016-10-14 18:00:00,-10.9,970.7,21.2,292.0,53.0,0,Normal,
2016-10-14 19:00:00,-11.2,971.0,22.0,287.0,43.0,0,Normal,
2016-10-14 20:00:00,-12.3,971.2,14.4,256.0,47.0,0,Normal,
2016-10-14 21:00:00,-11.6,970.7,23.2,304.0,37.0,0,Normal,
2016-10-14 22:00:00,-12.2,970.8,23.6,291.0,40.0,0,Normal,
2016-10-14 23:00:00,-12.4,970.8,29.3,304.0,39.0,0,Normal,
2016-10-15 00:00:00,-13.3,971.0,29.1,298.0,43.0,0,Normal,
2016-10-15 01:00:00,-13.9,972.1,28.6,311.0,49.0,0,Normal,
2016-10-15 02:00:00,-13.6,971.6,28.2,320.0,44.0,0,Normal,
2016-10-15 03:00:00,-13.2,970.9,25.0,328.0,40.0,0,Normal,
2016-10-15 04:00:00,-14.4,971.1,17.0,249.0,46.0,0,Normal,
2016-10-15 05:00:00,-15.4,971.4,21.2,305.0,40.0,0,Normal,
2016-10-15 06:00:00,-15.0,971.3,19.5,320.0,47.0,0,Normal,
2016-10-15 07:00:00,-14.6,970.9,21.4,301.0,41.0,0,Normal,
2016-10-15 08:00:00,-14.2,970.6,21.6,283.0,42.0,0,Normal,
2016-10-15 09:00:00,-13.5,970.0,20.0,260.0,42.0,0,Normal,
2016-10-15 10:00:00,-12.7,969.0,34.2,271.0,44.0,0,Normal,
2016-10-15 11:00:00,-14.4,969.3,33.2,270.0,45.0,0,Normal,
2016-10-15 12:00:00,-13.7,968.9,26.3,291.0,42.0,0,Normal,
2016-10-15 13:00:00,-12.2,967.4,24.1,301.0,37.0,0,Normal,
2016-10-15 14:00:00,-11.7,966.9,24.4,298.0,37.0,0,Normal,
2016-10-15 15:00:00,-12.3,966.5,29.7,273.0,36.0,0,Normal,
2016-10-15 16:00:00,-12.2,965.3,26.3,286.0,43.0,0,Normal,
2016-10-15 17:00:00,-12.4,964.9,28.4,282.0,43.0,0,Normal,
2016-10-15 18:00:00,-13.0,964.5,28.0,289.0,43.0,0,Normal,
2016-10-15 19:00:00,-13.8,964.5,26.8,283.0,44.0,0,Normal,
2016-10-15 20:00:00,-13.9,964.9,31.0,289.0,40.0,0,Normal,
2016-10-15 21:00:00,-14.4,965.3,28.0,284.0,41.0,0,Normal,
2016-10-15 22:00:00,-14.5,964.8,30.2,292.0,40.0,0,Normal,
2016-10-15 23:00:00,-14.6,964.6,32.2,293.0,38.0,0,Normal,
2016-10-16 00:00:00,-14.5,964.1,33.0,291.0,36.0,0,Normal,
2016-10-16 01:00:00,-14.8,964.2,32.9,291.0,35.0,0,Normal,
2016-10-16 02:00:00,-15.0,964.1,32.5,296.0,36.0,0,Normal,
2016-10-16 03:00:00,-15.0,964.1,34.7,293.0,36.0,0,Normal,
2016-10-16 04:00:00,-15.1,964.3,31.9,296.0,36.0,0,Normal,
2016-10-16 05:00:00,-14.8,964.3,34.7,297.0,36.0,0,Normal,
2016-10-16 06:00:00,-14.3,964.7,32.9,287.0,34.0,0,Normal,
2016-10-16 07:00:00,-13.8,964.7,34.1,279.0,34.0,0,Normal,
2016-10-16 08:00:00,-13.2,964.5,36.0,279.0,33.0,0,Normal,
2016-10-16 09:00:00,-12.8,964.5,36.2,283.0,34.0,0,Normal,
2016-10-16 10:00:00,-12.1,964.4,37.0,280.0,33.0,0,Normal,
2016-10-16 11:00:00,-11.4,964.0,36.7,284.0,33.0,0,Normal,
2016-10-16 12:00:00,-11.3,963.6,32.9,301.0,36.0,0,Normal,
2016-10-16 13:00:00,-11.2,963.6,33.8,299.0,38.0,0,Normal,
2016-10-16 14:00:00,-11.2,963.5,36.3,299.0,35.0,0,Normal,
2016-10-16 15:00:00,-11.6,964.1,39.6,294.0,38.0,0,Normal,
2016-10-16 16:00:00,-12.0,964.2,32.7,302.0,40.0,0,Normal,
2016-10-16 17:00:00,-12.3,964.1,35.3,302.0,42.0,0,Normal,
2016-10-16 18:00:00,-12.3,963.6,39.2,303.0,40.0,0,Normal,
2016-10-16 19:00:00,-12.5,963.9,39.2,300.0,42.0,0,Normal,
2016-10-16 20:00:00,-12.7,964.4,40.2,302.0,42.0,0,Normal,
2016-10-16 21:00:00,-12.5,963.8,43.7,310.0,43.0,0,Normal,
2016-10-16 22:00:00,-12.2,963.4,46.1,311.0,41.0,0,Normal,
2016-10-16 23:00:00,-12.2,963.1,42.6,308.0,39.0,0,Normal,
2016-10-17 00:00:00,-12.5,962.5,47.3,310.0,39.0,0,Normal,
2016-10-17 01:00:00,-12.6,961.7,40.3,299.0,38.0,0,Normal,
2016-10-17 02:00:00,-12.6,961.3,44.8,302.0,35.0,0,Normal,
2016-10-17 03:00:00,-12.5,960.8,45.5,306.0,33.0,0,Normal,
2016-10-17 04:00:00,-12.9,959.5,43.3,303.0,30.0,0,Normal,
2016-10-17 05:00:00,-12.1,958.9,46.4,312.0,31.0,0,Normal,
2016-10-17 06:00:00,-12.2,957.6,50.1,313.0,29.0,0,Normal,
2016-10-17 07:00:00,-11.4,957.7,45.5,309.0,32.0,0,Normal,
2016-10-17 08:00:00,-11.0,956.8,44.4,309.0,33.0,0,Normal,
2016-10-17 09:00:00,-10.3,955.1,44.4,303.0,35.0,0,Normal,
2016-10-17 10:00:00,-10.0,953.0,49.9,312.0,36.0,0,Normal,
2016-10-17 11:00:00,50.0,951.5,52.5,312.0,34.0,0,Normal,
2016-10-17 12:00:00,-8.9,950.2,45.9,308.0,35.0,0,Normal,
2016-10-17 13:00:00,-8.1,949.5,51.5,315.0,36.0,0,Normal,
2016-10-17 14:00:00,-7.5,948.1,50.0,313.0,36.0,0,Normal,
2016-10-17 15:00:00,-7.1,946.8,53.9,315.0,35.0,0,Normal,
2016-10-17 16:00:00,-6.9,946.1,51.2,316.0,35.0,0,Normal,
2016-10-17 17:00:00,-6.8,945.2,52.0,317.0,34.0,0,Normal,
2016-10-17 18:00:00,-6.5,944.7,49.1,313.0,35.0,0,Normal,
2016-10-17 19:00:00,-6.1,943.8,49.5,321.0,35.0,0,Normal,
2016-10-17 20:00:00,-6.3,943.1,46.6,322.0,37.0,0,Normal,
2016-10-17 21:00:00,-6.2,942.6,40.1,332.0,37.0,0,Normal,
2016-10-17 22:00:00,-5.6,942.3,46.3,334.0,36.0,0,Normal,
2016-10-17 23:00:00,-5.7,942.5,42.9,324.0,37.0,0,Normal,
2016-10-18 00:00:00,-5.4,942.1,42.4,316.0,37.0,0,Normal,
2016-10-18 01:00:00,-5.1,941.8,40.4,312.0,34.0,0,Normal,
2016-10-18 02:00:00,-5.3,941.9,32.3,310.0,36.0,0,Normal,
2016-10-18 03:00:00,-5.3,941.5,36.9,315.0,34.0,0,Normal,
2016-10-18 04:00:00,-5.2,941.0,36.3,315.0,35.0,0,Normal,
2016-10-18 05:00:00,-5.8,941.6,29.8,314.0,36.0,0,Normal,
2016-10-18 06:00:00,-5.0,941.4,29.7,306.0,34.0,0,Normal,
2016-10-18 07:00:00,-5.5,941.4,27.9,341.0,36.0,0,Normal,
2016-10-18 08:00:00,-4.7,941.7,31.4,312.0,32.0,0,Normal,
2016-10-18 09:00:00,-4.5,941.3,32.6,329.0,33.0,0,Normal,
2016-10-18 10:00:00,-4.3,941.2,27.5,343.0,34.0,0,Normal,
2016-10-18 11:00:00,-4.1,940.9,27.3,346.0,37.0,0,Normal,
2016-10-18 12:00:00,-4.0,940.2,36.7,321.0,40.0,0,Normal,
2016-10-18 13:00:00,-3.3,939.6,41.5,324.0,38.0,0,Normal,
2016-10-18 14:00:00,-2.9,939.9,40.9,320.0,38.0,0,Normal,
2016-10-18 15:00:00,-2.9,939.8,39.7,320.0,39.0,0,Normal,
2016-10-18 16:00:00,-2.6,940.2,37.6,315.0,38.0,0,Normal,
2016-10-18 17:00:00,-2.9,940.7,34.8,319.0,41.0,0,Normal,
2016-10-18 18:00:00,-3.4,940.5,34.6,321.0,42.0,0,Normal,
2016-10-18 19:00:00,-2.9,940.0,38.0,317.0,42.0,0,Normal,
2016-10-18 20:00:00,-3.0,941.1,39.8,312.0,52.0,0,Normal,
2016-10-18 21:00:00,-3.3,942.6,35.9,310.0,58.0,0,Normal,
2016-10-18 22:00:00,-3.7,943.7,36.6,314.0,61.0,0,Normal,
2016-10-18 23:00:00,-4.2,945.1,32.7,307.0,60.0,0,Normal,
2016-10-19 00:00:00,-4.7,945.6,41.7,311.0,57.0,0,Normal,
2016-10-19 01:00:00,-5.1,947.2,36.6,309.0,64.0,0,Normal,
2016-10-19 02:00:00,-5.5,948.3,38.4,309.0,65.0,0,Normal,
2016-10-19 03:00:00,-5.5,949.4,41.8,311.0,60.0,0,Normal,
2016-10-19 04:00:00,-5.4,950.7,39.0,310.0,56.0,0,Normal,
2016-10-19 05:00:00,-4.7,951.8,39.9,310.0,51.0,0,Normal,
2016-10-19 06:00:00,-4.0,952.5,35.8,311.0,49.0,0,Normal,
2016-10-19 07:00:00,-3.5,953.4,36.3,304.0,47.0,0,Normal,
2016-10-19 08:00:00,-4.1,954.3,35.7,301.0,50.0,0,Normal,
2016-10-19 09:00:00,-4.2,955.1,36.0,294.0,55.0,0,Normal,
2016-10-19 10:00:00,-4.3,956.3,30.7,291.0,57.0,0,Normal,
2016-10-19 11:00:00,-4.2,956.8,33.4,295.0,55.0,0,Normal,
2016-10-19 12:00:00,-4.0,957.3,32.6,294.0,55.0,0,Normal,
2016-10-19 13:00:00,-4.1,957.7,33.7,292.0,58.0,0,Normal,
2016-10-19 14:00:00,-4.7,958.5,38.9,289.0,59.0,0,Normal,
2016-10-19 15:00:00,-5.0,959.2,32.5,294.0,59.0,0,Normal,
2016-10-19 16:00:00,-5.1,959.3,31.0,293.0,57.0,0,Normal,
2016-10-19 17:00:00,-5.2,959.4,29.7,300.0,59.0,0,Normal,
2016-10-19 18:00:00,-5.5,959.6,31.2,299.0,62.0,0,Normal,
2016-10-19 19:00:00,-5.7,959.9,31.4,299.0,63.0,0,Normal,
2016-10-19 20:00:00,-6.1,960.0,34.3,303.0,67.0,0,Normal,
2016-10-19 21:00:00,-6.4,960.7,34.4,303.0,63.0,0,Normal,
2016-10-19 22:00:00,-6.3,961.0,35.3,304.0,61.0,0,Normal,
2016-10-19 23:00:00,-6.5,961.4,29.9,300.0,63.0,0,Normal,
2016-10-20 00:00:00,-6.5,961.5,31.9,302.0,62.0,0,Normal,
2016-10-20 01:00:00,-6.7,961.6,33.4,309.0,65.0,0,Normal,
2016-10-20 02:00:00,-6.9,961.3,29.7,303.0,68.0,0,Normal,
2016-10-20 03:00:00,-7.2,961.6,32.1,303.0,73.0,0,Normal,
2016-10-20 04:00:00,-7.2,961.7,31.2,304.0,74.0,0,Normal,
2016-10-20 05:00:00,-7.2,962.2,30.5,296.0,74.0,0,Normal,
2016-10-20 06:00:00,-6.7,962.9,30.4,298.0,73.0,0,Normal,
2016-10-20 07:00:00,-6.9,963.8,27.6,297.0,72.0,0,Normal,
2016-10-20 08:00:00,-6.6,964.6,24.1,298.0,72.0,0,Normal,
2016-10-20 09:00:00,-6.0,964.5,25.2,282.0,67.0,0,Normal,
2016-10-20 10:00:00,-6.0,964.0,29.2,295.0,69.0,0,Normal,
2016-10-20 11:00:00,-5.8,963.6,26.0,293.0,65.0,0,Normal,
2016-10-20 12:00:00,-5.3,963.0,26.2,294.0,60.0,0,Normal,
2016-10-20 13:00:00,-5.2,962.6,28.8,293.0,60.0,0,Normal,
2016-10-20 14:00:00,-5.5,962.1,26.7,296.0,62.0,0,Normal,
2016-10-20 15:00:00,-5.9,961.9,28.3,294.0,65.0,0,Normal,
2016-10-20 16:00:00,-5.9,961.3,26.2,301.0,62.0,0,Normal,
2016-10-20 17:00:00,-6.2,961.1,24.1,299.0,62.0,0,Normal,
2016-10-20 18:00:00,-6.3,961.1,27.3,308.0,61.0,0,Normal,
2016-10-20 19:00:00,-6.3,960.9,24.3,298.0,63.0,0,Normal,
2016-10-20 20:00:00,-6.7,960.9,24.5,304.0,72.0,0,Normal,
2016-10-20 21:00:00,-6.9,961.0,25.0,299.0,72.0,0,Normal,
2016-10-20 22:00:00,-7.2,960.9,25.1,295.0,64.0,0,Normal,
2016-10-20 23:00:00,-6.8,960.6,26.6,304.0,48.0,0,Normal,
2016-10-21 00:00:00,-6.8,960.5,26.2,304.0,44.0,0,Normal,
2016-10-21 01:00:00,-7.0,960.5,26.3,296.0,43.0,0,Normal,
2016-10-21 02:00:00,-7.3,960.3,27.2,296.0,42.0,0,Normal,
2016-10-21 03:00:00,-7.4,960.2,25.9,294.0,42.0,0,Normal,
2016-10-21 04:00:00,-7.6,959.9,27.1,294.0,43.0,0,Normal,
2016-10-21 05:00:00,-7.7,959.8,29.5,291.0,41.0,0,Normal,
2016-10-21 06:00:00,-7.7,959.8,28.3,286.0,39.0,0,Normal,
2016-10-21 07:00:00,-7.8,959.6,31.3,293.0,40.0,0,Normal,
2016-10-21 08:00:00,-8.0,959.8,29.9,284.0,43.0,0,Normal,
2016-10-21 09:00:00,-8.1,959.4,30.0,292.0,46.0,0,Normal,
2016-10-21 10:00:00,-8.1,959.4,29.8,295.0,49.0,0,Normal,
2016-10-21 11:00:00,-8.1,959.2,30.3,288.0,50.0,0,Normal,
2016-10-21 12:00:00,-8.0,958.7,30.2,284.0,52.0,0,Normal,
2016-10-21 13:00:00,-8.1,958.3,28.9,284.0,55.0,0,Normal,
2016-10-21 14:00:00,-8.3,958.0,32.3,288.0,58.0,0,Normal,
2016-10-21 15:00:00,-8.4,957.6,35.0,284.0,58.0,0,Normal,
2016-10-21 16:00:00,-8.6,957.5,33.5,287.0,59.0,0,Normal,
2016-10-21 17:00:00,-8.7,957.4,32.4,282.0,62.0,0,Normal,
2016-10-21 18:00:00,-8.8,957.2,31.7,287.0,61.0,0,Normal,
2016-10-21 19:00:00,-9.2,957.3,34.4,291.0,63.0,0,Normal,
2016-10-21 20:00:00,-9.3,957.1,35.5,300.0,60.0,0,Normal,
2016-10-21 21:00:00,-9.5,957.2,36.5,302.0,66.0,0,Normal,
2016-10-21 22:00:00,-9.6,956.7,39.6,303.0,69.0,0,Normal,
2016-10-21 23:00:00,-9.7,956.4,39.8,306.0,71.0,0,Normal,
2016-10-22 00:00:00,-9.8,956.6,42.4,303.0,75.0,0,Normal,
2016-10-22 01:00:00,-10.6,956.3,43.3,308.0,87.0,0,Normal,
2016-10-22 02:00:00,-10.8,956.1,44.7,305.0,89.0,0,Normal,
2016-10-22 03:00:00,-11.2,956.5,45.2,301.0,89.0,0,Normal,
2016-10-22 04:00:00,-11.5,956.4,42.7,300.0,89.0,0,Normal,
2016-10-22 05:00:00,-11.4,956.4,43.8,300.0,88.0,0,Normal,
2016-10-22 06:00:00,-11.2,956.6,41.3,301.0,87.0,0,Normal,
2016-10-22 07:00:00,-11.0,956.4,41.9,303.0,85.0,0,Normal,
2016-10-22 08:00:00,-10.8,956.0,42.3,303.0,83.0,0,Normal,
2016-10-22 09:00:00,-10.7,956.1,43.7,298.0,82.0,0,Normal,
2016-10-22 10:00:00,-11.1,956.1,40.3,299.0,89.0,0,Normal,
2016-10-22 11:00:00,-10.9,956.6,39.9,301.0,90.0,0,Normal,
2016-10-22 12:00:00,-11.0,957.2,40.1,285.0,90.0,0,Normal,
2016-10-22 13:00:00,-11.0,958.0,38.7,275.0,90.0,0,Normal,
2016-10-22 14:00:00,-10.9,959.3,35.6,271.0,90.0,0,Normal,
2016-10-22 15:00:00,-10.7,959.6,33.0,273.0,90.0,0,Normal,
2016-10-22 16:00:00,-10.7,959.9,31.1,283.0,90.0,0,Normal,
2016-10-22 17:00:00,-10.7,959.9,34.6,282.0,90.0,0,Normal,
2016-10-22 18:00:00,-10.6,960.0,28.5,286.0,90.0,0,Normal,
2016-10-22 19:00:00,-10.6,960.3,30.7,285.0,90.0,0,Normal,
2016-10-22 20:00:00,-10.6,960.6,29.3,295.0,90.0,0,Normal,
2016-10-22 21:00:00,-10.6,960.9,33.4,284.0,90.0,0,Normal,
2016-10-22 22:00:00,-10.6,961.6,31.9,281.0,90.0,0,Normal,
2016-10-22 23:00:00,-10.7,962.1,26.8,290.0,90.0,0,Normal,
2016-10-23 00:00:00,-10.8,962.5,26.6,292.0,90.0,0,Normal,
2016-10-23 01:00:00,-11.0,962.9,25.7,293.0,90.0,0,Normal,
2016-10-23 02:00:00,-11.2,963.5,27.2,295.0,89.0,0,Normal,
2016-10-23 03:00:00,-11.4,963.9,27.0,295.0,89.0,0,Normal,
2016-10-23 04:00:00,-11.6,964.1,27.7,294.0,89.0,0,Normal,
2016-10-23 05:00:00,-11.7,964.4,26.5,299.0,89.0,0,Normal,
2016-10-23 06:00:00,-11.8,964.6,29.6,302.0,89.0,0,Normal,
2016-10-23 07:00:00,-11.8,964.9,28.1,298.0,89.0,0,Normal,
2016-10-23 08:00:00,-11.7,965.0,29.7,303.0,89.0,0,Normal,
2016-10-23 09:00:00,-11.4,964.5,30.2,293.0,89.0,0,Normal,
2016-10-23 10:00:00,-11.2,964.1,31.6,293.0,89.0,0,Normal,
2016-10-23 11:00:00,-11.2,964.0,32.6,288.0,89.0,0,Normal,
2016-10-23 12:00:00,-11.1,963.5,31.8,292.0,89.0,0,Normal,
2016-10-23 13:00:00,-10.8,963.1,34.3,290.0,88.0,0,Normal,
2016-10-23 14:00:00,-10.6,962.7,30.1,294.0,88.0,0,Normal,
2016-10-23 15:00:00,-10.6,961.6,34.6,302.0,87.0,0,Normal,
2016-10-23 16:00:00,-10.4,961.5,31.2,305.0,85.0,0,Normal,
2016-10-23 17:00:00,-10.3,961.6,32.4,302.0,82.0,0,Normal,
2016-10-23 18:00:00,-10.5,961.8,33.5,302.0,79.0,0,Normal,
2016-10-23 19:00:00,-10.3,961.5,32.6,302.0,75.0,0,Normal,
2016-10-23 20:00:00,-10.0,961.3,37.3,303.0,69.0,0,Normal,
2016-10-23 21:00:00,-9.7,961.5,34.7,302.0,59.0,0,Normal,
2016-10-23 22:00:00,-9.7,961.6,34.7,300.0,58.0,0,Normal,
2016-10-23 23:00:00,-9.7,962.1,37.5,302.0,57.0,0,Normal,
2016-10-24 00:00:00,-9.8,962.6,36.6,301.0,59.0,0,Normal,
2016-10-24 01:00:00,-10.1,963.4,33.9,302.0,61.0,0,Normal,
2016-10-24 02:00:00,-10.2,963.8,34.3,304.0,61.0,0,Normal,
2016-10-24 03:00:00,-10.7,964.3,35.0,302.0,74.0,0,Normal,
2016-10-24 04:00:00,-11.2,965.2,33.3,298.0,84.0,0,Normal,
2016-10-24 05:00:00,-11.3,965.8,34.3,292.0,86.0,0,Normal,
2016-10-24 06:00:00,-11.4,966.8,34.3,299.0,88.0,0,Normal,
2016-10-24 07:00:00,-11.4,967.8,35.2,304.0,88.0,0,Normal,
2016-10-24 08:00:00,-11.2,968.3,33.9,295.0,89.0,0,Normal,
2016-10-24 09:00:00,-10.9,968.3,37.4,293.0,89.0,0,Normal,
2016-10-24 10:00:00,-10.6,968.6,34.0,302.0,90.0,0,Normal,
2016-10-24 11:00:00,-10.3,968.8,32.8,297.0,90.0,0,Normal,
2016-10-24 12:00:00,-10.1,968.9,34.0,301.0,90.0,0,Normal,
2016-10-24 13:00:00,-10.0,968.0,35.8,303.0,90.0,0,Normal,
2016-10-24 14:00:00,-9.7,967.8,39.3,305.0,91.0,0,Normal,
2016-10-24 15:00:00,-9.5,967.8,39.4,308.0,91.0,0,Normal,
2016-10-24 16:00:00,-9.5,967.5,38.7,304.0,91.0,0,Normal,
2016-10-24 17:00:00,-9.7,967.2,40.8,303.0,91.0,0,Normal,
2016-10-24 18:00:00,-9.8,967.2,37.9,307.0,90.0,0,Normal,
2016-10-24 19:00:00,-9.9,966.3,43.0,309.0,90.0,0,Normal,
2016-10-24 20:00:00,-10.0,964.8,42.5,304.0,90.0,0,Normal,
2016-10-24 21:00:00,-10.1,963.4,47.2,303.0,90.0,0,Normal,
2016-10-24 22:00:00,-10.0,961.9,52.1,312.0,90.0,0,Normal,
2016-10-24 23:00:00,-9.8,961.1,50.5,312.0,90.0,0,Normal,
2016-10-25 00:00:00,-9.7,960.0,55.1,313.0,90.0,0,Normal,
2016-10-25 01:00:00,-8.8,958.4,56.6,314.0,90.0,0,Normal,
2016-10-25 02:00:00,-8.7,957.6,48.8,310.0,91.0,0,Normal,
2016-10-25 03:00:00,-8.2,957.1,54.0,312.0,89.0,0,Normal,
2016-10-25 04:00:00,-7.9,957.2,49.5,312.0,88.0,0,Normal,
2016-10-25 05:00:00,-7.3,957.1,45.7,311.0,87.0,0,Normal,
2016-10-25 06:00:00,-7.1,958.4,39.6,291.0,88.0,0,Normal,
2016-10-25 07:00:00,-7.4,959.5,30.0,284.0,89.0,0,Normal,
2016-10-25 08:00:00,-7.9,960.6,35.3,282.0,88.0,0,Normal,
2016-10-25 09:00:00,-7.9,961.9,37.5,281.0,87.0,0,Normal,
2016-10-25 10:00:00,-8.0,962.5,31.6,282.0,89.0,0,Normal,
2016-10-25 11:00:00,-7.8,963.0,34.8,271.0,89.0,0,Normal,
2016-10-25 12:00:00,-7.5,963.9,35.8,275.0,87.0,0,Normal,
2016-10-25 13:00:00,-7.4,964.3,35.1,282.0,87.0,0,Normal,
2016-10-25 14:00:00,-7.3,964.9,32.6,288.0,86.0,0,Normal,
2016-10-25 15:00:00,-7.3,965.8,27.7,280.0,87.0,0,Normal,
2016-10-25 16:00:00,-7.3,966.0,28.5,286.0,85.0,0,Normal,
2016-10-25 17:00:00,-7.5,966.4,27.2,293.0,84.0,0,Normal,
2016-10-25 18:00:00,-7.3,966.9,26.3,292.0,80.0,0,Normal,
2016-10-25 19:00:00,-8.0,967.9,26.8,288.0,79.0,0,Normal,
2016-10-25 20:00:00,-8.5,968.5,27.1,290.0,78.0,0,Normal,
2016-10-25 21:00:00,-8.7,969.0,28.1,308.0,76.0,0,Normal,
2016-10-25 22:00:00,-8.4,969.6,32.1,304.0,72.0,0,Normal,
2016-10-25 23:00:00,-8.8,970.1,37.3,314.0,72.0,0,Normal,
2016-10-26 00:00:00,-8.8,970.5,33.1,308.0,70.0,0,Normal,
2016-10-26 01:00:00,-8.2,970.4,29.0,299.0,69.0,0,Normal,
2016-10-26 02:00:00,-7.3,969.7,35.5,307.0,64.0,0,Normal,
2016-10-26 03:00:00,-6.9,968.9,39.2,311.0,67.0,0,Normal,
2016-10-26 04:00:00,-6.9,968.2,33.6,297.0,78.0,0,Normal,
2016-10-26 05:00:00,-6.5,967.1,40.0,306.0,80.0,0,Normal,
2016-10-26 06:00:00,-6.7,967.0,37.1,304.0,87.0,0,Normal,
2016-10-26 07:00:00,-6.4,966.4,38.3,303.0,85.0,0,Normal,
2016-10-26 08:00:00,-6.1,966.1,37.8,304.0,80.0,0,Normal,
2016-10-26 09:00:00,-6.2,965.2,38.0,302.0,85.0,0,Normal,
2016-10-26 10:00:00,-6.0,963.2,38.1,302.0,80.0,0,Normal,
2016-10-26 11:00:00,-5.3,961.0,43.6,305.0,66.0,0,Normal,
2016-10-26 12:00:00,-4.8,959.5,42.0,297.0,59.0,0,Normal,
2016-10-26 13:00:00,-3.7,957.8,41.0,302.0,50.0,0,Normal,
2016-10-26 14:00:00,-3.3,955.9,45.2,317.0,48.0,0,Normal,
2016-10-26 15:00:00,-3.7,954.6,48.3,290.0,50.0,0,Normal,
2016-10-26 16:00:00,-4.9,952.8,50.4,289.0,52.0,0,Normal,
2016-10-26 17:00:00,-5.2,952.5,49.1,289.0,50.0,0,Normal,
2016-10-26 18:00:00,-5.1,951.9,49.3,305.0,50.0,0,Normal,
2016-10-26 19:00:00,-5.3,951.4,47.2,296.0,48.0,0,Normal,
2016-10-26 20:00:00,-5.7,951.2,45.2,293.0,51.0,0,Normal,
2016-10-26 21:00:00,-5.8,950.3,44.3,296.0,52.0,0,Normal,
2016-10-26 22:00:00,-6.0,949.8,44.8,302.0,50.0,0,Normal,
2016-10-26 23:00:00,-6.5,948.6,45.4,294.0,51.0,0,Normal,
2016-10-27 00:00:00,-6.5,948.4,44.7,291.0,48.0,0,Normal,
2016-10-27 01:00:00,-6.6,948.9,43.3,280.0,51.0,0,Normal,
2016-10-27 02:00:00,-7.0,949.0,44.0,283.0,54.0,0,Normal,
2016-10-27 03:00:00,-7.1,948.6,43.1,289.0,52.0,0,Normal,
2016-10-27 04:00:00,-7.1,948.6,41.5,294.0,54.0,0,Normal,
2016-10-27 05:00:00,-6.8,949.4,40.4,298.0,54.0,0,Normal,
2016-10-27 06:00:00,-6.5,949.6,46.0,309.0,49.0,0,Normal,
2016-10-27 07:00:00,-6.5,950.3,41.6,320.0,50.0,0,Normal,
2016-10-27 08:00:00,-6.4,950.8,41.1,308.0,50.0,0,Normal,
2016-10-27 09:00:00,-6.3,950.8,40.5,304.0,50.0,0,Normal,
2016-10-27 10:00:00,-6.0,951.1,40.7,302.0,52.0,0,Normal,
2016-10-27 11:00:00,-5.9,951.4,41.9,302.0,52.0,0,Normal,
2016-10-27 12:00:00,-5.6,951.6,39.0,298.0,53.0,0,Normal,
2016-10-27 13:00:00,-5.3,951.7,40.8,299.0,50.0,0,Normal,
2016-10-27 14:00:00,-5.3,952.0,40.5,293.0,53.0,0,Normal,
2016-10-27 15:00:00,-5.3,952.5,34.7,293.0,55.0,0,Normal,
2016-10-27 16:00:00,-5.5,952.6,34.8,293.0,54.0,0,Normal,
2016-10-27 17:00:00,-5.6,953.1,37.0,291.0,54.0,0,Normal,
2016-10-27 18:00:00,-5.8,953.5,35.6,291.0,55.0,0,Normal,
2016-10-27 19:00:00,-6.1,953.6,34.9,294.0,56.0,0,Normal,
2016-10-27 20:00:00,-6.2,953.9,32.1,298.0,54.0,0,Normal,
2016-10-27 21:00:00,-6.9,954.2,35.7,302.0,55.0,0,Normal,
2016-10-27 22:00:00,-7.0,954.1,37.8,303.0,55.0,0,Normal,
2016-10-27 23:00:00,-7.0,954.4,37.9,303.0,56.0,0,Normal,
2016-10-28 00:00:00,-6.9,954.5,36.9,306.0,54.0,0,Normal,
2016-10-28 01:00:00,-6.8,954.3,36.0,301.0,50.0,0,Normal,
2016-10-28 02:00:00,-6.6,954.1,40.5,304.0,45.0,0,Normal,
2016-10-28 03:00:00,-7.0,954.4,35.6,292.0,50.0,0,Normal,
2016-10-28 04:00:00,-7.2,954.4,40.6,304.0,52.0,0,Normal,
2016-10-28 05:00:00,-6.7,954.9,41.1,303.0,47.0,0,Normal,
2016-10-28 06:00:00,-6.6,955.7,38.8,303.0,48.0,0,Normal,
2016-10-28 07:00:00,-6.6,955.9,37.2,305.0,48.0,0,Normal,
2016-10-28 08:00:00,-6.3,955.6,37.8,303.0,48.0,0,Normal,
2016-10-28 09:00:00,-6.0,955.6,37.8,302.0,48.0,0,Normal,
2016-10-28 10:00:00,-5.8,955.4,37.9,299.0,49.0,0,Normal,
2016-10-28 11:00:00,-5.6,955.6,34.9,299.0,50.0,0,Normal,
2016-10-28 12:00:00,-5.2,955.2,33.2,297.0,49.0,0,Normal,
2016-10-28 13:00:00,-5.1,955.1,37.2,295.0,48.0,0,Normal,
2016-10-28 14:00:00,-5.1,954.8,36.2,300.0,48.0,0,Normal,
2016-10-28 15:00:00,-5.2,954.8,35.3,304.0,47.0,0,Normal,
2016-10-28 16:00:00,-5.4,954.9,33.0,302.0,49.0,0,Normal,
2016-10-28 17:00:00,-5.7,954.9,34.5,308.0,48.0,0,Normal,
2016-10-28 18:00:00,-6.1,954.8,37.9,311.0,47.0,0,Normal,
2016-10-28 19:00:00,-6.4,955.3,36.4,309.0,47.0,0,Normal,
2016-10-28 20:00:00,-6.6,955.4,37.8,307.0,44.0,0,Normal,
2016-10-28 21:00:00,-6.6,955.3,40.3,312.0,42.0,0,Normal,
2016-10-28 22:00:00,-6.6,955.1,43.6,318.0,39.0,0,Normal,
2016-10-28 23:00:00,-6.6,955.1,39.5,317.0,41.0,0,Normal,
2016-10-29 00:00:00,-6.5,954.7,39.0,314.0,38.0,0,Normal,
2016-10-29 01:00:00,-6.9,954.9,39.5,313.0,38.0,0,Normal,
2016-10-29 02:00:00,-8.2,954.8,41.4,334.0,43.0,0,Normal,
2016-10-29 03:00:00,-8.9,954.5,41.8,344.0,42.0,0,Normal,
2016-10-29 04:00:00,-9.0,954.4,41.2,341.0,42.0,0,Normal,
2016-10-29 05:00:00,-8.9,954.4,42.4,342.0,41.0,0,Normal,
2016-10-29 06:00:00,-8.4,954.4,40.8,342.0,41.0,0,Normal,
2016-10-29 07:00:00,-7.8,954.6,37.1,344.0,39.0,0,Normal,
2016-10-29 08:00:00,-7.3,954.6,34.8,347.0,41.0,0,Normal,
2016-10-29 09:00:00,-6.3,954.4,38.1,331.0,38.0,0,Normal,
2016-10-29 10:00:00,-6.0,954.3,32.2,329.0,42.0,0,Normal,
2016-10-29 11:00:00,-5.5,954.1,32.3,331.0,43.0,0,Normal,
2016-10-29 12:00:00,-5.2,954.2,28.2,343.0,43.0,0,Normal,
2016-10-29 13:00:00,-4.5,954.0,26.2,338.0,38.0,0,Normal,
2016-10-29 14:00:00,-4.2,953.9,23.7,340.0,39.0,0,Normal,
2016-10-29 15:00:00,-4.5,953.7,25.1,342.0,38.0,0,Normal,
2016-10-29 16:00:00,-5.2,953.4,23.5,350.0,42.0,0,Normal,
2016-10-29 17:00:00,-5.9,953.4,27.2,347.0,40.0,0,Normal,
2016-10-29 18:00:00,-6.7,953.2,25.3,353.0,39.0,0,Normal,
2016-10-29 19:00:00,-7.9,953.2,31.1,352.0,37.0,0,Normal,
2016-10-29 20:00:00,-9.1,953.1,30.7,351.0,38.0,0,Normal,
2016-10-29 21:00:00,-9.9,952.7,34.5,352.0,38.0,0,Normal,
2016-10-29 22:00:00,-10.1,952.1,30.7,352.0,35.0,0,Normal,
2016-10-29 23:00:00,-10.1,951.5,32.4,354.0,35.0,0,Normal,
2016-10-30 00:00:00,-10.7,951.1,32.0,354.0,37.0,0,Normal,
2016-10-30 01:00:00,-10.5,950.6,30.5,353.0,39.0,0,Normal,
2016-10-30 02:00:00,-9.7,950.1,31.5,351.0,37.0,0,Normal,
2016-10-30 03:00:00,-9.7,949.5,33.2,356.0,39.0,0,Normal,
2016-10-30 04:00:00,-9.1,949.2,33.3,355.0,41.0,0,Normal,
2016-10-30 05:00:00,-8.5,948.6,31.4,355.0,44.0,0,Normal,
2016-10-30 06:00:00,-7.4,948.1,31.7,354.0,40.0,0,Normal,
2016-10-30 07:00:00,-6.4,947.6,29.1,354.0,40.0,0,Normal,
2016-10-30 08:00:00,-5.6,946.6,27.0,353.0,40.0,0,Normal,
2016-10-30 09:00:00,-4.5,945.5,25.5,353.0,40.0,0,Normal,
2016-10-30 10:00:00,-3.0,944.1,27.6,345.0,37.0,0,Normal,
2016-10-30 11:00:00,-2.3,942.9,24.0,355.0,42.0,0,Normal,
2016-10-30 12:00:00,-1.9,941.9,20.5,352.0,44.0,0,Normal,
2016-10-30 13:00:00,-1.6,941.5,18.8,193.0,42.0,0,Normal,
2016-10-30 14:00:00,-0.9,941.0,24.6,312.0,49.0,0,Normal,
2016-10-30 15:00:00,-1.2,940.1,24.5,346.0,54.0,0,Normal,
2016-10-30 16:00:00,-1.9,939.5,27.1,341.0,58.0,0,Normal,
2016-10-30 17:00:00,-3.2,939.0,36.5,325.0,83.0,0,Normal,
2016-10-30 18:00:00,-1.6,938.5,34.2,305.0,50.0,0,Normal,
2016-10-30 19:00:00,-1.9,938.7,35.7,306.0,49.0,0,Normal,
2016-10-30 20:00:00,-1.9,939.3,35.7,310.0,46.0,0,Normal,
2016-10-30 21:00:00,-2.1,940.1,31.1,304.0,47.0,0,Normal,
2016-10-30 22:00:00,-2.5,941.3,26.1,302.0,50.0,0,Normal,
2016-10-30 23:00:00,-2.7,942.1,26.2,300.0,49.0,0,Normal,
2016-10-31 00:00:00,-3.6,943.3,25.7,306.0,56.0,0,Normal,
2016-10-31 01:00:00,-3.6,943.2,36.8,310.0,45.0,0,Normal,
2016-10-31 02:00:00,-3.9,943.3,40.3,322.0,44.0,0,Normal,
2016-10-31 03:00:00,-3.4,943.1,40.0,320.0,40.0,0,Normal,
2016-10-31 04:00:00,-2.4,943.3,42.9,315.0,37.0,0,Normal,
2016-10-31 05:00:00,-1.6,943.5,49.1,313.0,36.0,0,Normal,
2016-10-31 06:00:00,-1.7,942.9,48.5,311.0,38.0,0,Normal,
2016-10-31 07:00:00,-2.0,942.8,50.3,311.0,48.0,0,Normal,
2016-10-31 08:00:00,-2.2,944.2,44.1,308.0,55.0,0,Normal,
2016-10-31 09:00:00,-2.3,945.9,42.1,303.0,60.0,0,Normal,
2016-10-31 10:00:00,-2.6,948.3,34.6,296.0,67.0,0,Normal,
2016-10-31 11:00:00,-3.3,950.9,32.4,280.0,81.0,0,Normal,
2016-10-31 12:00:00,-3.3,952.4,35.4,303.0,73.0,0,Normal,
2016-10-31 13:00:00,-3.8,955.1,34.5,294.0,76.0,0,Normal,
2016-10-31 14:00:00,-4.3,956.9,29.9,293.0,82.0,0,Normal,
2016-10-31 15:00:00,-4.9,958.8,29.9,293.0,85.0,0,Normal,
2016-10-31 16:00:00,-5.3,960.4,28.3,291.0,85.0,0,Normal,
2016-10-31 17:00:00,-5.1,961.7,27.9,297.0,76.0,0,Normal,
2016-10-31 18:00:00,-5.5,963.0,28.7,295.0,77.0,0,Normal,
2016-10-31 19:00:00,-5.2,964.8,24.1,288.0,71.0,0,Normal,
2016-10-31 20:00:00,-4.6,966.1,28.6,299.0,68.0,0,Normal,
2016-10-31 21:00:00,-4.2,966.9,30.2,309.0,68.0,0,Normal,
2016-10-31 22:00:00,-4.0,967.8,33.0,307.0,58.0,0,Normal,
2016-10-31 23:00:00,-4.0,968.6,36.4,310.0,55.0,0,Normal,
2016-11-01 00:00:00,-3.8,969.4,32.6,310.0,46.0,0,Normal,
2016-11-01 01:00:00,-3.9,970.0,31.9,314.0,44.0,0,Normal,
2016-11-01 02:00:00,-5.0,970.8,30.6,335.0,46.0,0,Normal,
2016-11-01 03:00:00,-5.1,971.5,34.4,341.0,41.0,0,Normal,
2016-11-01 04:00:00,-4.8,972.4,33.5,345.0,38.0,0,Normal,
2016-11-01 05:00:00,-4.8,973.2,35.9,340.0,41.0,0,Normal,
2016-11-01 06:00:00,-5.5,973.8,33.0,347.0,50.0,0,Normal,
2016-11-01 07:00:00,-3.9,974.6,35.8,343.0,43.0,0,Normal,
2016-11-01 08:00:00,-2.9,975.1,32.8,335.0,42.0,0,Normal,
2016-11-01 09:00:00,-1.8,976.0,28.4,301.0,42.0,0,Normal,
2016-11-01 10:00:00,-1.1,976.9,31.1,309.0,43.0,0,Normal,
2016-11-01 11:00:00,-1.0,977.4,29.6,304.0,42.0,0,Normal,
2016-11-01 12:00:00,-0.8,978.2,27.2,298.0,41.0,0,Normal,
2016-11-01 13:00:00,-0.4,978.4,29.6,291.0,40.0,0,Normal,
2016-11-01 14:00:00,-0.7,979.1,30.0,278.0,46.0,0,Normal,
2016-11-01 15:00:00,-1.5,979.7,28.0,290.0,52.0,0,Normal,
2016-11-01 16:00:00,-2.3,980.4,27.5,287.0,56.0,0,Normal,
2016-11-01 17:00:00,-2.5,981.0,21.8,296.0,59.0,0,Normal,
2016-11-01 18:00:00,-2.9,981.4,21.4,290.0,59.0,0,Normal,
2016-11-01 19:00:00,-3.2,981.7,17.3,300.0,63.0,0,Normal,
2016-11-01 20:00:00,-3.2,981.8,22.4,335.0,55.0,0,Normal,
2016-11-01 21:00:00,-3.9,981.8,23.9,337.0,51.0,0,Normal,
2016-11-01 22:00:00,-5.4,981.4,27.8,358.0,51.0,0,Normal,
2016-11-01 23:00:00,-6.4,981.3,30.6,356.0,46.0,0,Normal,
2016-11-02 00:00:00,-6.7,981.2,33.3,352.0,38.0,0,Normal,
2016-11-02 01:00:00,-7.2,981.0,31.3,352.0,39.0,0,Normal,
2016-11-02 02:00:00,-7.1,981.2,30.1,351.0,36.0,0,Normal,
2016-11-02 03:00:00,-7.9,981.1,29.6,352.0,37.0,0,Normal,
2016-11-02 04:00:00,-7.7,980.8,30.8,347.0,36.0,0,Normal,
2016-11-02 05:00:00,-7.4,981.0,28.6,351.0,39.0,0,Normal,
2016-11-02 06:00:00,-6.9,981.0,27.0,352.0,42.0,0,Normal,
2016-11-02 07:00:00,-5.6,980.5,26.0,347.0,38.0,0,Normal,
2016-11-02 08:00:00,-5.0,980.5,27.0,349.0,43.0,0,Normal,
2016-11-02 09:00:00,-4.3,980.0,27.3,345.0,43.0,0,Normal,
2016-11-02 10:00:00,-3.3,979.8,22.4,345.0,42.0,0,Normal,
2016-11-02 11:00:00,-2.3,979.6,16.8,308.0,37.0,0,Normal,
2016-11-02 12:00:00,-1.8,979.0,17.5,278.0,32.0,0,Normal,
2016-11-02 13:00:00,-1.6,978.7,21.6,296.0,33.0,0,Normal,
2016-11-02 14:00:00,-1.5,978.3,20.1,296.0,34.0,0,Normal,
2016-11-02 15:00:00,-1.8,977.9,20.2,281.0,36.0,0,Normal,
2016-11-02 16:00:00,-1.8,977.7,15.9,210.0,42.0,0,Normal,
2016-11-02 17:00:00,-2.8,977.4,16.0,332.0,47.0,0,Normal,
2016-11-02 18:00:00,-3.6,977.2,18.5,235.0,56.0,0,Normal,
2016-11-02 19:00:00,-5.0,977.1,14.8,295.0,60.0,0,Normal,
2016-11-02 20:00:00,-5.6,976.9,22.1,333.0,49.0,0,Normal,
2016-11-02 21:00:00,-6.1,976.9,23.7,325.0,48.0,0,Normal,
2016-11-02 22:00:00,-6.2,976.3,24.0,342.0,45.0,0,Normal,
2016-11-02 23:00:00,-6.6,976.3,24.1,347.0,46.0,0,Normal,
2016-11-03 00:00:00,-6.9,976.2,25.3,340.0,48.0,0,Normal,
2016-11-03 01:00:00,-6.9,975.9,26.7,342.0,47.0,0,Normal,
2016-11-03 02:00:00,-6.6,975.7,24.9,349.0,49.0,0,Normal,
2016-11-03 03:00:00,-6.6,975.3,23.8,349.0,47.0,0,Normal,
2016-11-03 04:00:00,-6.8,974.7,27.1,352.0,44.0,0,Normal,
2016-11-03 05:00:00,-5.9,974.0,24.5,352.0,41.0,0,Normal,
2016-11-03 06:00:00,-6.1,973.4,28.1,357.0,42.0,0,Normal,
2016-11-03 07:00:00,-5.8,973.0,28.4,352.0,39.0,0,Normal,
2016-11-03 08:00:00,-4.7,973.0,25.8,351.0,39.0,0,Normal,
2016-11-03 09:00:00,-3.4,972.6,24.0,341.0,40.0,0,Normal,
2016-11-03 10:00:00,-1.6,972.4,22.8,287.0,36.0,0,Normal,
2016-11-03 11:00:00,-1.1,972.1,18.6,306.0,39.0,0,Normal,
2016-11-03 12:00:00,-0.8,972.0,20.2,262.0,42.0,0,Normal,
2016-11-03 13:00:00,0.0,971.5,18.6,175.0,46.0,0,Normal,
2016-11-03 14:00:00,0.0,971.3,24.7,247.0,44.0,0,Normal,
2016-11-03 15:00:00,-0.2,971.2,24.8,252.0,46.0,0,Normal,
2016-11-03 16:00:00,-1.7,971.3,17.5,216.0,57.0,0,Normal,
2016-11-03 17:00:00,-2.2,971.3,20.1,262.0,57.0,0,Normal,
2016-11-03 18:00:00,-2.6,971.8,21.2,247.0,62.0,0,Normal,
2016-11-03 19:00:00,-3.5,972.4,17.1,286.0,63.0,0,Normal,
2016-11-03 20:00:00,-3.9,973.1,19.9,292.0,61.0,0,Normal,
2016-11-03 21:00:00,-4.5,973.8,21.1,281.0,63.0,0,Normal,
2016-11-03 22:00:00,-4.9,974.4,21.3,312.0,65.0,0,Normal,
2016-11-03 23:00:00,-5.2,974.9,25.8,287.0,54.0,0,Normal,
2016-11-04 00:00:00,-4.8,975.0,27.6,294.0,55.0,0,Normal,
2016-11-04 01:00:00,-4.9,975.3,30.9,308.0,57.0,0,Normal,
2016-11-04 02:00:00,-5.2,975.5,32.8,315.0,58.0,0,Normal,
2016-11-04 03:00:00,-4.8,976.3,29.7,292.0,57.0,0,Normal,
2016-11-04 04:00:00,-4.8,976.9,28.7,291.0,52.0,0,Normal,
2016-11-04 05:00:00,-4.5,977.4,30.3,302.0,45.0,0,Normal,
2016-11-04 06:00:00,-4.0,977.4,28.5,297.0,43.0,0,Normal,
2016-11-04 07:00:00,-3.6,977.7,27.9,292.0,43.0,0,Normal,
2016-11-04 08:00:00,-2.7,977.8,24.1,297.0,46.0,0,Normal,
2016-11-04 09:00:00,-2.6,977.7,29.5,292.0,45.0,0,Normal,
2016-11-04 10:00:00,-1.6,977.5,29.4,276.0,40.0,0,Normal,
2016-11-04 11:00:00,-1.8,977.1,27.4,287.0,43.0,0,Normal,
2016-11-04 12:00:00,-1.5,976.8,25.4,282.0,42.0,0,Normal,
2016-11-04 13:00:00,-0.9,976.3,25.0,279.0,41.0,0,Normal,
2016-11-04 14:00:00,-0.1,975.8,22.5,250.0,41.0,0,Normal,
2016-11-04 15:00:00,-0.7,975.3,18.4,242.0,46.0,0,Normal,
2016-11-04 16:00:00,-0.7,974.7,18.4,268.0,45.0,0,Normal,
2016-11-04 17:00:00,-1.9,974.1,16.7,276.0,49.0,0,Normal,
2016-11-04 18:00:00,-1.9,973.6,19.3,291.0,50.0,0,Normal,
2016-11-04 19:00:00,-2.2,973.1,18.6,327.0,53.0,0,Normal,
2016-11-04 20:00:00,-2.4,972.3,25.7,338.0,48.0,0,Normal,
2016-11-04 21:00:00,-2.1,972.0,24.4,311.0,47.0,0,Normal,
2016-11-04 22:00:00,-1.7,971.5,29.8,308.0,43.0,0,Normal,
2016-11-04 23:00:00,-2.0,971.2,31.5,309.0,46.0,0,Normal,
2016-11-05 00:00:00,-2.0,971.2,30.6,306.0,45.0,0,Normal,
2016-11-05 01:00:00,-2.5,971.6,30.1,301.0,42.0,0,Normal,
2016-11-05 02:00:00,-2.9,971.8,31.0,304.0,41.0,0,Normal,
2016-11-05 03:00:00,-3.0,972.1,30.4,304.0,39.0,0,Normal,
2016-11-05 04:00:00,-2.6,972.2,28.4,294.0,37.0,0,Normal,
2016-11-05 05:00:00,-2.9,971.9,22.6,287.0,38.0,0,Normal,
2016-11-05 06:00:00,-2.6,971.5,26.3,295.0,42.0,0,Normal,
2016-11-05 07:00:00,-1.7,971.0,24.1,290.0,39.0,0,Normal,
2016-11-05 08:00:00,-1.4,970.9,22.6,259.0,41.0,0,Normal,
2016-11-05 09:00:00,-1.0,970.7,25.3,282.0,37.0,0,Normal,
2016-11-05 10:00:00,-0.1,970.2,29.2,266.0,34.0,0,Normal,
2016-11-05 11:00:00,0.9,969.8,20.1,233.0,40.0,0,Normal,
2016-11-05 12:00:00,1.3,969.3,21.0,216.0,42.0,0,Normal,
2016-11-05 13:00:00,1.6,968.8,22.1,265.0,44.0,0,Normal,
2016-11-05 14:00:00,1.9,968.1,29.2,292.0,42.0,0,Normal,
2016-11-05 15:00:00,1.5,967.2,29.4,301.0,45.0,0,Normal,
2016-11-05 16:00:00,1.2,966.7,30.7,302.0,44.0,0,Normal,
2016-11-05 17:00:00,0.8,966.1,28.2,298.0,45.0,0,Normal,
2016-11-05 18:00:00,0.1,966.0,27.7,288.0,43.0,0,Normal,
2016-11-05 19:00:00,-0.5,965.6,28.9,290.0,43.0,0,Normal,
2016-11-05 20:00:00,-0.8,965.1,36.6,310.0,35.0,0,Normal,
2016-11-05 21:00:00,-1.4,965.3,32.0,302.0,33.0,0,Normal,
2016-11-05 22:00:00,-1.9,965.1,36.3,308.0,32.0,0,Normal,
2016-11-05 23:00:00,-2.9,965.4,36.7,304.0,34.0,0,Normal,
2016-11-06 00:00:00,-3.7,965.5,38.0,305.0,35.0,0,Normal,
2016-11-06 01:00:00,-4.5,965.6,34.2,306.0,38.0,0,Normal,
2016-11-06 02:00:00,-4.8,965.8,37.5,308.0,34.0,0,Normal,
2016-11-06 03:00:00,-4.8,965.7,43.0,309.0,32.0,0,Normal,
2016-11-06 04:00:00,-4.9,965.9,32.5,301.0,36.0,0,Normal,
2016-11-06 05:00:00,-4.9,966.3,41.5,293.0,35.0,0,Normal,
2016-11-06 06:00:00,-4.9,966.5,38.8,291.0,34.0,0,Normal,
2016-11-06 07:00:00,-5.0,967.1,37.1,292.0,37.0,0,Normal,
2016-11-06 08:00:00,-4.8,967.2,35.4,290.0,36.0,0,Normal,
2016-11-06 09:00:00,-5.1,967.5,35.7,285.0,35.0,0,Normal,
2016-11-06 10:00:00,-5.1,966.9,39.5,287.0,36.0,0,Normal,
2016-11-06 11:00:00,-5.0,967.1,35.6,283.0,39.0,0,Normal,
2016-11-06 12:00:00,-5.0,967.3,35.6,279.0,43.0,0,Normal,
2016-11-06 13:00:00,-4.9,967.7,29.5,279.0,47.0,0,Normal,
2016-11-06 14:00:00,-4.9,967.3,32.0,281.0,45.0,0,Normal,
2016-11-06 15:00:00,-4.7,966.8,29.4,110.0,43.0,0,Normal,
2016-11-06 16:00:00,-4.9,966.8,28.3,113.0,45.0,0,Normal,
2016-11-06 17:00:00,-5.2,967.2,25.4,106.0,47.0,0,Normal,
2016-11-06 18:00:00,-5.6,967.2,25.2,115.0,50.0,0,Normal,
2016-11-06 19:00:00,-5.8,967.3,26.2,112.0,49.0,0,Normal,
2016-11-06 20:00:00,-6.3,967.3,26.0,110.0,51.0,0,Normal,
2016-11-06 21:00:00,-6.4,967.6,26.5,113.0,52.0,0,Normal,
2016-11-06 22:00:00,-6.8,967.9,28.0,114.0,53.0,0,Normal,
2016-11-06 23:00:00,-7.3,968.1,27.9,114.0,55.0,0,Normal,
2016-11-07 00:00:00,-7.4,968.4,24.9,114.0,57.0,0,Normal,
2016-11-07 01:00:00,-7.6,968.7,26.0,111.0,57.0,0,Normal,
2016-11-07 02:00:00,-7.9,968.8,26.9,116.0,61.0,0,Normal,
2016-11-07 03:00:00,-8.0,968.7,29.2,115.0,54.0,0,Normal,
2016-11-07 04:00:00,-8.2,968.5,33.8,115.0,50.0,0,Normal,
2016-11-07 05:00:00,-8.3,969.0,30.9,120.0,52.0,0,Normal,
2016-11-07 06:00:00,-8.3,969.3,31.0,121.0,51.0,0,Normal,
2016-11-07 07:00:00,-8.1,969.7,28.1,122.0,52.0,0,Normal,
2016-11-07 08:00:00,-7.8,969.7,32.7,118.0,51.0,0,Normal,
2016-11-07 09:00:00,-7.4,970.1,29.8,118.0,53.0,0,Normal,
2016-11-07 10:00:00,-7.0,970.1,27.4,113.0,55.0,0,Normal,
2016-11-07 11:00:00,-6.6,970.1,30.4,113.0,57.0,0,Normal,
2016-11-07 12:00:00,-6.1,969.8,28.8,112.0,57.0,0,Normal,
2016-11-07 13:00:00,-5.6,969.4,26.5,112.0,55.0,0,Normal,
2016-11-07 14:00:00,-5.3,969.0,26.2,112.0,54.0,0,Normal,
2016-11-07 15:00:00,-5.4,968.7,28.8,103.0,57.0,0,Normal,
2016-11-07 16:00:00,-5.6,968.5,25.8,104.0,59.0,0,Normal,
2016-11-07 17:00:00,-5.4,968.3,23.6,105.0,58.0,0,Normal,
2016-11-07 18:00:00,-5.3,967.8,23.4,111.0,59.0,0,Normal,
2016-11-07 19:00:00,-5.8,967.6,24.1,112.0,58.0,0,Normal,
2016-11-07 20:00:00,-5.9,967.5,24.3,114.0,64.0,0,Normal,
2016-11-07 21:00:00,-6.2,967.2,21.6,115.0,71.0,0,Normal,
2016-11-07 22:00:00,-6.2,966.9,24.0,111.0,63.0,0,Normal,
2016-11-07 23:00:00,-6.6,966.7,26.3,117.0,61.0,0,Normal,
2016-11-08 00:00:00,-6.8,966.9,24.5,109.0,62.0,0,Normal,
2016-11-08 01:00:00,-6.9,966.8,24.3,104.0,59.0,0,Normal,
2016-11-08 02:00:00,-7.5,966.1,25.5,114.0,64.0,0,Normal,
2016-11-08 03:00:00,-7.4,966.0,27.2,111.0,62.0,0,Normal,
2016-11-08 04:00:00,-7.5,965.9,25.4,110.0,64.0,0,Normal,
2016-11-08 05:00:00,-7.3,965.9,25.8,116.0,63.0,0,Normal,
2016-11-08 06:00:00,-7.1,965.7,25.2,115.0,61.0,0,Normal,
2016-11-08 07:00:00,-6.9,965.6,26.5,125.0,68.0,0,Normal,
2016-11-08 08:00:00,-6.3,965.6,25.5,121.0,65.0,0,Normal,
2016-11-08 09:00:00,-5.8,965.4,27.1,120.0,59.0,0,Normal,
2016-11-08 10:00:00,-5.6,965.6,27.3,118.0,58.0,0,Normal,
2016-11-08 11:00:00,-5.5,965.7,26.4,117.0,60.0,0,Normal,
2016-11-08 12:00:00,-5.1,965.5,27.7,113.0,55.0,0,Normal,
2016-11-08 13:00:00,-5.1,965.5,25.5,111.0,56.0,0,Normal,
2016-11-08 14:00:00,-5.1,965.6,24.9,104.0,57.0,0,Normal,
2016-11-08 15:00:00,-5.2,965.3,24.2,111.0,55.0,0,Normal,
2016-11-08 16:00:00,-5.2,965.0,24.5,112.0,54.0,0,Normal,
2016-11-08 17:00:00,-5.2,965.1,21.2,114.0,55.0,0,Normal,
2016-11-08 18:00:00,-5.6,965.3,22.8,101.0,54.0,0,Normal,
2016-11-08 19:00:00,-6.0,965.7,22.5,105.0,55.0,0,Normal,
2016-11-08 20:00:00,-6.4,966.0,19.0,113.0,60.0,0,Normal,
2016-11-08 21:00:00,-6.5,966.4,19.4,115.0,60.0,0,Normal,
2016-11-08 22:00:00,-6.6,966.6,15.5,120.0,60.0,0,Normal,
2016-11-08 23:00:00,-6.7,966.9,18.2,123.0,57.0,0,Normal,
2016-11-09 00:00:00,-6.8,967.0,20.6,117.0,55.0,0,Normal,
2016-11-09 01:00:00,-7.0,967.1,21.3,116.0,53.0,0,Normal,
2016-11-09 02:00:00,-7.1,967.4,22.1,117.0,51.0,0,Normal,
2016-11-09 03:00:00,-7.2,967.7,20.2,121.0,48.0,0,Normal,
2016-11-09 04:00:00,-6.9,968.0,21.4,120.0,47.0,0,Normal,
2016-11-09 05:00:00,-6.5,968.7,24.9,113.0,43.0,0,Normal,
2016-11-09 06:00:00,-6.1,969.6,24.5,118.0,43.0,0,Normal,
2016-11-09 07:00:00,-5.8,970.2,24.9,114.0,46.0,0,Normal,
2016-11-09 08:00:00,-5.3,970.6,24.6,116.0,47.0,0,Normal,
2016-11-09 09:00:00,-4.9,971.4,23.6,114.0,48.0,0,Normal,
2016-11-09 10:00:00,-4.6,972.1,23.4,104.0,48.0,0,Normal,
2016-11-09 11:00:00,-4.3,972.4,24.4,98.0,45.0,0,Normal,
2016-11-09 12:00:00,-4.2,972.9,26.4,97.0,45.0,0,Normal,
2016-11-09 13:00:00,-4.3,973.5,27.1,104.0,45.0,0,Normal,
2016-11-09 14:00:00,-4.1,973.8,25.9,104.0,48.0,0,Normal,
2016-11-09 15:00:00,-4.2,974.3,23.2,103.0,50.0,0,Normal,
2016-11-09 16:00:00,-4.6,975.0,22.9,99.0,52.0,0,Normal,
2016-11-09 17:00:00,-4.6,975.7,24.0,96.0,53.0,0,Normal,
2016-11-09 18:00:00,-5.0,976.2,24.8,114.0,56.0,0,Normal,
2016-11-09 19:00:00,-5.5,976.8,23.4,117.0,57.0,0,Normal,
2016-11-09 20:00:00,-5.8,977.4,24.1,115.0,55.0,0,Normal,
2016-11-09 21:00:00,-6.0,978.0,26.0,115.0,53.0,0,Normal,
2016-11-09 22:00:00,-6.2,978.5,22.9,116.0,53.0,0,Normal,
2016-11-09 23:00:00,-6.3,978.7,27.0,126.0,48.0,0,Normal,
2016-11-10 00:00:00,-6.3,979.1,26.2,128.0,47.0,0,Normal,
2016-11-10 01:00:00,-6.3,979.2,25.2,120.0,44.0,0,Normal,
2016-11-10 02:00:00,-6.1,979.5,29.2,124.0,37.0,0,Normal,
2016-11-10 03:00:00,-5.6,979.6,26.6,115.0,33.0,0,Normal,
2016-11-10 04:00:00,-5.8,980.0,24.1,113.0,40.0,0,Normal,
2016-11-10 05:00:00,-5.5,980.2,23.3,106.0,34.0,0,Normal,
2016-11-10 06:00:00,-4.6,979.6,19.5,105.0,38.0,0,Normal,
2016-11-10 07:00:00,-3.5,979.7,24.8,105.0,34.0,0,Normal,
2016-11-10 08:00:00,-2.4,979.1,22.7,104.0,32.0,0,Normal,
2016-11-10 09:00:00,-1.8,978.4,21.4,87.0,33.0,0,Normal,
2016-11-10 10:00:00,-0.6,977.9,25.0,86.0,32.0,0,Normal,
2016-11-10 11:00:00,-0.1,977.4,21.0,105.0,30.0,0,Normal,
2016-11-10 12:00:00,0.4,976.8,18.6,72.0,31.0,0,Normal,
2016-11-10 13:00:00,0.1,976.5,19.4,61.0,31.0,0,Normal,
2016-11-10 14:00:00,-0.3,976.2,14.0,82.0,32.0,0,Normal,
2016-11-10 15:00:00,-1.0,975.6,13.2,38.0,32.0,0,Normal,
2016-11-10 16:00:00,-2.1,975.1,11.0,193.0,37.0,0,Normal,
2016-11-10 17:00:00,-2.0,974.8,13.8,256.0,38.0,0,Normal,
2016-11-10 18:00:00,-1.7,974.3,13.1,153.0,49.0,0,Normal,
2016-11-10 19:00:00,-1.8,973.6,23.7,154.0,47.0,0,Normal,
2016-11-10 20:00:00,-2.2,973.4,25.7,149.0,45.0,0,Normal,
2016-11-10 21:00:00,-2.8,973.7,21.8,144.0,47.0,0,Normal,
2016-11-10 22:00:00,-2.9,973.9,25.4,151.0,44.0,0,Normal,
2016-11-10 23:00:00,-3.4,974.5,14.7,92.0,47.0,0,Normal,
2016-11-11 00:00:00,-4.0,974.9,14.1,117.0,50.0,0,Normal,
2016-11-11 01:00:00,-5.1,975.4,17.5,93.0,51.0,0,Normal,
2016-11-11 02:00:00,-6.3,975.8,17.2,115.0,55.0,0,Normal,
2016-11-11 03:00:00,-6.8,976.2,21.8,127.0,56.0,0,Normal,
2016-11-11 04:00:00,-5.7,976.6,20.1,122.0,52.0,0,Normal,
2016-11-11 05:00:00,-5.0,977.1,21.1,114.0,50.0,0,Normal,
2016-11-11 06:00:00,-4.4,977.8,19.6,111.0,49.0,0,Normal,
2016-11-11 07:00:00,-4.0,978.7,18.0,37.0,51.0,0,Normal,
2016-11-11 08:00:00,-6.1,979.7,13.0,325.0,58.0,0,Normal,
2016-11-11 09:00:00,-5.4,980.5,14.7,358.0,55.0,0,Normal,
2016-11-11 10:00:00,-5.7,980.9,15.6,5.0,58.0,0,Normal,
2016-11-11 11:00:00,-6.0,981.3,16.0,2.0,61.0,0,Normal,
2016-11-11 12:00:00,-5.3,981.7,15.2,4.0,61.0,0,Normal,
2016-11-11 13:00:00,-5.5,981.9,15.1,7.0,61.0,0,Normal,
2016-11-11 14:00:00,-5.8,982.0,15.7,3.0,65.0,0,Normal,
2016-11-11 15:00:00,-6.2,982.1,15.3,358.0,69.0,0,Normal,
2016-11-11 16:00:00,-6.7,982.4,14.9,355.0,73.0,0,Normal,
2016-11-11 17:00:00,-7.2,983.0,14.2,320.0,75.0,0,Normal,
2016-11-11 18:00:00,-7.8,983.2,14.0,309.0,78.0,0,Normal,
2016-11-11 19:00:00,-8.0,983.8,11.8,283.0,78.0,0,Normal,
2016-11-11 20:00:00,-8.7,983.8,12.9,300.0,80.0,0,Normal,
2016-11-11 21:00:00,-9.1,984.0,13.3,303.0,78.0,0,Normal,
2016-11-11 22:00:00,-9.6,984.0,10.3,313.0,77.0,0,Normal,
2016-11-11 23:00:00,-9.8,984.1,9.1,27.0,76.0,0,Normal,
2016-11-12 00:00:00,-10.0,984.2,5.9,99.0,75.0,0,Normal,
2016-11-12 01:00:00,-10.3,984.2,8.9,120.0,76.0,0,Normal,
2016-11-12 02:00:00,-10.4,984.1,8.5,162.0,77.0,0,Normal,
2016-11-12 03:00:00,-10.1,983.7,9.6,318.0,77.0,0,Normal,
2016-11-12 04:00:00,-9.1,983.9,7.0,39.0,75.0,0,Normal,
2016-11-12 05:00:00,-6.8,984.0,9.0,5.0,68.0,0,Normal,
2016-11-12 06:00:00,-3.8,983.9,9.6,34.0,54.0,0,Normal,
2016-11-12 07:00:00,-1.1,983.9,12.2,81.0,45.0,0,Normal,
2016-11-12 08:00:00,0.5,983.6,16.2,107.0,38.0,0,Normal,
2016-11-12 09:00:00,1.1,984.0,15.4,113.0,35.0,0,Normal,
2016-11-12 10:00:00,1.5,983.7,14.3,131.0,26.0,0,Normal,
2016-11-12 11:00:00,1.5,983.7,12.2,126.0,27.0,0,Normal,
2016-11-12 12:00:00,1.5,983.9,13.0,147.0,27.0,0,Normal,
2016-11-12 13:00:00,1.5,983.7,10.8,149.0,30.0,0,Normal,
2016-11-12 14:00:00,1.8,983.6,10.0,251.0,31.0,0,Normal,
2016-11-12 15:00:00,2.7,983.3,13.9,320.0,27.0,0,Normal,
2016-11-12 16:00:00,1.9,983.3,16.3,246.0,38.0,0,Normal,
2016-11-12 17:00:00,1.3,983.5,18.6,257.0,35.0,0,Normal,
2016-11-12 18:00:00,1.0,983.7,12.5,278.0,40.0,0,Normal,
2016-11-12 19:00:00,-0.3,983.9,11.9,176.0,56.0,0,Normal,
2016-11-12 20:00:00,-1.0,984.1,17.0,165.0,54.0,0,Normal,
2016-11-12 21:00:00,-1.5,984.2,18.3,182.0,52.0,0,Normal,
2016-11-12 22:00:00,-0.8,984.7,23.8,161.0,45.0,0,Normal,
2016-11-12 23:00:00,-2.5,985.2,22.6,173.0,47.0,0,Normal,
2016-11-13 00:00:00,-2.1,985.8,24.5,162.0,42.0,0,Normal,
2016-11-13 01:00:00,-2.4,986.0,22.3,173.0,38.0,0,Normal,
2016-11-13 02:00:00,-3.4,986.2,24.0,175.0,40.0,0,Normal,
2016-11-13 03:00:00,-4.0,986.3,25.4,180.0,41.0,0,Normal,
2016-11-13 04:00:00,-2.9,986.7,25.2,173.0,34.0,0,Normal,
2016-11-13 05:00:00,-2.9,986.6,24.7,173.0,37.0,0,Normal,
2016-11-13 06:00:00,-2.4,986.7,24.1,174.0,37.0,0,Normal,
2016-11-13 07:00:00,-1.6,986.7,24.0,174.0,38.0,0,Normal,
2016-11-13 08:00:00,-0.8,986.7,20.3,174.0,38.0,0,Normal,
2016-11-13 09:00:00,0.2,986.5,19.2,173.0,40.0,0,Normal,
2016-11-13 10:00:00,1.2,986.5,17.0,173.0,37.0,0,Normal,
2016-11-13 11:00:00,3.1,986.4,14.1,1.0,37.0,0,Normal,
2016-11-13 12:00:00,3.3,986.5,15.8,4.0,38.0,0,Normal,
2016-11-13 13:00:00,2.8,986.7,15.2,358.0,33.0,0,Normal,
2016-11-13 14:00:00,2.5,986.8,11.1,306.0,34.0,0,Normal,
2016-11-13 15:00:00,2.4,986.8,12.9,1.0,37.0,0,Normal,
2016-11-13 16:00:00,1.6,986.6,11.4,357.0,38.0,0,Normal,
2016-11-13 17:00:00,1.2,986.7,5.8,124.0,40.0,0,Normal,
2016-11-13 18:00:00,0.7,986.8,12.7,113.0,44.0,0,Normal,
2016-11-13 19:00:00,0.1,987.0,17.7,87.0,38.0,0,Normal,
2016-11-13 20:00:00,-0.8,987.4,20.8,114.0,43.0,0,Normal,
2016-11-13 21:00:00,-1.8,987.8,23.8,126.0,41.0,0,Normal,
2016-11-13 22:00:00,-2.9,987.6,25.3,118.0,45.0,0,Normal,
2016-11-13 23:00:00,-2.6,988.0,30.9,134.0,40.0,0,Normal,
2016-11-14 00:00:00,-3.2,987.7,34.1,136.0,38.0,0,Normal,
2016-11-14 01:00:00,-3.4,988.1,33.1,132.0,37.0,0,Normal,
2016-11-14 02:00:00,-3.5,988.9,29.1,124.0,35.0,0,Normal,
2016-11-14 03:00:00,-3.5,989.0,27.2,120.0,34.0,0,Normal,
2016-11-14 04:00:00,-3.1,988.9,25.8,109.0,34.0,0,Normal,
2016-11-14 05:00:00,-3.4,989.0,30.9,127.0,34.0,0,Normal,
2016-11-14 06:00:00,-3.1,989.3,28.2,119.0,34.0,0,Normal,
2016-11-14 07:00:00,-2.9,988.9,29.5,120.0,37.0,0,Normal,
2016-11-14 08:00:00,-2.6,989.1,32.1,112.0,36.0,0,Normal,
2016-11-14 09:00:00,-2.1,989.1,30.6,113.0,37.0,0,Normal,
2016-11-14 10:00:00,-1.9,989.2,29.0,84.0,41.0,0,Normal,
2016-11-14 11:00:00,-1.7,989.5,30.8,90.0,41.0,0,Normal,
2016-11-14 12:00:00,-1.6,989.1,28.4,98.0,41.0,0,Normal,
2016-11-14 13:00:00,-1.5,988.4,24.3,102.0,42.0,0,Normal,
2016-11-14 14:00:00,-1.3,987.9,25.0,108.0,45.0,0,Normal,
2016-11-14 15:00:00,-1.7,987.6,28.7,93.0,44.0,0,Normal,
2016-11-14 16:00:00,-1.7,987.2,22.5,103.0,44.0,0,Normal,
2016-11-14 17:00:00,-1.8,986.9,23.4,105.0,42.0,0,Normal,
2016-11-14 18:00:00,-2.0,986.8,21.1,111.0,44.0,0,Normal,
2016-11-14 19:00:00,-2.5,986.5,24.5,113.0,41.0,0,Normal,
2016-11-14 20:00:00,-3.0,986.3,23.8,114.0,41.0,0,Normal,
2016-11-14 21:00:00,-3.6,986.2,21.6,103.0,42.0,0,Normal,
2016-11-14 22:00:00,-4.5,986.0,16.3,118.0,49.0,0,Normal,
2016-11-14 23:00:00,-5.5,985.7,17.0,112.0,52.0,0,Normal,
2016-11-15 00:00:00,-4.1,984.8,23.6,124.0,36.0,0,Normal,
2016-11-15 01:00:00,-4.2,984.6,24.9,135.0,39.0,0,Normal,
2016-11-15 02:00:00,-4.1,984.3,27.9,140.0,37.0,0,Normal,
2016-11-15 03:00:00,-3.8,984.3,28.7,140.0,35.0,0,Normal,
2016-11-15 04:00:00,-3.5,984.0,29.0,144.0,35.0,0,Normal,
2016-11-15 05:00:00,-3.2,984.2,27.2,135.0,34.0,0,Normal,
2016-11-15 06:00:00,-3.0,984.4,30.2,137.0,32.0,0,Normal,
2016-11-15 07:00:00,-2.5,985.0,22.1,113.0,37.0,0,Normal,
2016-11-15 08:00:00,-1.9,985.0,23.4,110.0,34.0,0,Normal,
2016-11-15 09:00:00,-1.6,985.1,22.1,107.0,34.0,0,Normal,
2016-11-15 10:00:00,-0.7,985.4,26.9,76.0,32.0,0,Normal,
2016-11-15 11:00:00,0.3,985.3,24.0,73.0,33.0,0,Normal,
2016-11-15 12:00:00,0.4,985.2,21.6,73.0,35.0,0,Normal,
2016-11-15 13:00:00,0.2,985.4,21.0,75.0,38.0,0,Normal,
2016-11-15 14:00:00,-0.1,985.5,22.3,79.0,38.0,0,Normal,
2016-11-15 15:00:00,-1.2,985.6,26.3,64.0,42.0,0,Normal,
2016-11-15 16:00:00,-1.2,985.9,23.1,82.0,44.0,0,Normal,
2016-11-15 17:00:00,-1.6,986.0,20.1,80.0,45.0,0,Normal,
2016-11-15 18:00:00,-2.4,986.5,17.6,63.0,52.0,0,Normal,
2016-11-15 19:00:00,-3.1,986.8,13.3,80.0,55.0,0,Normal,
2016-11-15 20:00:00,-3.6,987.0,13.0,72.0,56.0,0,Normal,
2016-11-15 21:00:00,-4.4,987.2,11.7,71.0,56.0,0,Normal,
2016-11-15 22:00:00,-4.4,987.3,14.3,110.0,55.0,0,Normal,
2016-11-15 23:00:00,-4.3,987.4,16.2,112.0,48.0,0,Normal,
2016-11-16 00:00:00,-4.2,987.5,14.2,121.0,45.0,0,Normal,
2016-11-16 01:00:00,-4.6,987.6,22.7,155.0,43.0,0,Normal,
2016-11-16 02:00:00,-4.8,987.7,23.7,148.0,45.0,0,Normal,
2016-11-16 03:00:00,-4.2,987.6,21.2,157.0,44.0,0,Normal,
2016-11-16 04:00:00,-4.0,987.4,23.2,158.0,40.0,0,Normal,
2016-11-16 05:00:00,-3.8,987.4,25.3,154.0,38.0,0,Normal,
2016-11-16 06:00:00,-2.4,987.4,18.8,131.0,37.0,0,Normal,
2016-11-16 07:00:00,-1.3,987.3,19.4,111.0,38.0,0,Normal,
2016-11-16 08:00:00,-1.3,987.7,24.1,88.0,39.0,0,Normal,
2016-11-16 09:00:00,-0.3,987.3,20.4,93.0,38.0,0,Normal,
2016-11-16 10:00:00,0.0,987.3,15.3,71.0,44.0,0,Normal,
2016-11-16 11:00:00,-0.1,987.1,10.8,50.0,45.0,0,Normal,
2016-11-16 12:00:00,0.8,986.7,13.0,24.0,45.0,0,Normal,
2016-11-16 13:00:00,1.0,986.1,9.5,39.0,42.0,0,Normal,
2016-11-16 14:00:00,0.9,985.6,10.2,339.0,44.0,0,Normal,
2016-11-16 15:00:00,1.7,985.3,11.7,79.0,44.0,0,Normal,
2016-11-16 16:00:00,0.8,984.9,13.5,44.0,47.0,0,Normal,
2016-11-16 17:00:00,0.7,984.4,11.7,86.0,41.0,0,Normal,
2016-11-16 18:00:00,-0.1,984.1,8.9,127.0,47.0,0,Normal,
2016-11-16 19:00:00,-0.6,984.1,10.3,38.0,46.0,0,Normal,
2016-11-16 20:00:00,-0.9,984.0,11.4,112.0,52.0,0,Normal,
2016-11-16 21:00:00,-1.8,983.7,17.8,101.0,57.0,0,Normal,
2016-11-16 22:00:00,-2.6,983.1,15.6,107.0,59.0,0,Normal,
2016-11-16 23:00:00,-2.7,982.6,18.8,110.0,55.0,0,Normal,
2016-11-17 00:00:00,-2.9,982.2,18.2,130.0,55.0,0,Normal,
2016-11-17 01:00:00,-2.6,981.3,16.4,124.0,52.0,0,Normal,
2016-11-17 02:00:00,-2.2,980.7,14.9,104.0,55.0,0,Normal,
2016-11-17 03:00:00,-1.5,979.7,19.7,111.0,51.0,0,Normal,
2016-11-17 04:00:00,-1.0,979.2,20.7,114.0,48.0,0,Normal,
2016-11-17 05:00:00,-1.0,978.5,19.2,116.0,49.0,0,Normal,
2016-11-17 06:00:00,-0.5,977.6,20.5,125.0,43.0,0,Normal,
2016-11-17 07:00:00,-0.1,977.4,22.3,114.0,41.0,0,Normal,
2016-11-17 08:00:00,-0.1,977.1,25.6,95.0,38.0,0,Normal,
2016-11-17 09:00:00,-0.9,976.6,17.3,79.0,53.0,0,Normal,
2016-11-17 10:00:00,-0.7,976.1,25.4,92.0,38.0,0,Normal,
2016-11-17 11:00:00,-1.1,975.9,23.3,88.0,44.0,0,Normal,
2016-11-17 12:00:00,-0.6,975.4,19.0,85.0,50.0,0,Normal,
2016-11-17 13:00:00,-0.9,975.0,19.0,99.0,51.0,0,Normal,
2016-11-17 14:00:00,-1.2,974.6,24.6,109.0,52.0,0,Normal,
2016-11-17 15:00:00,-1.9,974.7,26.5,106.0,62.0,0,Normal,
2016-11-17 16:00:00,-2.3,974.5,22.9,110.0,68.0,0,Normal,
2016-11-17 17:00:00,-2.2,974.1,25.4,114.0,69.0,0,Normal,
2016-11-17 18:00:00,-2.3,974.3,24.5,116.0,68.0,0,Normal,
2016-11-17 19:00:00,-2.5,974.3,22.1,125.0,74.0,0,Normal,
2016-11-17 20:00:00,-3.0,974.1,28.9,134.0,79.0,0,Normal,
2016-11-17 21:00:00,-3.2,974.1,28.8,131.0,80.0,0,Normal,
2016-11-17 22:00:00,-2.8,973.8,23.2,127.0,66.0,0,Normal,
2016-11-17 23:00:00,-3.0,973.5,31.2,132.0,71.0,0,Normal,
2016-11-18 00:00:00,-2.9,973.6,26.3,122.0,75.0,0,Normal,
2016-11-18 01:00:00,-3.1,973.5,30.9,134.0,73.0,0,Normal,
2016-11-18 02:00:00,-2.3,973.9,24.1,117.0,62.0,0,Normal,
2016-11-18 03:00:00,-2.7,974.1,24.4,125.0,72.0,0,Normal,
2016-11-18 04:00:00,-3.1,974.1,31.3,138.0,78.0,0,Normal,
2016-11-18 05:00:00,-2.6,974.3,27.2,134.0,70.0,0,Normal,
2016-11-18 06:00:00,-1.8,974.8,23.5,122.0,60.0,0,Normal,
2016-11-18 07:00:00,-1.4,975.2,20.1,117.0,59.0,0,Normal,
2016-11-18 08:00:00,-1.4,975.5,24.4,127.0,55.0,0,Normal,
2016-11-18 09:00:00,-1.6,975.9,22.9,125.0,51.0,0,Normal,
2016-11-18 10:00:00,-1.4,976.2,19.0,112.0,51.0,0,Normal,
2016-11-18 11:00:00,-0.8,976.0,21.3,103.0,49.0,0,Normal,
2016-11-18 12:00:00,-0.9,975.9,21.5,100.0,48.0,0,Normal,
2016-11-18 13:00:00,-0.7,975.7,21.6,96.0,48.0,0,Normal,
2016-11-18 14:00:00,-1.0,975.7,19.1,105.0,52.0,0,Normal,
2016-11-18 15:00:00,-1.0,975.6,16.6,105.0,51.0,0,Normal,
2016-11-18 16:00:00,-0.7,975.7,16.0,104.0,50.0,0,Normal,
2016-11-18 17:00:00,-1.0,976.0,14.4,91.0,49.0,0,Normal,
2016-11-18 18:00:00,-1.3,976.0,14.3,81.0,51.0,0,Normal,
2016-11-18 19:00:00,-1.7,976.0,14.0,98.0,49.0,0,Normal,
2016-11-18 20:00:00,-2.6,975.8,14.7,151.0,54.0,0,Normal,
2016-11-18 21:00:00,-3.1,975.9,13.5,157.0,50.0,0,Normal,
2016-11-18 22:00:00,-4.0,975.8,16.7,183.0,55.0,0,Normal,
2016-11-18 23:00:00,-3.7,975.6,14.4,175.0,46.0,0,Normal,
2016-11-19 00:00:00,-4.3,975.6,10.7,141.0,45.0,0,Normal,
2016-11-19 01:00:00,-4.6,975.3,20.9,170.0,41.0,0,Normal,
2016-11-19 02:00:00,-4.0,975.1,25.9,169.0,39.0,0,Normal,
2016-11-19 03:00:00,-3.8,975.1,30.2,165.0,37.0,0,Normal,
2016-11-19 04:00:00,-3.7,975.3,26.8,168.0,39.0,0,Normal,
2016-11-19 05:00:00,-3.1,975.5,25.4,171.0,38.0,0,Normal,
2016-11-19 06:00:00,-2.6,976.7,24.1,140.0,39.0,0,Normal,
2016-11-19 07:00:00,-1.5,977.3,15.2,128.0,35.0,0,Normal,
2016-11-19 08:00:00,-1.4,977.3,17.3,155.0,39.0,0,Normal,
2016-11-19 09:00:00,-0.7,977.1,17.2,151.0,41.0,0,Normal,
2016-11-19 10:00:00,0.3,977.2,15.4,115.0,38.0,0,Normal,
2016-11-19 11:00:00,-0.8,977.1,14.0,122.0,39.0,0,Normal,
2016-11-19 12:00:00,-0.4,977.0,15.6,112.0,37.0,0,Normal,
2016-11-19 13:00:00,-0.3,976.9,16.1,101.0,36.0,0,Normal,
2016-11-19 14:00:00,0.2,976.6,13.9,119.0,36.0,0,Normal,
2016-11-19 15:00:00,0.4,976.4,19.7,82.0,35.0,0,Normal,
2016-11-19 16:00:00,0.5,976.1,12.4,114.0,32.0,0,Normal,
2016-11-19 17:00:00,-0.5,975.6,12.1,172.0,44.0,0,Normal,
2016-11-19 18:00:00,-1.4,975.4,16.5,173.0,47.0,0,Normal,
2016-11-19 19:00:00,-1.8,975.3,19.7,164.0,44.0,0,Normal,
2016-11-19 20:00:00,-1.8,975.7,18.2,119.0,41.0,0,Normal,
2016-11-19 21:00:00,-2.8,976.0,13.3,115.0,53.0,0,Normal,
2016-11-19 22:00:00,-3.8,976.1,21.4,132.0,51.0,0,Normal,
2016-11-19 23:00:00,-4.6,976.6,19.5,108.0,56.0,0,Normal,
2016-11-20 00:00:00,-4.6,976.9,19.2,123.0,54.0,0,Normal,
2016-11-20 01:00:00,-4.6,977.1,22.9,126.0,55.0,0,Normal,
2016-11-20 02:00:00,-5.0,977.1,24.0,133.0,58.0,0,Normal,
2016-11-20 03:00:00,-4.9,977.0,20.3,124.0,60.0,0,Normal,
2016-11-20 04:00:00,-4.8,977.1,26.4,136.0,59.0,0,Normal,
2016-11-20 05:00:00,-4.7,977.4,21.9,127.0,63.0,0,Normal,
2016-11-20 06:00:00,-4.1,977.4,18.9,114.0,61.0,0,Normal,
2016-11-20 07:00:00,-3.4,977.4,21.1,113.0,56.0,0,Normal,
2016-11-20 08:00:00,-3.0,977.4,20.8,111.0,49.0,0,Normal,
2016-11-20 09:00:00,-2.4,977.3,21.9,104.0,46.0,0,Normal,
2016-11-20 10:00:00,-2.2,977.3,26.5,87.0,41.0,0,Normal,
2016-11-20 11:00:00,-1.0,977.0,25.1,74.0,36.0,0,Normal,
2016-11-20 12:00:00,-1.0,976.6,23.8,94.0,32.0,0,Normal,
2016-11-20 13:00:00,0.0,976.3,21.2,77.0,33.0,0,Normal,
2016-11-20 14:00:00,-0.3,975.8,17.7,78.0,37.0,0,Normal,
2016-11-20 15:00:00,-0.7,975.3,16.3,62.0,38.0,0,Normal,
2016-11-20 16:00:00,-1.8,975.1,13.9,42.0,41.0,0,Normal,
2016-11-20 17:00:00,-2.1,974.8,12.0,20.0,46.0,0,Normal,
2016-11-20 18:00:00,-2.3,974.6,11.8,190.0,47.0,0,Normal,
2016-11-20 19:00:00,-2.6,974.3,12.3,172.0,52.0,0,Normal,
2016-11-20 20:00:00,-3.0,973.9,14.6,177.0,46.0,0,Normal,
2016-11-20 21:00:00,-3.8,973.6,10.0,201.0,48.0,0,Normal,
2016-11-20 22:00:00,-5.6,973.2,17.8,188.0,51.0,0,Normal,
2016-11-20 23:00:00,-6.1,972.8,16.8,193.0,53.0,0,Normal,
2016-11-21 00:00:00,-6.2,972.6,17.3,192.0,51.0,0,Normal,
2016-11-21 01:00:00,-5.5,972.5,20.0,184.0,42.0,0,Normal,
2016-11-21 02:00:00,-4.4,972.4,18.5,163.0,44.0,0,Normal,
2016-11-21 03:00:00,-4.9,972.0,18.9,172.0,42.0,0,Normal,
2016-11-21 04:00:00,-4.3,971.9,21.5,175.0,39.0,0,Normal,
2016-11-21 05:00:00,-3.5,972.5,10.7,53.0,39.0,0,Normal,
2016-11-21 06:00:00,-3.2,972.7,5.8,51.0,49.0,0,Normal,
2016-11-21 07:00:00,-1.5,972.5,22.4,121.0,31.0,0,Normal,
2016-11-21 08:00:00,-1.4,973.0,24.8,113.0,29.0,0,Normal,
2016-11-21 09:00:00,-1.3,973.0,25.7,94.0,30.0,0,Normal,
2016-11-21 10:00:00,-1.4,972.8,23.4,94.0,32.0,0,Normal,
2016-11-21 11:00:00,-0.3,972.7,23.4,85.0,29.0,0,Normal,
2016-11-21 12:00:00,-0.7,972.5,22.0,84.0,34.0,0,Normal,
2016-11-21 13:00:00,-0.8,972.3,21.4,97.0,27.0,0,Normal,
2016-11-21 14:00:00,-1.1,972.1,21.4,78.0,29.0,0,Normal,
2016-11-21 15:00:00,-1.3,971.8,15.8,126.0,32.0,0,Normal,
2016-11-21 16:00:00,-1.1,971.7,14.3,131.0,34.0,0,Normal,
2016-11-21 17:00:00,-1.0,971.5,15.5,138.0,37.0,0,Normal,
2016-11-21 18:00:00,-1.4,971.4,17.5,152.0,44.0,0,Normal,
2016-11-21 19:00:00,-1.7,971.5,12.7,122.0,43.0,0,Normal,
2016-11-21 20:00:00,-3.3,971.4,19.5,171.0,41.0,0,Normal,
2016-11-21 21:00:00,-4.6,971.2,21.2,182.0,49.0,0,Normal,
2016-11-21 22:00:00,-4.6,971.1,20.6,179.0,46.0,0,Normal,
2016-11-21 23:00:00,-5.4,971.1,23.8,182.0,43.0,0,Normal,
2016-11-22 00:00:00,-6.9,971.2,28.9,183.0,47.0,0,Normal,
2016-11-22 01:00:00,-6.0,971.1,24.3,175.0,41.0,0,Normal,
2016-11-22 02:00:00,-6.2,971.2,26.0,175.0,40.0,0,Normal,
2016-11-22 03:00:00,-5.3,971.4,23.7,175.0,36.0,0,Normal,
2016-11-22 04:00:00,-5.4,971.6,25.4,176.0,36.0,0,Normal,
2016-11-22 05:00:00,-5.2,971.7,25.5,175.0,37.0,0,Normal,
2016-11-22 06:00:00,-4.4,971.9,21.4,174.0,41.0,0,Normal,
2016-11-22 07:00:00,-3.0,972.1,18.3,172.0,35.0,0,Normal,
2016-11-22 08:00:00,-2.3,972.8,18.1,5.0,60.0,0,Normal,
2016-11-22 09:00:00,-2.2,972.9,10.1,131.0,37.0,0,Normal,
2016-11-22 10:00:00,-0.1,973.0,14.0,355.0,35.0,0,Normal,
2016-11-22 11:00:00,-0.2,972.9,15.9,356.0,28.0,0,Normal,
2016-11-22 12:00:00,-0.8,972.7,18.3,318.0,32.0,0,Normal,
2016-11-22 13:00:00,-0.1,972.4,15.5,299.0,32.0,0,Normal,
2016-11-22 14:00:00,0.0,972.1,17.1,285.0,35.0,0,Normal,
2016-11-22 15:00:00,-1.0,971.7,20.5,314.0,37.0,0,Normal,
2016-11-22 16:00:00,-1.7,971.3,18.0,307.0,42.0,0,Normal,
2016-11-22 17:00:00,-1.2,971.0,7.9,333.0,41.0,0,Normal,
2016-11-22 18:00:00,-1.8,970.9,20.5,171.0,48.0,0,Normal,
2016-11-22 19:00:00,-3.5,971.3,17.1,108.0,53.0,0,Normal,
2016-11-22 20:00:00,-4.0,971.2,15.7,127.0,55.0,0,Normal,
2016-11-22 21:00:00,-4.6,971.0,12.4,115.0,52.0,0,Normal,
2016-11-22 22:00:00,-4.9,971.1,8.5,297.0,49.0,0,Normal,
2016-11-22 23:00:00,-4.0,971.3,14.9,110.0,41.0,0,Normal,
2016-11-23 00:00:00,-5.1,970.7,23.7,172.0,37.0,0,Normal,
2016-11-23 01:00:00,-5.1,970.6,24.9,167.0,33.0,0,Normal,
2016-11-23 02:00:00,-5.5,970.3,31.2,162.0,31.0,0,Normal,
2016-11-23 03:00:00,-5.9,970.2,32.0,167.0,33.0,0,Normal,
2016-11-23 04:00:00,-5.9,970.3,28.4,165.0,41.0,0,Normal,
2016-11-23 05:00:00,-5.5,970.2,29.1,163.0,41.0,0,Normal,
2016-11-23 06:00:00,-4.9,970.3,29.0,155.0,42.0,0,Normal,
2016-11-23 07:00:00,-3.3,970.8,27.8,130.0,30.0,0,Normal,
2016-11-23 08:00:00,-3.0,970.9,25.5,129.0,36.0,0,Normal,
2016-11-23 09:00:00,-2.5,971.2,28.8,115.0,31.0,0,Normal,
2016-11-23 10:00:00,-2.2,971.2,25.6,112.0,33.0,0,Normal,
2016-11-23 11:00:00,-1.9,971.2,24.3,117.0,35.0,0,Normal,
2016-11-23 12:00:00,-1.6,971.1,20.5,104.0,30.0,0,Normal,
2016-11-23 13:00:00,-0.8,971.1,16.5,107.0,29.0,0,Normal,
2016-11-23 14:00:00,-0.6,971.1,14.2,50.0,33.0,0,Normal,
2016-11-23 15:00:00,-1.9,971.0,14.5,359.0,39.0,0,Normal,
2016-11-23 16:00:00,-2.7,971.0,14.1,359.0,56.0,0,Normal,
2016-11-23 17:00:00,-3.2,970.7,13.4,329.0,57.0,0,Normal,
2016-11-23 18:00:00,-3.7,970.6,11.4,277.0,60.0,0,Normal,
2016-11-23 19:00:00,-4.0,970.2,14.4,189.0,54.0,0,Normal,
2016-11-23 20:00:00,-4.6,970.0,13.1,323.0,58.0,0,Normal,
2016-11-23 21:00:00,-5.8,969.8,16.2,184.0,44.0,0,Normal,
2016-11-23 22:00:00,-6.0,969.9,11.1,97.0,58.0,0,Normal,
2016-11-23 23:00:00,-6.8,970.0,11.5,145.0,53.0,0,Normal,
2016-11-24 00:00:00,-7.3,970.2,10.1,46.0,50.0,0,Normal,
2016-11-24 01:00:00,-8.9,970.6,15.4,112.0,67.0,0,Normal,
2016-11-24 02:00:00,-8.9,970.9,14.9,76.0,64.0,0,Normal,
2016-11-24 03:00:00,-8.4,971.1,16.0,170.0,41.0,0,Normal,
2016-11-24 04:00:00,-8.1,971.5,8.9,55.0,59.0,0,Normal,
2016-11-24 05:00:00,-7.5,971.8,9.5,334.0,55.0,0,Normal,
2016-11-24 06:00:00,-6.7,972.2,13.5,16.0,58.0,0,Normal,
2016-11-24 07:00:00,-6.2,972.7,12.9,85.0,55.0,0,Normal,
2016-11-24 08:00:00,-7.2,973.4,15.8,35.0,65.0,0,Normal,
2016-11-24 09:00:00,-6.2,973.5,12.4,39.0,59.0,0,Normal,
2016-11-24 10:00:00,-4.6,973.7,13.6,57.0,56.0,0,Normal,
2016-11-24 11:00:00,-4.5,974.1,16.3,68.0,55.0,0,Normal,
2016-11-24 12:00:00,-4.8,974.3,14.9,87.0,58.0,0,Normal,
2016-11-24 13:00:00,-6.4,974.4,16.7,62.0,66.0,0,Normal,
2016-11-24 14:00:00,-6.3,974.4,16.9,70.0,64.0,0,Normal,
2016-11-24 15:00:00,-6.2,974.4,13.4,83.0,61.0,0,Normal,
2016-11-24 16:00:00,-6.6,974.5,17.7,81.0,62.0,0,Normal,
2016-11-24 17:00:00,-7.2,974.8,20.9,84.0,62.0,0,Normal,
2016-11-24 18:00:00,-8.0,974.7,18.0,117.0,65.0,0,Normal,
2016-11-24 19:00:00,-8.1,974.7,16.9,119.0,64.0,0,Normal,
2016-11-24 20:00:00,-8.4,974.7,19.1,130.0,65.0,0,Normal,
2016-11-24 21:00:00,-8.7,974.7,15.9,128.0,66.0,0,Normal,
2016-11-24 22:00:00,-8.8,974.5,13.4,113.0,67.0,0,Normal,
2016-11-24 23:00:00,-8.7,974.4,13.3,132.0,64.0,0,Normal,
2016-11-25 00:00:00,-9.3,974.1,19.0,168.0,58.0,0,Normal,
2016-11-25 01:00:00,-9.0,974.0,18.0,170.0,57.0,0,Normal,
2016-11-25 02:00:00,-9.5,973.9,22.9,164.0,53.0,0,Normal,
2016-11-25 03:00:00,-9.5,974.1,20.4,141.0,57.0,0,Normal,
2016-11-25 04:00:00,-8.6,974.2,18.7,126.0,51.0,0,Normal,
2016-11-25 05:00:00,-8.5,974.3,20.3,119.0,56.0,0,Normal,
2016-11-25 06:00:00,-7.9,974.4,20.1,110.0,53.0,0,Normal,
2016-11-25 07:00:00,-7.5,974.7,19.3,110.0,57.0,0,Normal,
2016-11-25 08:00:00,-7.7,974.8,19.6,95.0,57.0,0,Normal,
2016-11-25 09:00:00,-6.6,974.6,18.5,111.0,54.0,0,Normal,
2016-11-25 10:00:00,-5.9,974.3,21.1,89.0,54.0,0,Normal,
2016-11-25 11:00:00,-3.9,974.2,20.0,76.0,49.0,0,Normal,
2016-11-25 12:00:00,-2.8,974.2,20.1,87.0,46.0,0,Normal,
2016-11-25 13:00:00,-3.6,974.1,14.2,87.0,49.0,0,Normal,
2016-11-25 14:00:00,-3.1,973.9,19.6,68.0,46.0,0,Normal,
2016-11-25 15:00:00,-3.6,973.7,16.5,82.0,45.0,0,Normal,
2016-11-25 16:00:00,-3.8,973.5,18.5,75.0,43.0,0,Normal,
2016-11-25 17:00:00,-4.5,973.6,16.0,86.0,43.0,0,Normal,
2016-11-25 18:00:00,-5.1,973.5,15.7,77.0,43.0,0,Normal,
2016-11-25 19:00:00,-5.7,973.4,13.4,62.0,47.0,0,Normal,
2016-11-25 20:00:00,-5.8,973.2,9.7,147.0,51.0,0,Normal,
2016-11-25 21:00:00,-6.4,972.9,14.8,163.0,59.0,0,Normal,
2016-11-25 22:00:00,-7.0,972.7,15.3,162.0,50.0,0,Normal,
2016-11-25 23:00:00,-7.1,972.5,15.3,176.0,57.0,0,Normal,
2016-11-26 00:00:00,-7.7,972.3,15.6,180.0,57.0,0,Normal,
2016-11-26 01:00:00,-8.4,972.1,17.0,181.0,56.0,0,Normal,
2016-11-26 02:00:00,-8.6,972.0,9.1,22.0,58.0,0,Normal,
2016-11-26 03:00:00,-8.4,972.1,8.6,296.0,69.0,0,Normal,
2016-11-26 04:00:00,-7.7,972.1,9.2,6.0,62.0,0,Normal,
2016-11-26 05:00:00,-7.6,972.5,15.1,98.0,64.0,0,Normal,
2016-11-26 06:00:00,-7.3,972.8,11.7,75.0,60.0,0,Normal,
2016-11-26 07:00:00,-6.5,972.8,15.6,74.0,53.0,0,Normal,
2016-11-26 08:00:00,-5.9,972.8,18.8,100.0,43.0,0,Normal,
2016-11-26 09:00:00,-6.2,972.9,21.0,93.0,48.0,0,Normal,
2016-11-26 10:00:00,-5.6,972.7,20.3,70.0,49.0,0,Normal,
2016-11-26 11:00:00,-6.0,973.0,16.9,104.0,64.0,0,Normal,
2016-11-26 12:00:00,-5.9,973.1,21.8,90.0,54.0,0,Normal,
2016-11-26 13:00:00,-5.9,973.4,18.5,91.0,57.0,0,Normal,
2016-11-26 14:00:00,-5.9,973.6,20.5,69.0,61.0,0,Normal,
2016-11-26 15:00:00,-5.8,973.6,17.4,93.0,63.0,0,Normal,
2016-11-26 16:00:00,-5.5,973.7,15.3,67.0,66.0,0,Normal,
2016-11-26 17:00:00,-5.6,973.9,16.5,68.0,69.0,0,Normal,
2016-11-26 18:00:00,-5.6,974.0,12.2,86.0,69.0,0,Normal,
2016-11-26 19:00:00,-5.4,974.2,14.4,79.0,65.0,0,Normal,
2016-11-26 20:00:00,-5.5,974.5,14.5,77.0,63.0,0,Normal,
2016-11-26 21:00:00,-5.8,974.7,14.9,78.0,62.0,0,Normal,
2016-11-26 22:00:00,-6.2,974.9,14.1,85.0,61.0,0,Normal,
2016-11-26 23:00:00,-6.6,975.0,14.9,117.0,65.0,0,Normal,
2016-11-27 00:00:00,-7.5,975.1,18.8,155.0,56.0,0,Normal,
2016-11-27 01:00:00,-8.1,975.1,22.1,158.0,56.0,0,Normal,
2016-11-27 02:00:00,-7.7,975.0,19.4,156.0,54.0,0,Normal,
2016-11-27 03:00:00,-7.2,975.0,18.5,143.0,48.0,0,Normal,
2016-11-27 04:00:00,-7.0,974.9,20.9,153.0,47.0,0,Normal,
2016-11-27 05:00:00,-5.8,974.9,18.2,125.0,41.0,0,Normal,
2016-11-27 06:00:00,-5.3,975.0,23.3,133.0,41.0,0,Normal,
2016-11-27 07:00:00,-4.5,975.2,21.1,127.0,43.0,0,Normal,
2016-11-27 08:00:00,-3.6,975.3,22.1,114.0,42.0,0,Normal,
2016-11-27 09:00:00,-3.0,975.5,19.8,118.0,39.0,0,Normal,
2016-11-27 10:00:00,-1.9,975.7,18.8,104.0,34.0,0,Normal,
2016-11-27 11:00:00,-0.5,975.8,20.1,84.0,31.0,0,Normal,
2016-11-27 12:00:00,0.2,976.0,19.4,68.0,32.0,0,Normal,
2016-11-27 13:00:00,-0.2,976.0,17.7,74.0,39.0,0,Normal,
2016-11-27 14:00:00,-1.1,976.2,15.8,53.0,42.0,0,Normal,
2016-11-27 15:00:00,-1.3,976.2,15.9,71.0,36.0,0,Normal,
2016-11-27 16:00:00,-1.6,976.3,12.7,68.0,35.0,0,Normal,
2016-11-27 17:00:00,-2.3,976.2,14.6,63.0,29.0,0,Normal,
2016-11-27 18:00:00,-2.7,976.4,11.2,62.0,36.0,0,Normal,
2016-11-27 19:00:00,-2.7,976.6,5.6,107.0,41.0,0,Normal,
2016-11-27 20:00:00,-4.2,976.5,15.3,180.0,55.0,0,Normal,
2016-11-27 21:00:00,-6.2,976.6,19.1,181.0,54.0,0,Normal,
2016-11-27 22:00:00,-6.6,976.6,19.7,182.0,53.0,0,Normal,
2016-11-27 23:00:00,-7.0,976.5,19.3,181.0,52.0,0,Normal,
2016-11-28 00:00:00,-7.6,976.1,22.2,180.0,50.0,0,Normal,
2016-11-28 01:00:00,-7.5,976.1,20.2,181.0,48.0,0,Normal,
2016-11-28 02:00:00,-8.3,975.8,25.6,181.0,44.0,0,Normal,
2016-11-28 03:00:00,-6.1,975.7,16.7,175.0,37.0,0,Normal,
2016-11-28 04:00:00,-7.0,975.4,22.3,181.0,41.0,0,Normal,
2016-11-28 05:00:00,-5.0,975.3,21.1,164.0,35.0,0,Normal,
2016-11-28 06:00:00,-4.1,975.5,7.4,7.0,46.0,0,Normal,
2016-11-28 07:00:00,-3.0,975.5,13.3,4.0,45.0,0,Normal,
2016-11-28 08:00:00,-1.9,975.5,12.0,87.0,38.0,0,Normal,
2016-11-28 09:00:00,0.1,975.3,18.5,76.0,34.0,0,Normal,
2016-11-28 10:00:00,-0.2,975.2,19.6,63.0,28.0,0,Normal,
2016-11-28 11:00:00,-1.2,975.1,15.1,358.0,49.0,0,Normal,
2016-11-28 12:00:00,-2.1,975.0,13.7,22.0,48.0,0,Normal,
2016-11-28 13:00:00,-2.9,975.0,13.9,349.0,51.0,0,Normal,
2016-11-28 14:00:00,-3.2,974.7,13.7,3.0,47.0,0,Normal,
2016-11-28 15:00:00,-3.1,974.4,14.8,356.0,53.0,0,Normal,
2016-11-28 16:00:00,-3.9,974.0,12.8,0.0,59.0,0,Normal,
2016-11-28 17:00:00,-4.7,973.9,9.3,321.0,67.0,0,Normal,
2016-11-28 18:00:00,-5.2,973.5,14.4,321.0,70.0,0,Normal,
2016-11-28 19:00:00,-5.5,973.3,15.4,323.0,72.0,0,Normal,
2016-11-28 20:00:00,-5.6,973.0,10.7,292.0,71.0,0,Normal,
2016-11-28 21:00:00,-6.0,972.7,11.6,16.0,72.0,0,Normal,
2016-11-28 22:00:00,-6.7,972.7,10.0,30.0,72.0,0,Normal,
2016-11-28 23:00:00,-7.0,972.5,9.1,27.0,72.0,0,Normal,
2016-11-29 00:00:00,-7.3,972.3,10.9,355.0,73.0,0,Normal,
2016-11-29 01:00:00,-7.9,972.2,7.4,177.0,74.0,0,Normal,
2016-11-29 02:00:00,-8.0,971.7,9.0,49.0,77.0,0,Normal,
2016-11-29 03:00:00,-7.4,971.5,10.3,358.0,69.0,0,Normal,
2016-11-29 04:00:00,-4.6,970.9,21.1,170.0,36.0,0,Normal,
2016-11-29 05:00:00,-4.3,971.2,10.4,359.0,55.0,0,Normal,
2016-11-29 06:00:00,-3.3,971.2,7.1,333.0,48.0,0,Normal,
2016-11-29 07:00:00,-2.0,971.4,13.7,69.0,43.0,0,Normal,
2016-11-29 08:00:00,-0.1,971.5,21.0,123.0,35.0,0,Normal,
2016-11-29 09:00:00,0.1,971.9,22.4,92.0,28.0,0,Normal,
2016-11-29 10:00:00,0.6,971.9,18.3,89.0,30.0,0,Normal,
2016-11-29 11:00:00,0.9,971.9,15.8,103.0,28.0,0,Normal,
2016-11-29 12:00:00,1.3,971.8,16.6,115.0,31.0,0,Normal,
2016-11-29 13:00:00,2.6,971.6,17.1,47.0,35.0,0,Normal,
2016-11-29 14:00:00,1.0,971.8,14.0,23.0,38.0,0,Normal,
2016-11-29 15:00:00,1.0,971.5,14.4,6.0,38.0,0,Normal,
2016-11-29 16:00:00,0.7,971.3,13.6,357.0,46.0,0,Normal,
2016-11-29 17:00:00,-0.1,971.2,12.8,347.0,49.0,0,Normal,
2016-11-29 18:00:00,0.4,971.1,13.9,171.0,48.0,0,Normal,
2016-11-29 19:00:00,-0.8,970.9,17.5,183.0,49.0,0,Normal,
2016-11-29 20:00:00,-2.5,970.8,22.2,189.0,46.0,0,Normal,
2016-11-29 21:00:00,-2.5,970.6,20.7,172.0,41.0,0,Normal,
2016-11-29 22:00:00,-2.3,970.8,18.7,178.0,42.0,0,Normal,
2016-11-29 23:00:00,-3.8,970.8,22.5,177.0,40.0,0,Normal,
2016-11-30 00:00:00,-4.9,970.6,26.7,181.0,39.0,0,Normal,
2016-11-30 01:00:00,-5.4,970.2,27.0,180.0,39.0,0,Normal,
2016-11-30 02:00:00,-5.1,969.8,28.1,181.0,37.0,0,Normal,
2016-11-30 03:00:00,-4.9,969.7,27.9,178.0,38.0,0,Normal,
2016-11-30 04:00:00,-3.7,969.9,27.6,174.0,33.0,0,Normal,
2016-11-30 05:00:00,-3.9,970.1,25.5,180.0,41.0,0,Normal,
2016-11-30 06:00:00,-1.6,970.5,19.5,170.0,32.0,0,Normal,
2016-11-30 07:00:00,-0.8,970.7,22.5,173.0,38.0,0,Normal,
2016-11-30 08:00:00,0.0,970.8,22.4,167.0,37.0,0,Normal,
2016-11-30 09:00:00,1.4,971.1,17.3,169.0,35.0,0,Normal,
2016-11-30 10:00:00,1.8,971.3,13.6,177.0,40.0,0,Normal,
2016-11-30 11:00:00,3.1,971.4,19.2,101.0,28.0,0,Normal,
2016-11-30 12:00:00,3.1,971.6,17.3,125.0,28.0,0,Normal,
2016-11-30 13:00:00,3.4,971.5,17.3,84.0,30.0,0,Normal,
2016-11-30 14:00:00,3.8,971.4,14.0,47.0,38.0,0,Normal,
2016-11-30 15:00:00,2.8,971.0,12.3,354.0,38.0,0,Normal,
2016-11-30 16:00:00,2.6,970.8,11.4,244.0,44.0,0,Normal,
2016-11-30 17:00:00,2.3,970.4,16.4,212.0,44.0,0,Normal,
2016-11-30 18:00:00,1.4,970.6,14.2,64.0,48.0,0,Normal,
2016-11-30 19:00:00,0.9,970.5,13.1,152.0,46.0,0,Normal,
2016-11-30 20:00:00,0.8,970.7,8.8,79.0,46.0,0,Normal,
2016-11-30 21:00:00,-0.1,970.9,17.3,167.0,54.0,0,Normal,
2016-11-30 22:00:00,-0.9,971.2,18.5,164.0,56.0,0,Normal,
2016-11-30 23:00:00,-1.1,971.0,19.8,169.0,44.0,0,Normal,
2016-12-01 00:00:00,-1.6,971.0,26.6,165.0,41.0,0,Normal,
2016-12-01 01:00:00,-1.8,971.3,23.9,171.0,42.0,0,Normal,
2016-12-01 02:00:00,-1.5,971.6,25.2,170.0,39.0,0,Normal,
2016-12-01 03:00:00,-1.6,971.8,27.7,169.0,41.0,0,Normal,
2016-12-01 04:00:00,-0.9,972.2,30.1,163.0,41.0,0,Normal,
2016-12-01 05:00:00,-0.2,972.8,28.3,158.0,42.0,0,Normal,
2016-12-01 06:00:00,0.5,973.2,26.9,160.0,44.0,0,Normal,
2016-12-01 07:00:00,1.8,973.2,25.0,163.0,41.0,0,Normal,
2016-12-01 08:00:00,2.3,973.8,23.1,143.0,46.0,0,Normal,
2016-12-01 09:00:00,3.8,973.8,19.7,129.0,41.0,0,Normal,
2016-12-01 10:00:00,3.6,974.1,21.0,128.0,45.0,0,Normal,
2016-12-01 11:00:00,4.1,974.6,25.0,107.0,44.0,0,Normal,
2016-12-01 12:00:00,3.4,975.1,24.2,105.0,50.0,0,Normal,
2016-12-01 13:00:00,3.4,975.8,25.7,112.0,50.0,0,Normal,
2016-12-01 14:00:00,3.3,976.2,20.3,111.0,52.0,0,Normal,
2016-12-01 15:00:00,3.6,976.3,21.3,101.0,50.0,0,Normal,
2016-12-01 16:00:00,3.8,976.6,21.9,103.0,46.0,0,Normal,
2016-12-01 17:00:00,3.6,977.0,25.5,105.0,48.0,0,Normal,
2016-12-01 18:00:00,2.7,977.5,24.2,108.0,53.0,0,Normal,
2016-12-01 19:00:00,2.0,977.8,23.7,113.0,58.0,0,Normal,
2016-12-01 20:00:00,1.5,978.5,21.4,116.0,61.0,0,Normal,
2016-12-01 21:00:00,1.3,979.0,19.9,115.0,62.0,0,Normal,
2016-12-01 22:00:00,0.6,979.3,19.8,114.0,69.0,0,Normal,
2016-12-01 23:00:00,0.0,979.5,23.0,127.0,75.0,0,Normal,
2016-12-02 00:00:00,0.2,979.1,26.1,132.0,69.0,0,Normal,
2016-12-02 01:00:00,0.9,978.7,23.8,136.0,60.0,0,Normal,
2016-12-02 02:00:00,1.3,978.6,20.1,127.0,57.0,0,Normal,
2016-12-02 03:00:00,0.9,978.9,17.8,109.0,59.0,0,Normal,
2016-12-02 04:00:00,0.4,978.6,16.2,112.0,60.0,0,Normal,
2016-12-02 05:00:00,0.8,978.1,21.4,95.0,57.0,0,Normal,
2016-12-02 06:00:00,1.2,977.4,22.9,119.0,55.0,0,Normal,
2016-12-02 07:00:00,0.9,977.7,20.2,105.0,60.0,0,Normal,
2016-12-02 08:00:00,0.8,977.3,16.6,101.0,61.0,0,Normal,
2016-12-02 09:00:00,1.5,976.7,27.8,113.0,52.0,0,Normal,
2016-12-02 10:00:00,1.3,976.8,26.3,96.0,52.0,0,Normal,
2016-12-02 11:00:00,1.5,976.6,24.8,89.0,55.0,0,Normal,
2016-12-02 12:00:00,1.5,976.0,26.0,94.0,49.0,0,Normal,
2016-12-02 13:00:00,1.6,975.6,27.3,92.0,46.0,0,Normal,
2016-12-02 14:00:00,1.8,975.3,24.4,98.0,49.0,0,Normal,
2016-12-02 15:00:00,1.9,974.9,27.8,88.0,46.0,0,Normal,
2016-12-02 16:00:00,1.8,974.8,24.1,81.0,52.0,0,Normal,
2016-12-02 17:00:00,1.4,974.7,19.9,90.0,53.0,0,Normal,
2016-12-02 18:00:00,0.9,974.5,18.5,79.0,60.0,0,Normal,
2016-12-02 19:00:00,0.8,974.4,18.5,104.0,53.0,0,Normal,
2016-12-02 20:00:00,0.5,974.5,16.1,110.0,55.0,0,Normal,
2016-12-02 21:00:00,0.1,974.7,16.4,61.0,59.0,0,Normal,
2016-12-02 22:00:00,-0.8,974.9,12.8,59.0,63.0,0,Normal,
2016-12-02 23:00:00,-1.5,975.4,15.4,96.0,60.0,0,Normal,
2016-12-03 00:00:00,-1.2,975.6,21.4,100.0,56.0,0,Normal,
2016-12-03 01:00:00,-1.3,976.0,20.3,98.0,56.0,0,Normal,
2016-12-03 02:00:00,-1.2,976.4,20.0,103.0,54.0,0,Normal,
2016-12-03 03:00:00,-1.0,976.4,19.1,109.0,51.0,0,Normal,
2016-12-03 04:00:00,-0.8,976.6,17.0,97.0,53.0,0,Normal,
2016-12-03 05:00:00,-1.2,976.8,15.7,38.0,59.0,0,Normal,
2016-12-03 06:00:00,-1.8,977.6,16.0,51.0,58.0,0,Normal,
2016-12-03 07:00:00,-0.3,977.6,12.7,42.0,54.0,0,Normal,
2016-12-03 08:00:00,1.8,977.7,17.6,74.0,49.0,0,Normal,
2016-12-03 09:00:00,2.5,977.7,24.0,93.0,40.0,0,Normal,
2016-12-03 10:00:00,2.9,977.5,25.0,99.0,38.0,0,Normal,
2016-12-03 11:00:00,3.3,977.4,25.6,90.0,38.0,0,Normal,
2016-12-03 12:00:00,3.8,977.1,25.4,85.0,35.0,0,Normal,
2016-12-03 13:00:00,4.5,976.8,19.1,75.0,39.0,0,Normal,
2016-12-03 14:00:00,4.4,976.5,21.2,81.0,39.0,0,Normal,
2016-12-03 15:00:00,4.2,976.1,22.1,93.0,38.0,0,Normal,
2016-12-03 16:00:00,3.6,976.0,19.9,90.0,38.0,0,Normal,
2016-12-03 17:00:00,3.1,975.7,16.5,139.0,50.0,0,Normal,
2016-12-03 18:00:00,2.8,975.4,14.9,116.0,46.0,0,Normal,
2016-12-03 19:00:00,2.7,975.5,16.0,95.0,43.0,0,Normal,
2016-12-03 20:00:00,2.4,975.2,13.8,118.0,46.0,0,Normal,
2016-12-03 21:00:00,1.6,975.1,16.2,122.0,49.0,0,Normal,
2016-12-03 22:00:00,1.7,974.9,20.2,114.0,41.0,0,Normal,
2016-12-03 23:00:00,1.6,974.8,20.1,115.0,39.0,0,Normal,
2016-12-04 00:00:00,1.6,974.5,19.7,119.0,40.0,0,Normal,
2016-12-04 01:00:00,1.3,973.7,25.8,157.0,38.0,0,Normal,
2016-12-04 02:00:00,0.9,974.0,27.6,155.0,38.0,0,Normal,
2016-12-04 03:00:00,1.0,974.0,26.3,157.0,35.0,0,Normal,
2016-12-04 04:00:00,0.7,974.0,27.4,155.0,35.0,0,Normal,
2016-12-04 05:00:00,1.9,974.4,22.7,133.0,34.0,0,Normal,
2016-12-04 06:00:00,2.4,974.6,17.2,130.0,30.0,0,Normal,
2016-12-04 07:00:00,2.7,973.9,14.0,173.0,42.0,0,Normal,
2016-12-04 08:00:00,3.1,974.2,14.3,118.0,41.0,0,Normal,
2016-12-04 09:00:00,2.8,974.5,17.8,123.0,31.0,0,Normal,
2016-12-04 10:00:00,3.0,974.2,15.9,107.0,33.0,0,Normal,
2016-12-04 11:00:00,3.3,974.0,13.6,122.0,29.0,0,Normal,
2016-12-04 12:00:00,2.9,973.8,11.7,152.0,35.0,0,Normal,
2016-12-04 13:00:00,3.1,973.4,13.5,155.0,34.0,0,Normal,
2016-12-04 14:00:00,3.2,973.1,9.2,178.0,37.0,0,Normal,
2016-12-04 15:00:00,3.7,972.7,7.9,207.0,36.0,0,Normal,
2016-12-04 16:00:00,4.0,972.6,15.4,346.0,38.0,0,Normal,
2016-12-04 17:00:00,3.3,972.6,10.7,353.0,35.0,0,Normal,
2016-12-04 18:00:00,3.5,972.5,10.0,207.0,35.0,0,Normal,
2016-12-04 19:00:00,3.2,972.7,10.2,211.0,45.0,0,Normal,
2016-12-04 20:00:00,1.7,973.0,17.4,187.0,56.0,0,Normal,
2016-12-04 21:00:00,2.4,973.3,17.6,154.0,46.0,0,Normal,
2016-12-04 22:00:00,1.4,973.5,21.8,149.0,46.0,0,Normal,
2016-12-04 23:00:00,1.2,973.7,20.5,146.0,41.0,0,Normal,
2016-12-05 00:00:00,0.6,973.9,18.2,168.0,39.0,0,Normal,
2016-12-05 01:00:00,0.5,974.4,26.8,153.0,41.0,0,Normal,
2016-12-05 02:00:00,-0.1,974.8,26.9,150.0,42.0,0,Normal,
2016-12-05 03:00:00,-0.1,975.1,21.8,152.0,43.0,0,Normal,
2016-12-05 04:00:00,0.2,975.6,22.5,138.0,39.0,0,Normal,
2016-12-05 05:00:00,0.2,975.7,25.3,138.0,38.0,0,Normal,
2016-12-05 06:00:00,0.7,975.9,22.6,140.0,39.0,0,Normal,
2016-12-05 07:00:00,1.6,976.0,22.5,133.0,35.0,0,Normal,
2016-12-05 08:00:00,2.3,976.0,24.4,131.0,36.0,0,Normal,
2016-12-05 09:00:00,2.7,975.8,21.5,156.0,41.0,0,Normal,
2016-12-05 10:00:00,3.0,975.6,19.4,144.0,44.0,0,Normal,
2016-12-05 11:00:00,4.3,975.7,17.7,112.0,39.0,0,Normal,
2016-12-05 12:00:00,4.3,976.1,20.6,114.0,39.0,0,Normal,
2016-12-05 13:00:00,4.3,976.2,20.8,100.0,34.0,0,Normal,
2016-12-05 14:00:00,4.1,976.1,18.3,120.0,38.0,0,Normal,
2016-12-05 15:00:00,3.3,976.6,19.4,66.0,45.0,0,Normal,
2016-12-05 16:00:00,2.9,976.4,20.0,83.0,43.0,0,Normal,
2016-12-05 17:00:00,2.2,976.6,11.4,77.0,50.0,0,Normal,
2016-12-05 18:00:00,1.2,976.6,15.0,66.0,50.0,0,Normal,
2016-12-05 19:00:00,1.2,976.6,11.1,273.0,53.0,0,Normal,
2016-12-05 20:00:00,1.3,976.6,6.7,353.0,51.0,0,Normal,
2016-12-05 21:00:00,0.8,976.8,19.2,114.0,47.0,0,Normal,
2016-12-05 22:00:00,0.1,976.2,21.1,128.0,37.0,0,Normal,
2016-12-05 23:00:00,-0.4,975.6,27.4,146.0,35.0,0,Normal,
2016-12-06 00:00:00,-1.9,975.7,28.8,163.0,38.0,0,Normal,
2016-12-06 01:00:00,-2.1,975.4,31.1,163.0,38.0,0,Normal,
2016-12-06 02:00:00,-1.9,975.1,30.5,153.0,37.0,0,Normal,
2016-12-06 03:00:00,-2.0,975.1,27.3,152.0,42.0,0,Normal,
2016-12-06 04:00:00,-2.1,975.2,27.6,152.0,44.0,0,Normal,
2016-12-06 05:00:00,-0.8,975.7,18.5,101.0,44.0,0,Normal,
2016-12-06 06:00:00,-0.4,975.5,16.0,115.0,43.0,0,Normal,
2016-12-06 07:00:00,0.4,974.7,21.7,124.0,38.0,0,Normal,
2016-12-06 08:00:00,1.3,974.1,22.7,132.0,35.0,0,Normal,
2016-12-06 09:00:00,2.0,973.1,23.5,127.0,36.0,0,Normal,
2016-12-06 10:00:00,2.4,972.7,24.3,117.0,36.0,0,Normal,
2016-12-06 11:00:00,2.9,972.0,22.9,117.0,37.0,0,Normal,
2016-12-06 12:00:00,3.0,971.7,19.6,93.0,37.0,0,Normal,
2016-12-06 13:00:00,4.7,971.0,19.3,75.0,31.0,0,Normal,
2016-12-06 14:00:00,3.4,970.8,17.2,67.0,34.0,0,Normal,
2016-12-06 15:00:00,2.9,970.4,11.2,350.0,38.0,0,Normal,
2016-12-06 16:00:00,2.1,970.3,13.0,45.0,42.0,0,Normal,
2016-12-06 17:00:00,1.7,970.1,14.4,132.0,41.0,0,Normal,
2016-12-06 18:00:00,1.6,969.9,12.9,116.0,39.0,0,Normal,
2016-12-06 19:00:00,1.4,969.8,14.8,123.0,42.0,0,Normal,
2016-12-06 20:00:00,1.0,969.8,15.6,113.0,48.0,0,Normal,
2016-12-06 21:00:00,-0.2,969.9,17.4,113.0,53.0,0,Normal,
2016-12-06 22:00:00,-0.7,969.8,17.9,114.0,54.0,0,Normal,
2016-12-06 23:00:00,-0.8,969.8,17.5,109.0,52.0,0,Normal,
2016-12-07 00:00:00,-1.4,969.7,16.2,106.0,56.0,0,Normal,
2016-12-07 01:00:00,-1.5,969.7,17.3,104.0,54.0,0,Normal,
2016-12-07 02:00:00,-1.5,969.8,20.6,106.0,58.0,0,Normal,
2016-12-07 03:00:00,-1.5,970.0,23.6,92.0,58.0,0,Normal,
2016-12-07 04:00:00,-1.5,970.3,27.3,101.0,59.0,0,Normal,
2016-12-07 05:00:00,-1.5,970.4,20.0,105.0,58.0,0,Normal,
2016-12-07 06:00:00,-1.1,970.4,22.1,106.0,57.0,0,Normal,
2016-12-07 07:00:00,-0.9,970.6,23.0,101.0,58.0,0,Normal,
2016-12-07 08:00:00,-1.0,971.0,20.9,97.0,60.0,0,Normal,
2016-12-07 09:00:00,-1.0,971.3,27.0,83.0,60.0,0,Normal,
2016-12-07 10:00:00,-1.7,971.4,27.5,96.0,65.0,0,Normal,
2016-12-07 11:00:00,-0.9,971.1,25.3,93.0,61.0,0,Normal,
2016-12-07 12:00:00,-0.5,971.0,24.0,96.0,59.0,0,Normal,
2016-12-07 13:00:00,0.2,971.3,23.6,89.0,60.0,0,Normal,
2016-12-07 14:00:00,0.6,971.2,25.6,84.0,54.0,0,Normal,
2016-12-07 15:00:00,1.0,970.8,20.2,103.0,50.0,0,Normal,
2016-12-07 16:00:00,1.3,970.8,22.4,101.0,50.0,0,Normal,
2016-12-07 17:00:00,1.1,971.0,23.0,83.0,53.0,0,Normal,
2016-12-07 18:00:00,0.4,971.3,19.9,102.0,57.0,0,Normal,
2016-12-07 19:00:00,-0.2,971.7,21.6,110.0,57.0,0,Normal,
2016-12-07 20:00:00,-0.5,972.1,21.8,107.0,59.0,0,Normal,
2016-12-07 21:00:00,-1.0,972.3,19.2,114.0,60.0,0,Normal,
2016-12-07 22:00:00,-1.1,972.4,19.1,109.0,57.0,0,Normal,
2016-12-07 23:00:00,-1.2,972.3,18.9,121.0,55.0,0,Normal,
2016-12-08 00:00:00,-1.4,972.4,18.8,112.0,56.0,0,Normal,
2016-12-08 01:00:00,-1.5,972.6,21.8,114.0,54.0,0,Normal,
2016-12-08 02:00:00,-1.7,972.6,21.3,113.0,54.0,0,Normal,
2016-12-08 03:00:00,-1.5,972.7,23.3,116.0,52.0,0,Normal,
2016-12-08 04:00:00,-1.1,972.7,20.8,108.0,50.0,0,Normal,
2016-12-08 05:00:00,-0.5,972.7,19.7,103.0,47.0,0,Normal,
2016-12-08 06:00:00,0.0,972.8,17.9,106.0,45.0,0,Normal,
2016-12-08 07:00:00,0.7,972.8,23.5,94.0,43.0,0,Normal,
2016-12-08 08:00:00,1.2,973.0,21.8,91.0,42.0,0,Normal,
2016-12-08 09:00:00,1.1,973.0,24.9,91.0,40.0,0,Normal,
2016-12-08 10:00:00,1.7,972.8,18.9,66.0,44.0,0,Normal,
2016-12-08 11:00:00,2.5,972.5,18.8,69.0,43.0,0,Normal,
2016-12-08 12:00:00,2.3,972.5,15.5,65.0,46.0,0,Normal,
2016-12-08 13:00:00,2.7,972.3,18.5,57.0,47.0,0,Normal,
2016-12-08 14:00:00,2.3,972.1,17.0,33.0,47.0,0,Normal,
2016-12-08 15:00:00,1.2,972.1,14.7,35.0,55.0,0,Normal,
2016-12-08 16:00:00,0.9,971.8,11.6,22.0,57.0,0,Normal,
2016-12-08 17:00:00,0.4,971.6,14.3,354.0,63.0,0,Normal,
2016-12-08 18:00:00,-0.4,971.8,14.9,4.0,67.0,0,Normal,
2016-12-08 19:00:00,-1.3,972.3,15.8,8.0,73.0,0,Normal,
2016-12-08 20:00:00,-1.7,972.6,17.3,75.0,69.0,0,Normal,
2016-12-08 21:00:00,-1.9,972.5,14.9,89.0,61.0,0,Normal,
2016-12-08 22:00:00,-2.1,972.4,13.2,103.0,59.0,0,Normal,
2016-12-08 23:00:00,-2.1,972.3,14.0,151.0,60.0,0,Normal,
2016-12-09 00:00:00,-2.3,972.1,12.7,169.0,61.0,0,Normal,
2016-12-09 01:00:00,-2.1,971.5,9.8,110.0,58.0,0,Normal,
2016-12-09 02:00:00,-2.1,971.3,6.1,52.0,59.0,0,Normal,
2016-12-09 03:00:00,-2.2,971.2,10.7,55.0,61.0,0,Normal,
2016-12-09 04:00:00,-2.4,971.2,9.8,11.0,56.0,0,Normal,
2016-12-09 05:00:00,-2.0,971.1,9.8,351.0,55.0,0,Normal,
2016-12-09 06:00:00,-0.8,971.0,10.9,42.0,52.0,0,Normal,
2016-12-09 07:00:00,0.8,970.7,20.2,80.0,42.0,0,Normal,
2016-12-09 08:00:00,2.1,970.5,15.1,23.0,47.0,0,Normal,
2016-12-09 09:00:00,1.0,970.5,16.4,342.0,57.0,0,Normal,
2016-12-09 10:00:00,1.4,970.5,14.1,15.0,45.0,0,Normal,
2016-12-09 11:00:00,2.2,970.5,13.4,5.0,43.0,0,Normal,
2016-12-09 12:00:00,2.7,970.6,7.9,82.0,44.0,0,Normal,
2016-12-09 13:00:00,1.3,970.6,13.2,146.0,46.0,0,Normal,
2016-12-09 14:00:00,1.5,970.2,9.3,190.0,45.0,0,Normal,
2016-12-09 15:00:00,3.1,970.0,12.6,4.0,40.0,0,Normal,
2016-12-09 16:00:00,2.8,969.8,13.7,356.0,42.0,0,Normal,
2016-12-09 17:00:00,2.7,969.6,10.3,239.0,43.0,0,Normal,
2016-12-09 18:00:00,2.9,969.6,12.6,222.0,48.0,0,Normal,
2016-12-09 19:00:00,2.5,969.3,16.7,183.0,54.0,0,Normal,
2016-12-09 20:00:00,1.3,969.3,18.4,181.0,55.0,0,Normal,
2016-12-09 21:00:00,1.0,969.8,12.5,123.0,51.0,0,Normal,
2016-12-09 22:00:00,-0.4,969.7,22.9,183.0,51.0,0,Normal,
2016-12-09 23:00:00,-0.3,969.8,15.7,179.0,48.0,0,Normal,
2016-12-10 00:00:00,-0.9,969.8,19.9,185.0,52.0,0,Normal,
2016-12-10 01:00:00,-1.4,969.7,25.2,183.0,49.0,0,Normal,
2016-12-10 02:00:00,-1.7,969.7,26.5,182.0,44.0,0,Normal,
2016-12-10 03:00:00,-1.6,969.9,24.6,181.0,44.0,0,Normal,
2016-12-10 04:00:00,-0.5,970.1,25.4,174.0,41.0,0,Normal,
2016-12-10 05:00:00,0.8,970.3,23.7,171.0,37.0,0,Normal,
2016-12-10 06:00:00,1.1,970.8,22.2,173.0,43.0,0,Normal,
2016-12-10 07:00:00,2.1,971.4,20.4,164.0,41.0,0,Normal,
2016-12-10 08:00:00,3.7,971.8,15.7,127.0,34.0,0,Normal,
2016-12-10 09:00:00,3.5,972.2,16.6,137.0,38.0,0,Normal,
2016-12-10 10:00:00,5.2,972.4,14.1,27.0,30.0,0,Normal,
2016-12-10 11:00:00,4.9,972.3,13.9,357.0,30.0,0,Normal,
2016-12-10 12:00:00,5.0,972.4,14.2,4.0,28.0,0,Normal,
2016-12-10 13:00:00,4.3,972.4,13.9,336.0,32.0,0,Normal,
2016-12-10 14:00:00,4.2,972.4,13.8,318.0,32.0,0,Normal,
2016-12-10 15:00:00,3.7,972.4,14.6,324.0,32.0,0,Normal,
2016-12-10 16:00:00,3.8,972.3,15.2,269.0,39.0,0,Normal,
2016-12-10 17:00:00,2.3,972.2,19.2,320.0,39.0,0,Normal,
2016-12-10 18:00:00,1.8,972.0,20.0,312.0,36.0,0,Normal,
2016-12-10 19:00:00,1.2,971.9,20.3,301.0,42.0,0,Normal,
2016-12-10 20:00:00,1.0,971.8,16.8,310.0,50.0,0,Normal,
2016-12-10 21:00:00,0.8,972.0,10.5,114.0,59.0,0,Normal,
2016-12-10 22:00:00,-0.1,972.1,11.5,107.0,62.0,0,Normal,
2016-12-10 23:00:00,-1.1,972.3,11.3,149.0,65.0,0,Normal,
2016-12-11 00:00:00,-1.0,972.1,13.6,169.0,60.0,0,Normal,
2016-12-11 01:00:00,-1.3,972.1,15.9,168.0,59.0,0,Normal,
2016-12-11 02:00:00,-1.4,972.1,15.1,99.0,64.0,0,Normal,
2016-12-11 03:00:00,-1.0,972.1,15.3,121.0,62.0,0,Normal,
2016-12-11 04:00:00,-0.8,972.4,13.4,82.0,54.0,0,Normal,
2016-12-11 05:00:00,-0.4,972.3,13.9,77.0,55.0,0,Normal,
2016-12-11 06:00:00,0.9,972.5,12.3,52.0,51.0,0,Normal,
2016-12-11 07:00:00,2.2,972.6,16.0,70.0,51.0,0,Normal,
2016-12-11 08:00:00,1.2,972.8,12.3,1.0,61.0,0,Normal,
2016-12-11 09:00:00,1.5,972.9,13.2,0.0,57.0,0,Normal,
2016-12-11 10:00:00,2.0,973.1,12.2,35.0,54.0,0,Normal,
2016-12-11 11:00:00,2.4,973.3,15.3,25.0,45.0,0,Normal,
2016-12-11 12:00:00,2.7,973.4,11.7,63.0,44.0,0,Normal,
2016-12-11 13:00:00,3.6,973.6,13.4,76.0,34.0,0,Normal,
2016-12-11 14:00:00,1.2,973.5,13.6,148.0,47.0,0,Normal,
2016-12-11 15:00:00,1.2,973.2,13.9,155.0,47.0,0,Normal,
2016-12-11 16:00:00,0.7,973.0,13.3,157.0,53.0,0,Normal,
2016-12-11 17:00:00,0.9,972.9,8.5,19.0,55.0,0,Normal,
2016-12-11 18:00:00,0.2,972.9,13.1,352.0,60.0,0,Normal,
2016-12-11 19:00:00,-0.3,972.7,10.4,49.0,56.0,0,Normal,
2016-12-11 20:00:00,-0.7,972.9,10.8,63.0,59.0,0,Normal,
2016-12-11 21:00:00,-1.0,973.0,9.0,90.0,58.0,0,Normal,
2016-12-11 22:00:00,-1.5,973.1,11.3,141.0,63.0,0,Normal,
2016-12-11 23:00:00,-2.0,973.3,11.0,82.0,74.0,0,Normal,
2016-12-12 00:00:00,-2.2,973.5,10.1,118.0,67.0,0,Normal,
2016-12-12 01:00:00,-2.0,973.6,18.0,164.0,61.0,0,Normal,
2016-12-12 02:00:00,-1.5,973.9,18.2,154.0,60.0,0,Normal,
2016-12-12 03:00:00,-0.7,974.0,13.6,94.0,50.0,0,Normal,
2016-12-12 04:00:00,-1.1,974.1,13.1,104.0,53.0,0,Normal,
2016-12-12 05:00:00,-0.2,974.3,19.2,160.0,45.0,0,Normal,
2016-12-12 06:00:00,1.0,974.8,18.1,111.0,45.0,0,Normal,
2016-12-12 07:00:00,1.9,974.8,19.8,122.0,41.0,0,Normal,
2016-12-12 08:00:00,2.3,975.5,19.1,114.0,43.0,0,Normal,
2016-12-12 09:00:00,2.8,976.1,18.7,97.0,41.0,0,Normal,
2016-12-12 10:00:00,3.2,976.5,17.7,126.0,41.0,0,Normal,
2016-12-12 11:00:00,4.3,976.9,18.3,19.0,41.0,0,Normal,
2016-12-12 12:00:00,3.4,977.3,13.6,357.0,40.0,0,Normal,
2016-12-12 13:00:00,3.3,977.2,10.3,260.0,43.0,0,Normal,
2016-12-12 14:00:00,2.9,977.0,14.4,236.0,45.0,0,Normal,
2016-12-12 15:00:00,3.3,976.9,9.8,238.0,42.0,0,Normal,
2016-12-12 16:00:00,3.9,977.0,10.7,242.0,44.0,0,Normal,
2016-12-12 17:00:00,2.6,977.3,12.2,151.0,60.0,0,Normal,
2016-12-12 18:00:00,2.9,977.3,8.4,101.0,54.0,0,Normal,
2016-12-12 19:00:00,2.1,977.5,9.8,351.0,62.0,0,Normal,
2016-12-12 20:00:00,1.4,977.5,8.7,320.0,63.0,0,Normal,
2016-12-12 21:00:00,1.7,977.6,12.5,94.0,59.0,0,Normal,
2016-12-12 22:00:00,1.1,977.7,10.2,113.0,55.0,0,Normal,
2016-12-12 23:00:00,0.7,977.8,19.1,183.0,45.0,0,Normal,
2016-12-13 00:00:00,0.9,977.5,20.4,176.0,37.0,0,Normal,
2016-12-13 01:00:00,-1.5,977.1,26.8,183.0,46.0,0,Normal,
2016-12-13 02:00:00,-1.5,977.0,23.8,192.0,52.0,0,Normal,
2016-12-13 03:00:00,-0.8,976.8,23.5,182.0,46.0,0,Normal,
2016-12-13 04:00:00,-0.6,976.6,26.5,183.0,42.0,0,Normal,
2016-12-13 05:00:00,0.8,977.2,12.0,171.0,39.0,0,Normal,
2016-12-13 06:00:00,1.9,977.1,14.2,186.0,41.0,0,Normal,
2016-12-13 07:00:00,2.9,976.9,13.4,151.0,42.0,0,Normal,
2016-12-13 08:00:00,4.2,977.0,7.3,78.0,37.0,0,Normal,
2016-12-13 09:00:00,4.4,977.0,13.9,143.0,45.0,0,Normal,
2016-12-13 10:00:00,5.1,977.2,5.1,58.0,33.0,0,Normal,
2016-12-13 11:00:00,5.7,977.5,12.0,118.0,35.0,0,Normal,
2016-12-13 12:00:00,5.8,977.2,24.3,100.0,31.0,0,Normal,
2016-12-13 13:00:00,5.8,977.3,18.3,119.0,41.0,0,Normal,
2016-12-13 14:00:00,5.8,977.2,18.1,107.0,38.0,0,Normal,
2016-12-13 15:00:00,6.2,977.1,17.8,74.0,40.0,0,Normal,
2016-12-13 16:00:00,5.9,976.8,12.0,131.0,45.0,0,Normal,
2016-12-13 17:00:00,4.9,976.8,2.5,27.0,45.0,0,Normal,
2016-12-13 18:00:00,5.3,976.4,19.3,133.0,34.0,0,Normal,
2016-12-13 19:00:00,4.8,976.1,23.2,133.0,34.0,0,Normal,
2016-12-13 20:00:00,3.5,976.3,23.0,143.0,35.0,0,Normal,
2016-12-13 21:00:00,3.0,976.3,23.2,149.0,37.0,0,Normal,
2016-12-13 22:00:00,2.2,976.2,24.4,157.0,35.0,0,Normal,
2016-12-13 23:00:00,1.6,976.0,25.7,169.0,35.0,0,Normal,
2016-12-14 00:00:00,1.1,975.5,29.7,169.0,34.0,0,Normal,
2016-12-14 01:00:00,0.5,975.4,31.4,165.0,37.0,0,Normal,
2016-12-14 02:00:00,0.7,975.4,30.6,164.0,32.0,0,Normal,
2016-12-14 03:00:00,0.8,975.1,27.4,165.0,37.0,0,Normal,
2016-12-14 04:00:00,0.9,975.2,31.5,153.0,38.0,0,Normal,
2016-12-14 05:00:00,0.9,975.2,32.0,158.0,36.0,0,Normal,
2016-12-14 06:00:00,2.3,975.7,24.0,148.0,43.0,0,Normal,
2016-12-14 07:00:00,3.3,975.7,17.8,109.0,36.0,0,Normal,
2016-12-14 08:00:00,3.8,975.4,24.0,114.0,34.0,0,Normal,
2016-12-14 09:00:00,4.7,975.6,23.7,113.0,33.0,0,Normal,
2016-12-14 10:00:00,5.2,975.4,22.3,106.0,34.0,0,Normal,
2016-12-14 11:00:00,5.3,975.3,25.3,97.0,33.0,0,Normal,
2016-12-14 12:00:00,5.3,975.2,24.2,100.0,35.0,0,Normal,
2016-12-14 13:00:00,5.6,975.4,21.8,96.0,37.0,0,Normal,
2016-12-14 14:00:00,5.2,975.4,20.5,68.0,44.0,0,Normal,
2016-12-14 15:00:00,5.1,975.4,15.0,86.0,40.0,0,Normal,
2016-12-14 16:00:00,3.3,975.6,18.4,29.0,44.0,0,Normal,
2016-12-14 17:00:00,3.0,975.4,13.0,157.0,43.0,0,Normal,
2016-12-14 18:00:00,2.6,975.5,7.4,164.0,44.0,0,Normal,
2016-12-14 19:00:00,2.8,975.9,10.3,148.0,44.0,0,Normal,
2016-12-14 20:00:00,2.1,976.2,12.7,126.0,46.0,0,Normal,
2016-12-14 21:00:00,1.9,976.1,15.0,112.0,48.0,0,Normal,
2016-12-14 22:00:00,0.9,975.7,24.6,132.0,47.0,0,Normal,
2016-12-14 23:00:00,0.7,975.9,26.1,130.0,41.0,0,Normal,
2016-12-15 00:00:00,0.4,976.1,28.4,137.0,38.0,0,Normal,
2016-12-15 01:00:00,-0.3,976.6,28.7,148.0,43.0,0,Normal,
2016-12-15 02:00:00,-0.5,976.4,30.8,149.0,42.0,0,Normal,
2016-12-15 03:00:00,-0.6,976.6,30.1,159.0,37.0,0,Normal,
2016-12-15 04:00:00,-0.5,976.9,26.5,164.0,40.0,0,Normal,
2016-12-15 05:00:00,-0.2,977.2,30.5,155.0,38.0,0,Normal,
2016-12-15 06:00:00,0.3,977.9,24.9,154.0,42.0,0,Normal,
2016-12-15 07:00:00,1.3,978.5,24.0,137.0,40.0,0,Normal,
2016-12-15 08:00:00,2.1,978.8,26.9,137.0,32.0,0,Normal,
2016-12-15 09:00:00,2.3,978.6,30.1,137.0,37.0,0,Normal,
2016-12-15 10:00:00,2.7,978.9,23.1,125.0,39.0,0,Normal,
2016-12-15 11:00:00,3.3,979.5,23.2,105.0,38.0,0,Normal,
2016-12-15 12:00:00,3.9,979.8,21.9,100.0,34.0,0,Normal,
2016-12-15 13:00:00,4.0,980.2,20.2,95.0,36.0,0,Normal,
2016-12-15 14:00:00,4.9,980.6,19.3,82.0,36.0,0,Normal,
2016-12-15 15:00:00,3.5,980.3,14.9,133.0,45.0,0,Normal,
2016-12-15 16:00:00,2.9,980.1,17.0,149.0,51.0,0,Normal,
2016-12-15 17:00:00,3.0,980.2,16.2,145.0,51.0,0,Normal,
2016-12-15 18:00:00,3.3,980.2,17.7,136.0,43.0,0,Normal,
2016-12-15 19:00:00,2.8,980.3,19.7,148.0,41.0,0,Normal,
2016-12-15 20:00:00,2.3,980.2,19.9,165.0,51.0,0,Normal,
2016-12-15 21:00:00,1.9,980.1,21.8,164.0,52.0,0,Normal,
2016-12-15 22:00:00,0.7,980.0,23.0,172.0,45.0,0,Normal,
2016-12-15 23:00:00,0.1,979.8,24.3,172.0,44.0,0,Normal,
2016-12-16 00:00:00,0.4,979.8,25.1,169.0,44.0,0,Normal,
2016-12-16 01:00:00,0.5,979.6,30.6,158.0,38.0,0,Normal,
2016-12-16 02:00:00,0.4,979.1,31.5,165.0,38.0,0,Normal,
2016-12-16 03:00:00,0.4,978.9,32.6,163.0,36.0,0,Normal,
2016-12-16 04:00:00,0.3,979.1,31.7,162.0,37.0,0,Normal,
2016-12-16 05:00:00,-0.2,979.1,33.5,161.0,39.0,0,Normal,
2016-12-16 06:00:00,-0.2,979.2,30.7,162.0,44.0,0,Normal,
2016-12-16 07:00:00,0.6,979.8,27.5,160.0,45.0,0,Normal,
2016-12-16 08:00:00,1.7,980.1,23.1,136.0,38.0,0,Normal,
2016-12-16 09:00:00,2.1,980.1,24.5,130.0,35.0,0,Normal,
2016-12-16 10:00:00,2.5,980.1,21.7,109.0,32.0,0,Normal,
2016-12-16 11:00:00,3.3,979.5,20.8,105.0,34.0,0,Normal,
2016-12-16 12:00:00,3.3,979.1,20.1,97.0,39.0,0,Normal,
2016-12-16 13:00:00,4.0,978.9,26.4,96.0,28.0,0,Normal,
2016-12-16 14:00:00,3.3,978.5,20.8,104.0,43.0,0,Normal,
2016-12-16 15:00:00,3.0,978.1,20.3,111.0,41.0,0,Normal,
2016-12-16 16:00:00,3.1,977.5,18.0,114.0,42.0,0,Normal,
2016-12-16 17:00:00,3.0,977.3,17.1,117.0,41.0,0,Normal,
2016-12-16 18:00:00,2.6,976.8,13.8,148.0,47.0,0,Normal,
2016-12-16 19:00:00,2.0,976.3,14.9,183.0,48.0,0,Normal,
2016-12-16 20:00:00,1.3,976.4,15.8,148.0,52.0,0,Normal,
2016-12-16 21:00:00,0.6,976.2,17.9,144.0,55.0,0,Normal,
2016-12-16 22:00:00,-0.2,975.4,21.7,152.0,51.0,0,Normal,
2016-12-16 23:00:00,-0.2,975.2,20.5,148.0,46.0,0,Normal,
2016-12-17 00:00:00,-0.2,975.0,19.8,165.0,42.0,0,Normal,
2016-12-17 01:00:00,-1.2,974.5,25.6,176.0,43.0,0,Normal,
2016-12-17 02:00:00,-2.0,974.3,27.3,177.0,45.0,0,Normal,
2016-12-17 03:00:00,-1.2,974.1,25.7,174.0,42.0,0,Normal,
2016-12-17 04:00:00,-0.3,973.9,30.5,170.0,38.0,0,Normal,
2016-12-17 05:00:00,-0.2,974.4,23.4,166.0,47.0,0,Normal,
2016-12-17 06:00:00,0.4,974.8,23.9,148.0,47.0,0,Normal,
2016-12-17 07:00:00,1.2,975.1,25.0,150.0,39.0,0,Normal,
2016-12-17 08:00:00,2.4,975.4,18.4,127.0,39.0,0,Normal,
2016-12-17 09:00:00,2.7,975.1,20.6,112.0,34.0,0,Normal,
2016-12-17 10:00:00,3.0,974.9,22.1,102.0,32.0,0,Normal,
2016-12-17 11:00:00,3.5,974.6,23.1,87.0,36.0,0,Normal,
2016-12-17 12:00:00,3.9,974.5,20.8,105.0,34.0,0,Normal,
2016-12-17 13:00:00,4.5,974.8,18.7,86.0,38.0,0,Normal,
2016-12-17 14:00:00,4.0,974.9,22.9,76.0,38.0,0,Normal,
2016-12-17 15:00:00,3.3,974.8,18.9,64.0,44.0,0,Normal,
2016-12-17 16:00:00,2.5,974.8,19.3,67.0,47.0,0,Normal,
2016-12-17 17:00:00,2.2,975.1,19.4,77.0,46.0,0,Normal,
2016-12-17 18:00:00,1.9,975.4,16.9,96.0,49.0,0,Normal,
2016-12-17 19:00:00,1.3,975.6,12.8,119.0,55.0,0,Normal,
2016-12-17 20:00:00,0.9,975.9,15.7,129.0,54.0,0,Normal,
2016-12-17 21:00:00,0.2,975.9,15.2,144.0,56.0,0,Normal,
2016-12-17 22:00:00,-0.4,975.8,16.8,140.0,58.0,0,Normal,
2016-12-17 23:00:00,-0.6,975.8,17.1,138.0,56.0,0,Normal,
2016-12-18 00:00:00,-0.7,976.2,16.8,131.0,52.0,0,Normal,
2016-12-18 01:00:00,-0.8,976.2,19.3,114.0,52.0,0,Normal,
2016-12-18 02:00:00,-0.7,976.7,19.7,116.0,52.0,0,Normal,
2016-12-18 03:00:00,-0.6,976.9,21.5,130.0,49.0,0,Normal,
2016-12-18 04:00:00,-0.5,977.0,21.1,130.0,50.0,0,Normal,
2016-12-18 05:00:00,-0.5,977.1,19.2,125.0,55.0,0,Normal,
2016-12-18 06:00:00,0.2,977.3,15.8,120.0,55.0,0,Normal,
2016-12-18 07:00:00,0.9,977.2,17.9,115.0,53.0,0,Normal,
2016-12-18 08:00:00,1.7,977.6,22.3,82.0,45.0,0,Normal,
2016-12-18 09:00:00,2.2,977.6,22.0,93.0,45.0,0,Normal,
2016-12-18 10:00:00,3.2,977.9,21.3,88.0,44.0,0,Normal,
2016-12-18 11:00:00,4.0,977.9,21.6,67.0,41.0,0,Normal,
2016-12-18 12:00:00,3.2,978.0,21.9,78.0,47.0,0,Normal,
2016-12-18 13:00:00,2.8,978.0,18.5,76.0,50.0,0,Normal,
2016-12-18 14:00:00,3.5,977.9,19.6,74.0,48.0,0,Normal,
2016-12-18 15:00:00,3.4,977.9,19.3,72.0,50.0,0,Normal,
2016-12-18 16:00:00,3.2,978.1,18.2,74.0,53.0,0,Normal,
2016-12-18 17:00:00,2.6,978.1,18.2,96.0,52.0,0,Normal,
2016-12-18 18:00:00,2.1,978.5,20.7,79.0,59.0,0,Normal,
2016-12-18 19:00:00,1.5,978.7,17.8,69.0,67.0,0,Normal,
2016-12-18 20:00:00,1.2,978.6,23.2,85.0,65.0,0,Normal,
2016-12-18 21:00:00,0.6,978.7,18.0,116.0,69.0,0,Normal,
2016-12-18 22:00:00,0.4,978.6,18.7,110.0,67.0,0,Normal,
2016-12-18 23:00:00,0.2,978.7,17.2,102.0,66.0,0,Normal,
2016-12-19 00:00:00,0.2,978.7,17.3,99.0,65.0,0,Normal,
2016-12-19 01:00:00,-0.1,978.7,19.4,88.0,67.0,0,Normal,
2016-12-19 02:00:00,-0.1,978.6,19.0,96.0,64.0,0,Normal,
2016-12-19 03:00:00,-0.3,978.6,15.8,105.0,65.0,0,Normal,
2016-12-19 04:00:00,-0.1,978.4,15.7,117.0,60.0,0,Normal,
2016-12-19 05:00:00,0.2,978.4,18.1,75.0,54.0,0,Normal,
2016-12-19 06:00:00,1.0,978.2,19.8,73.0,47.0,0,Normal,
2016-12-19 07:00:00,2.2,978.0,19.5,84.0,45.0,0,Normal,
2016-12-19 08:00:00,2.2,978.0,22.3,93.0,40.0,0,Normal,
2016-12-19 09:00:00,3.5,977.9,16.4,85.0,43.0,0,Normal,
2016-12-19 10:00:00,2.7,978.2,22.1,67.0,45.0,0,Normal,
2016-12-19 11:00:00,2.1,978.8,20.8,80.0,48.0,0,Normal,
2016-12-19 12:00:00,2.6,978.8,17.1,85.0,49.0,0,Normal,
